ISO-10303-21;
HEADER;
/* Generated by software containing ST-Developer
 * from STEP Tools, Inc. (www.steptools.com) 
 */

FILE_DESCRIPTION(
/* description */ (''),
/* implementation_level */ '2;1');

FILE_NAME(
/* name */ 'rack_gear.step',
/* time_stamp */ '2026-07-27T14:21:58+09:00',
/* author */ (''),
/* organization */ (''),
/* preprocessor_version */ 'ST-DEVELOPER v20.1',
/* originating_system */ 'Autodesk Translation Framework v15.8.0.0',
/* authorisation */ '');

FILE_SCHEMA (('AUTOMOTIVE_DESIGN { 1 0 10303 214 3 1 1 }'));
ENDSEC;

DATA;
#10=MECHANICAL_DESIGN_GEOMETRIC_PRESENTATION_REPRESENTATION('',(#13),#3558);
#11=SHAPE_REPRESENTATION_RELATIONSHIP('SRR','None',#3565,#12);
#12=ADVANCED_BREP_SHAPE_REPRESENTATION('',(#14),#3557);
#13=STYLED_ITEM('',(#3575),#14);
#14=MANIFOLD_SOLID_BREP('\X2\BCF8CCB4\X0\1',#2248);
#15=ELLIPSE('',#2360,3.32340187159188,2.35000000001195);
#16=CYLINDRICAL_SURFACE('',#2358,2.35);
#17=CYLINDRICAL_SURFACE('',#2359,2.35);
#18=FACE_BOUND('',#129,.T.);
#19=FACE_BOUND('',#132,.T.);
#20=FACE_OUTER_BOUND('',#128,.T.);
#21=FACE_OUTER_BOUND('',#130,.T.);
#22=FACE_OUTER_BOUND('',#131,.T.);
#23=FACE_OUTER_BOUND('',#133,.T.);
#24=FACE_OUTER_BOUND('',#134,.T.);
#25=FACE_OUTER_BOUND('',#135,.T.);
#26=FACE_OUTER_BOUND('',#136,.T.);
#27=FACE_OUTER_BOUND('',#137,.T.);
#28=FACE_OUTER_BOUND('',#138,.T.);
#29=FACE_OUTER_BOUND('',#139,.T.);
#30=FACE_OUTER_BOUND('',#140,.T.);
#31=FACE_OUTER_BOUND('',#141,.T.);
#32=FACE_OUTER_BOUND('',#142,.T.);
#33=FACE_OUTER_BOUND('',#143,.T.);
#34=FACE_OUTER_BOUND('',#144,.T.);
#35=FACE_OUTER_BOUND('',#145,.T.);
#36=FACE_OUTER_BOUND('',#146,.T.);
#37=FACE_OUTER_BOUND('',#147,.T.);
#38=FACE_OUTER_BOUND('',#148,.T.);
#39=FACE_OUTER_BOUND('',#149,.T.);
#40=FACE_OUTER_BOUND('',#150,.T.);
#41=FACE_OUTER_BOUND('',#151,.T.);
#42=FACE_OUTER_BOUND('',#152,.T.);
#43=FACE_OUTER_BOUND('',#153,.T.);
#44=FACE_OUTER_BOUND('',#154,.T.);
#45=FACE_OUTER_BOUND('',#155,.T.);
#46=FACE_OUTER_BOUND('',#156,.T.);
#47=FACE_OUTER_BOUND('',#157,.T.);
#48=FACE_OUTER_BOUND('',#158,.T.);
#49=FACE_OUTER_BOUND('',#159,.T.);
#50=FACE_OUTER_BOUND('',#160,.T.);
#51=FACE_OUTER_BOUND('',#161,.T.);
#52=FACE_OUTER_BOUND('',#162,.T.);
#53=FACE_OUTER_BOUND('',#163,.T.);
#54=FACE_OUTER_BOUND('',#164,.T.);
#55=FACE_OUTER_BOUND('',#165,.T.);
#56=FACE_OUTER_BOUND('',#166,.T.);
#57=FACE_OUTER_BOUND('',#167,.T.);
#58=FACE_OUTER_BOUND('',#168,.T.);
#59=FACE_OUTER_BOUND('',#169,.T.);
#60=FACE_OUTER_BOUND('',#170,.T.);
#61=FACE_OUTER_BOUND('',#171,.T.);
#62=FACE_OUTER_BOUND('',#172,.T.);
#63=FACE_OUTER_BOUND('',#173,.T.);
#64=FACE_OUTER_BOUND('',#174,.T.);
#65=FACE_OUTER_BOUND('',#175,.T.);
#66=FACE_OUTER_BOUND('',#176,.T.);
#67=FACE_OUTER_BOUND('',#177,.T.);
#68=FACE_OUTER_BOUND('',#178,.T.);
#69=FACE_OUTER_BOUND('',#179,.T.);
#70=FACE_OUTER_BOUND('',#180,.T.);
#71=FACE_OUTER_BOUND('',#181,.T.);
#72=FACE_OUTER_BOUND('',#182,.T.);
#73=FACE_OUTER_BOUND('',#183,.T.);
#74=FACE_OUTER_BOUND('',#184,.T.);
#75=FACE_OUTER_BOUND('',#185,.T.);
#76=FACE_OUTER_BOUND('',#186,.T.);
#77=FACE_OUTER_BOUND('',#187,.T.);
#78=FACE_OUTER_BOUND('',#188,.T.);
#79=FACE_OUTER_BOUND('',#189,.T.);
#80=FACE_OUTER_BOUND('',#190,.T.);
#81=FACE_OUTER_BOUND('',#191,.T.);
#82=FACE_OUTER_BOUND('',#192,.T.);
#83=FACE_OUTER_BOUND('',#193,.T.);
#84=FACE_OUTER_BOUND('',#194,.T.);
#85=FACE_OUTER_BOUND('',#195,.T.);
#86=FACE_OUTER_BOUND('',#196,.T.);
#87=FACE_OUTER_BOUND('',#197,.T.);
#88=FACE_OUTER_BOUND('',#198,.T.);
#89=FACE_OUTER_BOUND('',#199,.T.);
#90=FACE_OUTER_BOUND('',#200,.T.);
#91=FACE_OUTER_BOUND('',#201,.T.);
#92=FACE_OUTER_BOUND('',#202,.T.);
#93=FACE_OUTER_BOUND('',#203,.T.);
#94=FACE_OUTER_BOUND('',#204,.T.);
#95=FACE_OUTER_BOUND('',#205,.T.);
#96=FACE_OUTER_BOUND('',#206,.T.);
#97=FACE_OUTER_BOUND('',#207,.T.);
#98=FACE_OUTER_BOUND('',#208,.T.);
#99=FACE_OUTER_BOUND('',#209,.T.);
#100=FACE_OUTER_BOUND('',#210,.T.);
#101=FACE_OUTER_BOUND('',#211,.T.);
#102=FACE_OUTER_BOUND('',#212,.T.);
#103=FACE_OUTER_BOUND('',#213,.T.);
#104=FACE_OUTER_BOUND('',#214,.T.);
#105=FACE_OUTER_BOUND('',#215,.T.);
#106=FACE_OUTER_BOUND('',#216,.T.);
#107=FACE_OUTER_BOUND('',#217,.T.);
#108=FACE_OUTER_BOUND('',#218,.T.);
#109=FACE_OUTER_BOUND('',#219,.T.);
#110=FACE_OUTER_BOUND('',#220,.T.);
#111=FACE_OUTER_BOUND('',#221,.T.);
#112=FACE_OUTER_BOUND('',#222,.T.);
#113=FACE_OUTER_BOUND('',#223,.T.);
#114=FACE_OUTER_BOUND('',#224,.T.);
#115=FACE_OUTER_BOUND('',#225,.T.);
#116=FACE_OUTER_BOUND('',#226,.T.);
#117=FACE_OUTER_BOUND('',#227,.T.);
#118=FACE_OUTER_BOUND('',#228,.T.);
#119=FACE_OUTER_BOUND('',#229,.T.);
#120=FACE_OUTER_BOUND('',#230,.T.);
#121=FACE_OUTER_BOUND('',#231,.T.);
#122=FACE_OUTER_BOUND('',#232,.T.);
#123=FACE_OUTER_BOUND('',#233,.T.);
#124=FACE_OUTER_BOUND('',#234,.T.);
#125=FACE_OUTER_BOUND('',#235,.T.);
#126=FACE_OUTER_BOUND('',#236,.T.);
#127=FACE_OUTER_BOUND('',#237,.T.);
#128=EDGE_LOOP('',(#1398,#1399,#1400,#1401,#1402,#1403,#1404,#1405,#1406,
#1407,#1408,#1409,#1410,#1411,#1412,#1413,#1414,#1415,#1416,#1417,#1418,
#1419,#1420,#1421,#1422,#1423,#1424,#1425,#1426,#1427,#1428,#1429,#1430,
#1431,#1432,#1433,#1434,#1435,#1436,#1437,#1438,#1439,#1440,#1441,#1442,
#1443,#1444,#1445,#1446,#1447,#1448,#1449,#1450,#1451,#1452,#1453,#1454,
#1455,#1456,#1457,#1458,#1459,#1460,#1461,#1462,#1463,#1464,#1465,#1466,
#1467,#1468,#1469,#1470,#1471,#1472,#1473,#1474,#1475,#1476,#1477,#1478,
#1479,#1480,#1481,#1482,#1483,#1484,#1485,#1486,#1487));
#129=EDGE_LOOP('',(#1488,#1489,#1490,#1491));
#130=EDGE_LOOP('',(#1492,#1493,#1494,#1495,#1496,#1497));
#131=EDGE_LOOP('',(#1498,#1499,#1500,#1501,#1502,#1503,#1504,#1505,#1506,
#1507,#1508,#1509,#1510,#1511,#1512,#1513,#1514,#1515,#1516,#1517,#1518,
#1519,#1520,#1521,#1522,#1523,#1524,#1525,#1526,#1527,#1528,#1529,#1530,
#1531,#1532,#1533,#1534,#1535,#1536,#1537,#1538,#1539,#1540,#1541,#1542,
#1543,#1544,#1545,#1546,#1547,#1548,#1549,#1550,#1551,#1552,#1553,#1554,
#1555,#1556,#1557,#1558,#1559,#1560,#1561,#1562,#1563,#1564,#1565,#1566,
#1567,#1568,#1569,#1570,#1571,#1572,#1573,#1574,#1575,#1576,#1577,#1578,
#1579,#1580,#1581,#1582,#1583,#1584,#1585));
#132=EDGE_LOOP('',(#1586,#1587,#1588,#1589));
#133=EDGE_LOOP('',(#1590,#1591,#1592,#1593,#1594,#1595));
#134=EDGE_LOOP('',(#1596,#1597,#1598,#1599,#1600,#1601));
#135=EDGE_LOOP('',(#1602,#1603,#1604,#1605));
#136=EDGE_LOOP('',(#1606,#1607,#1608,#1609));
#137=EDGE_LOOP('',(#1610,#1611,#1612,#1613));
#138=EDGE_LOOP('',(#1614,#1615,#1616,#1617));
#139=EDGE_LOOP('',(#1618,#1619,#1620,#1621));
#140=EDGE_LOOP('',(#1622,#1623,#1624,#1625));
#141=EDGE_LOOP('',(#1626,#1627,#1628,#1629));
#142=EDGE_LOOP('',(#1630,#1631,#1632,#1633));
#143=EDGE_LOOP('',(#1634,#1635,#1636,#1637));
#144=EDGE_LOOP('',(#1638,#1639,#1640,#1641));
#145=EDGE_LOOP('',(#1642,#1643,#1644,#1645));
#146=EDGE_LOOP('',(#1646,#1647,#1648,#1649));
#147=EDGE_LOOP('',(#1650,#1651,#1652,#1653));
#148=EDGE_LOOP('',(#1654,#1655,#1656,#1657));
#149=EDGE_LOOP('',(#1658,#1659,#1660,#1661));
#150=EDGE_LOOP('',(#1662,#1663,#1664,#1665));
#151=EDGE_LOOP('',(#1666,#1667,#1668,#1669));
#152=EDGE_LOOP('',(#1670,#1671,#1672,#1673));
#153=EDGE_LOOP('',(#1674,#1675,#1676,#1677));
#154=EDGE_LOOP('',(#1678,#1679,#1680,#1681));
#155=EDGE_LOOP('',(#1682,#1683,#1684,#1685));
#156=EDGE_LOOP('',(#1686,#1687,#1688,#1689));
#157=EDGE_LOOP('',(#1690,#1691,#1692,#1693));
#158=EDGE_LOOP('',(#1694,#1695,#1696,#1697));
#159=EDGE_LOOP('',(#1698,#1699,#1700,#1701));
#160=EDGE_LOOP('',(#1702,#1703,#1704,#1705));
#161=EDGE_LOOP('',(#1706,#1707,#1708,#1709));
#162=EDGE_LOOP('',(#1710,#1711,#1712,#1713));
#163=EDGE_LOOP('',(#1714,#1715,#1716,#1717));
#164=EDGE_LOOP('',(#1718,#1719,#1720,#1721));
#165=EDGE_LOOP('',(#1722,#1723,#1724,#1725));
#166=EDGE_LOOP('',(#1726,#1727,#1728,#1729));
#167=EDGE_LOOP('',(#1730,#1731,#1732,#1733));
#168=EDGE_LOOP('',(#1734,#1735,#1736,#1737));
#169=EDGE_LOOP('',(#1738,#1739,#1740,#1741));
#170=EDGE_LOOP('',(#1742,#1743,#1744,#1745));
#171=EDGE_LOOP('',(#1746,#1747,#1748,#1749));
#172=EDGE_LOOP('',(#1750,#1751,#1752,#1753));
#173=EDGE_LOOP('',(#1754,#1755,#1756,#1757));
#174=EDGE_LOOP('',(#1758,#1759,#1760,#1761));
#175=EDGE_LOOP('',(#1762,#1763,#1764,#1765));
#176=EDGE_LOOP('',(#1766,#1767,#1768,#1769));
#177=EDGE_LOOP('',(#1770,#1771,#1772,#1773));
#178=EDGE_LOOP('',(#1774,#1775,#1776,#1777));
#179=EDGE_LOOP('',(#1778,#1779,#1780,#1781));
#180=EDGE_LOOP('',(#1782,#1783,#1784,#1785));
#181=EDGE_LOOP('',(#1786,#1787,#1788,#1789));
#182=EDGE_LOOP('',(#1790,#1791,#1792,#1793));
#183=EDGE_LOOP('',(#1794,#1795,#1796,#1797));
#184=EDGE_LOOP('',(#1798,#1799,#1800,#1801));
#185=EDGE_LOOP('',(#1802,#1803,#1804,#1805));
#186=EDGE_LOOP('',(#1806,#1807,#1808,#1809));
#187=EDGE_LOOP('',(#1810,#1811,#1812,#1813));
#188=EDGE_LOOP('',(#1814,#1815,#1816,#1817));
#189=EDGE_LOOP('',(#1818,#1819,#1820,#1821));
#190=EDGE_LOOP('',(#1822,#1823,#1824,#1825));
#191=EDGE_LOOP('',(#1826,#1827,#1828,#1829));
#192=EDGE_LOOP('',(#1830,#1831,#1832,#1833));
#193=EDGE_LOOP('',(#1834,#1835,#1836,#1837));
#194=EDGE_LOOP('',(#1838,#1839,#1840,#1841));
#195=EDGE_LOOP('',(#1842,#1843,#1844,#1845));
#196=EDGE_LOOP('',(#1846,#1847,#1848,#1849));
#197=EDGE_LOOP('',(#1850,#1851,#1852,#1853,#1854));
#198=EDGE_LOOP('',(#1855,#1856,#1857,#1858));
#199=EDGE_LOOP('',(#1859,#1860,#1861,#1862,#1863));
#200=EDGE_LOOP('',(#1864,#1865,#1866,#1867));
#201=EDGE_LOOP('',(#1868,#1869,#1870,#1871));
#202=EDGE_LOOP('',(#1872,#1873,#1874,#1875));
#203=EDGE_LOOP('',(#1876,#1877,#1878,#1879));
#204=EDGE_LOOP('',(#1880,#1881,#1882,#1883));
#205=EDGE_LOOP('',(#1884,#1885,#1886,#1887));
#206=EDGE_LOOP('',(#1888,#1889,#1890,#1891));
#207=EDGE_LOOP('',(#1892,#1893,#1894,#1895));
#208=EDGE_LOOP('',(#1896,#1897,#1898,#1899));
#209=EDGE_LOOP('',(#1900,#1901,#1902,#1903));
#210=EDGE_LOOP('',(#1904,#1905,#1906,#1907));
#211=EDGE_LOOP('',(#1908,#1909,#1910,#1911));
#212=EDGE_LOOP('',(#1912,#1913,#1914,#1915));
#213=EDGE_LOOP('',(#1916,#1917,#1918,#1919));
#214=EDGE_LOOP('',(#1920,#1921,#1922,#1923));
#215=EDGE_LOOP('',(#1924,#1925,#1926,#1927));
#216=EDGE_LOOP('',(#1928,#1929,#1930,#1931));
#217=EDGE_LOOP('',(#1932,#1933,#1934,#1935));
#218=EDGE_LOOP('',(#1936,#1937,#1938,#1939));
#219=EDGE_LOOP('',(#1940,#1941,#1942,#1943));
#220=EDGE_LOOP('',(#1944,#1945,#1946,#1947,#1948,#1949));
#221=EDGE_LOOP('',(#1950,#1951,#1952,#1953,#1954));
#222=EDGE_LOOP('',(#1955,#1956,#1957,#1958));
#223=EDGE_LOOP('',(#1959,#1960,#1961,#1962,#1963));
#224=EDGE_LOOP('',(#1964,#1965,#1966,#1967,#1968));
#225=EDGE_LOOP('',(#1969,#1970,#1971,#1972,#1973,#1974,#1975,#1976));
#226=EDGE_LOOP('',(#1977,#1978,#1979,#1980));
#227=EDGE_LOOP('',(#1981,#1982,#1983,#1984,#1985,#1986,#1987,#1988));
#228=EDGE_LOOP('',(#1989,#1990,#1991,#1992));
#229=EDGE_LOOP('',(#1993,#1994,#1995,#1996));
#230=EDGE_LOOP('',(#1997,#1998,#1999,#2000));
#231=EDGE_LOOP('',(#2001,#2002,#2003,#2004));
#232=EDGE_LOOP('',(#2005,#2006,#2007,#2008));
#233=EDGE_LOOP('',(#2009,#2010,#2011,#2012));
#234=EDGE_LOOP('',(#2013,#2014,#2015,#2016,#2017,#2018));
#235=EDGE_LOOP('',(#2019,#2020,#2021,#2022,#2023));
#236=EDGE_LOOP('',(#2024,#2025,#2026,#2027));
#237=EDGE_LOOP('',(#2028,#2029,#2030,#2031,#2032,#2033));
#238=CIRCLE('',#2263,2.35);
#239=CIRCLE('',#2266,2.35);
#240=CIRCLE('',#2355,2.35);
#241=CIRCLE('',#2356,2.35);
#242=LINE('',#2920,#555);
#243=LINE('',#2922,#556);
#244=LINE('',#2924,#557);
#245=LINE('',#2928,#558);
#246=LINE('',#2930,#559);
#247=LINE('',#2932,#560);
#248=LINE('',#2934,#561);
#249=LINE('',#2936,#562);
#250=LINE('',#2938,#563);
#251=LINE('',#2940,#564);
#252=LINE('',#2942,#565);
#253=LINE('',#2944,#566);
#254=LINE('',#2946,#567);
#255=LINE('',#2948,#568);
#256=LINE('',#2950,#569);
#257=LINE('',#2952,#570);
#258=LINE('',#2954,#571);
#259=LINE('',#2956,#572);
#260=LINE('',#2958,#573);
#261=LINE('',#2960,#574);
#262=LINE('',#2962,#575);
#263=LINE('',#2964,#576);
#264=LINE('',#2966,#577);
#265=LINE('',#2968,#578);
#266=LINE('',#2970,#579);
#267=LINE('',#2972,#580);
#268=LINE('',#2974,#581);
#269=LINE('',#2976,#582);
#270=LINE('',#2978,#583);
#271=LINE('',#2980,#584);
#272=LINE('',#2982,#585);
#273=LINE('',#2984,#586);
#274=LINE('',#2986,#587);
#275=LINE('',#2988,#588);
#276=LINE('',#2990,#589);
#277=LINE('',#2992,#590);
#278=LINE('',#2994,#591);
#279=LINE('',#2996,#592);
#280=LINE('',#2998,#593);
#281=LINE('',#3000,#594);
#282=LINE('',#3002,#595);
#283=LINE('',#3004,#596);
#284=LINE('',#3006,#597);
#285=LINE('',#3008,#598);
#286=LINE('',#3010,#599);
#287=LINE('',#3012,#600);
#288=LINE('',#3014,#601);
#289=LINE('',#3016,#602);
#290=LINE('',#3018,#603);
#291=LINE('',#3020,#604);
#292=LINE('',#3022,#605);
#293=LINE('',#3024,#606);
#294=LINE('',#3026,#607);
#295=LINE('',#3028,#608);
#296=LINE('',#3030,#609);
#297=LINE('',#3032,#610);
#298=LINE('',#3034,#611);
#299=LINE('',#3036,#612);
#300=LINE('',#3038,#613);
#301=LINE('',#3040,#614);
#302=LINE('',#3042,#615);
#303=LINE('',#3044,#616);
#304=LINE('',#3046,#617);
#305=LINE('',#3048,#618);
#306=LINE('',#3050,#619);
#307=LINE('',#3052,#620);
#308=LINE('',#3054,#621);
#309=LINE('',#3056,#622);
#310=LINE('',#3058,#623);
#311=LINE('',#3060,#624);
#312=LINE('',#3062,#625);
#313=LINE('',#3064,#626);
#314=LINE('',#3066,#627);
#315=LINE('',#3068,#628);
#316=LINE('',#3070,#629);
#317=LINE('',#3072,#630);
#318=LINE('',#3074,#631);
#319=LINE('',#3076,#632);
#320=LINE('',#3078,#633);
#321=LINE('',#3080,#634);
#322=LINE('',#3082,#635);
#323=LINE('',#3084,#636);
#324=LINE('',#3086,#637);
#325=LINE('',#3088,#638);
#326=LINE('',#3090,#639);
#327=LINE('',#3092,#640);
#328=LINE('',#3094,#641);
#329=LINE('',#3096,#642);
#330=LINE('',#3097,#643);
#331=LINE('',#3100,#644);
#332=LINE('',#3102,#645);
#333=LINE('',#3104,#646);
#334=LINE('',#3105,#647);
#335=LINE('',#3108,#648);
#336=LINE('',#3110,#649);
#337=LINE('',#3112,#650);
#338=LINE('',#3114,#651);
#339=LINE('',#3115,#652);
#340=LINE('',#3119,#653);
#341=LINE('',#3123,#654);
#342=LINE('',#3125,#655);
#343=LINE('',#3127,#656);
#344=LINE('',#3129,#657);
#345=LINE('',#3131,#658);
#346=LINE('',#3133,#659);
#347=LINE('',#3135,#660);
#348=LINE('',#3137,#661);
#349=LINE('',#3139,#662);
#350=LINE('',#3141,#663);
#351=LINE('',#3143,#664);
#352=LINE('',#3145,#665);
#353=LINE('',#3147,#666);
#354=LINE('',#3149,#667);
#355=LINE('',#3151,#668);
#356=LINE('',#3153,#669);
#357=LINE('',#3155,#670);
#358=LINE('',#3157,#671);
#359=LINE('',#3159,#672);
#360=LINE('',#3161,#673);
#361=LINE('',#3163,#674);
#362=LINE('',#3165,#675);
#363=LINE('',#3167,#676);
#364=LINE('',#3169,#677);
#365=LINE('',#3171,#678);
#366=LINE('',#3173,#679);
#367=LINE('',#3175,#680);
#368=LINE('',#3177,#681);
#369=LINE('',#3179,#682);
#370=LINE('',#3181,#683);
#371=LINE('',#3183,#684);
#372=LINE('',#3185,#685);
#373=LINE('',#3187,#686);
#374=LINE('',#3189,#687);
#375=LINE('',#3191,#688);
#376=LINE('',#3193,#689);
#377=LINE('',#3195,#690);
#378=LINE('',#3197,#691);
#379=LINE('',#3199,#692);
#380=LINE('',#3201,#693);
#381=LINE('',#3203,#694);
#382=LINE('',#3205,#695);
#383=LINE('',#3207,#696);
#384=LINE('',#3209,#697);
#385=LINE('',#3211,#698);
#386=LINE('',#3213,#699);
#387=LINE('',#3215,#700);
#388=LINE('',#3217,#701);
#389=LINE('',#3219,#702);
#390=LINE('',#3221,#703);
#391=LINE('',#3223,#704);
#392=LINE('',#3225,#705);
#393=LINE('',#3227,#706);
#394=LINE('',#3229,#707);
#395=LINE('',#3231,#708);
#396=LINE('',#3233,#709);
#397=LINE('',#3235,#710);
#398=LINE('',#3237,#711);
#399=LINE('',#3239,#712);
#400=LINE('',#3241,#713);
#401=LINE('',#3243,#714);
#402=LINE('',#3245,#715);
#403=LINE('',#3247,#716);
#404=LINE('',#3249,#717);
#405=LINE('',#3251,#718);
#406=LINE('',#3253,#719);
#407=LINE('',#3255,#720);
#408=LINE('',#3257,#721);
#409=LINE('',#3259,#722);
#410=LINE('',#3261,#723);
#411=LINE('',#3263,#724);
#412=LINE('',#3265,#725);
#413=LINE('',#3267,#726);
#414=LINE('',#3269,#727);
#415=LINE('',#3271,#728);
#416=LINE('',#3273,#729);
#417=LINE('',#3275,#730);
#418=LINE('',#3277,#731);
#419=LINE('',#3279,#732);
#420=LINE('',#3281,#733);
#421=LINE('',#3283,#734);
#422=LINE('',#3285,#735);
#423=LINE('',#3287,#736);
#424=LINE('',#3289,#737);
#425=LINE('',#3291,#738);
#426=LINE('',#3292,#739);
#427=LINE('',#3295,#740);
#428=LINE('',#3297,#741);
#429=LINE('',#3299,#742);
#430=LINE('',#3300,#743);
#431=LINE('',#3304,#744);
#432=LINE('',#3305,#745);
#433=LINE('',#3307,#746);
#434=LINE('',#3309,#747);
#435=LINE('',#3310,#748);
#436=LINE('',#3313,#749);
#437=LINE('',#3315,#750);
#438=LINE('',#3317,#751);
#439=LINE('',#3319,#752);
#440=LINE('',#3320,#753);
#441=LINE('',#3322,#754);
#442=LINE('',#3323,#755);
#443=LINE('',#3325,#756);
#444=LINE('',#3327,#757);
#445=LINE('',#3329,#758);
#446=LINE('',#3330,#759);
#447=LINE('',#3332,#760);
#448=LINE('',#3334,#761);
#449=LINE('',#3336,#762);
#450=LINE('',#3337,#763);
#451=LINE('',#3339,#764);
#452=LINE('',#3341,#765);
#453=LINE('',#3343,#766);
#454=LINE('',#3344,#767);
#455=LINE('',#3346,#768);
#456=LINE('',#3348,#769);
#457=LINE('',#3350,#770);
#458=LINE('',#3351,#771);
#459=LINE('',#3353,#772);
#460=LINE('',#3355,#773);
#461=LINE('',#3357,#774);
#462=LINE('',#3358,#775);
#463=LINE('',#3360,#776);
#464=LINE('',#3362,#777);
#465=LINE('',#3364,#778);
#466=LINE('',#3365,#779);
#467=LINE('',#3367,#780);
#468=LINE('',#3369,#781);
#469=LINE('',#3371,#782);
#470=LINE('',#3372,#783);
#471=LINE('',#3374,#784);
#472=LINE('',#3376,#785);
#473=LINE('',#3378,#786);
#474=LINE('',#3379,#787);
#475=LINE('',#3381,#788);
#476=LINE('',#3383,#789);
#477=LINE('',#3385,#790);
#478=LINE('',#3386,#791);
#479=LINE('',#3388,#792);
#480=LINE('',#3390,#793);
#481=LINE('',#3392,#794);
#482=LINE('',#3393,#795);
#483=LINE('',#3395,#796);
#484=LINE('',#3397,#797);
#485=LINE('',#3399,#798);
#486=LINE('',#3400,#799);
#487=LINE('',#3402,#800);
#488=LINE('',#3404,#801);
#489=LINE('',#3406,#802);
#490=LINE('',#3407,#803);
#491=LINE('',#3409,#804);
#492=LINE('',#3411,#805);
#493=LINE('',#3413,#806);
#494=LINE('',#3414,#807);
#495=LINE('',#3416,#808);
#496=LINE('',#3418,#809);
#497=LINE('',#3420,#810);
#498=LINE('',#3421,#811);
#499=LINE('',#3423,#812);
#500=LINE('',#3425,#813);
#501=LINE('',#3427,#814);
#502=LINE('',#3428,#815);
#503=LINE('',#3430,#816);
#504=LINE('',#3432,#817);
#505=LINE('',#3434,#818);
#506=LINE('',#3435,#819);
#507=LINE('',#3437,#820);
#508=LINE('',#3439,#821);
#509=LINE('',#3441,#822);
#510=LINE('',#3442,#823);
#511=LINE('',#3444,#824);
#512=LINE('',#3446,#825);
#513=LINE('',#3448,#826);
#514=LINE('',#3449,#827);
#515=LINE('',#3451,#828);
#516=LINE('',#3453,#829);
#517=LINE('',#3455,#830);
#518=LINE('',#3456,#831);
#519=LINE('',#3458,#832);
#520=LINE('',#3460,#833);
#521=LINE('',#3463,#834);
#522=LINE('',#3465,#835);
#523=LINE('',#3466,#836);
#524=LINE('',#3468,#837);
#525=LINE('',#3471,#838);
#526=LINE('',#3472,#839);
#527=LINE('',#3473,#840);
#528=LINE('',#3475,#841);
#529=LINE('',#3477,#842);
#530=LINE('',#3499,#843);
#531=LINE('',#3501,#844);
#532=LINE('',#3502,#845);
#533=LINE('',#3506,#846);
#534=LINE('',#3508,#847);
#535=LINE('',#3513,#848);
#536=LINE('',#3516,#849);
#537=LINE('',#3518,#850);
#538=LINE('',#3519,#851);
#539=LINE('',#3521,#852);
#540=LINE('',#3523,#853);
#541=LINE('',#3524,#854);
#542=LINE('',#3528,#855);
#543=LINE('',#3529,#856);
#544=LINE('',#3530,#857);
#545=LINE('',#3532,#858);
#546=LINE('',#3533,#859);
#547=LINE('',#3535,#860);
#548=LINE('',#3537,#861);
#549=LINE('',#3538,#862);
#550=LINE('',#3540,#863);
#551=LINE('',#3541,#864);
#552=LINE('',#3549,#865);
#553=LINE('',#3550,#866);
#554=LINE('',#3552,#867);
#555=VECTOR('',#2379,1000.);
#556=VECTOR('',#2380,1000.);
#557=VECTOR('',#2381,1000.);
#558=VECTOR('',#2384,1000.);
#559=VECTOR('',#2385,1000.);
#560=VECTOR('',#2386,1000.);
#561=VECTOR('',#2387,1000.);
#562=VECTOR('',#2388,1000.);
#563=VECTOR('',#2389,1000.);
#564=VECTOR('',#2390,1000.);
#565=VECTOR('',#2391,1000.);
#566=VECTOR('',#2392,1000.);
#567=VECTOR('',#2393,1000.);
#568=VECTOR('',#2394,1000.);
#569=VECTOR('',#2395,1000.);
#570=VECTOR('',#2396,1000.);
#571=VECTOR('',#2397,1000.);
#572=VECTOR('',#2398,1000.);
#573=VECTOR('',#2399,1000.);
#574=VECTOR('',#2400,1000.);
#575=VECTOR('',#2401,1000.);
#576=VECTOR('',#2402,1000.);
#577=VECTOR('',#2403,1000.);
#578=VECTOR('',#2404,1000.);
#579=VECTOR('',#2405,1000.);
#580=VECTOR('',#2406,1000.);
#581=VECTOR('',#2407,1000.);
#582=VECTOR('',#2408,1000.);
#583=VECTOR('',#2409,1000.);
#584=VECTOR('',#2410,1000.);
#585=VECTOR('',#2411,1000.);
#586=VECTOR('',#2412,1000.);
#587=VECTOR('',#2413,1000.);
#588=VECTOR('',#2414,1000.);
#589=VECTOR('',#2415,1000.);
#590=VECTOR('',#2416,1000.);
#591=VECTOR('',#2417,1000.);
#592=VECTOR('',#2418,1000.);
#593=VECTOR('',#2419,1000.);
#594=VECTOR('',#2420,1000.);
#595=VECTOR('',#2421,1000.);
#596=VECTOR('',#2422,1000.);
#597=VECTOR('',#2423,1000.);
#598=VECTOR('',#2424,1000.);
#599=VECTOR('',#2425,1000.);
#600=VECTOR('',#2426,1000.);
#601=VECTOR('',#2427,1000.);
#602=VECTOR('',#2428,1000.);
#603=VECTOR('',#2429,1000.);
#604=VECTOR('',#2430,1000.);
#605=VECTOR('',#2431,1000.);
#606=VECTOR('',#2432,1000.);
#607=VECTOR('',#2433,1000.);
#608=VECTOR('',#2434,1000.);
#609=VECTOR('',#2435,1000.);
#610=VECTOR('',#2436,1000.);
#611=VECTOR('',#2437,1000.);
#612=VECTOR('',#2438,1000.);
#613=VECTOR('',#2439,1000.);
#614=VECTOR('',#2440,1000.);
#615=VECTOR('',#2441,1000.);
#616=VECTOR('',#2442,1000.);
#617=VECTOR('',#2443,1000.);
#618=VECTOR('',#2444,1000.);
#619=VECTOR('',#2445,1000.);
#620=VECTOR('',#2446,1000.);
#621=VECTOR('',#2447,1000.);
#622=VECTOR('',#2448,1000.);
#623=VECTOR('',#2449,1000.);
#624=VECTOR('',#2450,1000.);
#625=VECTOR('',#2451,1000.);
#626=VECTOR('',#2452,1000.);
#627=VECTOR('',#2453,1000.);
#628=VECTOR('',#2454,1000.);
#629=VECTOR('',#2455,1000.);
#630=VECTOR('',#2456,1000.);
#631=VECTOR('',#2457,1000.);
#632=VECTOR('',#2458,1000.);
#633=VECTOR('',#2459,1000.);
#634=VECTOR('',#2460,1000.);
#635=VECTOR('',#2461,1000.);
#636=VECTOR('',#2462,1000.);
#637=VECTOR('',#2463,1000.);
#638=VECTOR('',#2464,1000.);
#639=VECTOR('',#2465,1000.);
#640=VECTOR('',#2466,1000.);
#641=VECTOR('',#2467,1000.);
#642=VECTOR('',#2468,1000.);
#643=VECTOR('',#2469,1000.);
#644=VECTOR('',#2470,1000.);
#645=VECTOR('',#2471,1000.);
#646=VECTOR('',#2472,1000.);
#647=VECTOR('',#2473,1000.);
#648=VECTOR('',#2476,1000.);
#649=VECTOR('',#2477,1000.);
#650=VECTOR('',#2478,1000.);
#651=VECTOR('',#2479,1000.);
#652=VECTOR('',#2480,1000.);
#653=VECTOR('',#2483,1000.);
#654=VECTOR('',#2486,1000.);
#655=VECTOR('',#2487,1000.);
#656=VECTOR('',#2488,1000.);
#657=VECTOR('',#2489,1000.);
#658=VECTOR('',#2490,1000.);
#659=VECTOR('',#2491,1000.);
#660=VECTOR('',#2492,1000.);
#661=VECTOR('',#2493,1000.);
#662=VECTOR('',#2494,1000.);
#663=VECTOR('',#2495,1000.);
#664=VECTOR('',#2496,1000.);
#665=VECTOR('',#2497,1000.);
#666=VECTOR('',#2498,1000.);
#667=VECTOR('',#2499,1000.);
#668=VECTOR('',#2500,1000.);
#669=VECTOR('',#2501,1000.);
#670=VECTOR('',#2502,1000.);
#671=VECTOR('',#2503,1000.);
#672=VECTOR('',#2504,1000.);
#673=VECTOR('',#2505,1000.);
#674=VECTOR('',#2506,1000.);
#675=VECTOR('',#2507,1000.);
#676=VECTOR('',#2508,1000.);
#677=VECTOR('',#2509,1000.);
#678=VECTOR('',#2510,1000.);
#679=VECTOR('',#2511,1000.);
#680=VECTOR('',#2512,1000.);
#681=VECTOR('',#2513,1000.);
#682=VECTOR('',#2514,1000.);
#683=VECTOR('',#2515,1000.);
#684=VECTOR('',#2516,1000.);
#685=VECTOR('',#2517,1000.);
#686=VECTOR('',#2518,1000.);
#687=VECTOR('',#2519,1000.);
#688=VECTOR('',#2520,1000.);
#689=VECTOR('',#2521,1000.);
#690=VECTOR('',#2522,1000.);
#691=VECTOR('',#2523,1000.);
#692=VECTOR('',#2524,1000.);
#693=VECTOR('',#2525,1000.);
#694=VECTOR('',#2526,1000.);
#695=VECTOR('',#2527,1000.);
#696=VECTOR('',#2528,1000.);
#697=VECTOR('',#2529,1000.);
#698=VECTOR('',#2530,1000.);
#699=VECTOR('',#2531,1000.);
#700=VECTOR('',#2532,1000.);
#701=VECTOR('',#2533,1000.);
#702=VECTOR('',#2534,1000.);
#703=VECTOR('',#2535,1000.);
#704=VECTOR('',#2536,1000.);
#705=VECTOR('',#2537,1000.);
#706=VECTOR('',#2538,1000.);
#707=VECTOR('',#2539,1000.);
#708=VECTOR('',#2540,1000.);
#709=VECTOR('',#2541,1000.);
#710=VECTOR('',#2542,1000.);
#711=VECTOR('',#2543,1000.);
#712=VECTOR('',#2544,1000.);
#713=VECTOR('',#2545,1000.);
#714=VECTOR('',#2546,1000.);
#715=VECTOR('',#2547,1000.);
#716=VECTOR('',#2548,1000.);
#717=VECTOR('',#2549,1000.);
#718=VECTOR('',#2550,1000.);
#719=VECTOR('',#2551,1000.);
#720=VECTOR('',#2552,1000.);
#721=VECTOR('',#2553,1000.);
#722=VECTOR('',#2554,1000.);
#723=VECTOR('',#2555,1000.);
#724=VECTOR('',#2556,1000.);
#725=VECTOR('',#2557,1000.);
#726=VECTOR('',#2558,1000.);
#727=VECTOR('',#2559,1000.);
#728=VECTOR('',#2560,1000.);
#729=VECTOR('',#2561,1000.);
#730=VECTOR('',#2562,1000.);
#731=VECTOR('',#2563,1000.);
#732=VECTOR('',#2564,1000.);
#733=VECTOR('',#2565,1000.);
#734=VECTOR('',#2566,1000.);
#735=VECTOR('',#2567,1000.);
#736=VECTOR('',#2568,1000.);
#737=VECTOR('',#2569,1000.);
#738=VECTOR('',#2570,1000.);
#739=VECTOR('',#2571,1000.);
#740=VECTOR('',#2572,1000.);
#741=VECTOR('',#2573,1000.);
#742=VECTOR('',#2574,1000.);
#743=VECTOR('',#2575,1000.);
#744=VECTOR('',#2578,1000.);
#745=VECTOR('',#2579,1000.);
#746=VECTOR('',#2580,1000.);
#747=VECTOR('',#2581,1000.);
#748=VECTOR('',#2582,1000.);
#749=VECTOR('',#2585,1000.);
#750=VECTOR('',#2586,1000.);
#751=VECTOR('',#2587,1000.);
#752=VECTOR('',#2588,1000.);
#753=VECTOR('',#2589,1000.);
#754=VECTOR('',#2592,1000.);
#755=VECTOR('',#2593,1000.);
#756=VECTOR('',#2596,1000.);
#757=VECTOR('',#2599,1000.);
#758=VECTOR('',#2602,1000.);
#759=VECTOR('',#2603,1000.);
#760=VECTOR('',#2606,1000.);
#761=VECTOR('',#2609,1000.);
#762=VECTOR('',#2612,1000.);
#763=VECTOR('',#2613,1000.);
#764=VECTOR('',#2616,1000.);
#765=VECTOR('',#2619,1000.);
#766=VECTOR('',#2622,1000.);
#767=VECTOR('',#2623,1000.);
#768=VECTOR('',#2626,1000.);
#769=VECTOR('',#2629,1000.);
#770=VECTOR('',#2632,1000.);
#771=VECTOR('',#2633,1000.);
#772=VECTOR('',#2636,1000.);
#773=VECTOR('',#2639,1000.);
#774=VECTOR('',#2642,1000.);
#775=VECTOR('',#2643,1000.);
#776=VECTOR('',#2646,1000.);
#777=VECTOR('',#2649,1000.);
#778=VECTOR('',#2652,1000.);
#779=VECTOR('',#2653,1000.);
#780=VECTOR('',#2656,1000.);
#781=VECTOR('',#2659,1000.);
#782=VECTOR('',#2662,1000.);
#783=VECTOR('',#2663,1000.);
#784=VECTOR('',#2666,1000.);
#785=VECTOR('',#2669,1000.);
#786=VECTOR('',#2672,1000.);
#787=VECTOR('',#2673,1000.);
#788=VECTOR('',#2676,1000.);
#789=VECTOR('',#2679,1000.);
#790=VECTOR('',#2682,1000.);
#791=VECTOR('',#2683,1000.);
#792=VECTOR('',#2686,1000.);
#793=VECTOR('',#2689,1000.);
#794=VECTOR('',#2692,1000.);
#795=VECTOR('',#2693,1000.);
#796=VECTOR('',#2696,1000.);
#797=VECTOR('',#2699,1000.);
#798=VECTOR('',#2702,1000.);
#799=VECTOR('',#2703,1000.);
#800=VECTOR('',#2706,1000.);
#801=VECTOR('',#2709,1000.);
#802=VECTOR('',#2712,1000.);
#803=VECTOR('',#2713,1000.);
#804=VECTOR('',#2716,1000.);
#805=VECTOR('',#2719,1000.);
#806=VECTOR('',#2722,1000.);
#807=VECTOR('',#2723,1000.);
#808=VECTOR('',#2726,1000.);
#809=VECTOR('',#2729,1000.);
#810=VECTOR('',#2732,1000.);
#811=VECTOR('',#2733,1000.);
#812=VECTOR('',#2736,1000.);
#813=VECTOR('',#2739,1000.);
#814=VECTOR('',#2742,1000.);
#815=VECTOR('',#2743,1000.);
#816=VECTOR('',#2746,1000.);
#817=VECTOR('',#2749,1000.);
#818=VECTOR('',#2752,1000.);
#819=VECTOR('',#2753,1000.);
#820=VECTOR('',#2756,1000.);
#821=VECTOR('',#2759,1000.);
#822=VECTOR('',#2762,1000.);
#823=VECTOR('',#2763,1000.);
#824=VECTOR('',#2766,1000.);
#825=VECTOR('',#2769,1000.);
#826=VECTOR('',#2772,1000.);
#827=VECTOR('',#2773,1000.);
#828=VECTOR('',#2776,1000.);
#829=VECTOR('',#2779,1000.);
#830=VECTOR('',#2782,1000.);
#831=VECTOR('',#2783,1000.);
#832=VECTOR('',#2786,1000.);
#833=VECTOR('',#2789,1000.);
#834=VECTOR('',#2792,1000.);
#835=VECTOR('',#2793,1000.);
#836=VECTOR('',#2794,1000.);
#837=VECTOR('',#2797,1000.);
#838=VECTOR('',#2800,1000.);
#839=VECTOR('',#2801,1000.);
#840=VECTOR('',#2802,1000.);
#841=VECTOR('',#2805,1000.);
#842=VECTOR('',#2808,1000.);
#843=VECTOR('',#2849,1000.);
#844=VECTOR('',#2850,1000.);
#845=VECTOR('',#2851,1000.);
#846=VECTOR('',#2858,1000.);
#847=VECTOR('',#2861,1000.);
#848=VECTOR('',#2870,1000.);
#849=VECTOR('',#2873,1000.);
#850=VECTOR('',#2874,1000.);
#851=VECTOR('',#2875,1000.);
#852=VECTOR('',#2876,1000.);
#853=VECTOR('',#2877,1000.);
#854=VECTOR('',#2878,999.999999999998);
#855=VECTOR('',#2881,1000.);
#856=VECTOR('',#2882,1000.);
#857=VECTOR('',#2883,1000.);
#858=VECTOR('',#2886,1000.);
#859=VECTOR('',#2887,1000.);
#860=VECTOR('',#2888,1000.);
#861=VECTOR('',#2889,1000.);
#862=VECTOR('',#2890,1000.);
#863=VECTOR('',#2893,1000.);
#864=VECTOR('',#2894,1000.);
#865=VECTOR('',#2907,1000.);
#866=VECTOR('',#2908,1000.);
#867=VECTOR('',#2911,1000.);
#868=VERTEX_POINT('',#2918);
#869=VERTEX_POINT('',#2919);
#870=VERTEX_POINT('',#2921);
#871=VERTEX_POINT('',#2923);
#872=VERTEX_POINT('',#2925);
#873=VERTEX_POINT('',#2927);
#874=VERTEX_POINT('',#2929);
#875=VERTEX_POINT('',#2931);
#876=VERTEX_POINT('',#2933);
#877=VERTEX_POINT('',#2935);
#878=VERTEX_POINT('',#2937);
#879=VERTEX_POINT('',#2939);
#880=VERTEX_POINT('',#2941);
#881=VERTEX_POINT('',#2943);
#882=VERTEX_POINT('',#2945);
#883=VERTEX_POINT('',#2947);
#884=VERTEX_POINT('',#2949);
#885=VERTEX_POINT('',#2951);
#886=VERTEX_POINT('',#2953);
#887=VERTEX_POINT('',#2955);
#888=VERTEX_POINT('',#2957);
#889=VERTEX_POINT('',#2959);
#890=VERTEX_POINT('',#2961);
#891=VERTEX_POINT('',#2963);
#892=VERTEX_POINT('',#2965);
#893=VERTEX_POINT('',#2967);
#894=VERTEX_POINT('',#2969);
#895=VERTEX_POINT('',#2971);
#896=VERTEX_POINT('',#2973);
#897=VERTEX_POINT('',#2975);
#898=VERTEX_POINT('',#2977);
#899=VERTEX_POINT('',#2979);
#900=VERTEX_POINT('',#2981);
#901=VERTEX_POINT('',#2983);
#902=VERTEX_POINT('',#2985);
#903=VERTEX_POINT('',#2987);
#904=VERTEX_POINT('',#2989);
#905=VERTEX_POINT('',#2991);
#906=VERTEX_POINT('',#2993);
#907=VERTEX_POINT('',#2995);
#908=VERTEX_POINT('',#2997);
#909=VERTEX_POINT('',#2999);
#910=VERTEX_POINT('',#3001);
#911=VERTEX_POINT('',#3003);
#912=VERTEX_POINT('',#3005);
#913=VERTEX_POINT('',#3007);
#914=VERTEX_POINT('',#3009);
#915=VERTEX_POINT('',#3011);
#916=VERTEX_POINT('',#3013);
#917=VERTEX_POINT('',#3015);
#918=VERTEX_POINT('',#3017);
#919=VERTEX_POINT('',#3019);
#920=VERTEX_POINT('',#3021);
#921=VERTEX_POINT('',#3023);
#922=VERTEX_POINT('',#3025);
#923=VERTEX_POINT('',#3027);
#924=VERTEX_POINT('',#3029);
#925=VERTEX_POINT('',#3031);
#926=VERTEX_POINT('',#3033);
#927=VERTEX_POINT('',#3035);
#928=VERTEX_POINT('',#3037);
#929=VERTEX_POINT('',#3039);
#930=VERTEX_POINT('',#3041);
#931=VERTEX_POINT('',#3043);
#932=VERTEX_POINT('',#3045);
#933=VERTEX_POINT('',#3047);
#934=VERTEX_POINT('',#3049);
#935=VERTEX_POINT('',#3051);
#936=VERTEX_POINT('',#3053);
#937=VERTEX_POINT('',#3055);
#938=VERTEX_POINT('',#3057);
#939=VERTEX_POINT('',#3059);
#940=VERTEX_POINT('',#3061);
#941=VERTEX_POINT('',#3063);
#942=VERTEX_POINT('',#3065);
#943=VERTEX_POINT('',#3067);
#944=VERTEX_POINT('',#3069);
#945=VERTEX_POINT('',#3071);
#946=VERTEX_POINT('',#3073);
#947=VERTEX_POINT('',#3075);
#948=VERTEX_POINT('',#3077);
#949=VERTEX_POINT('',#3079);
#950=VERTEX_POINT('',#3081);
#951=VERTEX_POINT('',#3083);
#952=VERTEX_POINT('',#3085);
#953=VERTEX_POINT('',#3087);
#954=VERTEX_POINT('',#3089);
#955=VERTEX_POINT('',#3091);
#956=VERTEX_POINT('',#3093);
#957=VERTEX_POINT('',#3095);
#958=VERTEX_POINT('',#3098);
#959=VERTEX_POINT('',#3099);
#960=VERTEX_POINT('',#3101);
#961=VERTEX_POINT('',#3103);
#962=VERTEX_POINT('',#3107);
#963=VERTEX_POINT('',#3109);
#964=VERTEX_POINT('',#3111);
#965=VERTEX_POINT('',#3113);
#966=VERTEX_POINT('',#3117);
#967=VERTEX_POINT('',#3118);
#968=VERTEX_POINT('',#3120);
#969=VERTEX_POINT('',#3122);
#970=VERTEX_POINT('',#3124);
#971=VERTEX_POINT('',#3126);
#972=VERTEX_POINT('',#3128);
#973=VERTEX_POINT('',#3130);
#974=VERTEX_POINT('',#3132);
#975=VERTEX_POINT('',#3134);
#976=VERTEX_POINT('',#3136);
#977=VERTEX_POINT('',#3138);
#978=VERTEX_POINT('',#3140);
#979=VERTEX_POINT('',#3142);
#980=VERTEX_POINT('',#3144);
#981=VERTEX_POINT('',#3146);
#982=VERTEX_POINT('',#3148);
#983=VERTEX_POINT('',#3150);
#984=VERTEX_POINT('',#3152);
#985=VERTEX_POINT('',#3154);
#986=VERTEX_POINT('',#3156);
#987=VERTEX_POINT('',#3158);
#988=VERTEX_POINT('',#3160);
#989=VERTEX_POINT('',#3162);
#990=VERTEX_POINT('',#3164);
#991=VERTEX_POINT('',#3166);
#992=VERTEX_POINT('',#3168);
#993=VERTEX_POINT('',#3170);
#994=VERTEX_POINT('',#3172);
#995=VERTEX_POINT('',#3174);
#996=VERTEX_POINT('',#3176);
#997=VERTEX_POINT('',#3178);
#998=VERTEX_POINT('',#3180);
#999=VERTEX_POINT('',#3182);
#1000=VERTEX_POINT('',#3184);
#1001=VERTEX_POINT('',#3186);
#1002=VERTEX_POINT('',#3188);
#1003=VERTEX_POINT('',#3190);
#1004=VERTEX_POINT('',#3192);
#1005=VERTEX_POINT('',#3194);
#1006=VERTEX_POINT('',#3196);
#1007=VERTEX_POINT('',#3198);
#1008=VERTEX_POINT('',#3200);
#1009=VERTEX_POINT('',#3202);
#1010=VERTEX_POINT('',#3204);
#1011=VERTEX_POINT('',#3206);
#1012=VERTEX_POINT('',#3208);
#1013=VERTEX_POINT('',#3210);
#1014=VERTEX_POINT('',#3212);
#1015=VERTEX_POINT('',#3214);
#1016=VERTEX_POINT('',#3216);
#1017=VERTEX_POINT('',#3218);
#1018=VERTEX_POINT('',#3220);
#1019=VERTEX_POINT('',#3222);
#1020=VERTEX_POINT('',#3224);
#1021=VERTEX_POINT('',#3226);
#1022=VERTEX_POINT('',#3228);
#1023=VERTEX_POINT('',#3230);
#1024=VERTEX_POINT('',#3232);
#1025=VERTEX_POINT('',#3234);
#1026=VERTEX_POINT('',#3236);
#1027=VERTEX_POINT('',#3238);
#1028=VERTEX_POINT('',#3240);
#1029=VERTEX_POINT('',#3242);
#1030=VERTEX_POINT('',#3244);
#1031=VERTEX_POINT('',#3246);
#1032=VERTEX_POINT('',#3248);
#1033=VERTEX_POINT('',#3250);
#1034=VERTEX_POINT('',#3252);
#1035=VERTEX_POINT('',#3254);
#1036=VERTEX_POINT('',#3256);
#1037=VERTEX_POINT('',#3258);
#1038=VERTEX_POINT('',#3260);
#1039=VERTEX_POINT('',#3262);
#1040=VERTEX_POINT('',#3264);
#1041=VERTEX_POINT('',#3266);
#1042=VERTEX_POINT('',#3268);
#1043=VERTEX_POINT('',#3270);
#1044=VERTEX_POINT('',#3272);
#1045=VERTEX_POINT('',#3274);
#1046=VERTEX_POINT('',#3276);
#1047=VERTEX_POINT('',#3278);
#1048=VERTEX_POINT('',#3280);
#1049=VERTEX_POINT('',#3282);
#1050=VERTEX_POINT('',#3284);
#1051=VERTEX_POINT('',#3286);
#1052=VERTEX_POINT('',#3288);
#1053=VERTEX_POINT('',#3290);
#1054=VERTEX_POINT('',#3293);
#1055=VERTEX_POINT('',#3294);
#1056=VERTEX_POINT('',#3296);
#1057=VERTEX_POINT('',#3298);
#1058=VERTEX_POINT('',#3302);
#1059=VERTEX_POINT('',#3303);
#1060=VERTEX_POINT('',#3306);
#1061=VERTEX_POINT('',#3308);
#1062=VERTEX_POINT('',#3312);
#1063=VERTEX_POINT('',#3314);
#1064=VERTEX_POINT('',#3316);
#1065=VERTEX_POINT('',#3318);
#1066=VERTEX_POINT('',#3462);
#1067=VERTEX_POINT('',#3464);
#1068=VERTEX_POINT('',#3470);
#1069=VERTEX_POINT('',#3498);
#1070=VERTEX_POINT('',#3500);
#1071=VERTEX_POINT('',#3515);
#1072=VERTEX_POINT('',#3517);
#1073=VERTEX_POINT('',#3520);
#1074=VERTEX_POINT('',#3522);
#1075=VERTEX_POINT('',#3526);
#1076=VERTEX_POINT('',#3527);
#1077=VERTEX_POINT('',#3534);
#1078=VERTEX_POINT('',#3536);
#1079=VERTEX_POINT('',#3548);
#1080=EDGE_CURVE('',#868,#869,#242,.T.);
#1081=EDGE_CURVE('',#868,#870,#243,.T.);
#1082=EDGE_CURVE('',#871,#870,#244,.T.);
#1083=EDGE_CURVE('',#871,#872,#238,.T.);
#1084=EDGE_CURVE('',#872,#873,#245,.T.);
#1085=EDGE_CURVE('',#873,#874,#246,.T.);
#1086=EDGE_CURVE('',#874,#875,#247,.T.);
#1087=EDGE_CURVE('',#876,#875,#248,.T.);
#1088=EDGE_CURVE('',#876,#877,#249,.T.);
#1089=EDGE_CURVE('',#877,#878,#250,.T.);
#1090=EDGE_CURVE('',#878,#879,#251,.T.);
#1091=EDGE_CURVE('',#880,#879,#252,.T.);
#1092=EDGE_CURVE('',#880,#881,#253,.T.);
#1093=EDGE_CURVE('',#881,#882,#254,.T.);
#1094=EDGE_CURVE('',#882,#883,#255,.T.);
#1095=EDGE_CURVE('',#884,#883,#256,.T.);
#1096=EDGE_CURVE('',#884,#885,#257,.T.);
#1097=EDGE_CURVE('',#885,#886,#258,.T.);
#1098=EDGE_CURVE('',#886,#887,#259,.T.);
#1099=EDGE_CURVE('',#888,#887,#260,.T.);
#1100=EDGE_CURVE('',#888,#889,#261,.T.);
#1101=EDGE_CURVE('',#889,#890,#262,.T.);
#1102=EDGE_CURVE('',#890,#891,#263,.T.);
#1103=EDGE_CURVE('',#892,#891,#264,.T.);
#1104=EDGE_CURVE('',#892,#893,#265,.T.);
#1105=EDGE_CURVE('',#893,#894,#266,.T.);
#1106=EDGE_CURVE('',#894,#895,#267,.T.);
#1107=EDGE_CURVE('',#896,#895,#268,.T.);
#1108=EDGE_CURVE('',#896,#897,#269,.T.);
#1109=EDGE_CURVE('',#897,#898,#270,.T.);
#1110=EDGE_CURVE('',#898,#899,#271,.T.);
#1111=EDGE_CURVE('',#900,#899,#272,.T.);
#1112=EDGE_CURVE('',#900,#901,#273,.T.);
#1113=EDGE_CURVE('',#901,#902,#274,.T.);
#1114=EDGE_CURVE('',#902,#903,#275,.T.);
#1115=EDGE_CURVE('',#904,#903,#276,.T.);
#1116=EDGE_CURVE('',#904,#905,#277,.T.);
#1117=EDGE_CURVE('',#905,#906,#278,.T.);
#1118=EDGE_CURVE('',#906,#907,#279,.T.);
#1119=EDGE_CURVE('',#908,#907,#280,.T.);
#1120=EDGE_CURVE('',#908,#909,#281,.T.);
#1121=EDGE_CURVE('',#909,#910,#282,.T.);
#1122=EDGE_CURVE('',#910,#911,#283,.T.);
#1123=EDGE_CURVE('',#912,#911,#284,.T.);
#1124=EDGE_CURVE('',#912,#913,#285,.T.);
#1125=EDGE_CURVE('',#913,#914,#286,.T.);
#1126=EDGE_CURVE('',#914,#915,#287,.T.);
#1127=EDGE_CURVE('',#916,#915,#288,.T.);
#1128=EDGE_CURVE('',#916,#917,#289,.T.);
#1129=EDGE_CURVE('',#917,#918,#290,.T.);
#1130=EDGE_CURVE('',#918,#919,#291,.T.);
#1131=EDGE_CURVE('',#920,#919,#292,.T.);
#1132=EDGE_CURVE('',#920,#921,#293,.T.);
#1133=EDGE_CURVE('',#921,#922,#294,.T.);
#1134=EDGE_CURVE('',#922,#923,#295,.T.);
#1135=EDGE_CURVE('',#924,#923,#296,.T.);
#1136=EDGE_CURVE('',#924,#925,#297,.T.);
#1137=EDGE_CURVE('',#925,#926,#298,.T.);
#1138=EDGE_CURVE('',#926,#927,#299,.T.);
#1139=EDGE_CURVE('',#928,#927,#300,.T.);
#1140=EDGE_CURVE('',#928,#929,#301,.T.);
#1141=EDGE_CURVE('',#929,#930,#302,.T.);
#1142=EDGE_CURVE('',#930,#931,#303,.T.);
#1143=EDGE_CURVE('',#932,#931,#304,.T.);
#1144=EDGE_CURVE('',#932,#933,#305,.T.);
#1145=EDGE_CURVE('',#933,#934,#306,.T.);
#1146=EDGE_CURVE('',#934,#935,#307,.T.);
#1147=EDGE_CURVE('',#936,#935,#308,.T.);
#1148=EDGE_CURVE('',#936,#937,#309,.T.);
#1149=EDGE_CURVE('',#937,#938,#310,.T.);
#1150=EDGE_CURVE('',#938,#939,#311,.T.);
#1151=EDGE_CURVE('',#940,#939,#312,.T.);
#1152=EDGE_CURVE('',#940,#941,#313,.T.);
#1153=EDGE_CURVE('',#941,#942,#314,.T.);
#1154=EDGE_CURVE('',#942,#943,#315,.T.);
#1155=EDGE_CURVE('',#944,#943,#316,.T.);
#1156=EDGE_CURVE('',#944,#945,#317,.T.);
#1157=EDGE_CURVE('',#945,#946,#318,.T.);
#1158=EDGE_CURVE('',#946,#947,#319,.T.);
#1159=EDGE_CURVE('',#948,#947,#320,.T.);
#1160=EDGE_CURVE('',#948,#949,#321,.T.);
#1161=EDGE_CURVE('',#949,#950,#322,.T.);
#1162=EDGE_CURVE('',#950,#951,#323,.T.);
#1163=EDGE_CURVE('',#952,#951,#324,.T.);
#1164=EDGE_CURVE('',#952,#953,#325,.T.);
#1165=EDGE_CURVE('',#953,#954,#326,.T.);
#1166=EDGE_CURVE('',#954,#955,#327,.T.);
#1167=EDGE_CURVE('',#955,#956,#328,.T.);
#1168=EDGE_CURVE('',#956,#957,#329,.T.);
#1169=EDGE_CURVE('',#957,#869,#330,.T.);
#1170=EDGE_CURVE('',#958,#959,#331,.T.);
#1171=EDGE_CURVE('',#959,#960,#332,.T.);
#1172=EDGE_CURVE('',#960,#961,#333,.T.);
#1173=EDGE_CURVE('',#961,#958,#334,.T.);
#1174=EDGE_CURVE('',#962,#870,#335,.T.);
#1175=EDGE_CURVE('',#962,#963,#336,.T.);
#1176=EDGE_CURVE('',#964,#963,#337,.T.);
#1177=EDGE_CURVE('',#965,#964,#338,.T.);
#1178=EDGE_CURVE('',#965,#871,#339,.T.);
#1179=EDGE_CURVE('',#966,#967,#340,.T.);
#1180=EDGE_CURVE('',#967,#968,#239,.T.);
#1181=EDGE_CURVE('',#969,#968,#341,.T.);
#1182=EDGE_CURVE('',#969,#970,#342,.T.);
#1183=EDGE_CURVE('',#970,#971,#343,.T.);
#1184=EDGE_CURVE('',#972,#971,#344,.T.);
#1185=EDGE_CURVE('',#972,#973,#345,.T.);
#1186=EDGE_CURVE('',#973,#974,#346,.T.);
#1187=EDGE_CURVE('',#974,#975,#347,.T.);
#1188=EDGE_CURVE('',#975,#976,#348,.T.);
#1189=EDGE_CURVE('',#976,#977,#349,.T.);
#1190=EDGE_CURVE('',#977,#978,#350,.T.);
#1191=EDGE_CURVE('',#978,#979,#351,.T.);
#1192=EDGE_CURVE('',#979,#980,#352,.T.);
#1193=EDGE_CURVE('',#980,#981,#353,.T.);
#1194=EDGE_CURVE('',#981,#982,#354,.T.);
#1195=EDGE_CURVE('',#982,#983,#355,.T.);
#1196=EDGE_CURVE('',#983,#984,#356,.T.);
#1197=EDGE_CURVE('',#984,#985,#357,.T.);
#1198=EDGE_CURVE('',#985,#986,#358,.T.);
#1199=EDGE_CURVE('',#986,#987,#359,.T.);
#1200=EDGE_CURVE('',#987,#988,#360,.T.);
#1201=EDGE_CURVE('',#988,#989,#361,.T.);
#1202=EDGE_CURVE('',#989,#990,#362,.T.);
#1203=EDGE_CURVE('',#990,#991,#363,.T.);
#1204=EDGE_CURVE('',#991,#992,#364,.T.);
#1205=EDGE_CURVE('',#992,#993,#365,.T.);
#1206=EDGE_CURVE('',#993,#994,#366,.T.);
#1207=EDGE_CURVE('',#995,#994,#367,.T.);
#1208=EDGE_CURVE('',#996,#995,#368,.T.);
#1209=EDGE_CURVE('',#997,#996,#369,.T.);
#1210=EDGE_CURVE('',#997,#998,#370,.T.);
#1211=EDGE_CURVE('',#999,#998,#371,.T.);
#1212=EDGE_CURVE('',#1000,#999,#372,.T.);
#1213=EDGE_CURVE('',#1001,#1000,#373,.T.);
#1214=EDGE_CURVE('',#1001,#1002,#374,.T.);
#1215=EDGE_CURVE('',#1003,#1002,#375,.T.);
#1216=EDGE_CURVE('',#1004,#1003,#376,.T.);
#1217=EDGE_CURVE('',#1005,#1004,#377,.T.);
#1218=EDGE_CURVE('',#1005,#1006,#378,.T.);
#1219=EDGE_CURVE('',#1007,#1006,#379,.T.);
#1220=EDGE_CURVE('',#1008,#1007,#380,.T.);
#1221=EDGE_CURVE('',#1009,#1008,#381,.T.);
#1222=EDGE_CURVE('',#1009,#1010,#382,.T.);
#1223=EDGE_CURVE('',#1011,#1010,#383,.T.);
#1224=EDGE_CURVE('',#1012,#1011,#384,.T.);
#1225=EDGE_CURVE('',#1013,#1012,#385,.T.);
#1226=EDGE_CURVE('',#1013,#1014,#386,.T.);
#1227=EDGE_CURVE('',#1015,#1014,#387,.T.);
#1228=EDGE_CURVE('',#1016,#1015,#388,.T.);
#1229=EDGE_CURVE('',#1017,#1016,#389,.T.);
#1230=EDGE_CURVE('',#1017,#1018,#390,.T.);
#1231=EDGE_CURVE('',#1019,#1018,#391,.T.);
#1232=EDGE_CURVE('',#1020,#1019,#392,.T.);
#1233=EDGE_CURVE('',#1021,#1020,#393,.T.);
#1234=EDGE_CURVE('',#1021,#1022,#394,.T.);
#1235=EDGE_CURVE('',#1023,#1022,#395,.T.);
#1236=EDGE_CURVE('',#1024,#1023,#396,.T.);
#1237=EDGE_CURVE('',#1025,#1024,#397,.T.);
#1238=EDGE_CURVE('',#1025,#1026,#398,.T.);
#1239=EDGE_CURVE('',#1027,#1026,#399,.T.);
#1240=EDGE_CURVE('',#1028,#1027,#400,.T.);
#1241=EDGE_CURVE('',#1029,#1028,#401,.T.);
#1242=EDGE_CURVE('',#1029,#1030,#402,.T.);
#1243=EDGE_CURVE('',#1031,#1030,#403,.T.);
#1244=EDGE_CURVE('',#1032,#1031,#404,.T.);
#1245=EDGE_CURVE('',#1033,#1032,#405,.T.);
#1246=EDGE_CURVE('',#1033,#1034,#406,.T.);
#1247=EDGE_CURVE('',#1035,#1034,#407,.T.);
#1248=EDGE_CURVE('',#1036,#1035,#408,.T.);
#1249=EDGE_CURVE('',#1037,#1036,#409,.T.);
#1250=EDGE_CURVE('',#1037,#1038,#410,.T.);
#1251=EDGE_CURVE('',#1039,#1038,#411,.T.);
#1252=EDGE_CURVE('',#1040,#1039,#412,.T.);
#1253=EDGE_CURVE('',#1041,#1040,#413,.T.);
#1254=EDGE_CURVE('',#1041,#1042,#414,.T.);
#1255=EDGE_CURVE('',#1043,#1042,#415,.T.);
#1256=EDGE_CURVE('',#1044,#1043,#416,.T.);
#1257=EDGE_CURVE('',#1045,#1044,#417,.T.);
#1258=EDGE_CURVE('',#1045,#1046,#418,.T.);
#1259=EDGE_CURVE('',#1047,#1046,#419,.T.);
#1260=EDGE_CURVE('',#1048,#1047,#420,.T.);
#1261=EDGE_CURVE('',#1049,#1048,#421,.T.);
#1262=EDGE_CURVE('',#1049,#1050,#422,.T.);
#1263=EDGE_CURVE('',#1051,#1050,#423,.T.);
#1264=EDGE_CURVE('',#1052,#1051,#424,.T.);
#1265=EDGE_CURVE('',#1053,#1052,#425,.T.);
#1266=EDGE_CURVE('',#1053,#966,#426,.T.);
#1267=EDGE_CURVE('',#1054,#1055,#427,.T.);
#1268=EDGE_CURVE('',#1054,#1056,#428,.T.);
#1269=EDGE_CURVE('',#1057,#1056,#429,.T.);
#1270=EDGE_CURVE('',#1057,#1055,#430,.T.);
#1271=EDGE_CURVE('',#1058,#1059,#431,.T.);
#1272=EDGE_CURVE('',#873,#1058,#432,.T.);
#1273=EDGE_CURVE('',#872,#1060,#433,.T.);
#1274=EDGE_CURVE('',#1060,#1061,#434,.T.);
#1275=EDGE_CURVE('',#1061,#1059,#435,.T.);
#1276=EDGE_CURVE('',#971,#1062,#436,.T.);
#1277=EDGE_CURVE('',#1062,#1063,#437,.T.);
#1278=EDGE_CURVE('',#1063,#1064,#438,.T.);
#1279=EDGE_CURVE('',#1065,#1064,#439,.T.);
#1280=EDGE_CURVE('',#1065,#972,#440,.T.);
#1281=EDGE_CURVE('',#952,#977,#441,.T.);
#1282=EDGE_CURVE('',#953,#976,#442,.T.);
#1283=EDGE_CURVE('',#954,#975,#443,.T.);
#1284=EDGE_CURVE('',#955,#974,#444,.T.);
#1285=EDGE_CURVE('',#948,#981,#445,.T.);
#1286=EDGE_CURVE('',#949,#980,#446,.T.);
#1287=EDGE_CURVE('',#950,#979,#447,.T.);
#1288=EDGE_CURVE('',#951,#978,#448,.T.);
#1289=EDGE_CURVE('',#944,#985,#449,.T.);
#1290=EDGE_CURVE('',#945,#984,#450,.T.);
#1291=EDGE_CURVE('',#946,#983,#451,.T.);
#1292=EDGE_CURVE('',#947,#982,#452,.T.);
#1293=EDGE_CURVE('',#940,#989,#453,.T.);
#1294=EDGE_CURVE('',#941,#988,#454,.T.);
#1295=EDGE_CURVE('',#942,#987,#455,.T.);
#1296=EDGE_CURVE('',#943,#986,#456,.T.);
#1297=EDGE_CURVE('',#936,#993,#457,.T.);
#1298=EDGE_CURVE('',#937,#992,#458,.T.);
#1299=EDGE_CURVE('',#938,#991,#459,.T.);
#1300=EDGE_CURVE('',#939,#990,#460,.T.);
#1301=EDGE_CURVE('',#935,#994,#461,.T.);
#1302=EDGE_CURVE('',#934,#995,#462,.T.);
#1303=EDGE_CURVE('',#933,#996,#463,.T.);
#1304=EDGE_CURVE('',#932,#997,#464,.T.);
#1305=EDGE_CURVE('',#931,#998,#465,.T.);
#1306=EDGE_CURVE('',#930,#999,#466,.T.);
#1307=EDGE_CURVE('',#929,#1000,#467,.T.);
#1308=EDGE_CURVE('',#928,#1001,#468,.T.);
#1309=EDGE_CURVE('',#927,#1002,#469,.T.);
#1310=EDGE_CURVE('',#926,#1003,#470,.T.);
#1311=EDGE_CURVE('',#925,#1004,#471,.T.);
#1312=EDGE_CURVE('',#924,#1005,#472,.T.);
#1313=EDGE_CURVE('',#923,#1006,#473,.T.);
#1314=EDGE_CURVE('',#922,#1007,#474,.T.);
#1315=EDGE_CURVE('',#921,#1008,#475,.T.);
#1316=EDGE_CURVE('',#920,#1009,#476,.T.);
#1317=EDGE_CURVE('',#919,#1010,#477,.T.);
#1318=EDGE_CURVE('',#918,#1011,#478,.T.);
#1319=EDGE_CURVE('',#917,#1012,#479,.T.);
#1320=EDGE_CURVE('',#916,#1013,#480,.T.);
#1321=EDGE_CURVE('',#915,#1014,#481,.T.);
#1322=EDGE_CURVE('',#914,#1015,#482,.T.);
#1323=EDGE_CURVE('',#913,#1016,#483,.T.);
#1324=EDGE_CURVE('',#912,#1017,#484,.T.);
#1325=EDGE_CURVE('',#911,#1018,#485,.T.);
#1326=EDGE_CURVE('',#910,#1019,#486,.T.);
#1327=EDGE_CURVE('',#909,#1020,#487,.T.);
#1328=EDGE_CURVE('',#908,#1021,#488,.T.);
#1329=EDGE_CURVE('',#907,#1022,#489,.T.);
#1330=EDGE_CURVE('',#906,#1023,#490,.T.);
#1331=EDGE_CURVE('',#905,#1024,#491,.T.);
#1332=EDGE_CURVE('',#904,#1025,#492,.T.);
#1333=EDGE_CURVE('',#903,#1026,#493,.T.);
#1334=EDGE_CURVE('',#902,#1027,#494,.T.);
#1335=EDGE_CURVE('',#901,#1028,#495,.T.);
#1336=EDGE_CURVE('',#900,#1029,#496,.T.);
#1337=EDGE_CURVE('',#899,#1030,#497,.T.);
#1338=EDGE_CURVE('',#898,#1031,#498,.T.);
#1339=EDGE_CURVE('',#897,#1032,#499,.T.);
#1340=EDGE_CURVE('',#896,#1033,#500,.T.);
#1341=EDGE_CURVE('',#895,#1034,#501,.T.);
#1342=EDGE_CURVE('',#894,#1035,#502,.T.);
#1343=EDGE_CURVE('',#893,#1036,#503,.T.);
#1344=EDGE_CURVE('',#892,#1037,#504,.T.);
#1345=EDGE_CURVE('',#891,#1038,#505,.T.);
#1346=EDGE_CURVE('',#890,#1039,#506,.T.);
#1347=EDGE_CURVE('',#889,#1040,#507,.T.);
#1348=EDGE_CURVE('',#888,#1041,#508,.T.);
#1349=EDGE_CURVE('',#887,#1042,#509,.T.);
#1350=EDGE_CURVE('',#886,#1043,#510,.T.);
#1351=EDGE_CURVE('',#885,#1044,#511,.T.);
#1352=EDGE_CURVE('',#884,#1045,#512,.T.);
#1353=EDGE_CURVE('',#883,#1046,#513,.T.);
#1354=EDGE_CURVE('',#882,#1047,#514,.T.);
#1355=EDGE_CURVE('',#881,#1048,#515,.T.);
#1356=EDGE_CURVE('',#880,#1049,#516,.T.);
#1357=EDGE_CURVE('',#879,#1050,#517,.T.);
#1358=EDGE_CURVE('',#878,#1051,#518,.T.);
#1359=EDGE_CURVE('',#877,#1052,#519,.T.);
#1360=EDGE_CURVE('',#876,#1053,#520,.T.);
#1361=EDGE_CURVE('',#874,#1066,#521,.T.);
#1362=EDGE_CURVE('',#1066,#1067,#522,.T.);
#1363=EDGE_CURVE('',#875,#1067,#523,.T.);
#1364=EDGE_CURVE('',#1058,#1066,#524,.T.);
#1365=EDGE_CURVE('',#956,#1068,#525,.T.);
#1366=EDGE_CURVE('',#1068,#1065,#526,.T.);
#1367=EDGE_CURVE('',#1064,#957,#527,.T.);
#1368=EDGE_CURVE('',#869,#1063,#528,.T.);
#1369=EDGE_CURVE('',#1067,#966,#529,.T.);
#1370=EDGE_CURVE('',#968,#1069,#530,.T.);
#1371=EDGE_CURVE('',#1070,#1069,#531,.T.);
#1372=EDGE_CURVE('',#1070,#969,#532,.T.);
#1373=EDGE_CURVE('',#1069,#1061,#240,.T.);
#1374=EDGE_CURVE('',#1060,#965,#241,.T.);
#1375=EDGE_CURVE('',#964,#1070,#533,.T.);
#1376=EDGE_CURVE('',#963,#970,#534,.T.);
#1377=EDGE_CURVE('',#1059,#967,#15,.T.);
#1378=EDGE_CURVE('',#973,#1068,#535,.T.);
#1379=EDGE_CURVE('',#1055,#1071,#536,.T.);
#1380=EDGE_CURVE('',#1072,#1071,#537,.T.);
#1381=EDGE_CURVE('',#1072,#960,#538,.T.);
#1382=EDGE_CURVE('',#959,#1073,#539,.T.);
#1383=EDGE_CURVE('',#1073,#1074,#540,.T.);
#1384=EDGE_CURVE('',#1074,#1054,#541,.T.);
#1385=EDGE_CURVE('',#1075,#1076,#542,.T.);
#1386=EDGE_CURVE('',#1076,#1074,#543,.T.);
#1387=EDGE_CURVE('',#1073,#1075,#544,.T.);
#1388=EDGE_CURVE('',#1056,#1076,#545,.T.);
#1389=EDGE_CURVE('',#1075,#958,#546,.T.);
#1390=EDGE_CURVE('',#961,#1077,#547,.T.);
#1391=EDGE_CURVE('',#1077,#1078,#548,.T.);
#1392=EDGE_CURVE('',#1078,#1057,#549,.T.);
#1393=EDGE_CURVE('',#1071,#1078,#550,.T.);
#1394=EDGE_CURVE('',#1077,#1072,#551,.T.);
#1395=EDGE_CURVE('',#962,#1079,#552,.T.);
#1396=EDGE_CURVE('',#1062,#1079,#553,.T.);
#1397=EDGE_CURVE('',#1079,#868,#554,.T.);
#1398=ORIENTED_EDGE('',*,*,#1080,.F.);
#1399=ORIENTED_EDGE('',*,*,#1081,.T.);
#1400=ORIENTED_EDGE('',*,*,#1082,.F.);
#1401=ORIENTED_EDGE('',*,*,#1083,.T.);
#1402=ORIENTED_EDGE('',*,*,#1084,.T.);
#1403=ORIENTED_EDGE('',*,*,#1085,.T.);
#1404=ORIENTED_EDGE('',*,*,#1086,.T.);
#1405=ORIENTED_EDGE('',*,*,#1087,.F.);
#1406=ORIENTED_EDGE('',*,*,#1088,.T.);
#1407=ORIENTED_EDGE('',*,*,#1089,.T.);
#1408=ORIENTED_EDGE('',*,*,#1090,.T.);
#1409=ORIENTED_EDGE('',*,*,#1091,.F.);
#1410=ORIENTED_EDGE('',*,*,#1092,.T.);
#1411=ORIENTED_EDGE('',*,*,#1093,.T.);
#1412=ORIENTED_EDGE('',*,*,#1094,.T.);
#1413=ORIENTED_EDGE('',*,*,#1095,.F.);
#1414=ORIENTED_EDGE('',*,*,#1096,.T.);
#1415=ORIENTED_EDGE('',*,*,#1097,.T.);
#1416=ORIENTED_EDGE('',*,*,#1098,.T.);
#1417=ORIENTED_EDGE('',*,*,#1099,.F.);
#1418=ORIENTED_EDGE('',*,*,#1100,.T.);
#1419=ORIENTED_EDGE('',*,*,#1101,.T.);
#1420=ORIENTED_EDGE('',*,*,#1102,.T.);
#1421=ORIENTED_EDGE('',*,*,#1103,.F.);
#1422=ORIENTED_EDGE('',*,*,#1104,.T.);
#1423=ORIENTED_EDGE('',*,*,#1105,.T.);
#1424=ORIENTED_EDGE('',*,*,#1106,.T.);
#1425=ORIENTED_EDGE('',*,*,#1107,.F.);
#1426=ORIENTED_EDGE('',*,*,#1108,.T.);
#1427=ORIENTED_EDGE('',*,*,#1109,.T.);
#1428=ORIENTED_EDGE('',*,*,#1110,.T.);
#1429=ORIENTED_EDGE('',*,*,#1111,.F.);
#1430=ORIENTED_EDGE('',*,*,#1112,.T.);
#1431=ORIENTED_EDGE('',*,*,#1113,.T.);
#1432=ORIENTED_EDGE('',*,*,#1114,.T.);
#1433=ORIENTED_EDGE('',*,*,#1115,.F.);
#1434=ORIENTED_EDGE('',*,*,#1116,.T.);
#1435=ORIENTED_EDGE('',*,*,#1117,.T.);
#1436=ORIENTED_EDGE('',*,*,#1118,.T.);
#1437=ORIENTED_EDGE('',*,*,#1119,.F.);
#1438=ORIENTED_EDGE('',*,*,#1120,.T.);
#1439=ORIENTED_EDGE('',*,*,#1121,.T.);
#1440=ORIENTED_EDGE('',*,*,#1122,.T.);
#1441=ORIENTED_EDGE('',*,*,#1123,.F.);
#1442=ORIENTED_EDGE('',*,*,#1124,.T.);
#1443=ORIENTED_EDGE('',*,*,#1125,.T.);
#1444=ORIENTED_EDGE('',*,*,#1126,.T.);
#1445=ORIENTED_EDGE('',*,*,#1127,.F.);
#1446=ORIENTED_EDGE('',*,*,#1128,.T.);
#1447=ORIENTED_EDGE('',*,*,#1129,.T.);
#1448=ORIENTED_EDGE('',*,*,#1130,.T.);
#1449=ORIENTED_EDGE('',*,*,#1131,.F.);
#1450=ORIENTED_EDGE('',*,*,#1132,.T.);
#1451=ORIENTED_EDGE('',*,*,#1133,.T.);
#1452=ORIENTED_EDGE('',*,*,#1134,.T.);
#1453=ORIENTED_EDGE('',*,*,#1135,.F.);
#1454=ORIENTED_EDGE('',*,*,#1136,.T.);
#1455=ORIENTED_EDGE('',*,*,#1137,.T.);
#1456=ORIENTED_EDGE('',*,*,#1138,.T.);
#1457=ORIENTED_EDGE('',*,*,#1139,.F.);
#1458=ORIENTED_EDGE('',*,*,#1140,.T.);
#1459=ORIENTED_EDGE('',*,*,#1141,.T.);
#1460=ORIENTED_EDGE('',*,*,#1142,.T.);
#1461=ORIENTED_EDGE('',*,*,#1143,.F.);
#1462=ORIENTED_EDGE('',*,*,#1144,.T.);
#1463=ORIENTED_EDGE('',*,*,#1145,.T.);
#1464=ORIENTED_EDGE('',*,*,#1146,.T.);
#1465=ORIENTED_EDGE('',*,*,#1147,.F.);
#1466=ORIENTED_EDGE('',*,*,#1148,.T.);
#1467=ORIENTED_EDGE('',*,*,#1149,.T.);
#1468=ORIENTED_EDGE('',*,*,#1150,.T.);
#1469=ORIENTED_EDGE('',*,*,#1151,.F.);
#1470=ORIENTED_EDGE('',*,*,#1152,.T.);
#1471=ORIENTED_EDGE('',*,*,#1153,.T.);
#1472=ORIENTED_EDGE('',*,*,#1154,.T.);
#1473=ORIENTED_EDGE('',*,*,#1155,.F.);
#1474=ORIENTED_EDGE('',*,*,#1156,.T.);
#1475=ORIENTED_EDGE('',*,*,#1157,.T.);
#1476=ORIENTED_EDGE('',*,*,#1158,.T.);
#1477=ORIENTED_EDGE('',*,*,#1159,.F.);
#1478=ORIENTED_EDGE('',*,*,#1160,.T.);
#1479=ORIENTED_EDGE('',*,*,#1161,.T.);
#1480=ORIENTED_EDGE('',*,*,#1162,.T.);
#1481=ORIENTED_EDGE('',*,*,#1163,.F.);
#1482=ORIENTED_EDGE('',*,*,#1164,.T.);
#1483=ORIENTED_EDGE('',*,*,#1165,.T.);
#1484=ORIENTED_EDGE('',*,*,#1166,.T.);
#1485=ORIENTED_EDGE('',*,*,#1167,.T.);
#1486=ORIENTED_EDGE('',*,*,#1168,.T.);
#1487=ORIENTED_EDGE('',*,*,#1169,.T.);
#1488=ORIENTED_EDGE('',*,*,#1170,.T.);
#1489=ORIENTED_EDGE('',*,*,#1171,.T.);
#1490=ORIENTED_EDGE('',*,*,#1172,.T.);
#1491=ORIENTED_EDGE('',*,*,#1173,.T.);
#1492=ORIENTED_EDGE('',*,*,#1174,.F.);
#1493=ORIENTED_EDGE('',*,*,#1175,.T.);
#1494=ORIENTED_EDGE('',*,*,#1176,.F.);
#1495=ORIENTED_EDGE('',*,*,#1177,.F.);
#1496=ORIENTED_EDGE('',*,*,#1178,.T.);
#1497=ORIENTED_EDGE('',*,*,#1082,.T.);
#1498=ORIENTED_EDGE('',*,*,#1179,.T.);
#1499=ORIENTED_EDGE('',*,*,#1180,.T.);
#1500=ORIENTED_EDGE('',*,*,#1181,.F.);
#1501=ORIENTED_EDGE('',*,*,#1182,.T.);
#1502=ORIENTED_EDGE('',*,*,#1183,.T.);
#1503=ORIENTED_EDGE('',*,*,#1184,.F.);
#1504=ORIENTED_EDGE('',*,*,#1185,.T.);
#1505=ORIENTED_EDGE('',*,*,#1186,.T.);
#1506=ORIENTED_EDGE('',*,*,#1187,.T.);
#1507=ORIENTED_EDGE('',*,*,#1188,.T.);
#1508=ORIENTED_EDGE('',*,*,#1189,.T.);
#1509=ORIENTED_EDGE('',*,*,#1190,.T.);
#1510=ORIENTED_EDGE('',*,*,#1191,.T.);
#1511=ORIENTED_EDGE('',*,*,#1192,.T.);
#1512=ORIENTED_EDGE('',*,*,#1193,.T.);
#1513=ORIENTED_EDGE('',*,*,#1194,.T.);
#1514=ORIENTED_EDGE('',*,*,#1195,.T.);
#1515=ORIENTED_EDGE('',*,*,#1196,.T.);
#1516=ORIENTED_EDGE('',*,*,#1197,.T.);
#1517=ORIENTED_EDGE('',*,*,#1198,.T.);
#1518=ORIENTED_EDGE('',*,*,#1199,.T.);
#1519=ORIENTED_EDGE('',*,*,#1200,.T.);
#1520=ORIENTED_EDGE('',*,*,#1201,.T.);
#1521=ORIENTED_EDGE('',*,*,#1202,.T.);
#1522=ORIENTED_EDGE('',*,*,#1203,.T.);
#1523=ORIENTED_EDGE('',*,*,#1204,.T.);
#1524=ORIENTED_EDGE('',*,*,#1205,.T.);
#1525=ORIENTED_EDGE('',*,*,#1206,.T.);
#1526=ORIENTED_EDGE('',*,*,#1207,.F.);
#1527=ORIENTED_EDGE('',*,*,#1208,.F.);
#1528=ORIENTED_EDGE('',*,*,#1209,.F.);
#1529=ORIENTED_EDGE('',*,*,#1210,.T.);
#1530=ORIENTED_EDGE('',*,*,#1211,.F.);
#1531=ORIENTED_EDGE('',*,*,#1212,.F.);
#1532=ORIENTED_EDGE('',*,*,#1213,.F.);
#1533=ORIENTED_EDGE('',*,*,#1214,.T.);
#1534=ORIENTED_EDGE('',*,*,#1215,.F.);
#1535=ORIENTED_EDGE('',*,*,#1216,.F.);
#1536=ORIENTED_EDGE('',*,*,#1217,.F.);
#1537=ORIENTED_EDGE('',*,*,#1218,.T.);
#1538=ORIENTED_EDGE('',*,*,#1219,.F.);
#1539=ORIENTED_EDGE('',*,*,#1220,.F.);
#1540=ORIENTED_EDGE('',*,*,#1221,.F.);
#1541=ORIENTED_EDGE('',*,*,#1222,.T.);
#1542=ORIENTED_EDGE('',*,*,#1223,.F.);
#1543=ORIENTED_EDGE('',*,*,#1224,.F.);
#1544=ORIENTED_EDGE('',*,*,#1225,.F.);
#1545=ORIENTED_EDGE('',*,*,#1226,.T.);
#1546=ORIENTED_EDGE('',*,*,#1227,.F.);
#1547=ORIENTED_EDGE('',*,*,#1228,.F.);
#1548=ORIENTED_EDGE('',*,*,#1229,.F.);
#1549=ORIENTED_EDGE('',*,*,#1230,.T.);
#1550=ORIENTED_EDGE('',*,*,#1231,.F.);
#1551=ORIENTED_EDGE('',*,*,#1232,.F.);
#1552=ORIENTED_EDGE('',*,*,#1233,.F.);
#1553=ORIENTED_EDGE('',*,*,#1234,.T.);
#1554=ORIENTED_EDGE('',*,*,#1235,.F.);
#1555=ORIENTED_EDGE('',*,*,#1236,.F.);
#1556=ORIENTED_EDGE('',*,*,#1237,.F.);
#1557=ORIENTED_EDGE('',*,*,#1238,.T.);
#1558=ORIENTED_EDGE('',*,*,#1239,.F.);
#1559=ORIENTED_EDGE('',*,*,#1240,.F.);
#1560=ORIENTED_EDGE('',*,*,#1241,.F.);
#1561=ORIENTED_EDGE('',*,*,#1242,.T.);
#1562=ORIENTED_EDGE('',*,*,#1243,.F.);
#1563=ORIENTED_EDGE('',*,*,#1244,.F.);
#1564=ORIENTED_EDGE('',*,*,#1245,.F.);
#1565=ORIENTED_EDGE('',*,*,#1246,.T.);
#1566=ORIENTED_EDGE('',*,*,#1247,.F.);
#1567=ORIENTED_EDGE('',*,*,#1248,.F.);
#1568=ORIENTED_EDGE('',*,*,#1249,.F.);
#1569=ORIENTED_EDGE('',*,*,#1250,.T.);
#1570=ORIENTED_EDGE('',*,*,#1251,.F.);
#1571=ORIENTED_EDGE('',*,*,#1252,.F.);
#1572=ORIENTED_EDGE('',*,*,#1253,.F.);
#1573=ORIENTED_EDGE('',*,*,#1254,.T.);
#1574=ORIENTED_EDGE('',*,*,#1255,.F.);
#1575=ORIENTED_EDGE('',*,*,#1256,.F.);
#1576=ORIENTED_EDGE('',*,*,#1257,.F.);
#1577=ORIENTED_EDGE('',*,*,#1258,.T.);
#1578=ORIENTED_EDGE('',*,*,#1259,.F.);
#1579=ORIENTED_EDGE('',*,*,#1260,.F.);
#1580=ORIENTED_EDGE('',*,*,#1261,.F.);
#1581=ORIENTED_EDGE('',*,*,#1262,.T.);
#1582=ORIENTED_EDGE('',*,*,#1263,.F.);
#1583=ORIENTED_EDGE('',*,*,#1264,.F.);
#1584=ORIENTED_EDGE('',*,*,#1265,.F.);
#1585=ORIENTED_EDGE('',*,*,#1266,.T.);
#1586=ORIENTED_EDGE('',*,*,#1267,.F.);
#1587=ORIENTED_EDGE('',*,*,#1268,.T.);
#1588=ORIENTED_EDGE('',*,*,#1269,.F.);
#1589=ORIENTED_EDGE('',*,*,#1270,.T.);
#1590=ORIENTED_EDGE('',*,*,#1271,.F.);
#1591=ORIENTED_EDGE('',*,*,#1272,.F.);
#1592=ORIENTED_EDGE('',*,*,#1084,.F.);
#1593=ORIENTED_EDGE('',*,*,#1273,.T.);
#1594=ORIENTED_EDGE('',*,*,#1274,.T.);
#1595=ORIENTED_EDGE('',*,*,#1275,.T.);
#1596=ORIENTED_EDGE('',*,*,#1276,.T.);
#1597=ORIENTED_EDGE('',*,*,#1277,.T.);
#1598=ORIENTED_EDGE('',*,*,#1278,.T.);
#1599=ORIENTED_EDGE('',*,*,#1279,.F.);
#1600=ORIENTED_EDGE('',*,*,#1280,.T.);
#1601=ORIENTED_EDGE('',*,*,#1184,.T.);
#1602=ORIENTED_EDGE('',*,*,#1281,.T.);
#1603=ORIENTED_EDGE('',*,*,#1189,.F.);
#1604=ORIENTED_EDGE('',*,*,#1282,.F.);
#1605=ORIENTED_EDGE('',*,*,#1164,.F.);
#1606=ORIENTED_EDGE('',*,*,#1282,.T.);
#1607=ORIENTED_EDGE('',*,*,#1188,.F.);
#1608=ORIENTED_EDGE('',*,*,#1283,.F.);
#1609=ORIENTED_EDGE('',*,*,#1165,.F.);
#1610=ORIENTED_EDGE('',*,*,#1283,.T.);
#1611=ORIENTED_EDGE('',*,*,#1187,.F.);
#1612=ORIENTED_EDGE('',*,*,#1284,.F.);
#1613=ORIENTED_EDGE('',*,*,#1166,.F.);
#1614=ORIENTED_EDGE('',*,*,#1285,.T.);
#1615=ORIENTED_EDGE('',*,*,#1193,.F.);
#1616=ORIENTED_EDGE('',*,*,#1286,.F.);
#1617=ORIENTED_EDGE('',*,*,#1160,.F.);
#1618=ORIENTED_EDGE('',*,*,#1286,.T.);
#1619=ORIENTED_EDGE('',*,*,#1192,.F.);
#1620=ORIENTED_EDGE('',*,*,#1287,.F.);
#1621=ORIENTED_EDGE('',*,*,#1161,.F.);
#1622=ORIENTED_EDGE('',*,*,#1287,.T.);
#1623=ORIENTED_EDGE('',*,*,#1191,.F.);
#1624=ORIENTED_EDGE('',*,*,#1288,.F.);
#1625=ORIENTED_EDGE('',*,*,#1162,.F.);
#1626=ORIENTED_EDGE('',*,*,#1289,.T.);
#1627=ORIENTED_EDGE('',*,*,#1197,.F.);
#1628=ORIENTED_EDGE('',*,*,#1290,.F.);
#1629=ORIENTED_EDGE('',*,*,#1156,.F.);
#1630=ORIENTED_EDGE('',*,*,#1290,.T.);
#1631=ORIENTED_EDGE('',*,*,#1196,.F.);
#1632=ORIENTED_EDGE('',*,*,#1291,.F.);
#1633=ORIENTED_EDGE('',*,*,#1157,.F.);
#1634=ORIENTED_EDGE('',*,*,#1291,.T.);
#1635=ORIENTED_EDGE('',*,*,#1195,.F.);
#1636=ORIENTED_EDGE('',*,*,#1292,.F.);
#1637=ORIENTED_EDGE('',*,*,#1158,.F.);
#1638=ORIENTED_EDGE('',*,*,#1293,.T.);
#1639=ORIENTED_EDGE('',*,*,#1201,.F.);
#1640=ORIENTED_EDGE('',*,*,#1294,.F.);
#1641=ORIENTED_EDGE('',*,*,#1152,.F.);
#1642=ORIENTED_EDGE('',*,*,#1294,.T.);
#1643=ORIENTED_EDGE('',*,*,#1200,.F.);
#1644=ORIENTED_EDGE('',*,*,#1295,.F.);
#1645=ORIENTED_EDGE('',*,*,#1153,.F.);
#1646=ORIENTED_EDGE('',*,*,#1295,.T.);
#1647=ORIENTED_EDGE('',*,*,#1199,.F.);
#1648=ORIENTED_EDGE('',*,*,#1296,.F.);
#1649=ORIENTED_EDGE('',*,*,#1154,.F.);
#1650=ORIENTED_EDGE('',*,*,#1297,.T.);
#1651=ORIENTED_EDGE('',*,*,#1205,.F.);
#1652=ORIENTED_EDGE('',*,*,#1298,.F.);
#1653=ORIENTED_EDGE('',*,*,#1148,.F.);
#1654=ORIENTED_EDGE('',*,*,#1298,.T.);
#1655=ORIENTED_EDGE('',*,*,#1204,.F.);
#1656=ORIENTED_EDGE('',*,*,#1299,.F.);
#1657=ORIENTED_EDGE('',*,*,#1149,.F.);
#1658=ORIENTED_EDGE('',*,*,#1299,.T.);
#1659=ORIENTED_EDGE('',*,*,#1203,.F.);
#1660=ORIENTED_EDGE('',*,*,#1300,.F.);
#1661=ORIENTED_EDGE('',*,*,#1150,.F.);
#1662=ORIENTED_EDGE('',*,*,#1301,.F.);
#1663=ORIENTED_EDGE('',*,*,#1146,.F.);
#1664=ORIENTED_EDGE('',*,*,#1302,.T.);
#1665=ORIENTED_EDGE('',*,*,#1207,.T.);
#1666=ORIENTED_EDGE('',*,*,#1302,.F.);
#1667=ORIENTED_EDGE('',*,*,#1145,.F.);
#1668=ORIENTED_EDGE('',*,*,#1303,.T.);
#1669=ORIENTED_EDGE('',*,*,#1208,.T.);
#1670=ORIENTED_EDGE('',*,*,#1303,.F.);
#1671=ORIENTED_EDGE('',*,*,#1144,.F.);
#1672=ORIENTED_EDGE('',*,*,#1304,.T.);
#1673=ORIENTED_EDGE('',*,*,#1209,.T.);
#1674=ORIENTED_EDGE('',*,*,#1305,.F.);
#1675=ORIENTED_EDGE('',*,*,#1142,.F.);
#1676=ORIENTED_EDGE('',*,*,#1306,.T.);
#1677=ORIENTED_EDGE('',*,*,#1211,.T.);
#1678=ORIENTED_EDGE('',*,*,#1306,.F.);
#1679=ORIENTED_EDGE('',*,*,#1141,.F.);
#1680=ORIENTED_EDGE('',*,*,#1307,.T.);
#1681=ORIENTED_EDGE('',*,*,#1212,.T.);
#1682=ORIENTED_EDGE('',*,*,#1307,.F.);
#1683=ORIENTED_EDGE('',*,*,#1140,.F.);
#1684=ORIENTED_EDGE('',*,*,#1308,.T.);
#1685=ORIENTED_EDGE('',*,*,#1213,.T.);
#1686=ORIENTED_EDGE('',*,*,#1309,.F.);
#1687=ORIENTED_EDGE('',*,*,#1138,.F.);
#1688=ORIENTED_EDGE('',*,*,#1310,.T.);
#1689=ORIENTED_EDGE('',*,*,#1215,.T.);
#1690=ORIENTED_EDGE('',*,*,#1310,.F.);
#1691=ORIENTED_EDGE('',*,*,#1137,.F.);
#1692=ORIENTED_EDGE('',*,*,#1311,.T.);
#1693=ORIENTED_EDGE('',*,*,#1216,.T.);
#1694=ORIENTED_EDGE('',*,*,#1311,.F.);
#1695=ORIENTED_EDGE('',*,*,#1136,.F.);
#1696=ORIENTED_EDGE('',*,*,#1312,.T.);
#1697=ORIENTED_EDGE('',*,*,#1217,.T.);
#1698=ORIENTED_EDGE('',*,*,#1313,.F.);
#1699=ORIENTED_EDGE('',*,*,#1134,.F.);
#1700=ORIENTED_EDGE('',*,*,#1314,.T.);
#1701=ORIENTED_EDGE('',*,*,#1219,.T.);
#1702=ORIENTED_EDGE('',*,*,#1314,.F.);
#1703=ORIENTED_EDGE('',*,*,#1133,.F.);
#1704=ORIENTED_EDGE('',*,*,#1315,.T.);
#1705=ORIENTED_EDGE('',*,*,#1220,.T.);
#1706=ORIENTED_EDGE('',*,*,#1315,.F.);
#1707=ORIENTED_EDGE('',*,*,#1132,.F.);
#1708=ORIENTED_EDGE('',*,*,#1316,.T.);
#1709=ORIENTED_EDGE('',*,*,#1221,.T.);
#1710=ORIENTED_EDGE('',*,*,#1317,.F.);
#1711=ORIENTED_EDGE('',*,*,#1130,.F.);
#1712=ORIENTED_EDGE('',*,*,#1318,.T.);
#1713=ORIENTED_EDGE('',*,*,#1223,.T.);
#1714=ORIENTED_EDGE('',*,*,#1318,.F.);
#1715=ORIENTED_EDGE('',*,*,#1129,.F.);
#1716=ORIENTED_EDGE('',*,*,#1319,.T.);
#1717=ORIENTED_EDGE('',*,*,#1224,.T.);
#1718=ORIENTED_EDGE('',*,*,#1319,.F.);
#1719=ORIENTED_EDGE('',*,*,#1128,.F.);
#1720=ORIENTED_EDGE('',*,*,#1320,.T.);
#1721=ORIENTED_EDGE('',*,*,#1225,.T.);
#1722=ORIENTED_EDGE('',*,*,#1321,.F.);
#1723=ORIENTED_EDGE('',*,*,#1126,.F.);
#1724=ORIENTED_EDGE('',*,*,#1322,.T.);
#1725=ORIENTED_EDGE('',*,*,#1227,.T.);
#1726=ORIENTED_EDGE('',*,*,#1322,.F.);
#1727=ORIENTED_EDGE('',*,*,#1125,.F.);
#1728=ORIENTED_EDGE('',*,*,#1323,.T.);
#1729=ORIENTED_EDGE('',*,*,#1228,.T.);
#1730=ORIENTED_EDGE('',*,*,#1323,.F.);
#1731=ORIENTED_EDGE('',*,*,#1124,.F.);
#1732=ORIENTED_EDGE('',*,*,#1324,.T.);
#1733=ORIENTED_EDGE('',*,*,#1229,.T.);
#1734=ORIENTED_EDGE('',*,*,#1325,.F.);
#1735=ORIENTED_EDGE('',*,*,#1122,.F.);
#1736=ORIENTED_EDGE('',*,*,#1326,.T.);
#1737=ORIENTED_EDGE('',*,*,#1231,.T.);
#1738=ORIENTED_EDGE('',*,*,#1326,.F.);
#1739=ORIENTED_EDGE('',*,*,#1121,.F.);
#1740=ORIENTED_EDGE('',*,*,#1327,.T.);
#1741=ORIENTED_EDGE('',*,*,#1232,.T.);
#1742=ORIENTED_EDGE('',*,*,#1327,.F.);
#1743=ORIENTED_EDGE('',*,*,#1120,.F.);
#1744=ORIENTED_EDGE('',*,*,#1328,.T.);
#1745=ORIENTED_EDGE('',*,*,#1233,.T.);
#1746=ORIENTED_EDGE('',*,*,#1329,.F.);
#1747=ORIENTED_EDGE('',*,*,#1118,.F.);
#1748=ORIENTED_EDGE('',*,*,#1330,.T.);
#1749=ORIENTED_EDGE('',*,*,#1235,.T.);
#1750=ORIENTED_EDGE('',*,*,#1330,.F.);
#1751=ORIENTED_EDGE('',*,*,#1117,.F.);
#1752=ORIENTED_EDGE('',*,*,#1331,.T.);
#1753=ORIENTED_EDGE('',*,*,#1236,.T.);
#1754=ORIENTED_EDGE('',*,*,#1331,.F.);
#1755=ORIENTED_EDGE('',*,*,#1116,.F.);
#1756=ORIENTED_EDGE('',*,*,#1332,.T.);
#1757=ORIENTED_EDGE('',*,*,#1237,.T.);
#1758=ORIENTED_EDGE('',*,*,#1333,.F.);
#1759=ORIENTED_EDGE('',*,*,#1114,.F.);
#1760=ORIENTED_EDGE('',*,*,#1334,.T.);
#1761=ORIENTED_EDGE('',*,*,#1239,.T.);
#1762=ORIENTED_EDGE('',*,*,#1334,.F.);
#1763=ORIENTED_EDGE('',*,*,#1113,.F.);
#1764=ORIENTED_EDGE('',*,*,#1335,.T.);
#1765=ORIENTED_EDGE('',*,*,#1240,.T.);
#1766=ORIENTED_EDGE('',*,*,#1335,.F.);
#1767=ORIENTED_EDGE('',*,*,#1112,.F.);
#1768=ORIENTED_EDGE('',*,*,#1336,.T.);
#1769=ORIENTED_EDGE('',*,*,#1241,.T.);
#1770=ORIENTED_EDGE('',*,*,#1337,.F.);
#1771=ORIENTED_EDGE('',*,*,#1110,.F.);
#1772=ORIENTED_EDGE('',*,*,#1338,.T.);
#1773=ORIENTED_EDGE('',*,*,#1243,.T.);
#1774=ORIENTED_EDGE('',*,*,#1338,.F.);
#1775=ORIENTED_EDGE('',*,*,#1109,.F.);
#1776=ORIENTED_EDGE('',*,*,#1339,.T.);
#1777=ORIENTED_EDGE('',*,*,#1244,.T.);
#1778=ORIENTED_EDGE('',*,*,#1339,.F.);
#1779=ORIENTED_EDGE('',*,*,#1108,.F.);
#1780=ORIENTED_EDGE('',*,*,#1340,.T.);
#1781=ORIENTED_EDGE('',*,*,#1245,.T.);
#1782=ORIENTED_EDGE('',*,*,#1341,.F.);
#1783=ORIENTED_EDGE('',*,*,#1106,.F.);
#1784=ORIENTED_EDGE('',*,*,#1342,.T.);
#1785=ORIENTED_EDGE('',*,*,#1247,.T.);
#1786=ORIENTED_EDGE('',*,*,#1342,.F.);
#1787=ORIENTED_EDGE('',*,*,#1105,.F.);
#1788=ORIENTED_EDGE('',*,*,#1343,.T.);
#1789=ORIENTED_EDGE('',*,*,#1248,.T.);
#1790=ORIENTED_EDGE('',*,*,#1343,.F.);
#1791=ORIENTED_EDGE('',*,*,#1104,.F.);
#1792=ORIENTED_EDGE('',*,*,#1344,.T.);
#1793=ORIENTED_EDGE('',*,*,#1249,.T.);
#1794=ORIENTED_EDGE('',*,*,#1345,.F.);
#1795=ORIENTED_EDGE('',*,*,#1102,.F.);
#1796=ORIENTED_EDGE('',*,*,#1346,.T.);
#1797=ORIENTED_EDGE('',*,*,#1251,.T.);
#1798=ORIENTED_EDGE('',*,*,#1346,.F.);
#1799=ORIENTED_EDGE('',*,*,#1101,.F.);
#1800=ORIENTED_EDGE('',*,*,#1347,.T.);
#1801=ORIENTED_EDGE('',*,*,#1252,.T.);
#1802=ORIENTED_EDGE('',*,*,#1347,.F.);
#1803=ORIENTED_EDGE('',*,*,#1100,.F.);
#1804=ORIENTED_EDGE('',*,*,#1348,.T.);
#1805=ORIENTED_EDGE('',*,*,#1253,.T.);
#1806=ORIENTED_EDGE('',*,*,#1349,.F.);
#1807=ORIENTED_EDGE('',*,*,#1098,.F.);
#1808=ORIENTED_EDGE('',*,*,#1350,.T.);
#1809=ORIENTED_EDGE('',*,*,#1255,.T.);
#1810=ORIENTED_EDGE('',*,*,#1350,.F.);
#1811=ORIENTED_EDGE('',*,*,#1097,.F.);
#1812=ORIENTED_EDGE('',*,*,#1351,.T.);
#1813=ORIENTED_EDGE('',*,*,#1256,.T.);
#1814=ORIENTED_EDGE('',*,*,#1351,.F.);
#1815=ORIENTED_EDGE('',*,*,#1096,.F.);
#1816=ORIENTED_EDGE('',*,*,#1352,.T.);
#1817=ORIENTED_EDGE('',*,*,#1257,.T.);
#1818=ORIENTED_EDGE('',*,*,#1353,.F.);
#1819=ORIENTED_EDGE('',*,*,#1094,.F.);
#1820=ORIENTED_EDGE('',*,*,#1354,.T.);
#1821=ORIENTED_EDGE('',*,*,#1259,.T.);
#1822=ORIENTED_EDGE('',*,*,#1354,.F.);
#1823=ORIENTED_EDGE('',*,*,#1093,.F.);
#1824=ORIENTED_EDGE('',*,*,#1355,.T.);
#1825=ORIENTED_EDGE('',*,*,#1260,.T.);
#1826=ORIENTED_EDGE('',*,*,#1355,.F.);
#1827=ORIENTED_EDGE('',*,*,#1092,.F.);
#1828=ORIENTED_EDGE('',*,*,#1356,.T.);
#1829=ORIENTED_EDGE('',*,*,#1261,.T.);
#1830=ORIENTED_EDGE('',*,*,#1357,.F.);
#1831=ORIENTED_EDGE('',*,*,#1090,.F.);
#1832=ORIENTED_EDGE('',*,*,#1358,.T.);
#1833=ORIENTED_EDGE('',*,*,#1263,.T.);
#1834=ORIENTED_EDGE('',*,*,#1358,.F.);
#1835=ORIENTED_EDGE('',*,*,#1089,.F.);
#1836=ORIENTED_EDGE('',*,*,#1359,.T.);
#1837=ORIENTED_EDGE('',*,*,#1264,.T.);
#1838=ORIENTED_EDGE('',*,*,#1359,.F.);
#1839=ORIENTED_EDGE('',*,*,#1088,.F.);
#1840=ORIENTED_EDGE('',*,*,#1360,.T.);
#1841=ORIENTED_EDGE('',*,*,#1265,.T.);
#1842=ORIENTED_EDGE('',*,*,#1361,.T.);
#1843=ORIENTED_EDGE('',*,*,#1362,.T.);
#1844=ORIENTED_EDGE('',*,*,#1363,.F.);
#1845=ORIENTED_EDGE('',*,*,#1086,.F.);
#1846=ORIENTED_EDGE('',*,*,#1272,.T.);
#1847=ORIENTED_EDGE('',*,*,#1364,.T.);
#1848=ORIENTED_EDGE('',*,*,#1361,.F.);
#1849=ORIENTED_EDGE('',*,*,#1085,.F.);
#1850=ORIENTED_EDGE('',*,*,#1365,.T.);
#1851=ORIENTED_EDGE('',*,*,#1366,.T.);
#1852=ORIENTED_EDGE('',*,*,#1279,.T.);
#1853=ORIENTED_EDGE('',*,*,#1367,.T.);
#1854=ORIENTED_EDGE('',*,*,#1168,.F.);
#1855=ORIENTED_EDGE('',*,*,#1368,.F.);
#1856=ORIENTED_EDGE('',*,*,#1169,.F.);
#1857=ORIENTED_EDGE('',*,*,#1367,.F.);
#1858=ORIENTED_EDGE('',*,*,#1278,.F.);
#1859=ORIENTED_EDGE('',*,*,#1363,.T.);
#1860=ORIENTED_EDGE('',*,*,#1369,.T.);
#1861=ORIENTED_EDGE('',*,*,#1266,.F.);
#1862=ORIENTED_EDGE('',*,*,#1360,.F.);
#1863=ORIENTED_EDGE('',*,*,#1087,.T.);
#1864=ORIENTED_EDGE('',*,*,#1091,.T.);
#1865=ORIENTED_EDGE('',*,*,#1357,.T.);
#1866=ORIENTED_EDGE('',*,*,#1262,.F.);
#1867=ORIENTED_EDGE('',*,*,#1356,.F.);
#1868=ORIENTED_EDGE('',*,*,#1095,.T.);
#1869=ORIENTED_EDGE('',*,*,#1353,.T.);
#1870=ORIENTED_EDGE('',*,*,#1258,.F.);
#1871=ORIENTED_EDGE('',*,*,#1352,.F.);
#1872=ORIENTED_EDGE('',*,*,#1099,.T.);
#1873=ORIENTED_EDGE('',*,*,#1349,.T.);
#1874=ORIENTED_EDGE('',*,*,#1254,.F.);
#1875=ORIENTED_EDGE('',*,*,#1348,.F.);
#1876=ORIENTED_EDGE('',*,*,#1103,.T.);
#1877=ORIENTED_EDGE('',*,*,#1345,.T.);
#1878=ORIENTED_EDGE('',*,*,#1250,.F.);
#1879=ORIENTED_EDGE('',*,*,#1344,.F.);
#1880=ORIENTED_EDGE('',*,*,#1107,.T.);
#1881=ORIENTED_EDGE('',*,*,#1341,.T.);
#1882=ORIENTED_EDGE('',*,*,#1246,.F.);
#1883=ORIENTED_EDGE('',*,*,#1340,.F.);
#1884=ORIENTED_EDGE('',*,*,#1111,.T.);
#1885=ORIENTED_EDGE('',*,*,#1337,.T.);
#1886=ORIENTED_EDGE('',*,*,#1242,.F.);
#1887=ORIENTED_EDGE('',*,*,#1336,.F.);
#1888=ORIENTED_EDGE('',*,*,#1115,.T.);
#1889=ORIENTED_EDGE('',*,*,#1333,.T.);
#1890=ORIENTED_EDGE('',*,*,#1238,.F.);
#1891=ORIENTED_EDGE('',*,*,#1332,.F.);
#1892=ORIENTED_EDGE('',*,*,#1119,.T.);
#1893=ORIENTED_EDGE('',*,*,#1329,.T.);
#1894=ORIENTED_EDGE('',*,*,#1234,.F.);
#1895=ORIENTED_EDGE('',*,*,#1328,.F.);
#1896=ORIENTED_EDGE('',*,*,#1123,.T.);
#1897=ORIENTED_EDGE('',*,*,#1325,.T.);
#1898=ORIENTED_EDGE('',*,*,#1230,.F.);
#1899=ORIENTED_EDGE('',*,*,#1324,.F.);
#1900=ORIENTED_EDGE('',*,*,#1127,.T.);
#1901=ORIENTED_EDGE('',*,*,#1321,.T.);
#1902=ORIENTED_EDGE('',*,*,#1226,.F.);
#1903=ORIENTED_EDGE('',*,*,#1320,.F.);
#1904=ORIENTED_EDGE('',*,*,#1131,.T.);
#1905=ORIENTED_EDGE('',*,*,#1317,.T.);
#1906=ORIENTED_EDGE('',*,*,#1222,.F.);
#1907=ORIENTED_EDGE('',*,*,#1316,.F.);
#1908=ORIENTED_EDGE('',*,*,#1135,.T.);
#1909=ORIENTED_EDGE('',*,*,#1313,.T.);
#1910=ORIENTED_EDGE('',*,*,#1218,.F.);
#1911=ORIENTED_EDGE('',*,*,#1312,.F.);
#1912=ORIENTED_EDGE('',*,*,#1139,.T.);
#1913=ORIENTED_EDGE('',*,*,#1309,.T.);
#1914=ORIENTED_EDGE('',*,*,#1214,.F.);
#1915=ORIENTED_EDGE('',*,*,#1308,.F.);
#1916=ORIENTED_EDGE('',*,*,#1143,.T.);
#1917=ORIENTED_EDGE('',*,*,#1305,.T.);
#1918=ORIENTED_EDGE('',*,*,#1210,.F.);
#1919=ORIENTED_EDGE('',*,*,#1304,.F.);
#1920=ORIENTED_EDGE('',*,*,#1147,.T.);
#1921=ORIENTED_EDGE('',*,*,#1301,.T.);
#1922=ORIENTED_EDGE('',*,*,#1206,.F.);
#1923=ORIENTED_EDGE('',*,*,#1297,.F.);
#1924=ORIENTED_EDGE('',*,*,#1151,.T.);
#1925=ORIENTED_EDGE('',*,*,#1300,.T.);
#1926=ORIENTED_EDGE('',*,*,#1202,.F.);
#1927=ORIENTED_EDGE('',*,*,#1293,.F.);
#1928=ORIENTED_EDGE('',*,*,#1155,.T.);
#1929=ORIENTED_EDGE('',*,*,#1296,.T.);
#1930=ORIENTED_EDGE('',*,*,#1198,.F.);
#1931=ORIENTED_EDGE('',*,*,#1289,.F.);
#1932=ORIENTED_EDGE('',*,*,#1159,.T.);
#1933=ORIENTED_EDGE('',*,*,#1292,.T.);
#1934=ORIENTED_EDGE('',*,*,#1194,.F.);
#1935=ORIENTED_EDGE('',*,*,#1285,.F.);
#1936=ORIENTED_EDGE('',*,*,#1190,.F.);
#1937=ORIENTED_EDGE('',*,*,#1281,.F.);
#1938=ORIENTED_EDGE('',*,*,#1163,.T.);
#1939=ORIENTED_EDGE('',*,*,#1288,.T.);
#1940=ORIENTED_EDGE('',*,*,#1181,.T.);
#1941=ORIENTED_EDGE('',*,*,#1370,.T.);
#1942=ORIENTED_EDGE('',*,*,#1371,.F.);
#1943=ORIENTED_EDGE('',*,*,#1372,.T.);
#1944=ORIENTED_EDGE('',*,*,#1371,.T.);
#1945=ORIENTED_EDGE('',*,*,#1373,.T.);
#1946=ORIENTED_EDGE('',*,*,#1274,.F.);
#1947=ORIENTED_EDGE('',*,*,#1374,.T.);
#1948=ORIENTED_EDGE('',*,*,#1177,.T.);
#1949=ORIENTED_EDGE('',*,*,#1375,.T.);
#1950=ORIENTED_EDGE('',*,*,#1176,.T.);
#1951=ORIENTED_EDGE('',*,*,#1376,.T.);
#1952=ORIENTED_EDGE('',*,*,#1182,.F.);
#1953=ORIENTED_EDGE('',*,*,#1372,.F.);
#1954=ORIENTED_EDGE('',*,*,#1375,.F.);
#1955=ORIENTED_EDGE('',*,*,#1374,.F.);
#1956=ORIENTED_EDGE('',*,*,#1273,.F.);
#1957=ORIENTED_EDGE('',*,*,#1083,.F.);
#1958=ORIENTED_EDGE('',*,*,#1178,.F.);
#1959=ORIENTED_EDGE('',*,*,#1377,.F.);
#1960=ORIENTED_EDGE('',*,*,#1275,.F.);
#1961=ORIENTED_EDGE('',*,*,#1373,.F.);
#1962=ORIENTED_EDGE('',*,*,#1370,.F.);
#1963=ORIENTED_EDGE('',*,*,#1180,.F.);
#1964=ORIENTED_EDGE('',*,*,#1186,.F.);
#1965=ORIENTED_EDGE('',*,*,#1378,.T.);
#1966=ORIENTED_EDGE('',*,*,#1365,.F.);
#1967=ORIENTED_EDGE('',*,*,#1167,.F.);
#1968=ORIENTED_EDGE('',*,*,#1284,.T.);
#1969=ORIENTED_EDGE('',*,*,#1267,.T.);
#1970=ORIENTED_EDGE('',*,*,#1379,.T.);
#1971=ORIENTED_EDGE('',*,*,#1380,.F.);
#1972=ORIENTED_EDGE('',*,*,#1381,.T.);
#1973=ORIENTED_EDGE('',*,*,#1171,.F.);
#1974=ORIENTED_EDGE('',*,*,#1382,.T.);
#1975=ORIENTED_EDGE('',*,*,#1383,.T.);
#1976=ORIENTED_EDGE('',*,*,#1384,.T.);
#1977=ORIENTED_EDGE('',*,*,#1385,.T.);
#1978=ORIENTED_EDGE('',*,*,#1386,.T.);
#1979=ORIENTED_EDGE('',*,*,#1383,.F.);
#1980=ORIENTED_EDGE('',*,*,#1387,.T.);
#1981=ORIENTED_EDGE('',*,*,#1269,.T.);
#1982=ORIENTED_EDGE('',*,*,#1388,.T.);
#1983=ORIENTED_EDGE('',*,*,#1385,.F.);
#1984=ORIENTED_EDGE('',*,*,#1389,.T.);
#1985=ORIENTED_EDGE('',*,*,#1173,.F.);
#1986=ORIENTED_EDGE('',*,*,#1390,.T.);
#1987=ORIENTED_EDGE('',*,*,#1391,.T.);
#1988=ORIENTED_EDGE('',*,*,#1392,.T.);
#1989=ORIENTED_EDGE('',*,*,#1380,.T.);
#1990=ORIENTED_EDGE('',*,*,#1393,.T.);
#1991=ORIENTED_EDGE('',*,*,#1391,.F.);
#1992=ORIENTED_EDGE('',*,*,#1394,.T.);
#1993=ORIENTED_EDGE('',*,*,#1388,.F.);
#1994=ORIENTED_EDGE('',*,*,#1268,.F.);
#1995=ORIENTED_EDGE('',*,*,#1384,.F.);
#1996=ORIENTED_EDGE('',*,*,#1386,.F.);
#1997=ORIENTED_EDGE('',*,*,#1379,.F.);
#1998=ORIENTED_EDGE('',*,*,#1270,.F.);
#1999=ORIENTED_EDGE('',*,*,#1392,.F.);
#2000=ORIENTED_EDGE('',*,*,#1393,.F.);
#2001=ORIENTED_EDGE('',*,*,#1389,.F.);
#2002=ORIENTED_EDGE('',*,*,#1387,.F.);
#2003=ORIENTED_EDGE('',*,*,#1382,.F.);
#2004=ORIENTED_EDGE('',*,*,#1170,.F.);
#2005=ORIENTED_EDGE('',*,*,#1381,.F.);
#2006=ORIENTED_EDGE('',*,*,#1394,.F.);
#2007=ORIENTED_EDGE('',*,*,#1390,.F.);
#2008=ORIENTED_EDGE('',*,*,#1172,.F.);
#2009=ORIENTED_EDGE('',*,*,#1378,.F.);
#2010=ORIENTED_EDGE('',*,*,#1185,.F.);
#2011=ORIENTED_EDGE('',*,*,#1280,.F.);
#2012=ORIENTED_EDGE('',*,*,#1366,.F.);
#2013=ORIENTED_EDGE('',*,*,#1175,.F.);
#2014=ORIENTED_EDGE('',*,*,#1395,.T.);
#2015=ORIENTED_EDGE('',*,*,#1396,.F.);
#2016=ORIENTED_EDGE('',*,*,#1276,.F.);
#2017=ORIENTED_EDGE('',*,*,#1183,.F.);
#2018=ORIENTED_EDGE('',*,*,#1376,.F.);
#2019=ORIENTED_EDGE('',*,*,#1396,.T.);
#2020=ORIENTED_EDGE('',*,*,#1397,.T.);
#2021=ORIENTED_EDGE('',*,*,#1080,.T.);
#2022=ORIENTED_EDGE('',*,*,#1368,.T.);
#2023=ORIENTED_EDGE('',*,*,#1277,.F.);
#2024=ORIENTED_EDGE('',*,*,#1395,.F.);
#2025=ORIENTED_EDGE('',*,*,#1174,.T.);
#2026=ORIENTED_EDGE('',*,*,#1081,.F.);
#2027=ORIENTED_EDGE('',*,*,#1397,.F.);
#2028=ORIENTED_EDGE('',*,*,#1271,.T.);
#2029=ORIENTED_EDGE('',*,*,#1377,.T.);
#2030=ORIENTED_EDGE('',*,*,#1179,.F.);
#2031=ORIENTED_EDGE('',*,*,#1369,.F.);
#2032=ORIENTED_EDGE('',*,*,#1362,.F.);
#2033=ORIENTED_EDGE('',*,*,#1364,.F.);
#2034=PLANE('',#2262);
#2035=PLANE('',#2264);
#2036=PLANE('',#2265);
#2037=PLANE('',#2267);
#2038=PLANE('',#2268);
#2039=PLANE('',#2269);
#2040=PLANE('',#2270);
#2041=PLANE('',#2271);
#2042=PLANE('',#2272);
#2043=PLANE('',#2273);
#2044=PLANE('',#2274);
#2045=PLANE('',#2275);
#2046=PLANE('',#2276);
#2047=PLANE('',#2277);
#2048=PLANE('',#2278);
#2049=PLANE('',#2279);
#2050=PLANE('',#2280);
#2051=PLANE('',#2281);
#2052=PLANE('',#2282);
#2053=PLANE('',#2283);
#2054=PLANE('',#2284);
#2055=PLANE('',#2285);
#2056=PLANE('',#2286);
#2057=PLANE('',#2287);
#2058=PLANE('',#2288);
#2059=PLANE('',#2289);
#2060=PLANE('',#2290);
#2061=PLANE('',#2291);
#2062=PLANE('',#2292);
#2063=PLANE('',#2293);
#2064=PLANE('',#2294);
#2065=PLANE('',#2295);
#2066=PLANE('',#2296);
#2067=PLANE('',#2297);
#2068=PLANE('',#2298);
#2069=PLANE('',#2299);
#2070=PLANE('',#2300);
#2071=PLANE('',#2301);
#2072=PLANE('',#2302);
#2073=PLANE('',#2303);
#2074=PLANE('',#2304);
#2075=PLANE('',#2305);
#2076=PLANE('',#2306);
#2077=PLANE('',#2307);
#2078=PLANE('',#2308);
#2079=PLANE('',#2309);
#2080=PLANE('',#2310);
#2081=PLANE('',#2311);
#2082=PLANE('',#2312);
#2083=PLANE('',#2313);
#2084=PLANE('',#2314);
#2085=PLANE('',#2315);
#2086=PLANE('',#2316);
#2087=PLANE('',#2317);
#2088=PLANE('',#2318);
#2089=PLANE('',#2319);
#2090=PLANE('',#2320);
#2091=PLANE('',#2321);
#2092=PLANE('',#2322);
#2093=PLANE('',#2323);
#2094=PLANE('',#2324);
#2095=PLANE('',#2325);
#2096=PLANE('',#2326);
#2097=PLANE('',#2327);
#2098=PLANE('',#2328);
#2099=PLANE('',#2329);
#2100=PLANE('',#2330);
#2101=PLANE('',#2331);
#2102=PLANE('',#2332);
#2103=PLANE('',#2333);
#2104=PLANE('',#2334);
#2105=PLANE('',#2335);
#2106=PLANE('',#2336);
#2107=PLANE('',#2337);
#2108=PLANE('',#2338);
#2109=PLANE('',#2339);
#2110=PLANE('',#2340);
#2111=PLANE('',#2341);
#2112=PLANE('',#2342);
#2113=PLANE('',#2343);
#2114=PLANE('',#2344);
#2115=PLANE('',#2345);
#2116=PLANE('',#2346);
#2117=PLANE('',#2347);
#2118=PLANE('',#2348);
#2119=PLANE('',#2349);
#2120=PLANE('',#2350);
#2121=PLANE('',#2351);
#2122=PLANE('',#2352);
#2123=PLANE('',#2353);
#2124=PLANE('',#2354);
#2125=PLANE('',#2357);
#2126=PLANE('',#2361);
#2127=PLANE('',#2362);
#2128=PLANE('',#2363);
#2129=PLANE('',#2364);
#2130=PLANE('',#2365);
#2131=PLANE('',#2366);
#2132=PLANE('',#2367);
#2133=PLANE('',#2368);
#2134=PLANE('',#2369);
#2135=PLANE('',#2370);
#2136=PLANE('',#2371);
#2137=PLANE('',#2372);
#2138=PLANE('',#2373);
#2139=PLANE('',#2374);
#2140=ADVANCED_FACE('',(#20,#18),#2034,.T.);
#2141=ADVANCED_FACE('',(#21),#2035,.T.);
#2142=ADVANCED_FACE('',(#22,#19),#2036,.T.);
#2143=ADVANCED_FACE('',(#23),#2037,.T.);
#2144=ADVANCED_FACE('',(#24),#2038,.F.);
#2145=ADVANCED_FACE('',(#25),#2039,.F.);
#2146=ADVANCED_FACE('',(#26),#2040,.F.);
#2147=ADVANCED_FACE('',(#27),#2041,.F.);
#2148=ADVANCED_FACE('',(#28),#2042,.F.);
#2149=ADVANCED_FACE('',(#29),#2043,.F.);
#2150=ADVANCED_FACE('',(#30),#2044,.F.);
#2151=ADVANCED_FACE('',(#31),#2045,.F.);
#2152=ADVANCED_FACE('',(#32),#2046,.F.);
#2153=ADVANCED_FACE('',(#33),#2047,.F.);
#2154=ADVANCED_FACE('',(#34),#2048,.F.);
#2155=ADVANCED_FACE('',(#35),#2049,.F.);
#2156=ADVANCED_FACE('',(#36),#2050,.F.);
#2157=ADVANCED_FACE('',(#37),#2051,.F.);
#2158=ADVANCED_FACE('',(#38),#2052,.F.);
#2159=ADVANCED_FACE('',(#39),#2053,.F.);
#2160=ADVANCED_FACE('',(#40),#2054,.F.);
#2161=ADVANCED_FACE('',(#41),#2055,.F.);
#2162=ADVANCED_FACE('',(#42),#2056,.F.);
#2163=ADVANCED_FACE('',(#43),#2057,.F.);
#2164=ADVANCED_FACE('',(#44),#2058,.F.);
#2165=ADVANCED_FACE('',(#45),#2059,.F.);
#2166=ADVANCED_FACE('',(#46),#2060,.F.);
#2167=ADVANCED_FACE('',(#47),#2061,.F.);
#2168=ADVANCED_FACE('',(#48),#2062,.F.);
#2169=ADVANCED_FACE('',(#49),#2063,.F.);
#2170=ADVANCED_FACE('',(#50),#2064,.F.);
#2171=ADVANCED_FACE('',(#51),#2065,.F.);
#2172=ADVANCED_FACE('',(#52),#2066,.F.);
#2173=ADVANCED_FACE('',(#53),#2067,.F.);
#2174=ADVANCED_FACE('',(#54),#2068,.F.);
#2175=ADVANCED_FACE('',(#55),#2069,.F.);
#2176=ADVANCED_FACE('',(#56),#2070,.F.);
#2177=ADVANCED_FACE('',(#57),#2071,.F.);
#2178=ADVANCED_FACE('',(#58),#2072,.F.);
#2179=ADVANCED_FACE('',(#59),#2073,.F.);
#2180=ADVANCED_FACE('',(#60),#2074,.F.);
#2181=ADVANCED_FACE('',(#61),#2075,.F.);
#2182=ADVANCED_FACE('',(#62),#2076,.F.);
#2183=ADVANCED_FACE('',(#63),#2077,.F.);
#2184=ADVANCED_FACE('',(#64),#2078,.F.);
#2185=ADVANCED_FACE('',(#65),#2079,.F.);
#2186=ADVANCED_FACE('',(#66),#2080,.F.);
#2187=ADVANCED_FACE('',(#67),#2081,.F.);
#2188=ADVANCED_FACE('',(#68),#2082,.F.);
#2189=ADVANCED_FACE('',(#69),#2083,.F.);
#2190=ADVANCED_FACE('',(#70),#2084,.F.);
#2191=ADVANCED_FACE('',(#71),#2085,.F.);
#2192=ADVANCED_FACE('',(#72),#2086,.F.);
#2193=ADVANCED_FACE('',(#73),#2087,.F.);
#2194=ADVANCED_FACE('',(#74),#2088,.F.);
#2195=ADVANCED_FACE('',(#75),#2089,.F.);
#2196=ADVANCED_FACE('',(#76),#2090,.F.);
#2197=ADVANCED_FACE('',(#77),#2091,.F.);
#2198=ADVANCED_FACE('',(#78),#2092,.F.);
#2199=ADVANCED_FACE('',(#79),#2093,.F.);
#2200=ADVANCED_FACE('',(#80),#2094,.F.);
#2201=ADVANCED_FACE('',(#81),#2095,.F.);
#2202=ADVANCED_FACE('',(#82),#2096,.F.);
#2203=ADVANCED_FACE('',(#83),#2097,.F.);
#2204=ADVANCED_FACE('',(#84),#2098,.F.);
#2205=ADVANCED_FACE('',(#85),#2099,.F.);
#2206=ADVANCED_FACE('',(#86),#2100,.F.);
#2207=ADVANCED_FACE('',(#87),#2101,.T.);
#2208=ADVANCED_FACE('',(#88),#2102,.T.);
#2209=ADVANCED_FACE('',(#89),#2103,.F.);
#2210=ADVANCED_FACE('',(#90),#2104,.F.);
#2211=ADVANCED_FACE('',(#91),#2105,.F.);
#2212=ADVANCED_FACE('',(#92),#2106,.F.);
#2213=ADVANCED_FACE('',(#93),#2107,.F.);
#2214=ADVANCED_FACE('',(#94),#2108,.F.);
#2215=ADVANCED_FACE('',(#95),#2109,.F.);
#2216=ADVANCED_FACE('',(#96),#2110,.F.);
#2217=ADVANCED_FACE('',(#97),#2111,.F.);
#2218=ADVANCED_FACE('',(#98),#2112,.F.);
#2219=ADVANCED_FACE('',(#99),#2113,.F.);
#2220=ADVANCED_FACE('',(#100),#2114,.F.);
#2221=ADVANCED_FACE('',(#101),#2115,.F.);
#2222=ADVANCED_FACE('',(#102),#2116,.F.);
#2223=ADVANCED_FACE('',(#103),#2117,.F.);
#2224=ADVANCED_FACE('',(#104),#2118,.F.);
#2225=ADVANCED_FACE('',(#105),#2119,.F.);
#2226=ADVANCED_FACE('',(#106),#2120,.F.);
#2227=ADVANCED_FACE('',(#107),#2121,.F.);
#2228=ADVANCED_FACE('',(#108),#2122,.F.);
#2229=ADVANCED_FACE('',(#109),#2123,.F.);
#2230=ADVANCED_FACE('',(#110),#2124,.F.);
#2231=ADVANCED_FACE('',(#111),#2125,.T.);
#2232=ADVANCED_FACE('',(#112),#16,.T.);
#2233=ADVANCED_FACE('',(#113),#17,.T.);
#2234=ADVANCED_FACE('',(#114),#2126,.T.);
#2235=ADVANCED_FACE('',(#115),#2127,.F.);
#2236=ADVANCED_FACE('',(#116),#2128,.F.);
#2237=ADVANCED_FACE('',(#117),#2129,.F.);
#2238=ADVANCED_FACE('',(#118),#2130,.F.);
#2239=ADVANCED_FACE('',(#119),#2131,.T.);
#2240=ADVANCED_FACE('',(#120),#2132,.T.);
#2241=ADVANCED_FACE('',(#121),#2133,.T.);
#2242=ADVANCED_FACE('',(#122),#2134,.T.);
#2243=ADVANCED_FACE('',(#123),#2135,.F.);
#2244=ADVANCED_FACE('',(#124),#2136,.F.);
#2245=ADVANCED_FACE('',(#125),#2137,.F.);
#2246=ADVANCED_FACE('',(#126),#2138,.T.);
#2247=ADVANCED_FACE('',(#127),#2139,.F.);
#2248=CLOSED_SHELL('',(#2140,#2141,#2142,#2143,#2144,#2145,#2146,#2147,
#2148,#2149,#2150,#2151,#2152,#2153,#2154,#2155,#2156,#2157,#2158,#2159,
#2160,#2161,#2162,#2163,#2164,#2165,#2166,#2167,#2168,#2169,#2170,#2171,
#2172,#2173,#2174,#2175,#2176,#2177,#2178,#2179,#2180,#2181,#2182,#2183,
#2184,#2185,#2186,#2187,#2188,#2189,#2190,#2191,#2192,#2193,#2194,#2195,
#2196,#2197,#2198,#2199,#2200,#2201,#2202,#2203,#2204,#2205,#2206,#2207,
#2208,#2209,#2210,#2211,#2212,#2213,#2214,#2215,#2216,#2217,#2218,#2219,
#2220,#2221,#2222,#2223,#2224,#2225,#2226,#2227,#2228,#2229,#2230,#2231,
#2232,#2233,#2234,#2235,#2236,#2237,#2238,#2239,#2240,#2241,#2242,#2243,
#2244,#2245,#2246,#2247));
#2249=DERIVED_UNIT_ELEMENT(#2251,1.);
#2250=DERIVED_UNIT_ELEMENT(#3560,-3.);
#2251=(
MASS_UNIT()
NAMED_UNIT(*)
SI_UNIT(.KILO.,.GRAM.)
);
#2252=DERIVED_UNIT((#2249,#2250));
#2253=MEASURE_REPRESENTATION_ITEM('density measure',
POSITIVE_RATIO_MEASURE(7850.),#2252);
#2254=PROPERTY_DEFINITION_REPRESENTATION(#2259,#2256);
#2255=PROPERTY_DEFINITION_REPRESENTATION(#2260,#2257);
#2256=REPRESENTATION('material name',(#2258),#3557);
#2257=REPRESENTATION('density',(#2253),#3557);
#2258=DESCRIPTIVE_REPRESENTATION_ITEM('\X2\AC15CCA0\X0\','\X2\AC15CCA0\X0\');
#2259=PROPERTY_DEFINITION('material property','material name',#3567);
#2260=PROPERTY_DEFINITION('material property','density of part',#3567);
#2261=AXIS2_PLACEMENT_3D('',#2916,#2375,#2376);
#2262=AXIS2_PLACEMENT_3D('',#2917,#2377,#2378);
#2263=AXIS2_PLACEMENT_3D('',#2926,#2382,#2383);
#2264=AXIS2_PLACEMENT_3D('',#3106,#2474,#2475);
#2265=AXIS2_PLACEMENT_3D('',#3116,#2481,#2482);
#2266=AXIS2_PLACEMENT_3D('',#3121,#2484,#2485);
#2267=AXIS2_PLACEMENT_3D('',#3301,#2576,#2577);
#2268=AXIS2_PLACEMENT_3D('',#3311,#2583,#2584);
#2269=AXIS2_PLACEMENT_3D('',#3321,#2590,#2591);
#2270=AXIS2_PLACEMENT_3D('',#3324,#2594,#2595);
#2271=AXIS2_PLACEMENT_3D('',#3326,#2597,#2598);
#2272=AXIS2_PLACEMENT_3D('',#3328,#2600,#2601);
#2273=AXIS2_PLACEMENT_3D('',#3331,#2604,#2605);
#2274=AXIS2_PLACEMENT_3D('',#3333,#2607,#2608);
#2275=AXIS2_PLACEMENT_3D('',#3335,#2610,#2611);
#2276=AXIS2_PLACEMENT_3D('',#3338,#2614,#2615);
#2277=AXIS2_PLACEMENT_3D('',#3340,#2617,#2618);
#2278=AXIS2_PLACEMENT_3D('',#3342,#2620,#2621);
#2279=AXIS2_PLACEMENT_3D('',#3345,#2624,#2625);
#2280=AXIS2_PLACEMENT_3D('',#3347,#2627,#2628);
#2281=AXIS2_PLACEMENT_3D('',#3349,#2630,#2631);
#2282=AXIS2_PLACEMENT_3D('',#3352,#2634,#2635);
#2283=AXIS2_PLACEMENT_3D('',#3354,#2637,#2638);
#2284=AXIS2_PLACEMENT_3D('',#3356,#2640,#2641);
#2285=AXIS2_PLACEMENT_3D('',#3359,#2644,#2645);
#2286=AXIS2_PLACEMENT_3D('',#3361,#2647,#2648);
#2287=AXIS2_PLACEMENT_3D('',#3363,#2650,#2651);
#2288=AXIS2_PLACEMENT_3D('',#3366,#2654,#2655);
#2289=AXIS2_PLACEMENT_3D('',#3368,#2657,#2658);
#2290=AXIS2_PLACEMENT_3D('',#3370,#2660,#2661);
#2291=AXIS2_PLACEMENT_3D('',#3373,#2664,#2665);
#2292=AXIS2_PLACEMENT_3D('',#3375,#2667,#2668);
#2293=AXIS2_PLACEMENT_3D('',#3377,#2670,#2671);
#2294=AXIS2_PLACEMENT_3D('',#3380,#2674,#2675);
#2295=AXIS2_PLACEMENT_3D('',#3382,#2677,#2678);
#2296=AXIS2_PLACEMENT_3D('',#3384,#2680,#2681);
#2297=AXIS2_PLACEMENT_3D('',#3387,#2684,#2685);
#2298=AXIS2_PLACEMENT_3D('',#3389,#2687,#2688);
#2299=AXIS2_PLACEMENT_3D('',#3391,#2690,#2691);
#2300=AXIS2_PLACEMENT_3D('',#3394,#2694,#2695);
#2301=AXIS2_PLACEMENT_3D('',#3396,#2697,#2698);
#2302=AXIS2_PLACEMENT_3D('',#3398,#2700,#2701);
#2303=AXIS2_PLACEMENT_3D('',#3401,#2704,#2705);
#2304=AXIS2_PLACEMENT_3D('',#3403,#2707,#2708);
#2305=AXIS2_PLACEMENT_3D('',#3405,#2710,#2711);
#2306=AXIS2_PLACEMENT_3D('',#3408,#2714,#2715);
#2307=AXIS2_PLACEMENT_3D('',#3410,#2717,#2718);
#2308=AXIS2_PLACEMENT_3D('',#3412,#2720,#2721);
#2309=AXIS2_PLACEMENT_3D('',#3415,#2724,#2725);
#2310=AXIS2_PLACEMENT_3D('',#3417,#2727,#2728);
#2311=AXIS2_PLACEMENT_3D('',#3419,#2730,#2731);
#2312=AXIS2_PLACEMENT_3D('',#3422,#2734,#2735);
#2313=AXIS2_PLACEMENT_3D('',#3424,#2737,#2738);
#2314=AXIS2_PLACEMENT_3D('',#3426,#2740,#2741);
#2315=AXIS2_PLACEMENT_3D('',#3429,#2744,#2745);
#2316=AXIS2_PLACEMENT_3D('',#3431,#2747,#2748);
#2317=AXIS2_PLACEMENT_3D('',#3433,#2750,#2751);
#2318=AXIS2_PLACEMENT_3D('',#3436,#2754,#2755);
#2319=AXIS2_PLACEMENT_3D('',#3438,#2757,#2758);
#2320=AXIS2_PLACEMENT_3D('',#3440,#2760,#2761);
#2321=AXIS2_PLACEMENT_3D('',#3443,#2764,#2765);
#2322=AXIS2_PLACEMENT_3D('',#3445,#2767,#2768);
#2323=AXIS2_PLACEMENT_3D('',#3447,#2770,#2771);
#2324=AXIS2_PLACEMENT_3D('',#3450,#2774,#2775);
#2325=AXIS2_PLACEMENT_3D('',#3452,#2777,#2778);
#2326=AXIS2_PLACEMENT_3D('',#3454,#2780,#2781);
#2327=AXIS2_PLACEMENT_3D('',#3457,#2784,#2785);
#2328=AXIS2_PLACEMENT_3D('',#3459,#2787,#2788);
#2329=AXIS2_PLACEMENT_3D('',#3461,#2790,#2791);
#2330=AXIS2_PLACEMENT_3D('',#3467,#2795,#2796);
#2331=AXIS2_PLACEMENT_3D('',#3469,#2798,#2799);
#2332=AXIS2_PLACEMENT_3D('',#3474,#2803,#2804);
#2333=AXIS2_PLACEMENT_3D('',#3476,#2806,#2807);
#2334=AXIS2_PLACEMENT_3D('',#3478,#2809,#2810);
#2335=AXIS2_PLACEMENT_3D('',#3479,#2811,#2812);
#2336=AXIS2_PLACEMENT_3D('',#3480,#2813,#2814);
#2337=AXIS2_PLACEMENT_3D('',#3481,#2815,#2816);
#2338=AXIS2_PLACEMENT_3D('',#3482,#2817,#2818);
#2339=AXIS2_PLACEMENT_3D('',#3483,#2819,#2820);
#2340=AXIS2_PLACEMENT_3D('',#3484,#2821,#2822);
#2341=AXIS2_PLACEMENT_3D('',#3485,#2823,#2824);
#2342=AXIS2_PLACEMENT_3D('',#3486,#2825,#2826);
#2343=AXIS2_PLACEMENT_3D('',#3487,#2827,#2828);
#2344=AXIS2_PLACEMENT_3D('',#3488,#2829,#2830);
#2345=AXIS2_PLACEMENT_3D('',#3489,#2831,#2832);
#2346=AXIS2_PLACEMENT_3D('',#3490,#2833,#2834);
#2347=AXIS2_PLACEMENT_3D('',#3491,#2835,#2836);
#2348=AXIS2_PLACEMENT_3D('',#3492,#2837,#2838);
#2349=AXIS2_PLACEMENT_3D('',#3493,#2839,#2840);
#2350=AXIS2_PLACEMENT_3D('',#3494,#2841,#2842);
#2351=AXIS2_PLACEMENT_3D('',#3495,#2843,#2844);
#2352=AXIS2_PLACEMENT_3D('',#3496,#2845,#2846);
#2353=AXIS2_PLACEMENT_3D('',#3497,#2847,#2848);
#2354=AXIS2_PLACEMENT_3D('',#3503,#2852,#2853);
#2355=AXIS2_PLACEMENT_3D('',#3504,#2854,#2855);
#2356=AXIS2_PLACEMENT_3D('',#3505,#2856,#2857);
#2357=AXIS2_PLACEMENT_3D('',#3507,#2859,#2860);
#2358=AXIS2_PLACEMENT_3D('',#3509,#2862,#2863);
#2359=AXIS2_PLACEMENT_3D('',#3510,#2864,#2865);
#2360=AXIS2_PLACEMENT_3D('',#3511,#2866,#2867);
#2361=AXIS2_PLACEMENT_3D('',#3512,#2868,#2869);
#2362=AXIS2_PLACEMENT_3D('',#3514,#2871,#2872);
#2363=AXIS2_PLACEMENT_3D('',#3525,#2879,#2880);
#2364=AXIS2_PLACEMENT_3D('',#3531,#2884,#2885);
#2365=AXIS2_PLACEMENT_3D('',#3539,#2891,#2892);
#2366=AXIS2_PLACEMENT_3D('',#3542,#2895,#2896);
#2367=AXIS2_PLACEMENT_3D('',#3543,#2897,#2898);
#2368=AXIS2_PLACEMENT_3D('',#3544,#2899,#2900);
#2369=AXIS2_PLACEMENT_3D('',#3545,#2901,#2902);
#2370=AXIS2_PLACEMENT_3D('',#3546,#2903,#2904);
#2371=AXIS2_PLACEMENT_3D('',#3547,#2905,#2906);
#2372=AXIS2_PLACEMENT_3D('',#3551,#2909,#2910);
#2373=AXIS2_PLACEMENT_3D('',#3553,#2912,#2913);
#2374=AXIS2_PLACEMENT_3D('',#3554,#2914,#2915);
#2375=DIRECTION('axis',(0.,0.,1.));
#2376=DIRECTION('refdir',(1.,0.,0.));
#2377=DIRECTION('center_axis',(-1.,0.,0.));
#2378=DIRECTION('ref_axis',(0.,0.,1.));
#2379=DIRECTION('',(0.,0.,1.));
#2380=DIRECTION('',(0.,0.70710678118654,-0.707106781186555));
#2381=DIRECTION('',(0.,0.,1.));
#2382=DIRECTION('center_axis',(-1.,0.,0.));
#2383=DIRECTION('ref_axis',(0.,0.,1.));
#2384=DIRECTION('',(0.,-1.,0.));
#2385=DIRECTION('',(0.,0.,1.));
#2386=DIRECTION('',(0.,-0.939692620785916,0.342020143325648));
#2387=DIRECTION('',(0.,0.,-1.));
#2388=DIRECTION('',(0.,0.939692620785916,0.342020143325649));
#2389=DIRECTION('',(0.,0.,1.));
#2390=DIRECTION('',(0.,-0.939692620785916,0.342020143325648));
#2391=DIRECTION('',(0.,0.,-1.));
#2392=DIRECTION('',(0.,0.939692620785916,0.342020143325649));
#2393=DIRECTION('',(0.,0.,1.));
#2394=DIRECTION('',(0.,-0.939692620785916,0.342020143325648));
#2395=DIRECTION('',(0.,0.,-1.));
#2396=DIRECTION('',(0.,0.939692620785916,0.342020143325649));
#2397=DIRECTION('',(0.,0.,1.));
#2398=DIRECTION('',(0.,-0.939692620785916,0.342020143325648));
#2399=DIRECTION('',(0.,0.,-1.));
#2400=DIRECTION('',(0.,0.939692620785916,0.342020143325649));
#2401=DIRECTION('',(0.,0.,1.));
#2402=DIRECTION('',(0.,-0.939692620785916,0.342020143325648));
#2403=DIRECTION('',(0.,0.,-1.));
#2404=DIRECTION('',(0.,0.939692620785916,0.342020143325649));
#2405=DIRECTION('',(0.,0.,1.));
#2406=DIRECTION('',(0.,-0.939692620785916,0.342020143325648));
#2407=DIRECTION('',(0.,0.,-1.));
#2408=DIRECTION('',(0.,0.939692620785916,0.342020143325649));
#2409=DIRECTION('',(0.,0.,1.));
#2410=DIRECTION('',(0.,-0.939692620785916,0.342020143325648));
#2411=DIRECTION('',(0.,0.,-1.));
#2412=DIRECTION('',(0.,0.939692620785916,0.342020143325649));
#2413=DIRECTION('',(0.,0.,1.));
#2414=DIRECTION('',(0.,-0.939692620785916,0.342020143325648));
#2415=DIRECTION('',(0.,0.,-1.));
#2416=DIRECTION('',(0.,0.939692620785916,0.342020143325649));
#2417=DIRECTION('',(0.,0.,1.));
#2418=DIRECTION('',(0.,-0.939692620785916,0.342020143325648));
#2419=DIRECTION('',(0.,0.,-1.));
#2420=DIRECTION('',(0.,0.939692620785916,0.342020143325649));
#2421=DIRECTION('',(0.,0.,1.));
#2422=DIRECTION('',(0.,-0.939692620785916,0.342020143325648));
#2423=DIRECTION('',(0.,0.,-1.));
#2424=DIRECTION('',(0.,0.939692620785916,0.342020143325649));
#2425=DIRECTION('',(0.,0.,1.));
#2426=DIRECTION('',(0.,-0.939692620785916,0.342020143325648));
#2427=DIRECTION('',(0.,0.,-1.));
#2428=DIRECTION('',(0.,0.939692620785916,0.342020143325649));
#2429=DIRECTION('',(0.,0.,1.));
#2430=DIRECTION('',(0.,-0.939692620785916,0.342020143325648));
#2431=DIRECTION('',(0.,0.,-1.));
#2432=DIRECTION('',(0.,0.939692620785916,0.342020143325649));
#2433=DIRECTION('',(0.,0.,1.));
#2434=DIRECTION('',(0.,-0.939692620785916,0.342020143325648));
#2435=DIRECTION('',(0.,0.,-1.));
#2436=DIRECTION('',(0.,0.939692620785916,0.342020143325649));
#2437=DIRECTION('',(0.,0.,1.));
#2438=DIRECTION('',(0.,-0.939692620785916,0.342020143325648));
#2439=DIRECTION('',(0.,0.,-1.));
#2440=DIRECTION('',(0.,0.939692620785916,0.342020143325649));
#2441=DIRECTION('',(0.,0.,1.));
#2442=DIRECTION('',(0.,-0.939692620785916,0.342020143325648));
#2443=DIRECTION('',(0.,0.,-1.));
#2444=DIRECTION('',(0.,0.939692620785916,0.342020143325649));
#2445=DIRECTION('',(0.,0.,1.));
#2446=DIRECTION('',(0.,-0.939692620785916,0.342020143325648));
#2447=DIRECTION('',(0.,0.,-1.));
#2448=DIRECTION('',(0.,0.939692620785916,0.342020143325649));
#2449=DIRECTION('',(0.,0.,1.));
#2450=DIRECTION('',(0.,-0.939692620785916,0.342020143325648));
#2451=DIRECTION('',(0.,0.,-1.));
#2452=DIRECTION('',(0.,0.939692620785916,0.342020143325649));
#2453=DIRECTION('',(0.,0.,1.));
#2454=DIRECTION('',(0.,-0.939692620785916,0.342020143325648));
#2455=DIRECTION('',(0.,0.,-1.));
#2456=DIRECTION('',(0.,0.939692620785916,0.342020143325649));
#2457=DIRECTION('',(0.,0.,1.));
#2458=DIRECTION('',(0.,-0.939692620785916,0.342020143325648));
#2459=DIRECTION('',(0.,0.,-1.));
#2460=DIRECTION('',(0.,0.939692620785916,0.342020143325649));
#2461=DIRECTION('',(0.,0.,1.));
#2462=DIRECTION('',(0.,-0.939692620785916,0.342020143325648));
#2463=DIRECTION('',(0.,0.,-1.));
#2464=DIRECTION('',(0.,0.939692620785916,0.342020143325649));
#2465=DIRECTION('',(0.,0.,1.));
#2466=DIRECTION('',(0.,-0.939692620785916,0.342020143325648));
#2467=DIRECTION('',(0.,-0.707106781186548,0.707106781186547));
#2468=DIRECTION('',(0.,1.18276600634782E-16,1.));
#2469=DIRECTION('',(0.,1.,0.));
#2470=DIRECTION('',(0.,0.,-1.));
#2471=DIRECTION('',(0.,1.,0.));
#2472=DIRECTION('',(0.,0.,1.));
#2473=DIRECTION('',(0.,-1.,-2.06514699521048E-16));
#2474=DIRECTION('center_axis',(0.,1.,0.));
#2475=DIRECTION('ref_axis',(0.,0.,1.));
#2476=DIRECTION('',(-1.,0.,1.53284759432645E-16));
#2477=DIRECTION('',(0.,0.,-1.));
#2478=DIRECTION('',(1.,0.,0.));
#2479=DIRECTION('',(0.,0.,1.));
#2480=DIRECTION('',(-1.,0.,0.));
#2481=DIRECTION('center_axis',(1.,0.,0.));
#2482=DIRECTION('ref_axis',(0.,0.,-1.));
#2483=DIRECTION('',(0.,1.,0.));
#2484=DIRECTION('center_axis',(1.,0.,0.));
#2485=DIRECTION('ref_axis',(0.,0.,-1.));
#2486=DIRECTION('',(0.,1.21430643318376E-16,-1.));
#2487=DIRECTION('',(0.,0.707106781186543,0.707106781186552));
#2488=DIRECTION('',(0.,0.,1.));
#2489=DIRECTION('',(0.,1.,0.));
#2490=DIRECTION('',(0.,-1.18276600634782E-16,-1.));
#2491=DIRECTION('',(0.,0.707106781186548,-0.707106781186547));
#2492=DIRECTION('',(0.,0.939692620785916,-0.342020143325648));
#2493=DIRECTION('',(0.,0.,-1.));
#2494=DIRECTION('',(0.,-0.939692620785916,-0.342020143325649));
#2495=DIRECTION('',(0.,0.,-1.));
#2496=DIRECTION('',(0.,0.939692620785916,-0.342020143325648));
#2497=DIRECTION('',(0.,0.,-1.));
#2498=DIRECTION('',(0.,-0.939692620785916,-0.342020143325649));
#2499=DIRECTION('',(0.,0.,-1.));
#2500=DIRECTION('',(0.,0.939692620785916,-0.342020143325648));
#2501=DIRECTION('',(0.,0.,-1.));
#2502=DIRECTION('',(0.,-0.939692620785916,-0.342020143325649));
#2503=DIRECTION('',(0.,0.,-1.));
#2504=DIRECTION('',(0.,0.939692620785916,-0.342020143325648));
#2505=DIRECTION('',(0.,0.,-1.));
#2506=DIRECTION('',(0.,-0.939692620785916,-0.342020143325649));
#2507=DIRECTION('',(0.,0.,-1.));
#2508=DIRECTION('',(0.,0.939692620785916,-0.342020143325648));
#2509=DIRECTION('',(0.,0.,-1.));
#2510=DIRECTION('',(0.,-0.939692620785916,-0.342020143325649));
#2511=DIRECTION('',(0.,0.,-1.));
#2512=DIRECTION('',(0.,-0.939692620785916,0.342020143325648));
#2513=DIRECTION('',(0.,0.,1.));
#2514=DIRECTION('',(0.,0.939692620785916,0.342020143325649));
#2515=DIRECTION('',(0.,0.,-1.));
#2516=DIRECTION('',(0.,-0.939692620785916,0.342020143325648));
#2517=DIRECTION('',(0.,0.,1.));
#2518=DIRECTION('',(0.,0.939692620785916,0.342020143325649));
#2519=DIRECTION('',(0.,0.,-1.));
#2520=DIRECTION('',(0.,-0.939692620785916,0.342020143325648));
#2521=DIRECTION('',(0.,0.,1.));
#2522=DIRECTION('',(0.,0.939692620785916,0.342020143325649));
#2523=DIRECTION('',(0.,0.,-1.));
#2524=DIRECTION('',(0.,-0.939692620785916,0.342020143325648));
#2525=DIRECTION('',(0.,0.,1.));
#2526=DIRECTION('',(0.,0.939692620785916,0.342020143325649));
#2527=DIRECTION('',(0.,0.,-1.));
#2528=DIRECTION('',(0.,-0.939692620785916,0.342020143325648));
#2529=DIRECTION('',(0.,0.,1.));
#2530=DIRECTION('',(0.,0.939692620785916,0.342020143325649));
#2531=DIRECTION('',(0.,0.,-1.));
#2532=DIRECTION('',(0.,-0.939692620785916,0.342020143325648));
#2533=DIRECTION('',(0.,0.,1.));
#2534=DIRECTION('',(0.,0.939692620785916,0.342020143325649));
#2535=DIRECTION('',(0.,0.,-1.));
#2536=DIRECTION('',(0.,-0.939692620785916,0.342020143325648));
#2537=DIRECTION('',(0.,0.,1.));
#2538=DIRECTION('',(0.,0.939692620785916,0.342020143325649));
#2539=DIRECTION('',(0.,0.,-1.));
#2540=DIRECTION('',(0.,-0.939692620785916,0.342020143325648));
#2541=DIRECTION('',(0.,0.,1.));
#2542=DIRECTION('',(0.,0.939692620785916,0.342020143325649));
#2543=DIRECTION('',(0.,0.,-1.));
#2544=DIRECTION('',(0.,-0.939692620785916,0.342020143325648));
#2545=DIRECTION('',(0.,0.,1.));
#2546=DIRECTION('',(0.,0.939692620785916,0.342020143325649));
#2547=DIRECTION('',(0.,0.,-1.));
#2548=DIRECTION('',(0.,-0.939692620785916,0.342020143325648));
#2549=DIRECTION('',(0.,0.,1.));
#2550=DIRECTION('',(0.,0.939692620785916,0.342020143325649));
#2551=DIRECTION('',(0.,0.,-1.));
#2552=DIRECTION('',(0.,-0.939692620785916,0.342020143325648));
#2553=DIRECTION('',(0.,0.,1.));
#2554=DIRECTION('',(0.,0.939692620785916,0.342020143325649));
#2555=DIRECTION('',(0.,0.,-1.));
#2556=DIRECTION('',(0.,-0.939692620785916,0.342020143325648));
#2557=DIRECTION('',(0.,0.,1.));
#2558=DIRECTION('',(0.,0.939692620785916,0.342020143325649));
#2559=DIRECTION('',(0.,0.,-1.));
#2560=DIRECTION('',(0.,-0.939692620785916,0.342020143325648));
#2561=DIRECTION('',(0.,0.,1.));
#2562=DIRECTION('',(0.,0.939692620785916,0.342020143325649));
#2563=DIRECTION('',(0.,0.,-1.));
#2564=DIRECTION('',(0.,-0.939692620785916,0.342020143325648));
#2565=DIRECTION('',(0.,0.,1.));
#2566=DIRECTION('',(0.,0.939692620785916,0.342020143325649));
#2567=DIRECTION('',(0.,0.,-1.));
#2568=DIRECTION('',(0.,-0.939692620785916,0.342020143325648));
#2569=DIRECTION('',(0.,0.,1.));
#2570=DIRECTION('',(0.,0.939692620785916,0.342020143325649));
#2571=DIRECTION('',(0.,0.,-1.));
#2572=DIRECTION('',(0.,1.,0.));
#2573=DIRECTION('',(0.,0.,1.));
#2574=DIRECTION('',(0.,-1.,-2.06514699521048E-16));
#2575=DIRECTION('',(0.,0.,-1.));
#2576=DIRECTION('center_axis',(0.,0.,-1.));
#2577=DIRECTION('ref_axis',(-1.,0.,0.));
#2578=DIRECTION('',(0.,1.,0.));
#2579=DIRECTION('',(1.,0.,0.));
#2580=DIRECTION('',(1.,0.,0.));
#2581=DIRECTION('',(0.,-1.,0.));
#2582=DIRECTION('',(1.,0.,0.));
#2583=DIRECTION('center_axis',(0.,0.,-1.));
#2584=DIRECTION('ref_axis',(-1.,0.,0.));
#2585=DIRECTION('',(-0.707106781186552,0.707106781186543,0.));
#2586=DIRECTION('',(-1.,0.,0.));
#2587=DIRECTION('',(0.,-1.,0.));
#2588=DIRECTION('',(-1.,0.,0.));
#2589=DIRECTION('',(0.707106781186543,0.707106781186552,0.));
#2590=DIRECTION('center_axis',(0.,0.342020143325649,-0.939692620785916));
#2591=DIRECTION('ref_axis',(0.,0.939692620785916,0.342020143325649));
#2592=DIRECTION('',(1.,0.,0.));
#2593=DIRECTION('',(1.,0.,0.));
#2594=DIRECTION('center_axis',(0.,1.,0.));
#2595=DIRECTION('ref_axis',(0.,0.,1.));
#2596=DIRECTION('',(1.,0.,0.));
#2597=DIRECTION('center_axis',(0.,0.342020143325648,0.939692620785916));
#2598=DIRECTION('ref_axis',(0.,-0.939692620785916,0.342020143325648));
#2599=DIRECTION('',(1.,0.,0.));
#2600=DIRECTION('center_axis',(0.,0.342020143325649,-0.939692620785916));
#2601=DIRECTION('ref_axis',(0.,0.939692620785916,0.342020143325649));
#2602=DIRECTION('',(1.,0.,0.));
#2603=DIRECTION('',(1.,0.,0.));
#2604=DIRECTION('center_axis',(0.,1.,0.));
#2605=DIRECTION('ref_axis',(0.,0.,1.));
#2606=DIRECTION('',(1.,0.,0.));
#2607=DIRECTION('center_axis',(0.,0.342020143325648,0.939692620785916));
#2608=DIRECTION('ref_axis',(0.,-0.939692620785916,0.342020143325648));
#2609=DIRECTION('',(1.,0.,0.));
#2610=DIRECTION('center_axis',(0.,0.342020143325649,-0.939692620785916));
#2611=DIRECTION('ref_axis',(0.,0.939692620785916,0.342020143325649));
#2612=DIRECTION('',(1.,0.,0.));
#2613=DIRECTION('',(1.,0.,0.));
#2614=DIRECTION('center_axis',(0.,1.,0.));
#2615=DIRECTION('ref_axis',(0.,0.,1.));
#2616=DIRECTION('',(1.,0.,0.));
#2617=DIRECTION('center_axis',(0.,0.342020143325648,0.939692620785916));
#2618=DIRECTION('ref_axis',(0.,-0.939692620785916,0.342020143325648));
#2619=DIRECTION('',(1.,0.,0.));
#2620=DIRECTION('center_axis',(0.,0.342020143325649,-0.939692620785916));
#2621=DIRECTION('ref_axis',(0.,0.939692620785916,0.342020143325649));
#2622=DIRECTION('',(1.,0.,0.));
#2623=DIRECTION('',(1.,0.,0.));
#2624=DIRECTION('center_axis',(0.,1.,0.));
#2625=DIRECTION('ref_axis',(0.,0.,1.));
#2626=DIRECTION('',(1.,0.,0.));
#2627=DIRECTION('center_axis',(0.,0.342020143325648,0.939692620785916));
#2628=DIRECTION('ref_axis',(0.,-0.939692620785916,0.342020143325648));
#2629=DIRECTION('',(1.,0.,0.));
#2630=DIRECTION('center_axis',(0.,0.342020143325649,-0.939692620785916));
#2631=DIRECTION('ref_axis',(0.,0.939692620785916,0.342020143325649));
#2632=DIRECTION('',(1.,0.,0.));
#2633=DIRECTION('',(1.,0.,0.));
#2634=DIRECTION('center_axis',(0.,1.,0.));
#2635=DIRECTION('ref_axis',(0.,0.,1.));
#2636=DIRECTION('',(1.,0.,0.));
#2637=DIRECTION('center_axis',(0.,0.342020143325648,0.939692620785916));
#2638=DIRECTION('ref_axis',(0.,-0.939692620785916,0.342020143325648));
#2639=DIRECTION('',(1.,0.,0.));
#2640=DIRECTION('center_axis',(0.,0.342020143325648,0.939692620785916));
#2641=DIRECTION('ref_axis',(0.,-0.939692620785916,0.342020143325648));
#2642=DIRECTION('',(1.,0.,0.));
#2643=DIRECTION('',(1.,0.,0.));
#2644=DIRECTION('center_axis',(0.,1.,0.));
#2645=DIRECTION('ref_axis',(0.,0.,1.));
#2646=DIRECTION('',(1.,0.,0.));
#2647=DIRECTION('center_axis',(0.,0.342020143325649,-0.939692620785916));
#2648=DIRECTION('ref_axis',(0.,0.939692620785916,0.342020143325649));
#2649=DIRECTION('',(1.,0.,0.));
#2650=DIRECTION('center_axis',(0.,0.342020143325648,0.939692620785916));
#2651=DIRECTION('ref_axis',(0.,-0.939692620785916,0.342020143325648));
#2652=DIRECTION('',(1.,0.,0.));
#2653=DIRECTION('',(1.,0.,0.));
#2654=DIRECTION('center_axis',(0.,1.,0.));
#2655=DIRECTION('ref_axis',(0.,0.,1.));
#2656=DIRECTION('',(1.,0.,0.));
#2657=DIRECTION('center_axis',(0.,0.342020143325649,-0.939692620785916));
#2658=DIRECTION('ref_axis',(0.,0.939692620785916,0.342020143325649));
#2659=DIRECTION('',(1.,0.,0.));
#2660=DIRECTION('center_axis',(0.,0.342020143325648,0.939692620785916));
#2661=DIRECTION('ref_axis',(0.,-0.939692620785916,0.342020143325648));
#2662=DIRECTION('',(1.,0.,0.));
#2663=DIRECTION('',(1.,0.,0.));
#2664=DIRECTION('center_axis',(0.,1.,0.));
#2665=DIRECTION('ref_axis',(0.,0.,1.));
#2666=DIRECTION('',(1.,0.,0.));
#2667=DIRECTION('center_axis',(0.,0.342020143325649,-0.939692620785916));
#2668=DIRECTION('ref_axis',(0.,0.939692620785916,0.342020143325649));
#2669=DIRECTION('',(1.,0.,0.));
#2670=DIRECTION('center_axis',(0.,0.342020143325648,0.939692620785916));
#2671=DIRECTION('ref_axis',(0.,-0.939692620785916,0.342020143325648));
#2672=DIRECTION('',(1.,0.,0.));
#2673=DIRECTION('',(1.,0.,0.));
#2674=DIRECTION('center_axis',(0.,1.,0.));
#2675=DIRECTION('ref_axis',(0.,0.,1.));
#2676=DIRECTION('',(1.,0.,0.));
#2677=DIRECTION('center_axis',(0.,0.342020143325649,-0.939692620785916));
#2678=DIRECTION('ref_axis',(0.,0.939692620785916,0.342020143325649));
#2679=DIRECTION('',(1.,0.,0.));
#2680=DIRECTION('center_axis',(0.,0.342020143325648,0.939692620785916));
#2681=DIRECTION('ref_axis',(0.,-0.939692620785916,0.342020143325648));
#2682=DIRECTION('',(1.,0.,0.));
#2683=DIRECTION('',(1.,0.,0.));
#2684=DIRECTION('center_axis',(0.,1.,0.));
#2685=DIRECTION('ref_axis',(0.,0.,1.));
#2686=DIRECTION('',(1.,0.,0.));
#2687=DIRECTION('center_axis',(0.,0.342020143325649,-0.939692620785916));
#2688=DIRECTION('ref_axis',(0.,0.939692620785916,0.342020143325649));
#2689=DIRECTION('',(1.,0.,0.));
#2690=DIRECTION('center_axis',(0.,0.342020143325648,0.939692620785916));
#2691=DIRECTION('ref_axis',(0.,-0.939692620785916,0.342020143325648));
#2692=DIRECTION('',(1.,0.,0.));
#2693=DIRECTION('',(1.,0.,0.));
#2694=DIRECTION('center_axis',(0.,1.,0.));
#2695=DIRECTION('ref_axis',(0.,0.,1.));
#2696=DIRECTION('',(1.,0.,0.));
#2697=DIRECTION('center_axis',(0.,0.342020143325649,-0.939692620785916));
#2698=DIRECTION('ref_axis',(0.,0.939692620785916,0.342020143325649));
#2699=DIRECTION('',(1.,0.,0.));
#2700=DIRECTION('center_axis',(0.,0.342020143325648,0.939692620785916));
#2701=DIRECTION('ref_axis',(0.,-0.939692620785916,0.342020143325648));
#2702=DIRECTION('',(1.,0.,0.));
#2703=DIRECTION('',(1.,0.,0.));
#2704=DIRECTION('center_axis',(0.,1.,0.));
#2705=DIRECTION('ref_axis',(0.,0.,1.));
#2706=DIRECTION('',(1.,0.,0.));
#2707=DIRECTION('center_axis',(0.,0.342020143325649,-0.939692620785916));
#2708=DIRECTION('ref_axis',(0.,0.939692620785916,0.342020143325649));
#2709=DIRECTION('',(1.,0.,0.));
#2710=DIRECTION('center_axis',(0.,0.342020143325648,0.939692620785916));
#2711=DIRECTION('ref_axis',(0.,-0.939692620785916,0.342020143325648));
#2712=DIRECTION('',(1.,0.,0.));
#2713=DIRECTION('',(1.,0.,0.));
#2714=DIRECTION('center_axis',(0.,1.,0.));
#2715=DIRECTION('ref_axis',(0.,0.,1.));
#2716=DIRECTION('',(1.,0.,0.));
#2717=DIRECTION('center_axis',(0.,0.342020143325649,-0.939692620785916));
#2718=DIRECTION('ref_axis',(0.,0.939692620785916,0.342020143325649));
#2719=DIRECTION('',(1.,0.,0.));
#2720=DIRECTION('center_axis',(0.,0.342020143325648,0.939692620785916));
#2721=DIRECTION('ref_axis',(0.,-0.939692620785916,0.342020143325648));
#2722=DIRECTION('',(1.,0.,0.));
#2723=DIRECTION('',(1.,0.,0.));
#2724=DIRECTION('center_axis',(0.,1.,0.));
#2725=DIRECTION('ref_axis',(0.,0.,1.));
#2726=DIRECTION('',(1.,0.,0.));
#2727=DIRECTION('center_axis',(0.,0.342020143325649,-0.939692620785916));
#2728=DIRECTION('ref_axis',(0.,0.939692620785916,0.342020143325649));
#2729=DIRECTION('',(1.,0.,0.));
#2730=DIRECTION('center_axis',(0.,0.342020143325648,0.939692620785916));
#2731=DIRECTION('ref_axis',(0.,-0.939692620785916,0.342020143325648));
#2732=DIRECTION('',(1.,0.,0.));
#2733=DIRECTION('',(1.,0.,0.));
#2734=DIRECTION('center_axis',(0.,1.,0.));
#2735=DIRECTION('ref_axis',(0.,0.,1.));
#2736=DIRECTION('',(1.,0.,0.));
#2737=DIRECTION('center_axis',(0.,0.342020143325649,-0.939692620785916));
#2738=DIRECTION('ref_axis',(0.,0.939692620785916,0.342020143325649));
#2739=DIRECTION('',(1.,0.,0.));
#2740=DIRECTION('center_axis',(0.,0.342020143325648,0.939692620785916));
#2741=DIRECTION('ref_axis',(0.,-0.939692620785916,0.342020143325648));
#2742=DIRECTION('',(1.,0.,0.));
#2743=DIRECTION('',(1.,0.,0.));
#2744=DIRECTION('center_axis',(0.,1.,0.));
#2745=DIRECTION('ref_axis',(0.,0.,1.));
#2746=DIRECTION('',(1.,0.,0.));
#2747=DIRECTION('center_axis',(0.,0.342020143325649,-0.939692620785916));
#2748=DIRECTION('ref_axis',(0.,0.939692620785916,0.342020143325649));
#2749=DIRECTION('',(1.,0.,0.));
#2750=DIRECTION('center_axis',(0.,0.342020143325648,0.939692620785916));
#2751=DIRECTION('ref_axis',(0.,-0.939692620785916,0.342020143325648));
#2752=DIRECTION('',(1.,0.,0.));
#2753=DIRECTION('',(1.,0.,0.));
#2754=DIRECTION('center_axis',(0.,1.,0.));
#2755=DIRECTION('ref_axis',(0.,0.,1.));
#2756=DIRECTION('',(1.,0.,0.));
#2757=DIRECTION('center_axis',(0.,0.342020143325649,-0.939692620785916));
#2758=DIRECTION('ref_axis',(0.,0.939692620785916,0.342020143325649));
#2759=DIRECTION('',(1.,0.,0.));
#2760=DIRECTION('center_axis',(0.,0.342020143325648,0.939692620785916));
#2761=DIRECTION('ref_axis',(0.,-0.939692620785916,0.342020143325648));
#2762=DIRECTION('',(1.,0.,0.));
#2763=DIRECTION('',(1.,0.,0.));
#2764=DIRECTION('center_axis',(0.,1.,0.));
#2765=DIRECTION('ref_axis',(0.,0.,1.));
#2766=DIRECTION('',(1.,0.,0.));
#2767=DIRECTION('center_axis',(0.,0.342020143325649,-0.939692620785916));
#2768=DIRECTION('ref_axis',(0.,0.939692620785916,0.342020143325649));
#2769=DIRECTION('',(1.,0.,0.));
#2770=DIRECTION('center_axis',(0.,0.342020143325648,0.939692620785916));
#2771=DIRECTION('ref_axis',(0.,-0.939692620785916,0.342020143325648));
#2772=DIRECTION('',(1.,0.,0.));
#2773=DIRECTION('',(1.,0.,0.));
#2774=DIRECTION('center_axis',(0.,1.,0.));
#2775=DIRECTION('ref_axis',(0.,0.,1.));
#2776=DIRECTION('',(1.,0.,0.));
#2777=DIRECTION('center_axis',(0.,0.342020143325649,-0.939692620785916));
#2778=DIRECTION('ref_axis',(0.,0.939692620785916,0.342020143325649));
#2779=DIRECTION('',(1.,0.,0.));
#2780=DIRECTION('center_axis',(0.,0.342020143325648,0.939692620785916));
#2781=DIRECTION('ref_axis',(0.,-0.939692620785916,0.342020143325648));
#2782=DIRECTION('',(1.,0.,0.));
#2783=DIRECTION('',(1.,0.,0.));
#2784=DIRECTION('center_axis',(0.,1.,0.));
#2785=DIRECTION('ref_axis',(0.,0.,1.));
#2786=DIRECTION('',(1.,0.,0.));
#2787=DIRECTION('center_axis',(0.,0.342020143325649,-0.939692620785916));
#2788=DIRECTION('ref_axis',(0.,0.939692620785916,0.342020143325649));
#2789=DIRECTION('',(1.,0.,0.));
#2790=DIRECTION('center_axis',(0.,0.342020143325648,0.939692620785916));
#2791=DIRECTION('ref_axis',(0.,-0.939692620785916,0.342020143325648));
#2792=DIRECTION('',(1.,0.,0.));
#2793=DIRECTION('',(0.323615577118167,-0.889126490716001,0.323615577118167));
#2794=DIRECTION('',(1.,0.,0.));
#2795=DIRECTION('center_axis',(0.,1.,0.));
#2796=DIRECTION('ref_axis',(0.,0.,1.));
#2797=DIRECTION('',(0.707106781186547,0.,0.707106781186548));
#2798=DIRECTION('center_axis',(0.,-1.,1.18276600634782E-16));
#2799=DIRECTION('ref_axis',(0.,-1.18276600634782E-16,-1.));
#2800=DIRECTION('',(1.,0.,0.));
#2801=DIRECTION('',(0.,1.18276600634782E-16,1.));
#2802=DIRECTION('',(-0.707106781186547,-8.36341863645478E-17,-0.707106781186548));
#2803=DIRECTION('center_axis',(-0.707106781186548,0.,0.707106781186547));
#2804=DIRECTION('ref_axis',(0.,1.,0.));
#2805=DIRECTION('',(0.707106781186547,0.,0.707106781186548));
#2806=DIRECTION('center_axis',(0.,1.,0.));
#2807=DIRECTION('ref_axis',(0.,0.,1.));
#2808=DIRECTION('',(0.707106781186547,0.,0.707106781186548));
#2809=DIRECTION('center_axis',(0.,1.,0.));
#2810=DIRECTION('ref_axis',(0.,0.,1.));
#2811=DIRECTION('center_axis',(0.,1.,0.));
#2812=DIRECTION('ref_axis',(0.,0.,1.));
#2813=DIRECTION('center_axis',(0.,1.,0.));
#2814=DIRECTION('ref_axis',(0.,0.,1.));
#2815=DIRECTION('center_axis',(0.,1.,0.));
#2816=DIRECTION('ref_axis',(0.,0.,1.));
#2817=DIRECTION('center_axis',(0.,1.,0.));
#2818=DIRECTION('ref_axis',(0.,0.,1.));
#2819=DIRECTION('center_axis',(0.,1.,0.));
#2820=DIRECTION('ref_axis',(0.,0.,1.));
#2821=DIRECTION('center_axis',(0.,1.,0.));
#2822=DIRECTION('ref_axis',(0.,0.,1.));
#2823=DIRECTION('center_axis',(0.,1.,0.));
#2824=DIRECTION('ref_axis',(0.,0.,1.));
#2825=DIRECTION('center_axis',(0.,1.,0.));
#2826=DIRECTION('ref_axis',(0.,0.,1.));
#2827=DIRECTION('center_axis',(0.,1.,0.));
#2828=DIRECTION('ref_axis',(0.,0.,1.));
#2829=DIRECTION('center_axis',(0.,1.,0.));
#2830=DIRECTION('ref_axis',(0.,0.,1.));
#2831=DIRECTION('center_axis',(0.,1.,0.));
#2832=DIRECTION('ref_axis',(0.,0.,1.));
#2833=DIRECTION('center_axis',(0.,1.,0.));
#2834=DIRECTION('ref_axis',(0.,0.,1.));
#2835=DIRECTION('center_axis',(0.,1.,0.));
#2836=DIRECTION('ref_axis',(0.,0.,1.));
#2837=DIRECTION('center_axis',(0.,1.,0.));
#2838=DIRECTION('ref_axis',(0.,0.,1.));
#2839=DIRECTION('center_axis',(0.,1.,0.));
#2840=DIRECTION('ref_axis',(0.,0.,1.));
#2841=DIRECTION('center_axis',(0.,1.,0.));
#2842=DIRECTION('ref_axis',(0.,0.,1.));
#2843=DIRECTION('center_axis',(0.,1.,0.));
#2844=DIRECTION('ref_axis',(0.,0.,1.));
#2845=DIRECTION('center_axis',(0.,1.,0.));
#2846=DIRECTION('ref_axis',(0.,0.,1.));
#2847=DIRECTION('center_axis',(0.,-1.,-1.21430643318376E-16));
#2848=DIRECTION('ref_axis',(0.,1.21430643318376E-16,-1.));
#2849=DIRECTION('',(-1.,0.,0.));
#2850=DIRECTION('',(0.,1.21430643318376E-16,-1.));
#2851=DIRECTION('',(1.,0.,0.));
#2852=DIRECTION('center_axis',(-1.,0.,0.));
#2853=DIRECTION('ref_axis',(0.,0.,1.));
#2854=DIRECTION('center_axis',(-1.,0.,0.));
#2855=DIRECTION('ref_axis',(0.,0.,1.));
#2856=DIRECTION('center_axis',(1.,0.,0.));
#2857=DIRECTION('ref_axis',(0.,0.,1.));
#2858=DIRECTION('',(0.,-0.707106781186543,-0.707106781186552));
#2859=DIRECTION('center_axis',(0.,0.707106781186552,-0.707106781186543));
#2860=DIRECTION('ref_axis',(-1.,0.,0.));
#2861=DIRECTION('',(0.577350269189629,-0.577350269189621,-0.577350269189628));
#2862=DIRECTION('center_axis',(-1.,0.,0.));
#2863=DIRECTION('ref_axis',(0.,0.,1.));
#2864=DIRECTION('center_axis',(-1.,0.,0.));
#2865=DIRECTION('ref_axis',(0.,0.,1.));
#2866=DIRECTION('center_axis',(0.707106781186562,-3.54327940524811E-14,
-0.707106781186533));
#2867=DIRECTION('ref_axis',(0.707106781186533,-4.63526841616122E-12,0.707106781186562));
#2868=DIRECTION('center_axis',(0.,-0.707106781186547,-0.707106781186548));
#2869=DIRECTION('ref_axis',(1.,0.,0.));
#2870=DIRECTION('',(-0.577350269189621,-0.577350269189629,0.577350269189628));
#2871=DIRECTION('center_axis',(0.,0.,-1.));
#2872=DIRECTION('ref_axis',(-1.,0.,0.));
#2873=DIRECTION('',(-0.707106781186548,-0.707106781186548,0.));
#2874=DIRECTION('',(1.,0.,0.));
#2875=DIRECTION('',(-0.707106781186548,0.707106781186548,0.));
#2876=DIRECTION('',(0.707106781186548,0.707106781186548,0.));
#2877=DIRECTION('',(1.,0.,0.));
#2878=DIRECTION('',(0.707106781186547,-0.707106781186547,0.));
#2879=DIRECTION('center_axis',(0.,-1.,0.));
#2880=DIRECTION('ref_axis',(0.,0.,-1.));
#2881=DIRECTION('',(1.,0.,0.));
#2882=DIRECTION('',(0.,0.,-1.));
#2883=DIRECTION('',(0.,0.,1.));
#2884=DIRECTION('center_axis',(0.,-2.06514699521048E-16,1.));
#2885=DIRECTION('ref_axis',(0.,-1.,-2.06514699521048E-16));
#2886=DIRECTION('',(-0.707106781186548,0.707106781186548,1.46027944446036E-16));
#2887=DIRECTION('',(-0.707106781186548,-0.707106781186548,-1.46027944446036E-16));
#2888=DIRECTION('',(0.707106781186548,-0.707106781186548,-1.46027944446036E-16));
#2889=DIRECTION('',(1.,0.,0.));
#2890=DIRECTION('',(0.707106781186548,0.707106781186548,1.46027944446036E-16));
#2891=DIRECTION('center_axis',(0.,1.,0.));
#2892=DIRECTION('ref_axis',(0.,0.,1.));
#2893=DIRECTION('',(0.,0.,1.));
#2894=DIRECTION('',(0.,0.,-1.));
#2895=DIRECTION('center_axis',(0.707106781186548,0.707106781186548,0.));
#2896=DIRECTION('ref_axis',(0.,0.,1.));
#2897=DIRECTION('center_axis',(0.707106781186548,-0.707106781186548,0.));
#2898=DIRECTION('ref_axis',(0.,0.,-1.));
#2899=DIRECTION('center_axis',(-0.707106781186548,0.707106781186548,0.));
#2900=DIRECTION('ref_axis',(0.,0.,1.));
#2901=DIRECTION('center_axis',(-0.707106781186548,-0.707106781186548,0.));
#2902=DIRECTION('ref_axis',(0.,0.,-1.));
#2903=DIRECTION('center_axis',(-0.707106781186552,0.707106781186543,-8.36341863645471E-17));
#2904=DIRECTION('ref_axis',(-1.84889274661175E-31,1.18276600634782E-16,
1.));
#2905=DIRECTION('center_axis',(-0.707106781186543,-0.707106781186552,0.));
#2906=DIRECTION('ref_axis',(0.,0.,1.));
#2907=DIRECTION('',(0.577350269189627,-0.577350269189619,0.577350269189632));
#2908=DIRECTION('',(0.,0.,-1.));
#2909=DIRECTION('center_axis',(0.,-1.,0.));
#2910=DIRECTION('ref_axis',(0.,0.,-1.));
#2911=DIRECTION('',(-1.,0.,1.53284759432645E-16));
#2912=DIRECTION('center_axis',(1.0838869284737E-16,0.707106781186555,0.70710678118654));
#2913=DIRECTION('ref_axis',(1.,2.71170936169723E-31,-1.53284759432644E-16));
#2914=DIRECTION('center_axis',(-0.707106781186548,0.,0.707106781186547));
#2915=DIRECTION('ref_axis',(0.707106781186547,0.,0.707106781186548));
#2916=CARTESIAN_POINT('',(0.,0.,0.));
#2917=CARTESIAN_POINT('Origin',(-2.,0.,-62.));
#2918=CARTESIAN_POINT('',(-2.,7.,-10.8));
#2919=CARTESIAN_POINT('',(-2.,7.,-4.19705627484774));
#2920=CARTESIAN_POINT('',(-2.,7.,-62.));
#2921=CARTESIAN_POINT('',(-2.,7.35,-11.15));
#2922=CARTESIAN_POINT('',(-2.,7.,-10.8));
#2923=CARTESIAN_POINT('',(-2.,7.35,-60.));
#2924=CARTESIAN_POINT('',(-2.,7.35,-62.));
#2925=CARTESIAN_POINT('',(-2.,6.2338962679253,-62.));
#2926=CARTESIAN_POINT('Origin',(-2.,5.,-60.));
#2927=CARTESIAN_POINT('',(-2.,2.2,-62.));
#2928=CARTESIAN_POINT('',(-2.,0.,-62.));
#2929=CARTESIAN_POINT('',(-2.,2.2,-61.8951464216791));
#2930=CARTESIAN_POINT('',(-2.,2.2,-61.8951464216791));
#2931=CARTESIAN_POINT('',(-2.,0.400000000000001,-61.24));
#2932=CARTESIAN_POINT('',(-2.,0.400000000000001,-61.24));
#2933=CARTESIAN_POINT('',(-2.,0.400000000000002,-60.738));
#2934=CARTESIAN_POINT('',(-2.,0.400000000000002,-62.));
#2935=CARTESIAN_POINT('',(-2.,2.2,-60.0828535783209));
#2936=CARTESIAN_POINT('',(-2.,2.2,-60.0828535783209));
#2937=CARTESIAN_POINT('',(-2.,2.2,-59.3831464216791));
#2938=CARTESIAN_POINT('',(-2.,2.2,-59.3831464216791));
#2939=CARTESIAN_POINT('',(-2.,0.400000000000001,-58.728));
#2940=CARTESIAN_POINT('',(-2.,0.400000000000001,-58.728));
#2941=CARTESIAN_POINT('',(-2.,0.400000000000002,-58.226));
#2942=CARTESIAN_POINT('',(-2.,0.400000000000002,-62.));
#2943=CARTESIAN_POINT('',(-2.,2.2,-57.5708535783209));
#2944=CARTESIAN_POINT('',(-2.,2.2,-57.5708535783209));
#2945=CARTESIAN_POINT('',(-2.,2.2,-56.8711464216791));
#2946=CARTESIAN_POINT('',(-2.,2.2,-56.8711464216791));
#2947=CARTESIAN_POINT('',(-2.,0.400000000000001,-56.216));
#2948=CARTESIAN_POINT('',(-2.,0.400000000000001,-56.216));
#2949=CARTESIAN_POINT('',(-2.,0.400000000000002,-55.714));
#2950=CARTESIAN_POINT('',(-2.,0.400000000000002,-62.));
#2951=CARTESIAN_POINT('',(-2.,2.2,-55.0588535783209));
#2952=CARTESIAN_POINT('',(-2.,2.2,-55.0588535783209));
#2953=CARTESIAN_POINT('',(-2.,2.2,-54.3591464216791));
#2954=CARTESIAN_POINT('',(-2.,2.2,-54.3591464216791));
#2955=CARTESIAN_POINT('',(-2.,0.400000000000001,-53.704));
#2956=CARTESIAN_POINT('',(-2.,0.400000000000001,-53.704));
#2957=CARTESIAN_POINT('',(-2.,0.400000000000002,-53.202));
#2958=CARTESIAN_POINT('',(-2.,0.400000000000002,-62.));
#2959=CARTESIAN_POINT('',(-2.,2.2,-52.5468535783209));
#2960=CARTESIAN_POINT('',(-2.,2.2,-52.5468535783209));
#2961=CARTESIAN_POINT('',(-2.,2.2,-51.8471464216791));
#2962=CARTESIAN_POINT('',(-2.,2.2,-51.8471464216791));
#2963=CARTESIAN_POINT('',(-2.,0.400000000000001,-51.192));
#2964=CARTESIAN_POINT('',(-2.,0.400000000000001,-51.192));
#2965=CARTESIAN_POINT('',(-2.,0.400000000000002,-50.69));
#2966=CARTESIAN_POINT('',(-2.,0.400000000000002,-62.));
#2967=CARTESIAN_POINT('',(-2.,2.2,-50.0348535783209));
#2968=CARTESIAN_POINT('',(-2.,2.2,-50.0348535783209));
#2969=CARTESIAN_POINT('',(-2.,2.2,-49.3351464216791));
#2970=CARTESIAN_POINT('',(-2.,2.2,-49.3351464216791));
#2971=CARTESIAN_POINT('',(-2.,0.400000000000001,-48.68));
#2972=CARTESIAN_POINT('',(-2.,0.400000000000001,-48.68));
#2973=CARTESIAN_POINT('',(-2.,0.400000000000002,-48.178));
#2974=CARTESIAN_POINT('',(-2.,0.400000000000002,-62.));
#2975=CARTESIAN_POINT('',(-2.,2.2,-47.5228535783209));
#2976=CARTESIAN_POINT('',(-2.,2.2,-47.5228535783209));
#2977=CARTESIAN_POINT('',(-2.,2.2,-46.8231464216791));
#2978=CARTESIAN_POINT('',(-2.,2.2,-46.8231464216791));
#2979=CARTESIAN_POINT('',(-2.,0.400000000000001,-46.168));
#2980=CARTESIAN_POINT('',(-2.,0.400000000000001,-46.168));
#2981=CARTESIAN_POINT('',(-2.,0.400000000000002,-45.666));
#2982=CARTESIAN_POINT('',(-2.,0.400000000000002,-62.));
#2983=CARTESIAN_POINT('',(-2.,2.2,-45.0108535783209));
#2984=CARTESIAN_POINT('',(-2.,2.2,-45.0108535783209));
#2985=CARTESIAN_POINT('',(-2.,2.2,-44.3111464216791));
#2986=CARTESIAN_POINT('',(-2.,2.2,-44.3111464216791));
#2987=CARTESIAN_POINT('',(-2.,0.400000000000001,-43.656));
#2988=CARTESIAN_POINT('',(-2.,0.400000000000001,-43.656));
#2989=CARTESIAN_POINT('',(-2.,0.400000000000002,-43.154));
#2990=CARTESIAN_POINT('',(-2.,0.400000000000002,-62.));
#2991=CARTESIAN_POINT('',(-2.,2.2,-42.4988535783209));
#2992=CARTESIAN_POINT('',(-2.,2.2,-42.4988535783209));
#2993=CARTESIAN_POINT('',(-2.,2.2,-41.7991464216791));
#2994=CARTESIAN_POINT('',(-2.,2.2,-41.7991464216791));
#2995=CARTESIAN_POINT('',(-2.,0.400000000000001,-41.144));
#2996=CARTESIAN_POINT('',(-2.,0.400000000000001,-41.144));
#2997=CARTESIAN_POINT('',(-2.,0.400000000000002,-40.642));
#2998=CARTESIAN_POINT('',(-2.,0.400000000000002,-62.));
#2999=CARTESIAN_POINT('',(-2.,2.2,-39.9868535783209));
#3000=CARTESIAN_POINT('',(-2.,2.2,-39.9868535783209));
#3001=CARTESIAN_POINT('',(-2.,2.2,-39.2871464216791));
#3002=CARTESIAN_POINT('',(-2.,2.2,-39.2871464216791));
#3003=CARTESIAN_POINT('',(-2.,0.400000000000001,-38.632));
#3004=CARTESIAN_POINT('',(-2.,0.400000000000001,-38.632));
#3005=CARTESIAN_POINT('',(-2.,0.400000000000002,-38.13));
#3006=CARTESIAN_POINT('',(-2.,0.400000000000002,-62.));
#3007=CARTESIAN_POINT('',(-2.,2.2,-37.4748535783209));
#3008=CARTESIAN_POINT('',(-2.,2.2,-37.4748535783209));
#3009=CARTESIAN_POINT('',(-2.,2.2,-36.7751464216791));
#3010=CARTESIAN_POINT('',(-2.,2.2,-36.7751464216791));
#3011=CARTESIAN_POINT('',(-2.,0.400000000000001,-36.12));
#3012=CARTESIAN_POINT('',(-2.,0.400000000000001,-36.12));
#3013=CARTESIAN_POINT('',(-2.,0.400000000000002,-35.618));
#3014=CARTESIAN_POINT('',(-2.,0.400000000000002,-62.));
#3015=CARTESIAN_POINT('',(-2.,2.2,-34.9628535783209));
#3016=CARTESIAN_POINT('',(-2.,2.2,-34.9628535783209));
#3017=CARTESIAN_POINT('',(-2.,2.2,-34.2631464216791));
#3018=CARTESIAN_POINT('',(-2.,2.2,-34.2631464216791));
#3019=CARTESIAN_POINT('',(-2.,0.400000000000001,-33.608));
#3020=CARTESIAN_POINT('',(-2.,0.400000000000001,-33.608));
#3021=CARTESIAN_POINT('',(-2.,0.400000000000002,-33.106));
#3022=CARTESIAN_POINT('',(-2.,0.400000000000002,-62.));
#3023=CARTESIAN_POINT('',(-2.,2.2,-32.4508535783209));
#3024=CARTESIAN_POINT('',(-2.,2.2,-32.4508535783209));
#3025=CARTESIAN_POINT('',(-2.,2.2,-31.7511464216791));
#3026=CARTESIAN_POINT('',(-2.,2.2,-31.7511464216791));
#3027=CARTESIAN_POINT('',(-2.,0.400000000000001,-31.096));
#3028=CARTESIAN_POINT('',(-2.,0.400000000000001,-31.096));
#3029=CARTESIAN_POINT('',(-2.,0.400000000000002,-30.594));
#3030=CARTESIAN_POINT('',(-2.,0.400000000000002,-62.));
#3031=CARTESIAN_POINT('',(-2.,2.2,-29.9388535783209));
#3032=CARTESIAN_POINT('',(-2.,2.2,-29.9388535783209));
#3033=CARTESIAN_POINT('',(-2.,2.2,-29.2391464216791));
#3034=CARTESIAN_POINT('',(-2.,2.2,-29.2391464216791));
#3035=CARTESIAN_POINT('',(-2.,0.400000000000001,-28.584));
#3036=CARTESIAN_POINT('',(-2.,0.400000000000001,-28.584));
#3037=CARTESIAN_POINT('',(-2.,0.400000000000002,-28.082));
#3038=CARTESIAN_POINT('',(-2.,0.400000000000002,-62.));
#3039=CARTESIAN_POINT('',(-2.,2.2,-27.4268535783209));
#3040=CARTESIAN_POINT('',(-2.,2.2,-27.4268535783209));
#3041=CARTESIAN_POINT('',(-2.,2.2,-26.7271464216791));
#3042=CARTESIAN_POINT('',(-2.,2.2,-26.7271464216791));
#3043=CARTESIAN_POINT('',(-2.,0.400000000000001,-26.072));
#3044=CARTESIAN_POINT('',(-2.,0.400000000000001,-26.072));
#3045=CARTESIAN_POINT('',(-2.,0.400000000000002,-25.57));
#3046=CARTESIAN_POINT('',(-2.,0.400000000000002,-62.));
#3047=CARTESIAN_POINT('',(-2.,2.2,-24.9148535783209));
#3048=CARTESIAN_POINT('',(-2.,2.2,-24.9148535783209));
#3049=CARTESIAN_POINT('',(-2.,2.2,-24.2151464216791));
#3050=CARTESIAN_POINT('',(-2.,2.2,-24.2151464216791));
#3051=CARTESIAN_POINT('',(-2.,0.400000000000001,-23.56));
#3052=CARTESIAN_POINT('',(-2.,0.400000000000001,-23.56));
#3053=CARTESIAN_POINT('',(-2.,0.400000000000002,-23.058));
#3054=CARTESIAN_POINT('',(-2.,0.400000000000002,-62.));
#3055=CARTESIAN_POINT('',(-2.,2.2,-22.4028535783209));
#3056=CARTESIAN_POINT('',(-2.,2.2,-22.4028535783209));
#3057=CARTESIAN_POINT('',(-2.,2.2,-21.7031464216791));
#3058=CARTESIAN_POINT('',(-2.,2.2,-21.7031464216791));
#3059=CARTESIAN_POINT('',(-2.,0.400000000000001,-21.048));
#3060=CARTESIAN_POINT('',(-2.,0.400000000000001,-21.048));
#3061=CARTESIAN_POINT('',(-2.,0.400000000000002,-20.546));
#3062=CARTESIAN_POINT('',(-2.,0.400000000000002,-62.));
#3063=CARTESIAN_POINT('',(-2.,2.2,-19.8908535783209));
#3064=CARTESIAN_POINT('',(-2.,2.2,-19.8908535783209));
#3065=CARTESIAN_POINT('',(-2.,2.2,-19.1911464216791));
#3066=CARTESIAN_POINT('',(-2.,2.2,-19.1911464216791));
#3067=CARTESIAN_POINT('',(-2.,0.400000000000001,-18.536));
#3068=CARTESIAN_POINT('',(-2.,0.400000000000001,-18.536));
#3069=CARTESIAN_POINT('',(-2.,0.400000000000002,-18.034));
#3070=CARTESIAN_POINT('',(-2.,0.400000000000002,-62.));
#3071=CARTESIAN_POINT('',(-2.,2.2,-17.3788535783209));
#3072=CARTESIAN_POINT('',(-2.,2.2,-17.3788535783209));
#3073=CARTESIAN_POINT('',(-2.,2.2,-16.6791464216791));
#3074=CARTESIAN_POINT('',(-2.,2.2,-16.6791464216791));
#3075=CARTESIAN_POINT('',(-2.,0.400000000000001,-16.024));
#3076=CARTESIAN_POINT('',(-2.,0.400000000000001,-16.024));
#3077=CARTESIAN_POINT('',(-2.,0.400000000000002,-15.522));
#3078=CARTESIAN_POINT('',(-2.,0.400000000000002,-62.));
#3079=CARTESIAN_POINT('',(-2.,2.2,-14.8668535783209));
#3080=CARTESIAN_POINT('',(-2.,2.2,-14.8668535783209));
#3081=CARTESIAN_POINT('',(-2.,2.2,-14.1671464216791));
#3082=CARTESIAN_POINT('',(-2.,2.2,-14.1671464216791));
#3083=CARTESIAN_POINT('',(-2.,0.400000000000001,-13.512));
#3084=CARTESIAN_POINT('',(-2.,0.400000000000001,-13.512));
#3085=CARTESIAN_POINT('',(-2.,0.400000000000002,-13.01));
#3086=CARTESIAN_POINT('',(-2.,0.400000000000002,-62.));
#3087=CARTESIAN_POINT('',(-2.,2.2,-12.3548535783209));
#3088=CARTESIAN_POINT('',(-2.,2.2,-12.3548535783209));
#3089=CARTESIAN_POINT('',(-2.,2.2,-11.6551464216791));
#3090=CARTESIAN_POINT('',(-2.,2.2,-11.6551464216791));
#3091=CARTESIAN_POINT('',(-2.,0.400000000000001,-11.));
#3092=CARTESIAN_POINT('',(-2.,0.400000000000001,-11.));
#3093=CARTESIAN_POINT('',(-2.,-2.,-8.6));
#3094=CARTESIAN_POINT('',(-2.,25.7,-36.3));
#3095=CARTESIAN_POINT('',(-2.,-2.,-4.19705627484774));
#3096=CARTESIAN_POINT('',(-2.,-2.00000000000001,-62.));
#3097=CARTESIAN_POINT('',(-2.,0.,-4.19705627484775));
#3098=CARTESIAN_POINT('',(-2.,-0.0999999999999877,-4.95));
#3099=CARTESIAN_POINT('',(-2.,-0.0999999999999877,-9.05));
#3100=CARTESIAN_POINT('',(-2.,-0.0999999999999872,-62.));
#3101=CARTESIAN_POINT('',(-2.,5.09999999999999,-9.05));
#3102=CARTESIAN_POINT('',(-2.,4.6,-9.05));
#3103=CARTESIAN_POINT('',(-2.,5.09999999999999,-4.95));
#3104=CARTESIAN_POINT('',(-2.,5.09999999999999,-62.));
#3105=CARTESIAN_POINT('',(-2.,4.6,-4.95));
#3106=CARTESIAN_POINT('Origin',(-2.5,7.35,-62.));
#3107=CARTESIAN_POINT('',(1.65,7.35,-11.15));
#3108=CARTESIAN_POINT('',(-5.15812092496777,7.35,-11.15));
#3109=CARTESIAN_POINT('',(1.65,7.35,-11.65));
#3110=CARTESIAN_POINT('',(1.65,7.35,-62.));
#3111=CARTESIAN_POINT('',(0.9,7.35,-11.65));
#3112=CARTESIAN_POINT('',(-2.5,7.35,-11.65));
#3113=CARTESIAN_POINT('',(0.9,7.35,-60.));
#3114=CARTESIAN_POINT('',(0.9,7.35,-62.));
#3115=CARTESIAN_POINT('',(-2.5,7.35,-60.));
#3116=CARTESIAN_POINT('Origin',(2.5,0.,-62.));
#3117=CARTESIAN_POINT('',(2.5,0.400000000000001,-61.));
#3118=CARTESIAN_POINT('',(2.5,5.12661703181367,-61.));
#3119=CARTESIAN_POINT('',(2.5,-2.,-61.));
#3120=CARTESIAN_POINT('',(2.5,5.35,-60.));
#3121=CARTESIAN_POINT('Origin',(2.5,3.,-60.));
#3122=CARTESIAN_POINT('',(2.5,5.34999999999999,-13.65));
#3123=CARTESIAN_POINT('',(2.5,5.35,-62.));
#3124=CARTESIAN_POINT('',(2.5,6.50000000000001,-12.5));
#3125=CARTESIAN_POINT('',(2.5,4.99999999999999,-14.));
#3126=CARTESIAN_POINT('',(2.5,6.50000000000001,-1.));
#3127=CARTESIAN_POINT('',(2.5,6.50000000000001,-62.));
#3128=CARTESIAN_POINT('',(2.5,-1.5,-1.));
#3129=CARTESIAN_POINT('',(2.5,0.,-1.));
#3130=CARTESIAN_POINT('',(2.5,-1.5,-9.09999999999999));
#3131=CARTESIAN_POINT('',(2.5,-1.50000000000001,-62.));
#3132=CARTESIAN_POINT('',(2.5,0.400000000000001,-11.));
#3133=CARTESIAN_POINT('',(2.5,25.7,-36.3));
#3134=CARTESIAN_POINT('',(2.5,2.2,-11.6551464216791));
#3135=CARTESIAN_POINT('',(2.5,0.400000000000001,-11.));
#3136=CARTESIAN_POINT('',(2.5,2.2,-12.3548535783209));
#3137=CARTESIAN_POINT('',(2.5,2.2,-11.6551464216791));
#3138=CARTESIAN_POINT('',(2.5,0.400000000000002,-13.01));
#3139=CARTESIAN_POINT('',(2.5,2.2,-12.3548535783209));
#3140=CARTESIAN_POINT('',(2.5,0.400000000000002,-13.512));
#3141=CARTESIAN_POINT('',(2.5,0.400000000000002,-81.2797590683318));
#3142=CARTESIAN_POINT('',(2.5,2.2,-14.1671464216791));
#3143=CARTESIAN_POINT('',(2.5,0.400000000000001,-13.512));
#3144=CARTESIAN_POINT('',(2.5,2.2,-14.8668535783209));
#3145=CARTESIAN_POINT('',(2.5,2.2,-14.1671464216791));
#3146=CARTESIAN_POINT('',(2.5,0.400000000000002,-15.522));
#3147=CARTESIAN_POINT('',(2.5,2.2,-14.8668535783209));
#3148=CARTESIAN_POINT('',(2.5,0.400000000000002,-16.024));
#3149=CARTESIAN_POINT('',(2.5,0.400000000000002,-81.2797590683318));
#3150=CARTESIAN_POINT('',(2.5,2.2,-16.6791464216791));
#3151=CARTESIAN_POINT('',(2.5,0.400000000000001,-16.024));
#3152=CARTESIAN_POINT('',(2.5,2.2,-17.3788535783209));
#3153=CARTESIAN_POINT('',(2.5,2.2,-16.6791464216791));
#3154=CARTESIAN_POINT('',(2.5,0.400000000000002,-18.034));
#3155=CARTESIAN_POINT('',(2.5,2.2,-17.3788535783209));
#3156=CARTESIAN_POINT('',(2.5,0.400000000000002,-18.536));
#3157=CARTESIAN_POINT('',(2.5,0.400000000000002,-81.2797590683318));
#3158=CARTESIAN_POINT('',(2.5,2.2,-19.1911464216791));
#3159=CARTESIAN_POINT('',(2.5,0.400000000000001,-18.536));
#3160=CARTESIAN_POINT('',(2.5,2.2,-19.8908535783209));
#3161=CARTESIAN_POINT('',(2.5,2.2,-19.1911464216791));
#3162=CARTESIAN_POINT('',(2.5,0.400000000000002,-20.546));
#3163=CARTESIAN_POINT('',(2.5,2.2,-19.8908535783209));
#3164=CARTESIAN_POINT('',(2.5,0.400000000000002,-21.048));
#3165=CARTESIAN_POINT('',(2.5,0.400000000000002,-81.2797590683318));
#3166=CARTESIAN_POINT('',(2.5,2.2,-21.7031464216791));
#3167=CARTESIAN_POINT('',(2.5,0.400000000000001,-21.048));
#3168=CARTESIAN_POINT('',(2.5,2.2,-22.4028535783209));
#3169=CARTESIAN_POINT('',(2.5,2.2,-21.7031464216791));
#3170=CARTESIAN_POINT('',(2.5,0.400000000000002,-23.058));
#3171=CARTESIAN_POINT('',(2.5,2.2,-22.4028535783209));
#3172=CARTESIAN_POINT('',(2.5,0.400000000000002,-23.56));
#3173=CARTESIAN_POINT('',(2.5,0.400000000000002,-81.2797590683318));
#3174=CARTESIAN_POINT('',(2.5,2.2,-24.2151464216791));
#3175=CARTESIAN_POINT('',(2.5,0.400000000000001,-23.56));
#3176=CARTESIAN_POINT('',(2.5,2.2,-24.9148535783209));
#3177=CARTESIAN_POINT('',(2.5,2.2,-24.2151464216791));
#3178=CARTESIAN_POINT('',(2.5,0.400000000000002,-25.57));
#3179=CARTESIAN_POINT('',(2.5,2.2,-24.9148535783209));
#3180=CARTESIAN_POINT('',(2.5,0.400000000000002,-26.072));
#3181=CARTESIAN_POINT('',(2.5,0.400000000000002,-81.2797590683318));
#3182=CARTESIAN_POINT('',(2.5,2.2,-26.7271464216791));
#3183=CARTESIAN_POINT('',(2.5,0.400000000000001,-26.072));
#3184=CARTESIAN_POINT('',(2.5,2.2,-27.4268535783209));
#3185=CARTESIAN_POINT('',(2.5,2.2,-26.7271464216791));
#3186=CARTESIAN_POINT('',(2.5,0.400000000000002,-28.082));
#3187=CARTESIAN_POINT('',(2.5,2.2,-27.4268535783209));
#3188=CARTESIAN_POINT('',(2.5,0.400000000000002,-28.584));
#3189=CARTESIAN_POINT('',(2.5,0.400000000000002,-81.2797590683318));
#3190=CARTESIAN_POINT('',(2.5,2.2,-29.2391464216791));
#3191=CARTESIAN_POINT('',(2.5,0.400000000000001,-28.584));
#3192=CARTESIAN_POINT('',(2.5,2.2,-29.9388535783209));
#3193=CARTESIAN_POINT('',(2.5,2.2,-29.2391464216791));
#3194=CARTESIAN_POINT('',(2.5,0.400000000000002,-30.594));
#3195=CARTESIAN_POINT('',(2.5,2.2,-29.9388535783209));
#3196=CARTESIAN_POINT('',(2.5,0.400000000000002,-31.096));
#3197=CARTESIAN_POINT('',(2.5,0.400000000000002,-81.2797590683318));
#3198=CARTESIAN_POINT('',(2.5,2.2,-31.7511464216791));
#3199=CARTESIAN_POINT('',(2.5,0.400000000000001,-31.096));
#3200=CARTESIAN_POINT('',(2.5,2.2,-32.4508535783209));
#3201=CARTESIAN_POINT('',(2.5,2.2,-31.7511464216791));
#3202=CARTESIAN_POINT('',(2.5,0.400000000000002,-33.106));
#3203=CARTESIAN_POINT('',(2.5,2.2,-32.4508535783209));
#3204=CARTESIAN_POINT('',(2.5,0.400000000000002,-33.608));
#3205=CARTESIAN_POINT('',(2.5,0.400000000000002,-81.2797590683318));
#3206=CARTESIAN_POINT('',(2.5,2.2,-34.2631464216791));
#3207=CARTESIAN_POINT('',(2.5,0.400000000000001,-33.608));
#3208=CARTESIAN_POINT('',(2.5,2.2,-34.9628535783209));
#3209=CARTESIAN_POINT('',(2.5,2.2,-34.2631464216791));
#3210=CARTESIAN_POINT('',(2.5,0.400000000000002,-35.618));
#3211=CARTESIAN_POINT('',(2.5,2.2,-34.9628535783209));
#3212=CARTESIAN_POINT('',(2.5,0.400000000000002,-36.12));
#3213=CARTESIAN_POINT('',(2.5,0.400000000000002,-81.2797590683318));
#3214=CARTESIAN_POINT('',(2.5,2.2,-36.7751464216791));
#3215=CARTESIAN_POINT('',(2.5,0.400000000000001,-36.12));
#3216=CARTESIAN_POINT('',(2.5,2.2,-37.4748535783209));
#3217=CARTESIAN_POINT('',(2.5,2.2,-36.7751464216791));
#3218=CARTESIAN_POINT('',(2.5,0.400000000000002,-38.13));
#3219=CARTESIAN_POINT('',(2.5,2.2,-37.4748535783209));
#3220=CARTESIAN_POINT('',(2.5,0.400000000000002,-38.632));
#3221=CARTESIAN_POINT('',(2.5,0.400000000000002,-81.2797590683318));
#3222=CARTESIAN_POINT('',(2.5,2.2,-39.2871464216791));
#3223=CARTESIAN_POINT('',(2.5,0.400000000000001,-38.632));
#3224=CARTESIAN_POINT('',(2.5,2.2,-39.9868535783209));
#3225=CARTESIAN_POINT('',(2.5,2.2,-39.2871464216791));
#3226=CARTESIAN_POINT('',(2.5,0.400000000000002,-40.642));
#3227=CARTESIAN_POINT('',(2.5,2.2,-39.9868535783209));
#3228=CARTESIAN_POINT('',(2.5,0.400000000000002,-41.144));
#3229=CARTESIAN_POINT('',(2.5,0.400000000000002,-81.2797590683318));
#3230=CARTESIAN_POINT('',(2.5,2.2,-41.7991464216791));
#3231=CARTESIAN_POINT('',(2.5,0.400000000000001,-41.144));
#3232=CARTESIAN_POINT('',(2.5,2.2,-42.4988535783209));
#3233=CARTESIAN_POINT('',(2.5,2.2,-41.7991464216791));
#3234=CARTESIAN_POINT('',(2.5,0.400000000000002,-43.154));
#3235=CARTESIAN_POINT('',(2.5,2.2,-42.4988535783209));
#3236=CARTESIAN_POINT('',(2.5,0.400000000000002,-43.656));
#3237=CARTESIAN_POINT('',(2.5,0.400000000000002,-81.2797590683318));
#3238=CARTESIAN_POINT('',(2.5,2.2,-44.3111464216791));
#3239=CARTESIAN_POINT('',(2.5,0.400000000000001,-43.656));
#3240=CARTESIAN_POINT('',(2.5,2.2,-45.0108535783209));
#3241=CARTESIAN_POINT('',(2.5,2.2,-44.3111464216791));
#3242=CARTESIAN_POINT('',(2.5,0.400000000000002,-45.666));
#3243=CARTESIAN_POINT('',(2.5,2.2,-45.0108535783209));
#3244=CARTESIAN_POINT('',(2.5,0.400000000000002,-46.168));
#3245=CARTESIAN_POINT('',(2.5,0.400000000000002,-81.2797590683318));
#3246=CARTESIAN_POINT('',(2.5,2.2,-46.8231464216791));
#3247=CARTESIAN_POINT('',(2.5,0.400000000000001,-46.168));
#3248=CARTESIAN_POINT('',(2.5,2.2,-47.5228535783209));
#3249=CARTESIAN_POINT('',(2.5,2.2,-46.8231464216791));
#3250=CARTESIAN_POINT('',(2.5,0.400000000000002,-48.178));
#3251=CARTESIAN_POINT('',(2.5,2.2,-47.5228535783209));
#3252=CARTESIAN_POINT('',(2.5,0.400000000000002,-48.68));
#3253=CARTESIAN_POINT('',(2.5,0.400000000000002,-81.2797590683318));
#3254=CARTESIAN_POINT('',(2.5,2.2,-49.3351464216791));
#3255=CARTESIAN_POINT('',(2.5,0.400000000000001,-48.68));
#3256=CARTESIAN_POINT('',(2.5,2.2,-50.0348535783209));
#3257=CARTESIAN_POINT('',(2.5,2.2,-49.3351464216791));
#3258=CARTESIAN_POINT('',(2.5,0.400000000000002,-50.69));
#3259=CARTESIAN_POINT('',(2.5,2.2,-50.0348535783209));
#3260=CARTESIAN_POINT('',(2.5,0.400000000000002,-51.192));
#3261=CARTESIAN_POINT('',(2.5,0.400000000000002,-81.2797590683318));
#3262=CARTESIAN_POINT('',(2.5,2.2,-51.8471464216791));
#3263=CARTESIAN_POINT('',(2.5,0.400000000000001,-51.192));
#3264=CARTESIAN_POINT('',(2.5,2.2,-52.5468535783209));
#3265=CARTESIAN_POINT('',(2.5,2.2,-51.8471464216791));
#3266=CARTESIAN_POINT('',(2.5,0.400000000000002,-53.202));
#3267=CARTESIAN_POINT('',(2.5,2.2,-52.5468535783209));
#3268=CARTESIAN_POINT('',(2.5,0.400000000000002,-53.704));
#3269=CARTESIAN_POINT('',(2.5,0.400000000000002,-81.2797590683318));
#3270=CARTESIAN_POINT('',(2.5,2.2,-54.3591464216791));
#3271=CARTESIAN_POINT('',(2.5,0.400000000000001,-53.704));
#3272=CARTESIAN_POINT('',(2.5,2.2,-55.0588535783209));
#3273=CARTESIAN_POINT('',(2.5,2.2,-54.3591464216791));
#3274=CARTESIAN_POINT('',(2.5,0.400000000000002,-55.714));
#3275=CARTESIAN_POINT('',(2.5,2.2,-55.0588535783209));
#3276=CARTESIAN_POINT('',(2.5,0.400000000000002,-56.216));
#3277=CARTESIAN_POINT('',(2.5,0.400000000000002,-81.2797590683318));
#3278=CARTESIAN_POINT('',(2.5,2.2,-56.8711464216791));
#3279=CARTESIAN_POINT('',(2.5,0.400000000000001,-56.216));
#3280=CARTESIAN_POINT('',(2.5,2.2,-57.5708535783209));
#3281=CARTESIAN_POINT('',(2.5,2.2,-56.8711464216791));
#3282=CARTESIAN_POINT('',(2.5,0.400000000000002,-58.226));
#3283=CARTESIAN_POINT('',(2.5,2.2,-57.5708535783209));
#3284=CARTESIAN_POINT('',(2.5,0.400000000000002,-58.728));
#3285=CARTESIAN_POINT('',(2.5,0.400000000000002,-81.2797590683318));
#3286=CARTESIAN_POINT('',(2.5,2.2,-59.3831464216791));
#3287=CARTESIAN_POINT('',(2.5,0.400000000000001,-58.728));
#3288=CARTESIAN_POINT('',(2.5,2.2,-60.0828535783209));
#3289=CARTESIAN_POINT('',(2.5,2.2,-59.3831464216791));
#3290=CARTESIAN_POINT('',(2.5,0.400000000000002,-60.738));
#3291=CARTESIAN_POINT('',(2.5,2.2,-60.0828535783209));
#3292=CARTESIAN_POINT('',(2.5,0.400000000000002,-81.2797590683318));
#3293=CARTESIAN_POINT('',(2.5,-0.599999999999994,-9.05));
#3294=CARTESIAN_POINT('',(2.5,5.6,-9.05));
#3295=CARTESIAN_POINT('',(2.5,4.6,-9.05));
#3296=CARTESIAN_POINT('',(2.5,-0.599999999999995,-4.95));
#3297=CARTESIAN_POINT('',(2.5,-0.599999999999994,-4.95));
#3298=CARTESIAN_POINT('',(2.5,5.6,-4.95));
#3299=CARTESIAN_POINT('',(2.5,4.6,-4.95));
#3300=CARTESIAN_POINT('',(2.5,5.6,-9.05));
#3301=CARTESIAN_POINT('Origin',(0.,0.,-62.));
#3302=CARTESIAN_POINT('',(1.5,2.2,-62.));
#3303=CARTESIAN_POINT('',(1.5,4.2338962679253,-62.));
#3304=CARTESIAN_POINT('',(1.5,-2.,-62.));
#3305=CARTESIAN_POINT('',(0.,2.2,-62.));
#3306=CARTESIAN_POINT('',(0.9,6.2338962679253,-62.));
#3307=CARTESIAN_POINT('',(-0.8,6.2338962679253,-62.));
#3308=CARTESIAN_POINT('',(0.9,4.2338962679253,-62.));
#3309=CARTESIAN_POINT('',(0.9,7.,-62.));
#3310=CARTESIAN_POINT('',(0.,4.2338962679253,-62.));
#3311=CARTESIAN_POINT('Origin',(0.,0.,-1.));
#3312=CARTESIAN_POINT('',(2.00000000000001,7.,-1.));
#3313=CARTESIAN_POINT('',(2.5,6.50000000000001,-1.));
#3314=CARTESIAN_POINT('',(1.19705627484773,7.,-1.));
#3315=CARTESIAN_POINT('',(0.,7.,-1.));
#3316=CARTESIAN_POINT('',(1.19705627484773,-2.,-1.));
#3317=CARTESIAN_POINT('',(1.19705627484773,0.,-1.));
#3318=CARTESIAN_POINT('',(2.00000000000001,-2.,-1.));
#3319=CARTESIAN_POINT('',(0.,-2.,-1.));
#3320=CARTESIAN_POINT('',(2.00000000000001,-2.,-1.));
#3321=CARTESIAN_POINT('Origin',(-3.5,2.2,-12.3548535783209));
#3322=CARTESIAN_POINT('',(-3.5,0.400000000000002,-13.01));
#3323=CARTESIAN_POINT('',(-3.5,2.2,-12.3548535783209));
#3324=CARTESIAN_POINT('Origin',(-3.5,2.2,-11.6551464216791));
#3325=CARTESIAN_POINT('',(-3.5,2.2,-11.6551464216791));
#3326=CARTESIAN_POINT('Origin',(-3.5,0.400000000000001,-11.));
#3327=CARTESIAN_POINT('',(-3.5,0.400000000000001,-11.));
#3328=CARTESIAN_POINT('Origin',(-3.5,2.2,-14.8668535783209));
#3329=CARTESIAN_POINT('',(-3.5,0.400000000000002,-15.522));
#3330=CARTESIAN_POINT('',(-3.5,2.2,-14.8668535783209));
#3331=CARTESIAN_POINT('Origin',(-3.5,2.2,-14.1671464216791));
#3332=CARTESIAN_POINT('',(-3.5,2.2,-14.1671464216791));
#3333=CARTESIAN_POINT('Origin',(-3.5,0.400000000000001,-13.512));
#3334=CARTESIAN_POINT('',(-3.5,0.400000000000001,-13.512));
#3335=CARTESIAN_POINT('Origin',(-3.5,2.2,-17.3788535783209));
#3336=CARTESIAN_POINT('',(-3.5,0.400000000000002,-18.034));
#3337=CARTESIAN_POINT('',(-3.5,2.2,-17.3788535783209));
#3338=CARTESIAN_POINT('Origin',(-3.5,2.2,-16.6791464216791));
#3339=CARTESIAN_POINT('',(-3.5,2.2,-16.6791464216791));
#3340=CARTESIAN_POINT('Origin',(-3.5,0.400000000000001,-16.024));
#3341=CARTESIAN_POINT('',(-3.5,0.400000000000001,-16.024));
#3342=CARTESIAN_POINT('Origin',(-3.5,2.2,-19.8908535783209));
#3343=CARTESIAN_POINT('',(-3.5,0.400000000000002,-20.546));
#3344=CARTESIAN_POINT('',(-3.5,2.2,-19.8908535783209));
#3345=CARTESIAN_POINT('Origin',(-3.5,2.2,-19.1911464216791));
#3346=CARTESIAN_POINT('',(-3.5,2.2,-19.1911464216791));
#3347=CARTESIAN_POINT('Origin',(-3.5,0.400000000000001,-18.536));
#3348=CARTESIAN_POINT('',(-3.5,0.400000000000001,-18.536));
#3349=CARTESIAN_POINT('Origin',(-3.5,2.2,-22.4028535783209));
#3350=CARTESIAN_POINT('',(-3.5,0.400000000000002,-23.058));
#3351=CARTESIAN_POINT('',(-3.5,2.2,-22.4028535783209));
#3352=CARTESIAN_POINT('Origin',(-3.5,2.2,-21.7031464216791));
#3353=CARTESIAN_POINT('',(-3.5,2.2,-21.7031464216791));
#3354=CARTESIAN_POINT('Origin',(-3.5,0.400000000000001,-21.048));
#3355=CARTESIAN_POINT('',(-3.5,0.400000000000001,-21.048));
#3356=CARTESIAN_POINT('Origin',(-2.5,0.400000000000001,-23.56));
#3357=CARTESIAN_POINT('',(-2.5,0.400000000000001,-23.56));
#3358=CARTESIAN_POINT('',(-2.5,2.2,-24.2151464216791));
#3359=CARTESIAN_POINT('Origin',(-2.5,2.2,-24.2151464216791));
#3360=CARTESIAN_POINT('',(-2.5,2.2,-24.9148535783209));
#3361=CARTESIAN_POINT('Origin',(-2.5,2.2,-24.9148535783209));
#3362=CARTESIAN_POINT('',(-2.5,0.400000000000002,-25.57));
#3363=CARTESIAN_POINT('Origin',(-2.5,0.400000000000001,-26.072));
#3364=CARTESIAN_POINT('',(-2.5,0.400000000000001,-26.072));
#3365=CARTESIAN_POINT('',(-2.5,2.2,-26.7271464216791));
#3366=CARTESIAN_POINT('Origin',(-2.5,2.2,-26.7271464216791));
#3367=CARTESIAN_POINT('',(-2.5,2.2,-27.4268535783209));
#3368=CARTESIAN_POINT('Origin',(-2.5,2.2,-27.4268535783209));
#3369=CARTESIAN_POINT('',(-2.5,0.400000000000002,-28.082));
#3370=CARTESIAN_POINT('Origin',(-2.5,0.400000000000001,-28.584));
#3371=CARTESIAN_POINT('',(-2.5,0.400000000000001,-28.584));
#3372=CARTESIAN_POINT('',(-2.5,2.2,-29.2391464216791));
#3373=CARTESIAN_POINT('Origin',(-2.5,2.2,-29.2391464216791));
#3374=CARTESIAN_POINT('',(-2.5,2.2,-29.9388535783209));
#3375=CARTESIAN_POINT('Origin',(-2.5,2.2,-29.9388535783209));
#3376=CARTESIAN_POINT('',(-2.5,0.400000000000002,-30.594));
#3377=CARTESIAN_POINT('Origin',(-2.5,0.400000000000001,-31.096));
#3378=CARTESIAN_POINT('',(-2.5,0.400000000000001,-31.096));
#3379=CARTESIAN_POINT('',(-2.5,2.2,-31.7511464216791));
#3380=CARTESIAN_POINT('Origin',(-2.5,2.2,-31.7511464216791));
#3381=CARTESIAN_POINT('',(-2.5,2.2,-32.4508535783209));
#3382=CARTESIAN_POINT('Origin',(-2.5,2.2,-32.4508535783209));
#3383=CARTESIAN_POINT('',(-2.5,0.400000000000002,-33.106));
#3384=CARTESIAN_POINT('Origin',(-2.5,0.400000000000001,-33.608));
#3385=CARTESIAN_POINT('',(-2.5,0.400000000000001,-33.608));
#3386=CARTESIAN_POINT('',(-2.5,2.2,-34.2631464216791));
#3387=CARTESIAN_POINT('Origin',(-2.5,2.2,-34.2631464216791));
#3388=CARTESIAN_POINT('',(-2.5,2.2,-34.9628535783209));
#3389=CARTESIAN_POINT('Origin',(-2.5,2.2,-34.9628535783209));
#3390=CARTESIAN_POINT('',(-2.5,0.400000000000002,-35.618));
#3391=CARTESIAN_POINT('Origin',(-2.5,0.400000000000001,-36.12));
#3392=CARTESIAN_POINT('',(-2.5,0.400000000000001,-36.12));
#3393=CARTESIAN_POINT('',(-2.5,2.2,-36.7751464216791));
#3394=CARTESIAN_POINT('Origin',(-2.5,2.2,-36.7751464216791));
#3395=CARTESIAN_POINT('',(-2.5,2.2,-37.4748535783209));
#3396=CARTESIAN_POINT('Origin',(-2.5,2.2,-37.4748535783209));
#3397=CARTESIAN_POINT('',(-2.5,0.400000000000002,-38.13));
#3398=CARTESIAN_POINT('Origin',(-2.5,0.400000000000001,-38.632));
#3399=CARTESIAN_POINT('',(-2.5,0.400000000000001,-38.632));
#3400=CARTESIAN_POINT('',(-2.5,2.2,-39.2871464216791));
#3401=CARTESIAN_POINT('Origin',(-2.5,2.2,-39.2871464216791));
#3402=CARTESIAN_POINT('',(-2.5,2.2,-39.9868535783209));
#3403=CARTESIAN_POINT('Origin',(-2.5,2.2,-39.9868535783209));
#3404=CARTESIAN_POINT('',(-2.5,0.400000000000002,-40.642));
#3405=CARTESIAN_POINT('Origin',(-2.5,0.400000000000001,-41.144));
#3406=CARTESIAN_POINT('',(-2.5,0.400000000000001,-41.144));
#3407=CARTESIAN_POINT('',(-2.5,2.2,-41.7991464216791));
#3408=CARTESIAN_POINT('Origin',(-2.5,2.2,-41.7991464216791));
#3409=CARTESIAN_POINT('',(-2.5,2.2,-42.4988535783209));
#3410=CARTESIAN_POINT('Origin',(-2.5,2.2,-42.4988535783209));
#3411=CARTESIAN_POINT('',(-2.5,0.400000000000002,-43.154));
#3412=CARTESIAN_POINT('Origin',(-2.5,0.400000000000001,-43.656));
#3413=CARTESIAN_POINT('',(-2.5,0.400000000000001,-43.656));
#3414=CARTESIAN_POINT('',(-2.5,2.2,-44.3111464216791));
#3415=CARTESIAN_POINT('Origin',(-2.5,2.2,-44.3111464216791));
#3416=CARTESIAN_POINT('',(-2.5,2.2,-45.0108535783209));
#3417=CARTESIAN_POINT('Origin',(-2.5,2.2,-45.0108535783209));
#3418=CARTESIAN_POINT('',(-2.5,0.400000000000002,-45.666));
#3419=CARTESIAN_POINT('Origin',(-2.5,0.400000000000001,-46.168));
#3420=CARTESIAN_POINT('',(-2.5,0.400000000000001,-46.168));
#3421=CARTESIAN_POINT('',(-2.5,2.2,-46.8231464216791));
#3422=CARTESIAN_POINT('Origin',(-2.5,2.2,-46.8231464216791));
#3423=CARTESIAN_POINT('',(-2.5,2.2,-47.5228535783209));
#3424=CARTESIAN_POINT('Origin',(-2.5,2.2,-47.5228535783209));
#3425=CARTESIAN_POINT('',(-2.5,0.400000000000002,-48.178));
#3426=CARTESIAN_POINT('Origin',(-2.5,0.400000000000001,-48.68));
#3427=CARTESIAN_POINT('',(-2.5,0.400000000000001,-48.68));
#3428=CARTESIAN_POINT('',(-2.5,2.2,-49.3351464216791));
#3429=CARTESIAN_POINT('Origin',(-2.5,2.2,-49.3351464216791));
#3430=CARTESIAN_POINT('',(-2.5,2.2,-50.0348535783209));
#3431=CARTESIAN_POINT('Origin',(-2.5,2.2,-50.0348535783209));
#3432=CARTESIAN_POINT('',(-2.5,0.400000000000002,-50.69));
#3433=CARTESIAN_POINT('Origin',(-2.5,0.400000000000001,-51.192));
#3434=CARTESIAN_POINT('',(-2.5,0.400000000000001,-51.192));
#3435=CARTESIAN_POINT('',(-2.5,2.2,-51.8471464216791));
#3436=CARTESIAN_POINT('Origin',(-2.5,2.2,-51.8471464216791));
#3437=CARTESIAN_POINT('',(-2.5,2.2,-52.5468535783209));
#3438=CARTESIAN_POINT('Origin',(-2.5,2.2,-52.5468535783209));
#3439=CARTESIAN_POINT('',(-2.5,0.400000000000002,-53.202));
#3440=CARTESIAN_POINT('Origin',(-2.5,0.400000000000001,-53.704));
#3441=CARTESIAN_POINT('',(-2.5,0.400000000000001,-53.704));
#3442=CARTESIAN_POINT('',(-2.5,2.2,-54.3591464216791));
#3443=CARTESIAN_POINT('Origin',(-2.5,2.2,-54.3591464216791));
#3444=CARTESIAN_POINT('',(-2.5,2.2,-55.0588535783209));
#3445=CARTESIAN_POINT('Origin',(-2.5,2.2,-55.0588535783209));
#3446=CARTESIAN_POINT('',(-2.5,0.400000000000002,-55.714));
#3447=CARTESIAN_POINT('Origin',(-2.5,0.400000000000001,-56.216));
#3448=CARTESIAN_POINT('',(-2.5,0.400000000000001,-56.216));
#3449=CARTESIAN_POINT('',(-2.5,2.2,-56.8711464216791));
#3450=CARTESIAN_POINT('Origin',(-2.5,2.2,-56.8711464216791));
#3451=CARTESIAN_POINT('',(-2.5,2.2,-57.5708535783209));
#3452=CARTESIAN_POINT('Origin',(-2.5,2.2,-57.5708535783209));
#3453=CARTESIAN_POINT('',(-2.5,0.400000000000002,-58.226));
#3454=CARTESIAN_POINT('Origin',(-2.5,0.400000000000001,-58.728));
#3455=CARTESIAN_POINT('',(-2.5,0.400000000000001,-58.728));
#3456=CARTESIAN_POINT('',(-2.5,2.2,-59.3831464216791));
#3457=CARTESIAN_POINT('Origin',(-2.5,2.2,-59.3831464216791));
#3458=CARTESIAN_POINT('',(-2.5,2.2,-60.0828535783209));
#3459=CARTESIAN_POINT('Origin',(-2.5,2.2,-60.0828535783209));
#3460=CARTESIAN_POINT('',(-2.5,0.400000000000002,-60.738));
#3461=CARTESIAN_POINT('Origin',(-2.5,0.400000000000001,-61.24));
#3462=CARTESIAN_POINT('',(1.60485357832088,2.2,-61.8951464216791));
#3463=CARTESIAN_POINT('',(-2.5,2.2,-61.8951464216791));
#3464=CARTESIAN_POINT('',(2.26,0.400000000000002,-61.24));
#3465=CARTESIAN_POINT('',(1.76149928125322,1.76961946833876,-61.7385007187468));
#3466=CARTESIAN_POINT('',(-2.5,0.400000000000001,-61.24));
#3467=CARTESIAN_POINT('Origin',(-2.5,2.2,-61.8951464216791));
#3468=CARTESIAN_POINT('',(-0.447573210839559,2.2,-63.9475732108396));
#3469=CARTESIAN_POINT('Origin',(2.5,-2.,2.40741280549518E-16));
#3470=CARTESIAN_POINT('',(2.00000000000001,-2.,-8.6));
#3471=CARTESIAN_POINT('',(2.5,-2.,-8.6));
#3472=CARTESIAN_POINT('',(2.00000000000001,-2.,2.40741280549518E-16));
#3473=CARTESIAN_POINT('',(2.34852813742386,-2.,0.151471862576136));
#3474=CARTESIAN_POINT('Origin',(1.34852813742387,0.,-0.848528137423856));
#3475=CARTESIAN_POINT('',(1.34852813742387,7.,-0.848528137423856));
#3476=CARTESIAN_POINT('Origin',(2.5,0.400000000000002,-81.2797590683318));
#3477=CARTESIAN_POINT('',(-7.63987953416588,0.400000000000002,-71.1398795341659));
#3478=CARTESIAN_POINT('Origin',(2.5,0.400000000000002,-81.2797590683318));
#3479=CARTESIAN_POINT('Origin',(2.5,0.400000000000002,-81.2797590683318));
#3480=CARTESIAN_POINT('Origin',(2.5,0.400000000000002,-81.2797590683318));
#3481=CARTESIAN_POINT('Origin',(2.5,0.400000000000002,-81.2797590683318));
#3482=CARTESIAN_POINT('Origin',(2.5,0.400000000000002,-81.2797590683318));
#3483=CARTESIAN_POINT('Origin',(2.5,0.400000000000002,-81.2797590683318));
#3484=CARTESIAN_POINT('Origin',(2.5,0.400000000000002,-81.2797590683318));
#3485=CARTESIAN_POINT('Origin',(2.5,0.400000000000002,-81.2797590683318));
#3486=CARTESIAN_POINT('Origin',(2.5,0.400000000000002,-81.2797590683318));
#3487=CARTESIAN_POINT('Origin',(2.5,0.400000000000002,-81.2797590683318));
#3488=CARTESIAN_POINT('Origin',(2.5,0.400000000000002,-81.2797590683318));
#3489=CARTESIAN_POINT('Origin',(2.5,0.400000000000002,-81.2797590683318));
#3490=CARTESIAN_POINT('Origin',(2.5,0.400000000000002,-81.2797590683318));
#3491=CARTESIAN_POINT('Origin',(2.5,0.400000000000002,-81.2797590683318));
#3492=CARTESIAN_POINT('Origin',(2.5,0.400000000000002,-81.2797590683318));
#3493=CARTESIAN_POINT('Origin',(2.5,0.400000000000002,-81.2797590683318));
#3494=CARTESIAN_POINT('Origin',(2.5,0.400000000000002,-81.2797590683318));
#3495=CARTESIAN_POINT('Origin',(2.5,0.400000000000002,-81.2797590683318));
#3496=CARTESIAN_POINT('Origin',(2.5,0.400000000000002,-81.2797590683318));
#3497=CARTESIAN_POINT('Origin',(0.9,5.35,-62.));
#3498=CARTESIAN_POINT('',(0.9,5.35,-60.));
#3499=CARTESIAN_POINT('',(0.9,5.35,-60.));
#3500=CARTESIAN_POINT('',(0.9,5.34999999999999,-13.65));
#3501=CARTESIAN_POINT('',(0.9,5.35,-62.));
#3502=CARTESIAN_POINT('',(0.9,5.34999999999999,-13.65));
#3503=CARTESIAN_POINT('Origin',(0.9,0.,0.));
#3504=CARTESIAN_POINT('Origin',(0.9,3.,-60.));
#3505=CARTESIAN_POINT('Origin',(0.9,5.,-60.));
#3506=CARTESIAN_POINT('',(0.9,4.99999999999999,-14.));
#3507=CARTESIAN_POINT('Origin',(0.9,4.99999999999999,-14.));
#3508=CARTESIAN_POINT('',(19.0000000000001,-9.9999999999999,-29.0000000000001));
#3509=CARTESIAN_POINT('Origin',(-2.5,5.,-60.));
#3510=CARTESIAN_POINT('Origin',(0.,3.,-60.));
#3511=CARTESIAN_POINT('Origin',(3.50000000000978,2.9999999999884,-59.9999999999901));
#3512=CARTESIAN_POINT('Origin',(-3.5,0.400000000000001,-11.));
#3513=CARTESIAN_POINT('',(1.7666666666667,-2.23333333333331,-8.36666666666668));
#3514=CARTESIAN_POINT('Origin',(-2.5,4.6,-9.05));
#3515=CARTESIAN_POINT('',(1.50000000000001,4.6,-9.05));
#3516=CARTESIAN_POINT('',(-0.499999999999997,2.6,-9.05));
#3517=CARTESIAN_POINT('',(-1.50000000000001,4.6,-9.05));
#3518=CARTESIAN_POINT('',(-2.5,4.6,-9.05));
#3519=CARTESIAN_POINT('',(-2.,5.1,-9.05));
#3520=CARTESIAN_POINT('',(-1.50000000000001,0.4,-9.05));
#3521=CARTESIAN_POINT('',(0.0999999999999938,2.00000000000001,-9.05));
#3522=CARTESIAN_POINT('',(1.50000000000001,0.4,-9.05));
#3523=CARTESIAN_POINT('',(-2.5,0.4,-9.05));
#3524=CARTESIAN_POINT('',(-2.6,4.5,-9.05));
#3525=CARTESIAN_POINT('Origin',(-2.5,0.4,-4.95));
#3526=CARTESIAN_POINT('',(-1.50000000000001,0.4,-4.95));
#3527=CARTESIAN_POINT('',(1.50000000000001,0.4,-4.95));
#3528=CARTESIAN_POINT('',(-2.5,0.4,-4.95));
#3529=CARTESIAN_POINT('',(1.50000000000001,0.4,-9.05));
#3530=CARTESIAN_POINT('',(-1.50000000000001,0.4,-4.95));
#3531=CARTESIAN_POINT('Origin',(-2.5,4.6,-4.95));
#3532=CARTESIAN_POINT('',(-2.6,4.5,-4.95));
#3533=CARTESIAN_POINT('',(0.0999999999999938,2.00000000000001,-4.95));
#3534=CARTESIAN_POINT('',(-1.50000000000001,4.6,-4.95));
#3535=CARTESIAN_POINT('',(-2.,5.1,-4.95));
#3536=CARTESIAN_POINT('',(1.50000000000001,4.6,-4.95));
#3537=CARTESIAN_POINT('',(-2.5,4.6,-4.95));
#3538=CARTESIAN_POINT('',(-0.499999999999997,2.6,-4.95));
#3539=CARTESIAN_POINT('Origin',(-2.5,4.6,-4.95));
#3540=CARTESIAN_POINT('',(1.50000000000001,4.6,-4.95));
#3541=CARTESIAN_POINT('',(-1.50000000000001,4.6,-9.05));
#3542=CARTESIAN_POINT('Origin',(1.50000000000001,0.4,-4.95));
#3543=CARTESIAN_POINT('Origin',(1.50000000000001,4.6,-4.95));
#3544=CARTESIAN_POINT('Origin',(-2.5,-0.599999999999987,-62.));
#3545=CARTESIAN_POINT('Origin',(-2.5,5.6,-62.));
#3546=CARTESIAN_POINT('Origin',(2.00000000000001,-2.,2.40741280549518E-16));
#3547=CARTESIAN_POINT('Origin',(2.5,6.50000000000001,-62.));
#3548=CARTESIAN_POINT('',(2.00000000000001,7.,-10.8));
#3549=CARTESIAN_POINT('',(1.33333333333334,7.66666666666666,-11.4666666666667));
#3550=CARTESIAN_POINT('',(2.00000000000001,7.,-62.));
#3551=CARTESIAN_POINT('Origin',(0.,7.,0.));
#3552=CARTESIAN_POINT('',(-2.5,7.,-10.8));
#3553=CARTESIAN_POINT('Origin',(-1.65547540187256E-15,7.,-10.8));
#3554=CARTESIAN_POINT('Origin',(2.5,-2.,-61.));
#3555=UNCERTAINTY_MEASURE_WITH_UNIT(LENGTH_MEASURE(0.01),#3559,
'DISTANCE_ACCURACY_VALUE',
'Maximum model space distance between geometric entities at asserted c
onnectivities');
#3556=UNCERTAINTY_MEASURE_WITH_UNIT(LENGTH_MEASURE(0.01),#3559,
'DISTANCE_ACCURACY_VALUE',
'Maximum model space distance between geometric entities at asserted c
onnectivities');
#3557=(
GEOMETRIC_REPRESENTATION_CONTEXT(3)
GLOBAL_UNCERTAINTY_ASSIGNED_CONTEXT((#3555))
GLOBAL_UNIT_ASSIGNED_CONTEXT((#3559,#3561,#3562))
REPRESENTATION_CONTEXT('','3D')
);
#3558=(
GEOMETRIC_REPRESENTATION_CONTEXT(3)
GLOBAL_UNCERTAINTY_ASSIGNED_CONTEXT((#3556))
GLOBAL_UNIT_ASSIGNED_CONTEXT((#3559,#3561,#3562))
REPRESENTATION_CONTEXT('','3D')
);
#3559=(
LENGTH_UNIT()
NAMED_UNIT(*)
SI_UNIT(.MILLI.,.METRE.)
);
#3560=(
LENGTH_UNIT()
NAMED_UNIT(*)
SI_UNIT($,.METRE.)
);
#3561=(
NAMED_UNIT(*)
PLANE_ANGLE_UNIT()
SI_UNIT($,.RADIAN.)
);
#3562=(
NAMED_UNIT(*)
SI_UNIT($,.STERADIAN.)
SOLID_ANGLE_UNIT()
);
#3563=SHAPE_DEFINITION_REPRESENTATION(#3564,#3565);
#3564=PRODUCT_DEFINITION_SHAPE('',$,#3567);
#3565=SHAPE_REPRESENTATION('',(#2261),#3557);
#3566=PRODUCT_DEFINITION_CONTEXT('part definition',#3571,'design');
#3567=PRODUCT_DEFINITION('2026-07-27-14-21-58-628','\X2\D1B1B2C8\X0\',#3568,
#3566);
#3568=PRODUCT_DEFINITION_FORMATION('',$,#3573);
#3569=PRODUCT_RELATED_PRODUCT_CATEGORY('\X2\D1B1B2C8\X0\','\X2\D1B1B2C8\X0\',
(#3573));
#3570=APPLICATION_PROTOCOL_DEFINITION('international standard',
'automotive_design',2009,#3571);
#3571=APPLICATION_CONTEXT(
'Core Data for Automotive Mechanical Design Process');
#3572=PRODUCT_CONTEXT('part definition',#3571,'mechanical');
#3573=PRODUCT('2026-07-27-14-21-58-628','\X2\D1B1B2C8\X0\',$,(#3572));
#3574=PRESENTATION_STYLE_ASSIGNMENT((#3576));
#3575=PRESENTATION_STYLE_ASSIGNMENT((#3577));
#3576=SURFACE_STYLE_USAGE(.BOTH.,#3578);
#3577=SURFACE_STYLE_USAGE(.BOTH.,#3579);
#3578=SURFACE_SIDE_STYLE('',(#3580));
#3579=SURFACE_SIDE_STYLE('',(#3581));
#3580=SURFACE_STYLE_FILL_AREA(#3582);
#3581=SURFACE_STYLE_FILL_AREA(#3583);
#3582=FILL_AREA_STYLE('\X2\AC15CCA0\X0\ - \X2\C0C8D2F4\X0\',(#3584));
#3583=FILL_AREA_STYLE('Opaque(255,255,255)',(#3585));
#3584=FILL_AREA_STYLE_COLOUR('\X2\AC15CCA0\X0\ - \X2\C0C8D2F4\X0\',#3586);
#3585=FILL_AREA_STYLE_COLOUR('Opaque(255,255,255)',#3587);
#3586=COLOUR_RGB('\X2\AC15CCA0\X0\ - \X2\C0C8D2F4\X0\',0.627450980392157,
0.627450980392157,0.627450980392157);
#3587=COLOUR_RGB('Opaque(255,255,255)',1.,1.,1.);
ENDSEC;
END-ISO-10303-21;
