ISO-10303-21;
HEADER;
/* Generated by software containing ST-Developer
 * from STEP Tools, Inc. (www.steptools.com) 
 */

FILE_DESCRIPTION(
/* description */ ('NOT SPECIFIED'),
/* implementation_level */ '2;1');

FILE_NAME(
/* name */ 'spur_gear.step',
/* time_stamp */ '2026-07-27T14:21:29+09:00',
/* author */ (''),
/* organization */ (''),
/* preprocessor_version */ 'ST-DEVELOPER v20.1',
/* originating_system */ 'Autodesk Translation Framework v15.8.0.0',
/* authorisation */ '');

FILE_SCHEMA (('AUTOMOTIVE_DESIGN { 1 0 10303 214 3 1 1 }'));
ENDSEC;

DATA;
#10=MECHANICAL_DESIGN_GEOMETRIC_PRESENTATION_REPRESENTATION('',(#13),#4895);
#11=SHAPE_REPRESENTATION_RELATIONSHIP('SRR','None',#4902,#12);
#12=ADVANCED_BREP_SHAPE_REPRESENTATION('',(#14),#4894);
#13=STYLED_ITEM('',(#4912),#14);
#14=MANIFOLD_SOLID_BREP('\X2\BCF8CCB4\X0\1',#2680);
#15=TOROIDAL_SURFACE('',#3068,3.225517716643,0.5);
#16=TOROIDAL_SURFACE('',#3075,4.315983287422,0.5);
#17=CONICAL_SURFACE('',#2996,7.9,0.785398163397448);
#18=CONICAL_SURFACE('',#3001,2.9,0.785398163397448);
#19=CONICAL_SURFACE('',#3023,7.9,0.785398163397448);
#20=CONICAL_SURFACE('',#3034,7.9,0.785398163397448);
#21=CONICAL_SURFACE('',#3037,7.9,0.785398163397448);
#22=CONICAL_SURFACE('',#3041,7.9,0.785398163397448);
#23=CONICAL_SURFACE('',#3046,7.9,0.785398163397448);
#24=CONICAL_SURFACE('',#3064,2.649994572784,0.785396139547507);
#25=CONICAL_SURFACE('',#3072,3.770750501967,0.0523598775598299);
#26=CONICAL_SURFACE('',#3082,0.225,0.785398163397448);
#27=CONICAL_SURFACE('',#3089,0.225,0.785398163397448);
#28=B_SPLINE_CURVE_WITH_KNOTS('',3,(#4166,#4167,#4168,#4169,#4170,#4171,
#4172,#4173,#4174,#4175,#4176,#4177,#4178,#4179,#4180,#4181),
 .UNSPECIFIED.,.F.,.F.,(4,2,2,2,2,2,2,4),(0.221669923300755,0.226013282311035,
0.339019900249161,0.452026518187288,0.565032678424006,0.678038838660723,
0.791045027464047,0.904051216267371),.UNSPECIFIED.);
#29=B_SPLINE_CURVE_WITH_KNOTS('',3,(#4184,#4185,#4186,#4187,#4188,#4189),
 .UNSPECIFIED.,.F.,.F.,(4,2,4),(0.904051216267371,1.01705786250776,1.12460956260752),
 .UNSPECIFIED.);
#30=FACE_BOUND('',#218,.T.);
#31=FACE_BOUND('',#238,.T.);
#32=FACE_BOUND('',#301,.T.);
#33=FACE_BOUND('',#317,.T.);
#34=FACE_BOUND('',#318,.T.);
#35=FACE_BOUND('',#319,.T.);
#36=FACE_BOUND('',#320,.T.);
#37=FACE_BOUND('',#321,.T.);
#38=FACE_BOUND('',#340,.T.);
#39=FACE_BOUND('',#344,.T.);
#40=FACE_BOUND('',#348,.T.);
#41=PLANE('',#2715);
#42=PLANE('',#2718);
#43=PLANE('',#2726);
#44=PLANE('',#2730);
#45=PLANE('',#2790);
#46=PLANE('',#2979);
#47=PLANE('',#2981);
#48=PLANE('',#2982);
#49=PLANE('',#2983);
#50=PLANE('',#2984);
#51=PLANE('',#2985);
#52=PLANE('',#2990);
#53=PLANE('',#2991);
#54=PLANE('',#3006);
#55=PLANE('',#3007);
#56=PLANE('',#3011);
#57=PLANE('',#3015);
#58=PLANE('',#3016);
#59=PLANE('',#3027);
#60=PLANE('',#3028);
#61=PLANE('',#3030);
#62=PLANE('',#3036);
#63=PLANE('',#3038);
#64=PLANE('',#3039);
#65=PLANE('',#3043);
#66=PLANE('',#3047);
#67=PLANE('',#3050);
#68=PLANE('',#3054);
#69=PLANE('',#3055);
#70=PLANE('',#3056);
#71=PLANE('',#3066);
#72=PLANE('',#3077);
#73=PLANE('',#3081);
#74=PLANE('',#3085);
#75=PLANE('',#3086);
#76=FACE_OUTER_BOUND('',#214,.T.);
#77=FACE_OUTER_BOUND('',#215,.T.);
#78=FACE_OUTER_BOUND('',#216,.T.);
#79=FACE_OUTER_BOUND('',#217,.T.);
#80=FACE_OUTER_BOUND('',#219,.T.);
#81=FACE_OUTER_BOUND('',#220,.T.);
#82=FACE_OUTER_BOUND('',#221,.T.);
#83=FACE_OUTER_BOUND('',#222,.T.);
#84=FACE_OUTER_BOUND('',#223,.T.);
#85=FACE_OUTER_BOUND('',#224,.T.);
#86=FACE_OUTER_BOUND('',#225,.T.);
#87=FACE_OUTER_BOUND('',#226,.T.);
#88=FACE_OUTER_BOUND('',#227,.T.);
#89=FACE_OUTER_BOUND('',#228,.T.);
#90=FACE_OUTER_BOUND('',#229,.T.);
#91=FACE_OUTER_BOUND('',#230,.T.);
#92=FACE_OUTER_BOUND('',#231,.T.);
#93=FACE_OUTER_BOUND('',#232,.T.);
#94=FACE_OUTER_BOUND('',#233,.T.);
#95=FACE_OUTER_BOUND('',#234,.T.);
#96=FACE_OUTER_BOUND('',#235,.T.);
#97=FACE_OUTER_BOUND('',#236,.T.);
#98=FACE_OUTER_BOUND('',#237,.T.);
#99=FACE_OUTER_BOUND('',#239,.T.);
#100=FACE_OUTER_BOUND('',#240,.T.);
#101=FACE_OUTER_BOUND('',#241,.T.);
#102=FACE_OUTER_BOUND('',#242,.T.);
#103=FACE_OUTER_BOUND('',#243,.T.);
#104=FACE_OUTER_BOUND('',#244,.T.);
#105=FACE_OUTER_BOUND('',#245,.T.);
#106=FACE_OUTER_BOUND('',#246,.T.);
#107=FACE_OUTER_BOUND('',#247,.T.);
#108=FACE_OUTER_BOUND('',#248,.T.);
#109=FACE_OUTER_BOUND('',#249,.T.);
#110=FACE_OUTER_BOUND('',#250,.T.);
#111=FACE_OUTER_BOUND('',#251,.T.);
#112=FACE_OUTER_BOUND('',#252,.T.);
#113=FACE_OUTER_BOUND('',#253,.T.);
#114=FACE_OUTER_BOUND('',#254,.T.);
#115=FACE_OUTER_BOUND('',#255,.T.);
#116=FACE_OUTER_BOUND('',#256,.T.);
#117=FACE_OUTER_BOUND('',#257,.T.);
#118=FACE_OUTER_BOUND('',#258,.T.);
#119=FACE_OUTER_BOUND('',#259,.T.);
#120=FACE_OUTER_BOUND('',#260,.T.);
#121=FACE_OUTER_BOUND('',#261,.T.);
#122=FACE_OUTER_BOUND('',#262,.T.);
#123=FACE_OUTER_BOUND('',#263,.T.);
#124=FACE_OUTER_BOUND('',#264,.T.);
#125=FACE_OUTER_BOUND('',#265,.T.);
#126=FACE_OUTER_BOUND('',#266,.T.);
#127=FACE_OUTER_BOUND('',#267,.T.);
#128=FACE_OUTER_BOUND('',#268,.T.);
#129=FACE_OUTER_BOUND('',#269,.T.);
#130=FACE_OUTER_BOUND('',#270,.T.);
#131=FACE_OUTER_BOUND('',#271,.T.);
#132=FACE_OUTER_BOUND('',#272,.T.);
#133=FACE_OUTER_BOUND('',#273,.T.);
#134=FACE_OUTER_BOUND('',#274,.T.);
#135=FACE_OUTER_BOUND('',#275,.T.);
#136=FACE_OUTER_BOUND('',#276,.T.);
#137=FACE_OUTER_BOUND('',#277,.T.);
#138=FACE_OUTER_BOUND('',#278,.T.);
#139=FACE_OUTER_BOUND('',#279,.T.);
#140=FACE_OUTER_BOUND('',#280,.T.);
#141=FACE_OUTER_BOUND('',#281,.T.);
#142=FACE_OUTER_BOUND('',#282,.T.);
#143=FACE_OUTER_BOUND('',#283,.T.);
#144=FACE_OUTER_BOUND('',#284,.T.);
#145=FACE_OUTER_BOUND('',#285,.T.);
#146=FACE_OUTER_BOUND('',#286,.T.);
#147=FACE_OUTER_BOUND('',#287,.T.);
#148=FACE_OUTER_BOUND('',#288,.T.);
#149=FACE_OUTER_BOUND('',#289,.T.);
#150=FACE_OUTER_BOUND('',#290,.T.);
#151=FACE_OUTER_BOUND('',#291,.T.);
#152=FACE_OUTER_BOUND('',#292,.T.);
#153=FACE_OUTER_BOUND('',#293,.T.);
#154=FACE_OUTER_BOUND('',#294,.T.);
#155=FACE_OUTER_BOUND('',#295,.T.);
#156=FACE_OUTER_BOUND('',#296,.T.);
#157=FACE_OUTER_BOUND('',#297,.T.);
#158=FACE_OUTER_BOUND('',#298,.T.);
#159=FACE_OUTER_BOUND('',#299,.T.);
#160=FACE_OUTER_BOUND('',#300,.T.);
#161=FACE_OUTER_BOUND('',#302,.T.);
#162=FACE_OUTER_BOUND('',#303,.T.);
#163=FACE_OUTER_BOUND('',#304,.T.);
#164=FACE_OUTER_BOUND('',#305,.T.);
#165=FACE_OUTER_BOUND('',#306,.T.);
#166=FACE_OUTER_BOUND('',#307,.T.);
#167=FACE_OUTER_BOUND('',#308,.T.);
#168=FACE_OUTER_BOUND('',#309,.T.);
#169=FACE_OUTER_BOUND('',#310,.T.);
#170=FACE_OUTER_BOUND('',#311,.T.);
#171=FACE_OUTER_BOUND('',#312,.T.);
#172=FACE_OUTER_BOUND('',#313,.T.);
#173=FACE_OUTER_BOUND('',#314,.T.);
#174=FACE_OUTER_BOUND('',#315,.T.);
#175=FACE_OUTER_BOUND('',#316,.T.);
#176=FACE_OUTER_BOUND('',#322,.T.);
#177=FACE_OUTER_BOUND('',#323,.T.);
#178=FACE_OUTER_BOUND('',#324,.T.);
#179=FACE_OUTER_BOUND('',#325,.T.);
#180=FACE_OUTER_BOUND('',#326,.T.);
#181=FACE_OUTER_BOUND('',#327,.T.);
#182=FACE_OUTER_BOUND('',#328,.T.);
#183=FACE_OUTER_BOUND('',#329,.T.);
#184=FACE_OUTER_BOUND('',#330,.T.);
#185=FACE_OUTER_BOUND('',#331,.T.);
#186=FACE_OUTER_BOUND('',#332,.T.);
#187=FACE_OUTER_BOUND('',#333,.T.);
#188=FACE_OUTER_BOUND('',#334,.T.);
#189=FACE_OUTER_BOUND('',#335,.T.);
#190=FACE_OUTER_BOUND('',#336,.T.);
#191=FACE_OUTER_BOUND('',#337,.T.);
#192=FACE_OUTER_BOUND('',#338,.T.);
#193=FACE_OUTER_BOUND('',#339,.T.);
#194=FACE_OUTER_BOUND('',#341,.T.);
#195=FACE_OUTER_BOUND('',#342,.T.);
#196=FACE_OUTER_BOUND('',#343,.T.);
#197=FACE_OUTER_BOUND('',#345,.T.);
#198=FACE_OUTER_BOUND('',#346,.T.);
#199=FACE_OUTER_BOUND('',#347,.T.);
#200=FACE_OUTER_BOUND('',#349,.T.);
#201=FACE_OUTER_BOUND('',#350,.T.);
#202=FACE_OUTER_BOUND('',#351,.T.);
#203=FACE_OUTER_BOUND('',#352,.T.);
#204=FACE_OUTER_BOUND('',#353,.T.);
#205=FACE_OUTER_BOUND('',#354,.T.);
#206=FACE_OUTER_BOUND('',#355,.T.);
#207=FACE_OUTER_BOUND('',#356,.T.);
#208=FACE_OUTER_BOUND('',#357,.T.);
#209=FACE_OUTER_BOUND('',#358,.T.);
#210=FACE_OUTER_BOUND('',#359,.T.);
#211=FACE_OUTER_BOUND('',#360,.T.);
#212=FACE_OUTER_BOUND('',#361,.T.);
#213=FACE_OUTER_BOUND('',#362,.T.);
#214=EDGE_LOOP('',(#1620,#1621,#1622,#1623,#1624,#1625,#1626,#1627,#1628,
#1629,#1630,#1631,#1632,#1633,#1634,#1635));
#215=EDGE_LOOP('',(#1636,#1637,#1638,#1639,#1640,#1641,#1642,#1643,#1644,
#1645,#1646,#1647,#1648,#1649,#1650,#1651));
#216=EDGE_LOOP('',(#1652,#1653));
#217=EDGE_LOOP('',(#1654));
#218=EDGE_LOOP('',(#1655,#1656,#1657,#1658,#1659,#1660,#1661,#1662,#1663,
#1664,#1665));
#219=EDGE_LOOP('',(#1666,#1667,#1668));
#220=EDGE_LOOP('',(#1669,#1670));
#221=EDGE_LOOP('',(#1671,#1672,#1673,#1674,#1675,#1676,#1677,#1678,#1679,
#1680,#1681,#1682,#1683,#1684,#1685,#1686));
#222=EDGE_LOOP('',(#1687,#1688,#1689,#1690,#1691,#1692));
#223=EDGE_LOOP('',(#1693,#1694,#1695,#1696,#1697,#1698,#1699,#1700,#1701,
#1702,#1703,#1704,#1705,#1706,#1707,#1708));
#224=EDGE_LOOP('',(#1709,#1710,#1711,#1712));
#225=EDGE_LOOP('',(#1713,#1714,#1715,#1716));
#226=EDGE_LOOP('',(#1717,#1718,#1719,#1720));
#227=EDGE_LOOP('',(#1721,#1722,#1723,#1724));
#228=EDGE_LOOP('',(#1725,#1726,#1727,#1728));
#229=EDGE_LOOP('',(#1729,#1730,#1731,#1732));
#230=EDGE_LOOP('',(#1733,#1734,#1735,#1736));
#231=EDGE_LOOP('',(#1737,#1738,#1739,#1740));
#232=EDGE_LOOP('',(#1741,#1742,#1743,#1744));
#233=EDGE_LOOP('',(#1745,#1746,#1747,#1748));
#234=EDGE_LOOP('',(#1749,#1750,#1751,#1752));
#235=EDGE_LOOP('',(#1753,#1754,#1755,#1756));
#236=EDGE_LOOP('',(#1757,#1758,#1759,#1760));
#237=EDGE_LOOP('',(#1761,#1762,#1763,#1764,#1765,#1766,#1767,#1768,#1769,
#1770,#1771,#1772,#1773,#1774,#1775,#1776,#1777,#1778,#1779,#1780,#1781,
#1782,#1783,#1784,#1785,#1786,#1787,#1788,#1789,#1790,#1791,#1792,#1793,
#1794,#1795,#1796,#1797,#1798,#1799,#1800,#1801,#1802,#1803,#1804,#1805,
#1806,#1807,#1808,#1809,#1810,#1811,#1812,#1813,#1814,#1815,#1816,#1817,
#1818,#1819,#1820,#1821,#1822,#1823,#1824,#1825,#1826,#1827,#1828,#1829,
#1830,#1831,#1832));
#238=EDGE_LOOP('',(#1833));
#239=EDGE_LOOP('',(#1834,#1835,#1836,#1837));
#240=EDGE_LOOP('',(#1838,#1839,#1840,#1841));
#241=EDGE_LOOP('',(#1842,#1843,#1844,#1845));
#242=EDGE_LOOP('',(#1846,#1847,#1848,#1849));
#243=EDGE_LOOP('',(#1850,#1851,#1852,#1853));
#244=EDGE_LOOP('',(#1854,#1855,#1856,#1857));
#245=EDGE_LOOP('',(#1858,#1859,#1860,#1861));
#246=EDGE_LOOP('',(#1862,#1863,#1864,#1865));
#247=EDGE_LOOP('',(#1866,#1867,#1868,#1869));
#248=EDGE_LOOP('',(#1870,#1871,#1872,#1873));
#249=EDGE_LOOP('',(#1874,#1875,#1876,#1877));
#250=EDGE_LOOP('',(#1878,#1879,#1880,#1881));
#251=EDGE_LOOP('',(#1882,#1883,#1884,#1885));
#252=EDGE_LOOP('',(#1886,#1887,#1888,#1889));
#253=EDGE_LOOP('',(#1890,#1891,#1892,#1893));
#254=EDGE_LOOP('',(#1894,#1895,#1896,#1897));
#255=EDGE_LOOP('',(#1898,#1899,#1900,#1901,#1902,#1903));
#256=EDGE_LOOP('',(#1904,#1905,#1906,#1907,#1908,#1909));
#257=EDGE_LOOP('',(#1910,#1911,#1912,#1913));
#258=EDGE_LOOP('',(#1914,#1915,#1916,#1917));
#259=EDGE_LOOP('',(#1918,#1919,#1920,#1921));
#260=EDGE_LOOP('',(#1922,#1923,#1924,#1925,#1926,#1927));
#261=EDGE_LOOP('',(#1928,#1929,#1930,#1931));
#262=EDGE_LOOP('',(#1932,#1933,#1934,#1935));
#263=EDGE_LOOP('',(#1936,#1937,#1938,#1939));
#264=EDGE_LOOP('',(#1940,#1941,#1942,#1943));
#265=EDGE_LOOP('',(#1944,#1945,#1946,#1947));
#266=EDGE_LOOP('',(#1948,#1949,#1950,#1951));
#267=EDGE_LOOP('',(#1952,#1953,#1954,#1955));
#268=EDGE_LOOP('',(#1956,#1957,#1958,#1959));
#269=EDGE_LOOP('',(#1960,#1961,#1962,#1963));
#270=EDGE_LOOP('',(#1964,#1965,#1966,#1967));
#271=EDGE_LOOP('',(#1968,#1969,#1970,#1971));
#272=EDGE_LOOP('',(#1972,#1973,#1974,#1975));
#273=EDGE_LOOP('',(#1976,#1977,#1978,#1979));
#274=EDGE_LOOP('',(#1980,#1981,#1982,#1983));
#275=EDGE_LOOP('',(#1984,#1985,#1986,#1987));
#276=EDGE_LOOP('',(#1988,#1989,#1990,#1991));
#277=EDGE_LOOP('',(#1992,#1993,#1994,#1995));
#278=EDGE_LOOP('',(#1996,#1997,#1998,#1999));
#279=EDGE_LOOP('',(#2000,#2001,#2002,#2003));
#280=EDGE_LOOP('',(#2004,#2005,#2006,#2007,#2008,#2009));
#281=EDGE_LOOP('',(#2010,#2011,#2012,#2013));
#282=EDGE_LOOP('',(#2014,#2015,#2016,#2017));
#283=EDGE_LOOP('',(#2018,#2019,#2020,#2021));
#284=EDGE_LOOP('',(#2022,#2023,#2024,#2025));
#285=EDGE_LOOP('',(#2026,#2027,#2028,#2029));
#286=EDGE_LOOP('',(#2030,#2031,#2032,#2033));
#287=EDGE_LOOP('',(#2034,#2035,#2036,#2037));
#288=EDGE_LOOP('',(#2038,#2039,#2040,#2041,#2042,#2043));
#289=EDGE_LOOP('',(#2044,#2045,#2046,#2047,#2048,#2049));
#290=EDGE_LOOP('',(#2050,#2051,#2052,#2053));
#291=EDGE_LOOP('',(#2054,#2055,#2056,#2057,#2058,#2059));
#292=EDGE_LOOP('',(#2060,#2061,#2062,#2063));
#293=EDGE_LOOP('',(#2064,#2065,#2066,#2067,#2068,#2069));
#294=EDGE_LOOP('',(#2070,#2071,#2072,#2073));
#295=EDGE_LOOP('',(#2074,#2075,#2076,#2077));
#296=EDGE_LOOP('',(#2078,#2079,#2080,#2081));
#297=EDGE_LOOP('',(#2082,#2083,#2084,#2085));
#298=EDGE_LOOP('',(#2086,#2087,#2088,#2089));
#299=EDGE_LOOP('',(#2090,#2091));
#300=EDGE_LOOP('',(#2092));
#301=EDGE_LOOP('',(#2093,#2094,#2095,#2096,#2097,#2098,#2099,#2100,#2101,
#2102,#2103,#2104,#2105,#2106,#2107,#2108,#2109,#2110,#2111,#2112,#2113,
#2114,#2115,#2116,#2117,#2118,#2119,#2120,#2121,#2122,#2123,#2124,#2125,
#2126,#2127,#2128,#2129,#2130,#2131,#2132,#2133,#2134,#2135,#2136,#2137,
#2138,#2139,#2140,#2141,#2142,#2143,#2144,#2145,#2146,#2147,#2148,#2149,
#2150,#2151,#2152,#2153,#2154,#2155,#2156,#2157,#2158,#2159,#2160,#2161));
#302=EDGE_LOOP('',(#2162,#2163,#2164,#2165,#2166));
#303=EDGE_LOOP('',(#2167,#2168,#2169,#2170,#2171,#2172));
#304=EDGE_LOOP('',(#2173,#2174,#2175,#2176,#2177));
#305=EDGE_LOOP('',(#2178,#2179,#2180,#2181,#2182,#2183,#2184));
#306=EDGE_LOOP('',(#2185,#2186,#2187,#2188,#2189,#2190,#2191,#2192));
#307=EDGE_LOOP('',(#2193,#2194,#2195,#2196,#2197,#2198));
#308=EDGE_LOOP('',(#2199,#2200,#2201,#2202,#2203));
#309=EDGE_LOOP('',(#2204,#2205,#2206,#2207,#2208,#2209,#2210,#2211));
#310=EDGE_LOOP('',(#2212,#2213,#2214,#2215,#2216,#2217,#2218,#2219,#2220,
#2221,#2222));
#311=EDGE_LOOP('',(#2223,#2224,#2225,#2226,#2227,#2228,#2229,#2230));
#312=EDGE_LOOP('',(#2231,#2232,#2233,#2234,#2235));
#313=EDGE_LOOP('',(#2236,#2237,#2238,#2239,#2240,#2241,#2242,#2243));
#314=EDGE_LOOP('',(#2244,#2245,#2246,#2247,#2248));
#315=EDGE_LOOP('',(#2249,#2250,#2251));
#316=EDGE_LOOP('',(#2252,#2253,#2254,#2255,#2256));
#317=EDGE_LOOP('',(#2257));
#318=EDGE_LOOP('',(#2258));
#319=EDGE_LOOP('',(#2259));
#320=EDGE_LOOP('',(#2260));
#321=EDGE_LOOP('',(#2261));
#322=EDGE_LOOP('',(#2262,#2263,#2264,#2265,#2266));
#323=EDGE_LOOP('',(#2267,#2268,#2269,#2270));
#324=EDGE_LOOP('',(#2271,#2272,#2273,#2274));
#325=EDGE_LOOP('',(#2275,#2276,#2277,#2278,#2279,#2280));
#326=EDGE_LOOP('',(#2281,#2282,#2283,#2284));
#327=EDGE_LOOP('',(#2285,#2286,#2287,#2288));
#328=EDGE_LOOP('',(#2289,#2290,#2291,#2292,#2293,#2294,#2295,#2296,#2297,
#2298,#2299,#2300));
#329=EDGE_LOOP('',(#2301,#2302,#2303,#2304));
#330=EDGE_LOOP('',(#2305,#2306,#2307,#2308,#2309));
#331=EDGE_LOOP('',(#2310,#2311,#2312,#2313));
#332=EDGE_LOOP('',(#2314,#2315,#2316,#2317,#2318,#2319,#2320,#2321,#2322));
#333=EDGE_LOOP('',(#2323,#2324,#2325,#2326));
#334=EDGE_LOOP('',(#2327,#2328,#2329,#2330));
#335=EDGE_LOOP('',(#2331,#2332,#2333,#2334));
#336=EDGE_LOOP('',(#2335,#2336,#2337,#2338));
#337=EDGE_LOOP('',(#2339,#2340,#2341,#2342));
#338=EDGE_LOOP('',(#2343,#2344,#2345,#2346,#2347));
#339=EDGE_LOOP('',(#2348));
#340=EDGE_LOOP('',(#2349,#2350,#2351,#2352,#2353,#2354));
#341=EDGE_LOOP('',(#2355,#2356,#2357,#2358));
#342=EDGE_LOOP('',(#2359,#2360,#2361,#2362));
#343=EDGE_LOOP('',(#2363));
#344=EDGE_LOOP('',(#2364,#2365,#2366,#2367,#2368,#2369));
#345=EDGE_LOOP('',(#2370,#2371,#2372,#2373,#2374));
#346=EDGE_LOOP('',(#2375,#2376,#2377,#2378,#2379));
#347=EDGE_LOOP('',(#2380));
#348=EDGE_LOOP('',(#2381));
#349=EDGE_LOOP('',(#2382,#2383,#2384,#2385,#2386));
#350=EDGE_LOOP('',(#2387,#2388,#2389,#2390,#2391,#2392));
#351=EDGE_LOOP('',(#2393,#2394,#2395,#2396,#2397));
#352=EDGE_LOOP('',(#2398,#2399,#2400,#2401));
#353=EDGE_LOOP('',(#2402,#2403,#2404,#2405,#2406,#2407));
#354=EDGE_LOOP('',(#2408,#2409,#2410,#2411));
#355=EDGE_LOOP('',(#2412,#2413,#2414,#2415));
#356=EDGE_LOOP('',(#2416,#2417,#2418,#2419));
#357=EDGE_LOOP('',(#2420,#2421,#2422,#2423));
#358=EDGE_LOOP('',(#2424,#2425,#2426,#2427));
#359=EDGE_LOOP('',(#2428,#2429,#2430,#2431));
#360=EDGE_LOOP('',(#2432,#2433,#2434,#2435));
#361=EDGE_LOOP('',(#2436,#2437,#2438,#2439,#2440,#2441,#2442,#2443));
#362=EDGE_LOOP('',(#2444,#2445,#2446,#2447,#2448,#2449,#2450,#2451));
#363=ELLIPSE('',#2699,1.66165424229187,1.16736936031515);
#364=ELLIPSE('',#2707,1.72015630417929,1.22813286144336);
#365=ELLIPSE('',#2711,1.66140432396271,1.16701008810022);
#366=ELLIPSE('',#2738,1.64902017528266,1.14800620775927);
#367=ELLIPSE('',#2739,1.6989033621577,1.20068120995487);
#368=ELLIPSE('',#2749,1.64917856183322,1.1482715106958);
#369=ELLIPSE('',#2750,1.69920854784647,1.20109038628838);
#370=ELLIPSE('',#3078,2.5908942107811,1.82901672213605);
#371=ELLIPSE('',#3080,2.5908942179645,1.82901672600772);
#372=LINE('',#4050,#526);
#373=LINE('',#4054,#527);
#374=LINE('',#4057,#528);
#375=LINE('',#4065,#529);
#376=LINE('',#4069,#530);
#377=LINE('',#4073,#531);
#378=LINE('',#4080,#532);
#379=LINE('',#4088,#533);
#380=LINE('',#4092,#534);
#381=LINE('',#4101,#535);
#382=LINE('',#4104,#536);
#383=LINE('',#4125,#537);
#384=LINE('',#4126,#538);
#385=LINE('',#4141,#539);
#386=LINE('',#4145,#540);
#387=LINE('',#4148,#541);
#388=LINE('',#4151,#542);
#389=LINE('',#4153,#543);
#390=LINE('',#4164,#544);
#391=LINE('',#4195,#545);
#392=LINE('',#4199,#546);
#393=LINE('',#4201,#547);
#394=LINE('',#4203,#548);
#395=LINE('',#4211,#549);
#396=LINE('',#4214,#550);
#397=LINE('',#4221,#551);
#398=LINE('',#4224,#552);
#399=LINE('',#4230,#553);
#400=LINE('',#4233,#554);
#401=LINE('',#4239,#555);
#402=LINE('',#4242,#556);
#403=LINE('',#4248,#557);
#404=LINE('',#4251,#558);
#405=LINE('',#4257,#559);
#406=LINE('',#4260,#560);
#407=LINE('',#4266,#561);
#408=LINE('',#4269,#562);
#409=LINE('',#4274,#563);
#410=LINE('',#4279,#564);
#411=LINE('',#4285,#565);
#412=LINE('',#4289,#566);
#413=LINE('',#4295,#567);
#414=LINE('',#4300,#568);
#415=LINE('',#4306,#569);
#416=LINE('',#4310,#570);
#417=LINE('',#4427,#571);
#418=LINE('',#4429,#572);
#419=LINE('',#4433,#573);
#420=LINE('',#4436,#574);
#421=LINE('',#4439,#575);
#422=LINE('',#4443,#576);
#423=LINE('',#4446,#577);
#424=LINE('',#4449,#578);
#425=LINE('',#4453,#579);
#426=LINE('',#4456,#580);
#427=LINE('',#4459,#581);
#428=LINE('',#4463,#582);
#429=LINE('',#4466,#583);
#430=LINE('',#4469,#584);
#431=LINE('',#4471,#585);
#432=LINE('',#4475,#586);
#433=LINE('',#4477,#587);
#434=LINE('',#4481,#588);
#435=LINE('',#4484,#589);
#436=LINE('',#4487,#590);
#437=LINE('',#4489,#591);
#438=LINE('',#4493,#592);
#439=LINE('',#4496,#593);
#440=LINE('',#4499,#594);
#441=LINE('',#4502,#595);
#442=LINE('',#4505,#596);
#443=LINE('',#4507,#597);
#444=LINE('',#4511,#598);
#445=LINE('',#4521,#599);
#446=LINE('',#4527,#600);
#447=LINE('',#4535,#601);
#448=LINE('',#4538,#602);
#449=LINE('',#4545,#603);
#450=LINE('',#4548,#604);
#451=LINE('',#4555,#605);
#452=LINE('',#4558,#606);
#453=LINE('',#4565,#607);
#454=LINE('',#4568,#608);
#455=LINE('',#4575,#609);
#456=LINE('',#4578,#610);
#457=LINE('',#4585,#611);
#458=LINE('',#4588,#612);
#459=LINE('',#4595,#613);
#460=LINE('',#4602,#614);
#461=LINE('',#4608,#615);
#462=LINE('',#4611,#616);
#463=LINE('',#4618,#617);
#464=LINE('',#4629,#618);
#465=LINE('',#4637,#619);
#466=LINE('',#4643,#620);
#467=LINE('',#4650,#621);
#468=LINE('',#4653,#622);
#469=LINE('',#4668,#623);
#470=LINE('',#4673,#624);
#471=LINE('',#4675,#625);
#472=LINE('',#4677,#626);
#473=LINE('',#4678,#627);
#474=LINE('',#4681,#628);
#475=LINE('',#4683,#629);
#476=LINE('',#4684,#630);
#477=LINE('',#4689,#631);
#478=LINE('',#4699,#632);
#479=LINE('',#4707,#633);
#480=LINE('',#4714,#634);
#481=LINE('',#4730,#635);
#482=LINE('',#4742,#636);
#483=LINE('',#4745,#637);
#484=LINE('',#4747,#638);
#485=LINE('',#4750,#639);
#486=LINE('',#4755,#640);
#487=LINE('',#4756,#641);
#488=LINE('',#4757,#642);
#489=LINE('',#4762,#643);
#490=LINE('',#4767,#644);
#491=LINE('',#4769,#645);
#492=LINE('',#4770,#646);
#493=LINE('',#4774,#647);
#494=LINE('',#4775,#648);
#495=LINE('',#4780,#649);
#496=LINE('',#4783,#650);
#497=LINE('',#4786,#651);
#498=LINE('',#4787,#652);
#499=LINE('',#4790,#653);
#500=LINE('',#4793,#654);
#501=LINE('',#4798,#655);
#502=LINE('',#4802,#656);
#503=LINE('',#4806,#657);
#504=LINE('',#4810,#658);
#505=LINE('',#4815,#659);
#506=LINE('',#4816,#660);
#507=LINE('',#4817,#661);
#508=LINE('',#4821,#662);
#509=LINE('',#4822,#663);
#510=LINE('',#4823,#664);
#511=LINE('',#4829,#665);
#512=LINE('',#4833,#666);
#513=LINE('',#4838,#667);
#514=LINE('',#4844,#668);
#515=LINE('',#4859,#669);
#516=LINE('',#4867,#670);
#517=LINE('',#4868,#671);
#518=LINE('',#4870,#672);
#519=LINE('',#4872,#673);
#520=LINE('',#4876,#674);
#521=LINE('',#4877,#675);
#522=LINE('',#4881,#676);
#523=LINE('',#4884,#677);
#524=LINE('',#4889,#678);
#525=LINE('',#4891,#679);
#526=VECTOR('',#3098,1000.);
#527=VECTOR('',#3101,1000.);
#528=VECTOR('',#3104,1.4);
#529=VECTOR('',#3111,10.);
#530=VECTOR('',#3114,10.);
#531=VECTOR('',#3117,10.);
#532=VECTOR('',#3124,1.4);
#533=VECTOR('',#3131,10.);
#534=VECTOR('',#3134,10.);
#535=VECTOR('',#3143,1000.);
#536=VECTOR('',#3146,1000.);
#537=VECTOR('',#3169,10.);
#538=VECTOR('',#3170,10.);
#539=VECTOR('',#3187,1000.);
#540=VECTOR('',#3190,1000.);
#541=VECTOR('',#3193,1.4);
#542=VECTOR('',#3196,10.);
#543=VECTOR('',#3197,10.);
#544=VECTOR('',#3210,3.);
#545=VECTOR('',#3217,1000.);
#546=VECTOR('',#3220,1000.);
#547=VECTOR('',#3223,1.4);
#548=VECTOR('',#3224,10.);
#549=VECTOR('',#3233,10.);
#550=VECTOR('',#3236,10.);
#551=VECTOR('',#3243,1000.);
#552=VECTOR('',#3246,1000.);
#553=VECTOR('',#3251,1000.);
#554=VECTOR('',#3254,1000.);
#555=VECTOR('',#3259,1000.);
#556=VECTOR('',#3262,1000.);
#557=VECTOR('',#3267,1000.);
#558=VECTOR('',#3270,1000.);
#559=VECTOR('',#3275,1000.);
#560=VECTOR('',#3278,1000.);
#561=VECTOR('',#3283,1000.);
#562=VECTOR('',#3286,1000.);
#563=VECTOR('',#3291,1000.);
#564=VECTOR('',#3296,1000.);
#565=VECTOR('',#3303,1000.);
#566=VECTOR('',#3306,1000.);
#567=VECTOR('',#3313,1000.);
#568=VECTOR('',#3318,1000.);
#569=VECTOR('',#3325,1000.);
#570=VECTOR('',#3328,1000.);
#571=VECTOR('',#3455,1000.);
#572=VECTOR('',#3456,1000.);
#573=VECTOR('',#3461,1000.);
#574=VECTOR('',#3464,1000.);
#575=VECTOR('',#3467,1000.);
#576=VECTOR('',#3472,1000.);
#577=VECTOR('',#3475,1000.);
#578=VECTOR('',#3478,1000.);
#579=VECTOR('',#3483,1000.);
#580=VECTOR('',#3486,1000.);
#581=VECTOR('',#3489,1000.);
#582=VECTOR('',#3494,1000.);
#583=VECTOR('',#3497,1000.);
#584=VECTOR('',#3500,1000.);
#585=VECTOR('',#3501,1000.);
#586=VECTOR('',#3506,1000.);
#587=VECTOR('',#3507,1000.);
#588=VECTOR('',#3512,1000.);
#589=VECTOR('',#3515,1000.);
#590=VECTOR('',#3518,1000.);
#591=VECTOR('',#3519,1000.);
#592=VECTOR('',#3524,1000.);
#593=VECTOR('',#3527,1000.);
#594=VECTOR('',#3530,1000.);
#595=VECTOR('',#3533,1000.);
#596=VECTOR('',#3536,1000.);
#597=VECTOR('',#3537,1000.);
#598=VECTOR('',#3542,1000.);
#599=VECTOR('',#3559,1000.);
#600=VECTOR('',#3568,1000.);
#601=VECTOR('',#3581,1000.);
#602=VECTOR('',#3584,1000.);
#603=VECTOR('',#3595,1000.);
#604=VECTOR('',#3598,1000.);
#605=VECTOR('',#3609,1000.);
#606=VECTOR('',#3612,1000.);
#607=VECTOR('',#3623,1000.);
#608=VECTOR('',#3626,1000.);
#609=VECTOR('',#3637,1000.);
#610=VECTOR('',#3640,1000.);
#611=VECTOR('',#3651,1000.);
#612=VECTOR('',#3654,1000.);
#613=VECTOR('',#3665,1000.);
#614=VECTOR('',#3676,1000.);
#615=VECTOR('',#3685,1000.);
#616=VECTOR('',#3688,1000.);
#617=VECTOR('',#3699,1000.);
#618=VECTOR('',#3718,1000.);
#619=VECTOR('',#3731,1000.);
#620=VECTOR('',#3740,1000.);
#621=VECTOR('',#3751,1000.);
#622=VECTOR('',#3754,1000.);
#623=VECTOR('',#3779,0.8);
#624=VECTOR('',#3786,10.);
#625=VECTOR('',#3787,10.);
#626=VECTOR('',#3788,10.);
#627=VECTOR('',#3789,10.);
#628=VECTOR('',#3792,10.);
#629=VECTOR('',#3793,2.499999999539);
#630=VECTOR('',#3794,10.);
#631=VECTOR('',#3799,0.8);
#632=VECTOR('',#3812,9.99999999999998);
#633=VECTOR('',#3821,2.9);
#634=VECTOR('',#3832,10.);
#635=VECTOR('',#3853,10.);
#636=VECTOR('',#3866,10.);
#637=VECTOR('',#3871,2.5);
#638=VECTOR('',#3874,2.894872637495);
#639=VECTOR('',#3877,10.);
#640=VECTOR('',#3882,2.5);
#641=VECTOR('',#3883,10.);
#642=VECTOR('',#3884,10.);
#643=VECTOR('',#3889,2.499999999539);
#644=VECTOR('',#3896,10.);
#645=VECTOR('',#3899,10.);
#646=VECTOR('',#3900,10.);
#647=VECTOR('',#3905,10.);
#648=VECTOR('',#3906,10.);
#649=VECTOR('',#3913,10.);
#650=VECTOR('',#3916,10.);
#651=VECTOR('',#3919,2.499999999539);
#652=VECTOR('',#3920,10.);
#653=VECTOR('',#3923,2.499999999539);
#654=VECTOR('',#3928,10.);
#655=VECTOR('',#3935,2.8);
#656=VECTOR('',#3938,1.050000000259);
#657=VECTOR('',#3941,0.8209379077719);
#658=VECTOR('',#3944,0.8209379072548);
#659=VECTOR('',#3949,1.050000001478);
#660=VECTOR('',#3950,1.349999999996);
#661=VECTOR('',#3951,1.349999999992);
#662=VECTOR('',#3954,1.050000001782);
#663=VECTOR('',#3955,0.0707106781128302);
#664=VECTOR('',#3956,0.0707106781077603);
#665=VECTOR('',#3961,0.8562687128382);
#666=VECTOR('',#3964,0.8562687147189);
#667=VECTOR('',#3971,2.5);
#668=VECTOR('',#3978,2.649994572784);
#669=VECTOR('',#3997,3.770750501967);
#670=VECTOR('',#4008,0.0707106781129802);
#671=VECTOR('',#4009,0.8209379073041);
#672=VECTOR('',#4012,1.35);
#673=VECTOR('',#4013,1.35);
#674=VECTOR('',#4018,0.820937909828);
#675=VECTOR('',#4019,0.0707106781167002);
#676=VECTOR('',#4026,1.349999999983);
#677=VECTOR('',#4031,1.349999999996);
#678=VECTOR('',#4040,0.8);
#679=VECTOR('',#4043,0.8);
#680=CIRCLE('',#2695,1.4);
#681=CIRCLE('',#2696,1.4);
#682=CIRCLE('',#2697,1.4);
#683=CIRCLE('',#2698,1.4);
#684=CIRCLE('',#2700,1.4);
#685=CIRCLE('',#2701,1.4);
#686=CIRCLE('',#2702,1.4);
#687=CIRCLE('',#2703,1.4);
#688=CIRCLE('',#2705,1.4);
#689=CIRCLE('',#2706,1.4);
#690=CIRCLE('',#2708,1.4);
#691=CIRCLE('',#2709,1.4);
#692=CIRCLE('',#2710,1.4);
#693=CIRCLE('',#2712,1.4);
#694=CIRCLE('',#2713,1.4);
#695=CIRCLE('',#2714,1.4);
#696=CIRCLE('',#2716,0.8);
#697=CIRCLE('',#2717,1.4);
#698=CIRCLE('',#2719,10.);
#699=CIRCLE('',#2720,7.83439939652466);
#700=CIRCLE('',#2721,7.83439939652466);
#701=CIRCLE('',#2722,1.4);
#702=CIRCLE('',#2723,7.83439939652466);
#703=CIRCLE('',#2724,1.4);
#704=CIRCLE('',#2725,7.83439939652466);
#705=CIRCLE('',#2727,0.8);
#706=CIRCLE('',#2728,1.4);
#707=CIRCLE('',#2729,1.4);
#708=CIRCLE('',#2731,0.8);
#709=CIRCLE('',#2733,1.4);
#710=CIRCLE('',#2734,1.4);
#711=CIRCLE('',#2735,1.4);
#712=CIRCLE('',#2736,1.4);
#713=CIRCLE('',#2737,1.4);
#714=CIRCLE('',#2740,1.4);
#715=CIRCLE('',#2742,3.);
#716=CIRCLE('',#2743,3.);
#717=CIRCLE('',#2745,1.4);
#718=CIRCLE('',#2746,1.4);
#719=CIRCLE('',#2747,1.4);
#720=CIRCLE('',#2748,1.4);
#721=CIRCLE('',#2751,1.4);
#722=CIRCLE('',#2753,10.);
#723=CIRCLE('',#2755,2.88);
#724=CIRCLE('',#2756,2.88);
#725=CIRCLE('',#2758,2.88);
#726=CIRCLE('',#2759,2.88);
#727=CIRCLE('',#2761,2.88);
#728=CIRCLE('',#2762,2.88);
#729=CIRCLE('',#2764,2.88);
#730=CIRCLE('',#2765,2.88);
#731=CIRCLE('',#2767,8.);
#732=CIRCLE('',#2768,8.);
#733=CIRCLE('',#2770,8.);
#734=CIRCLE('',#2771,8.);
#735=CIRCLE('',#2773,2.88);
#736=CIRCLE('',#2774,2.88);
#737=CIRCLE('',#2776,2.88);
#738=CIRCLE('',#2777,2.88);
#739=CIRCLE('',#2779,6.199);
#740=CIRCLE('',#2780,6.199);
#741=CIRCLE('',#2782,2.88);
#742=CIRCLE('',#2783,2.88);
#743=CIRCLE('',#2785,2.88);
#744=CIRCLE('',#2786,2.88);
#745=CIRCLE('',#2788,6.199);
#746=CIRCLE('',#2789,6.199);
#747=CIRCLE('',#2791,2.88);
#748=CIRCLE('',#2792,6.199);
#749=CIRCLE('',#2793,2.88);
#750=CIRCLE('',#2794,8.);
#751=CIRCLE('',#2795,2.88);
#752=CIRCLE('',#2796,6.199);
#753=CIRCLE('',#2797,6.199);
#754=CIRCLE('',#2798,2.88);
#755=CIRCLE('',#2799,8.);
#756=CIRCLE('',#2800,2.88);
#757=CIRCLE('',#2801,6.199);
#758=CIRCLE('',#2802,2.88);
#759=CIRCLE('',#2803,8.);
#760=CIRCLE('',#2804,2.88);
#761=CIRCLE('',#2805,6.199);
#762=CIRCLE('',#2806,8.);
#763=CIRCLE('',#2807,2.88);
#764=CIRCLE('',#2808,6.199);
#765=CIRCLE('',#2809,8.);
#766=CIRCLE('',#2810,2.88);
#767=CIRCLE('',#2811,2.88);
#768=CIRCLE('',#2812,8.);
#769=CIRCLE('',#2813,2.88);
#770=CIRCLE('',#2814,6.199);
#771=CIRCLE('',#2815,2.88);
#772=CIRCLE('',#2816,8.);
#773=CIRCLE('',#2817,2.88);
#774=CIRCLE('',#2818,6.199);
#775=CIRCLE('',#2819,2.88);
#776=CIRCLE('',#2820,8.);
#777=CIRCLE('',#2821,2.88);
#778=CIRCLE('',#2822,6.199);
#779=CIRCLE('',#2823,2.88);
#780=CIRCLE('',#2824,8.);
#781=CIRCLE('',#2825,2.88);
#782=CIRCLE('',#2826,6.199);
#783=CIRCLE('',#2827,6.199);
#784=CIRCLE('',#2828,2.88);
#785=CIRCLE('',#2829,8.);
#786=CIRCLE('',#2830,2.88);
#787=CIRCLE('',#2831,6.199);
#788=CIRCLE('',#2832,2.88);
#789=CIRCLE('',#2833,8.);
#790=CIRCLE('',#2834,2.88);
#791=CIRCLE('',#2835,6.199);
#792=CIRCLE('',#2836,2.88);
#793=CIRCLE('',#2837,8.);
#794=CIRCLE('',#2838,2.88);
#795=CIRCLE('',#2839,6.199);
#796=CIRCLE('',#2840,2.88);
#797=CIRCLE('',#2841,8.);
#798=CIRCLE('',#2842,2.88);
#799=CIRCLE('',#2843,2.88);
#800=CIRCLE('',#2844,8.);
#801=CIRCLE('',#2845,6.199);
#802=CIRCLE('',#2846,2.88);
#803=CIRCLE('',#2847,8.);
#804=CIRCLE('',#2848,6.199);
#805=CIRCLE('',#2849,2.88);
#806=CIRCLE('',#2850,8.);
#807=CIRCLE('',#2852,8.);
#808=CIRCLE('',#2854,8.);
#809=CIRCLE('',#2856,8.);
#810=CIRCLE('',#2858,8.);
#811=CIRCLE('',#2860,8.);
#812=CIRCLE('',#2862,8.);
#813=CIRCLE('',#2864,8.);
#814=CIRCLE('',#2866,8.);
#815=CIRCLE('',#2868,8.);
#816=CIRCLE('',#2870,8.);
#817=CIRCLE('',#2872,8.);
#818=CIRCLE('',#2874,8.);
#819=CIRCLE('',#2876,8.);
#820=CIRCLE('',#2878,8.);
#821=CIRCLE('',#2880,8.);
#822=CIRCLE('',#2882,8.);
#823=CIRCLE('',#2884,2.88);
#824=CIRCLE('',#2885,2.88);
#825=CIRCLE('',#2887,2.88);
#826=CIRCLE('',#2888,2.88);
#827=CIRCLE('',#2890,2.88);
#828=CIRCLE('',#2892,6.199);
#829=CIRCLE('',#2894,2.88);
#830=CIRCLE('',#2896,6.199);
#831=CIRCLE('',#2897,6.199);
#832=CIRCLE('',#2899,2.88);
#833=CIRCLE('',#2901,2.88);
#834=CIRCLE('',#2903,6.199);
#835=CIRCLE('',#2905,2.88);
#836=CIRCLE('',#2907,2.88);
#837=CIRCLE('',#2909,6.199);
#838=CIRCLE('',#2911,2.88);
#839=CIRCLE('',#2913,2.88);
#840=CIRCLE('',#2915,6.199);
#841=CIRCLE('',#2917,2.88);
#842=CIRCLE('',#2919,2.88);
#843=CIRCLE('',#2921,6.199);
#844=CIRCLE('',#2923,2.88);
#845=CIRCLE('',#2925,2.88);
#846=CIRCLE('',#2927,6.199);
#847=CIRCLE('',#2929,2.88);
#848=CIRCLE('',#2931,2.88);
#849=CIRCLE('',#2933,6.199);
#850=CIRCLE('',#2935,2.88);
#851=CIRCLE('',#2937,6.199);
#852=CIRCLE('',#2938,6.199);
#853=CIRCLE('',#2940,2.88);
#854=CIRCLE('',#2942,6.199);
#855=CIRCLE('',#2944,2.88);
#856=CIRCLE('',#2946,2.88);
#857=CIRCLE('',#2948,6.199);
#858=CIRCLE('',#2950,2.88);
#859=CIRCLE('',#2952,6.199);
#860=CIRCLE('',#2954,2.88);
#861=CIRCLE('',#2955,2.88);
#862=CIRCLE('',#2957,2.88);
#863=CIRCLE('',#2958,2.88);
#864=CIRCLE('',#2960,2.88);
#865=CIRCLE('',#2962,6.199);
#866=CIRCLE('',#2963,6.199);
#867=CIRCLE('',#2965,2.88);
#868=CIRCLE('',#2967,6.199);
#869=CIRCLE('',#2968,6.199);
#870=CIRCLE('',#2970,2.88);
#871=CIRCLE('',#2972,6.199);
#872=CIRCLE('',#2974,2.88);
#873=CIRCLE('',#2976,2.88);
#874=CIRCLE('',#2978,6.199);
#875=CIRCLE('',#2980,0.8);
#876=CIRCLE('',#2987,0.8);
#877=CIRCLE('',#2988,0.8);
#878=CIRCLE('',#2989,0.8);
#879=CIRCLE('',#2993,0.8);
#880=CIRCLE('',#2994,0.8);
#881=CIRCLE('',#2995,0.8);
#882=CIRCLE('',#2997,7.8);
#883=CIRCLE('',#2998,7.8);
#884=CIRCLE('',#2999,7.80446939704004);
#885=CIRCLE('',#3000,8.);
#886=CIRCLE('',#3002,2.8);
#887=CIRCLE('',#3003,2.8);
#888=CIRCLE('',#3004,3.);
#889=CIRCLE('',#3005,3.);
#890=CIRCLE('',#3008,7.8);
#891=CIRCLE('',#3009,0.8);
#892=CIRCLE('',#3010,0.8);
#893=CIRCLE('',#3012,7.8);
#894=CIRCLE('',#3013,0.8);
#895=CIRCLE('',#3014,0.8);
#896=CIRCLE('',#3017,7.8);
#897=CIRCLE('',#3018,7.8);
#898=CIRCLE('',#3019,7.8);
#899=CIRCLE('',#3020,0.8);
#900=CIRCLE('',#3021,0.8);
#901=CIRCLE('',#3022,4.315983287422);
#902=CIRCLE('',#3024,8.);
#903=CIRCLE('',#3025,7.80446939777585);
#904=CIRCLE('',#3029,7.80446939746271);
#905=CIRCLE('',#3032,8.);
#906=CIRCLE('',#3033,8.);
#907=CIRCLE('',#3035,7.8);
#908=CIRCLE('',#3040,7.8);
#909=CIRCLE('',#3042,8.);
#910=CIRCLE('',#3045,8.);
#911=CIRCLE('',#3049,2.8);
#912=CIRCLE('',#3051,0.2);
#913=CIRCLE('',#3052,1.3);
#914=CIRCLE('',#3053,0.2);
#915=CIRCLE('',#3057,2.5);
#916=CIRCLE('',#3058,1.3);
#917=CIRCLE('',#3059,0.25);
#918=CIRCLE('',#3060,0.25);
#919=CIRCLE('',#3062,2.5);
#920=CIRCLE('',#3063,2.5);
#921=CIRCLE('',#3065,2.7999886664627);
#922=CIRCLE('',#3067,3.225517681281);
#923=CIRCLE('',#3069,0.5);
#924=CIRCLE('',#3070,3.72483248389);
#925=CIRCLE('',#3071,3.72483248389);
#926=CIRCLE('',#3073,3.816668520045);
#927=CIRCLE('',#3074,3.816668520045);
#928=CIRCLE('',#3076,0.5);
#929=CIRCLE('',#3083,0.2);
#930=CIRCLE('',#3088,0.2);
#931=VERTEX_POINT('',#4046);
#932=VERTEX_POINT('',#4047);
#933=VERTEX_POINT('',#4049);
#934=VERTEX_POINT('',#4051);
#935=VERTEX_POINT('',#4053);
#936=VERTEX_POINT('',#4056);
#937=VERTEX_POINT('',#4058);
#938=VERTEX_POINT('',#4060);
#939=VERTEX_POINT('',#4062);
#940=VERTEX_POINT('',#4064);
#941=VERTEX_POINT('',#4066);
#942=VERTEX_POINT('',#4068);
#943=VERTEX_POINT('',#4070);
#944=VERTEX_POINT('',#4072);
#945=VERTEX_POINT('',#4076);
#946=VERTEX_POINT('',#4077);
#947=VERTEX_POINT('',#4079);
#948=VERTEX_POINT('',#4081);
#949=VERTEX_POINT('',#4083);
#950=VERTEX_POINT('',#4085);
#951=VERTEX_POINT('',#4087);
#952=VERTEX_POINT('',#4089);
#953=VERTEX_POINT('',#4091);
#954=VERTEX_POINT('',#4093);
#955=VERTEX_POINT('',#4095);
#956=VERTEX_POINT('',#4098);
#957=VERTEX_POINT('',#4100);
#958=VERTEX_POINT('',#4102);
#959=VERTEX_POINT('',#4106);
#960=VERTEX_POINT('',#4107);
#961=VERTEX_POINT('',#4111);
#962=VERTEX_POINT('',#4114);
#963=VERTEX_POINT('',#4116);
#964=VERTEX_POINT('',#4118);
#965=VERTEX_POINT('',#4120);
#966=VERTEX_POINT('',#4122);
#967=VERTEX_POINT('',#4124);
#968=VERTEX_POINT('',#4128);
#969=VERTEX_POINT('',#4129);
#970=VERTEX_POINT('',#4131);
#971=VERTEX_POINT('',#4137);
#972=VERTEX_POINT('',#4138);
#973=VERTEX_POINT('',#4140);
#974=VERTEX_POINT('',#4142);
#975=VERTEX_POINT('',#4144);
#976=VERTEX_POINT('',#4147);
#977=VERTEX_POINT('',#4149);
#978=VERTEX_POINT('',#4152);
#979=VERTEX_POINT('',#4154);
#980=VERTEX_POINT('',#4157);
#981=VERTEX_POINT('',#4161);
#982=VERTEX_POINT('',#4163);
#983=VERTEX_POINT('',#4165);
#984=VERTEX_POINT('',#4182);
#985=VERTEX_POINT('',#4191);
#986=VERTEX_POINT('',#4192);
#987=VERTEX_POINT('',#4194);
#988=VERTEX_POINT('',#4196);
#989=VERTEX_POINT('',#4198);
#990=VERTEX_POINT('',#4202);
#991=VERTEX_POINT('',#4204);
#992=VERTEX_POINT('',#4207);
#993=VERTEX_POINT('',#4209);
#994=VERTEX_POINT('',#4213);
#995=VERTEX_POINT('',#4217);
#996=VERTEX_POINT('',#4218);
#997=VERTEX_POINT('',#4220);
#998=VERTEX_POINT('',#4222);
#999=VERTEX_POINT('',#4226);
#1000=VERTEX_POINT('',#4227);
#1001=VERTEX_POINT('',#4229);
#1002=VERTEX_POINT('',#4231);
#1003=VERTEX_POINT('',#4235);
#1004=VERTEX_POINT('',#4236);
#1005=VERTEX_POINT('',#4238);
#1006=VERTEX_POINT('',#4240);
#1007=VERTEX_POINT('',#4244);
#1008=VERTEX_POINT('',#4245);
#1009=VERTEX_POINT('',#4247);
#1010=VERTEX_POINT('',#4249);
#1011=VERTEX_POINT('',#4253);
#1012=VERTEX_POINT('',#4254);
#1013=VERTEX_POINT('',#4256);
#1014=VERTEX_POINT('',#4258);
#1015=VERTEX_POINT('',#4262);
#1016=VERTEX_POINT('',#4263);
#1017=VERTEX_POINT('',#4265);
#1018=VERTEX_POINT('',#4267);
#1019=VERTEX_POINT('',#4271);
#1020=VERTEX_POINT('',#4273);
#1021=VERTEX_POINT('',#4277);
#1022=VERTEX_POINT('',#4278);
#1023=VERTEX_POINT('',#4283);
#1024=VERTEX_POINT('',#4284);
#1025=VERTEX_POINT('',#4286);
#1026=VERTEX_POINT('',#4288);
#1027=VERTEX_POINT('',#4292);
#1028=VERTEX_POINT('',#4294);
#1029=VERTEX_POINT('',#4298);
#1030=VERTEX_POINT('',#4299);
#1031=VERTEX_POINT('',#4304);
#1032=VERTEX_POINT('',#4305);
#1033=VERTEX_POINT('',#4307);
#1034=VERTEX_POINT('',#4309);
#1035=VERTEX_POINT('',#4313);
#1036=VERTEX_POINT('',#4314);
#1037=VERTEX_POINT('',#4316);
#1038=VERTEX_POINT('',#4318);
#1039=VERTEX_POINT('',#4320);
#1040=VERTEX_POINT('',#4322);
#1041=VERTEX_POINT('',#4325);
#1042=VERTEX_POINT('',#4327);
#1043=VERTEX_POINT('',#4329);
#1044=VERTEX_POINT('',#4331);
#1045=VERTEX_POINT('',#4333);
#1046=VERTEX_POINT('',#4335);
#1047=VERTEX_POINT('',#4337);
#1048=VERTEX_POINT('',#4339);
#1049=VERTEX_POINT('',#4342);
#1050=VERTEX_POINT('',#4344);
#1051=VERTEX_POINT('',#4347);
#1052=VERTEX_POINT('',#4350);
#1053=VERTEX_POINT('',#4352);
#1054=VERTEX_POINT('',#4354);
#1055=VERTEX_POINT('',#4356);
#1056=VERTEX_POINT('',#4358);
#1057=VERTEX_POINT('',#4360);
#1058=VERTEX_POINT('',#4362);
#1059=VERTEX_POINT('',#4364);
#1060=VERTEX_POINT('',#4366);
#1061=VERTEX_POINT('',#4368);
#1062=VERTEX_POINT('',#4370);
#1063=VERTEX_POINT('',#4372);
#1064=VERTEX_POINT('',#4374);
#1065=VERTEX_POINT('',#4376);
#1066=VERTEX_POINT('',#4378);
#1067=VERTEX_POINT('',#4381);
#1068=VERTEX_POINT('',#4383);
#1069=VERTEX_POINT('',#4385);
#1070=VERTEX_POINT('',#4387);
#1071=VERTEX_POINT('',#4389);
#1072=VERTEX_POINT('',#4391);
#1073=VERTEX_POINT('',#4393);
#1074=VERTEX_POINT('',#4395);
#1075=VERTEX_POINT('',#4397);
#1076=VERTEX_POINT('',#4399);
#1077=VERTEX_POINT('',#4401);
#1078=VERTEX_POINT('',#4403);
#1079=VERTEX_POINT('',#4405);
#1080=VERTEX_POINT('',#4407);
#1081=VERTEX_POINT('',#4409);
#1082=VERTEX_POINT('',#4412);
#1083=VERTEX_POINT('',#4415);
#1084=VERTEX_POINT('',#4417);
#1085=VERTEX_POINT('',#4420);
#1086=VERTEX_POINT('',#4422);
#1087=VERTEX_POINT('',#4426);
#1088=VERTEX_POINT('',#4428);
#1089=VERTEX_POINT('',#4432);
#1090=VERTEX_POINT('',#4434);
#1091=VERTEX_POINT('',#4438);
#1092=VERTEX_POINT('',#4442);
#1093=VERTEX_POINT('',#4444);
#1094=VERTEX_POINT('',#4448);
#1095=VERTEX_POINT('',#4452);
#1096=VERTEX_POINT('',#4454);
#1097=VERTEX_POINT('',#4458);
#1098=VERTEX_POINT('',#4462);
#1099=VERTEX_POINT('',#4464);
#1100=VERTEX_POINT('',#4468);
#1101=VERTEX_POINT('',#4470);
#1102=VERTEX_POINT('',#4474);
#1103=VERTEX_POINT('',#4476);
#1104=VERTEX_POINT('',#4480);
#1105=VERTEX_POINT('',#4482);
#1106=VERTEX_POINT('',#4486);
#1107=VERTEX_POINT('',#4488);
#1108=VERTEX_POINT('',#4492);
#1109=VERTEX_POINT('',#4494);
#1110=VERTEX_POINT('',#4498);
#1111=VERTEX_POINT('',#4500);
#1112=VERTEX_POINT('',#4504);
#1113=VERTEX_POINT('',#4506);
#1114=VERTEX_POINT('',#4510);
#1115=VERTEX_POINT('',#4520);
#1116=VERTEX_POINT('',#4526);
#1117=VERTEX_POINT('',#4533);
#1118=VERTEX_POINT('',#4537);
#1119=VERTEX_POINT('',#4543);
#1120=VERTEX_POINT('',#4547);
#1121=VERTEX_POINT('',#4553);
#1122=VERTEX_POINT('',#4557);
#1123=VERTEX_POINT('',#4563);
#1124=VERTEX_POINT('',#4567);
#1125=VERTEX_POINT('',#4573);
#1126=VERTEX_POINT('',#4577);
#1127=VERTEX_POINT('',#4583);
#1128=VERTEX_POINT('',#4587);
#1129=VERTEX_POINT('',#4593);
#1130=VERTEX_POINT('',#4600);
#1131=VERTEX_POINT('',#4606);
#1132=VERTEX_POINT('',#4610);
#1133=VERTEX_POINT('',#4616);
#1134=VERTEX_POINT('',#4628);
#1135=VERTEX_POINT('',#4635);
#1136=VERTEX_POINT('',#4642);
#1137=VERTEX_POINT('',#4648);
#1138=VERTEX_POINT('',#4652);
#1139=VERTEX_POINT('',#4665);
#1140=VERTEX_POINT('',#4667);
#1141=VERTEX_POINT('',#4672);
#1142=VERTEX_POINT('',#4674);
#1143=VERTEX_POINT('',#4676);
#1144=VERTEX_POINT('',#4680);
#1145=VERTEX_POINT('',#4682);
#1146=VERTEX_POINT('',#4686);
#1147=VERTEX_POINT('',#4688);
#1148=VERTEX_POINT('',#4694);
#1149=VERTEX_POINT('',#4696);
#1150=VERTEX_POINT('',#4698);
#1151=VERTEX_POINT('',#4702);
#1152=VERTEX_POINT('',#4703);
#1153=VERTEX_POINT('',#4706);
#1154=VERTEX_POINT('',#4712);
#1155=VERTEX_POINT('',#4715);
#1156=VERTEX_POINT('',#4720);
#1157=VERTEX_POINT('',#4725);
#1158=VERTEX_POINT('',#4727);
#1159=VERTEX_POINT('',#4729);
#1160=VERTEX_POINT('',#4732);
#1161=VERTEX_POINT('',#4734);
#1162=VERTEX_POINT('',#4736);
#1163=VERTEX_POINT('',#4739);
#1164=VERTEX_POINT('',#4741);
#1165=VERTEX_POINT('',#4749);
#1166=VERTEX_POINT('',#4753);
#1167=VERTEX_POINT('',#4754);
#1168=VERTEX_POINT('',#4759);
#1169=VERTEX_POINT('',#4761);
#1170=VERTEX_POINT('',#4765);
#1171=VERTEX_POINT('',#4773);
#1172=VERTEX_POINT('',#4779);
#1173=VERTEX_POINT('',#4781);
#1174=VERTEX_POINT('',#4785);
#1175=VERTEX_POINT('',#4789);
#1176=VERTEX_POINT('',#4796);
#1177=VERTEX_POINT('',#4800);
#1178=VERTEX_POINT('',#4801);
#1179=VERTEX_POINT('',#4803);
#1180=VERTEX_POINT('',#4805);
#1181=VERTEX_POINT('',#4807);
#1182=VERTEX_POINT('',#4809);
#1183=VERTEX_POINT('',#4813);
#1184=VERTEX_POINT('',#4814);
#1185=VERTEX_POINT('',#4819);
#1186=VERTEX_POINT('',#4820);
#1187=VERTEX_POINT('',#4825);
#1188=VERTEX_POINT('',#4827);
#1189=VERTEX_POINT('',#4828);
#1190=VERTEX_POINT('',#4830);
#1191=VERTEX_POINT('',#4832);
#1192=VERTEX_POINT('',#4837);
#1193=VERTEX_POINT('',#4839);
#1194=VERTEX_POINT('',#4843);
#1195=VERTEX_POINT('',#4847);
#1196=VERTEX_POINT('',#4850);
#1197=VERTEX_POINT('',#4852);
#1198=VERTEX_POINT('',#4856);
#1199=VERTEX_POINT('',#4857);
#1200=VERTEX_POINT('',#4864);
#1201=VERTEX_POINT('',#4866);
#1202=VERTEX_POINT('',#4871);
#1203=VERTEX_POINT('',#4875);
#1204=EDGE_CURVE('',#931,#932,#680,.T.);
#1205=EDGE_CURVE('',#931,#933,#372,.T.);
#1206=EDGE_CURVE('',#933,#934,#681,.T.);
#1207=EDGE_CURVE('',#934,#935,#373,.T.);
#1208=EDGE_CURVE('',#932,#935,#682,.T.);
#1209=EDGE_CURVE('',#932,#936,#374,.T.);
#1210=EDGE_CURVE('',#937,#936,#683,.T.);
#1211=EDGE_CURVE('',#938,#937,#363,.T.);
#1212=EDGE_CURVE('',#938,#939,#684,.T.);
#1213=EDGE_CURVE('',#940,#939,#375,.T.);
#1214=EDGE_CURVE('',#941,#940,#685,.T.);
#1215=EDGE_CURVE('',#942,#941,#376,.T.);
#1216=EDGE_CURVE('',#942,#943,#686,.T.);
#1217=EDGE_CURVE('',#944,#943,#377,.T.);
#1218=EDGE_CURVE('',#936,#944,#687,.T.);
#1219=EDGE_CURVE('',#945,#946,#688,.T.);
#1220=EDGE_CURVE('',#946,#947,#378,.T.);
#1221=EDGE_CURVE('',#947,#948,#689,.T.);
#1222=EDGE_CURVE('',#949,#948,#364,.T.);
#1223=EDGE_CURVE('',#950,#949,#690,.T.);
#1224=EDGE_CURVE('',#951,#950,#379,.T.);
#1225=EDGE_CURVE('',#951,#952,#691,.T.);
#1226=EDGE_CURVE('',#953,#952,#380,.T.);
#1227=EDGE_CURVE('',#954,#953,#692,.T.);
#1228=EDGE_CURVE('',#955,#954,#365,.T.);
#1229=EDGE_CURVE('',#955,#947,#693,.T.);
#1230=EDGE_CURVE('',#946,#956,#694,.T.);
#1231=EDGE_CURVE('',#956,#957,#381,.T.);
#1232=EDGE_CURVE('',#958,#957,#695,.T.);
#1233=EDGE_CURVE('',#958,#945,#382,.T.);
#1234=EDGE_CURVE('',#959,#960,#696,.T.);
#1235=EDGE_CURVE('',#960,#959,#697,.T.);
#1236=EDGE_CURVE('',#961,#961,#698,.T.);
#1237=EDGE_CURVE('',#948,#938,#699,.T.);
#1238=EDGE_CURVE('',#962,#955,#700,.T.);
#1239=EDGE_CURVE('',#963,#962,#701,.T.);
#1240=EDGE_CURVE('',#964,#963,#702,.T.);
#1241=EDGE_CURVE('',#965,#964,#703,.T.);
#1242=EDGE_CURVE('',#966,#965,#704,.T.);
#1243=EDGE_CURVE('',#967,#966,#383,.T.);
#1244=EDGE_CURVE('',#939,#967,#384,.T.);
#1245=EDGE_CURVE('',#968,#969,#705,.T.);
#1246=EDGE_CURVE('',#970,#968,#706,.T.);
#1247=EDGE_CURVE('',#969,#970,#707,.T.);
#1248=EDGE_CURVE('',#952,#951,#708,.T.);
#1249=EDGE_CURVE('',#971,#972,#709,.T.);
#1250=EDGE_CURVE('',#971,#973,#385,.T.);
#1251=EDGE_CURVE('',#973,#974,#710,.T.);
#1252=EDGE_CURVE('',#974,#975,#386,.T.);
#1253=EDGE_CURVE('',#972,#975,#711,.T.);
#1254=EDGE_CURVE('',#972,#976,#387,.T.);
#1255=EDGE_CURVE('',#977,#976,#712,.T.);
#1256=EDGE_CURVE('',#960,#977,#388,.T.);
#1257=EDGE_CURVE('',#978,#959,#389,.T.);
#1258=EDGE_CURVE('',#979,#978,#713,.T.);
#1259=EDGE_CURVE('',#963,#979,#366,.T.);
#1260=EDGE_CURVE('',#980,#962,#367,.T.);
#1261=EDGE_CURVE('',#976,#980,#714,.T.);
#1262=EDGE_CURVE('',#981,#981,#715,.T.);
#1263=EDGE_CURVE('',#981,#982,#390,.T.);
#1264=EDGE_CURVE('',#983,#982,#28,.T.);
#1265=EDGE_CURVE('',#984,#983,#716,.T.);
#1266=EDGE_CURVE('',#982,#984,#29,.T.);
#1267=EDGE_CURVE('',#985,#986,#717,.T.);
#1268=EDGE_CURVE('',#985,#987,#391,.T.);
#1269=EDGE_CURVE('',#987,#988,#718,.T.);
#1270=EDGE_CURVE('',#988,#989,#392,.T.);
#1271=EDGE_CURVE('',#986,#989,#719,.T.);
#1272=EDGE_CURVE('',#986,#970,#393,.T.);
#1273=EDGE_CURVE('',#990,#968,#394,.T.);
#1274=EDGE_CURVE('',#991,#990,#720,.T.);
#1275=EDGE_CURVE('',#965,#991,#368,.T.);
#1276=EDGE_CURVE('',#992,#964,#369,.T.);
#1277=EDGE_CURVE('',#993,#992,#721,.T.);
#1278=EDGE_CURVE('',#969,#993,#395,.T.);
#1279=EDGE_CURVE('',#961,#994,#396,.T.);
#1280=EDGE_CURVE('',#994,#994,#722,.T.);
#1281=EDGE_CURVE('',#995,#996,#723,.T.);
#1282=EDGE_CURVE('',#996,#997,#397,.T.);
#1283=EDGE_CURVE('',#998,#997,#724,.T.);
#1284=EDGE_CURVE('',#995,#998,#398,.T.);
#1285=EDGE_CURVE('',#999,#1000,#725,.T.);
#1286=EDGE_CURVE('',#1000,#1001,#399,.T.);
#1287=EDGE_CURVE('',#1001,#1002,#726,.T.);
#1288=EDGE_CURVE('',#1002,#999,#400,.T.);
#1289=EDGE_CURVE('',#1003,#1004,#727,.T.);
#1290=EDGE_CURVE('',#1004,#1005,#401,.T.);
#1291=EDGE_CURVE('',#1005,#1006,#728,.T.);
#1292=EDGE_CURVE('',#1006,#1003,#402,.T.);
#1293=EDGE_CURVE('',#1007,#1008,#729,.T.);
#1294=EDGE_CURVE('',#1008,#1009,#403,.T.);
#1295=EDGE_CURVE('',#1010,#1009,#730,.T.);
#1296=EDGE_CURVE('',#1007,#1010,#404,.T.);
#1297=EDGE_CURVE('',#1011,#1012,#731,.T.);
#1298=EDGE_CURVE('',#1013,#1012,#405,.T.);
#1299=EDGE_CURVE('',#1014,#1013,#732,.T.);
#1300=EDGE_CURVE('',#1011,#1014,#406,.T.);
#1301=EDGE_CURVE('',#1015,#1016,#733,.T.);
#1302=EDGE_CURVE('',#1017,#1015,#407,.T.);
#1303=EDGE_CURVE('',#1017,#1018,#734,.T.);
#1304=EDGE_CURVE('',#1016,#1018,#408,.T.);
#1305=EDGE_CURVE('',#1015,#1019,#735,.T.);
#1306=EDGE_CURVE('',#1020,#1019,#409,.T.);
#1307=EDGE_CURVE('',#1020,#1017,#736,.T.);
#1308=EDGE_CURVE('',#1021,#1022,#410,.T.);
#1309=EDGE_CURVE('',#1022,#1016,#737,.T.);
#1310=EDGE_CURVE('',#1018,#1021,#738,.T.);
#1311=EDGE_CURVE('',#1023,#1024,#411,.T.);
#1312=EDGE_CURVE('',#1024,#1025,#739,.T.);
#1313=EDGE_CURVE('',#1026,#1025,#412,.T.);
#1314=EDGE_CURVE('',#1026,#1023,#740,.T.);
#1315=EDGE_CURVE('',#1014,#1027,#741,.T.);
#1316=EDGE_CURVE('',#1028,#1027,#413,.T.);
#1317=EDGE_CURVE('',#1028,#1011,#742,.T.);
#1318=EDGE_CURVE('',#1029,#1030,#414,.T.);
#1319=EDGE_CURVE('',#1030,#1013,#743,.T.);
#1320=EDGE_CURVE('',#1012,#1029,#744,.T.);
#1321=EDGE_CURVE('',#1031,#1032,#415,.T.);
#1322=EDGE_CURVE('',#1032,#1033,#745,.T.);
#1323=EDGE_CURVE('',#1034,#1033,#416,.T.);
#1324=EDGE_CURVE('',#1034,#1031,#746,.T.);
#1325=EDGE_CURVE('',#1035,#1036,#747,.T.);
#1326=EDGE_CURVE('',#1037,#1035,#748,.T.);
#1327=EDGE_CURVE('',#1038,#1037,#749,.T.);
#1328=EDGE_CURVE('',#1039,#1038,#750,.T.);
#1329=EDGE_CURVE('',#1040,#1039,#751,.T.);
#1330=EDGE_CURVE('',#1029,#1040,#752,.T.);
#1331=EDGE_CURVE('',#1041,#1028,#753,.T.);
#1332=EDGE_CURVE('',#1042,#1041,#754,.T.);
#1333=EDGE_CURVE('',#1043,#1042,#755,.T.);
#1334=EDGE_CURVE('',#1044,#1043,#756,.T.);
#1335=EDGE_CURVE('',#1045,#1044,#757,.T.);
#1336=EDGE_CURVE('',#1046,#1045,#758,.T.);
#1337=EDGE_CURVE('',#1047,#1046,#759,.T.);
#1338=EDGE_CURVE('',#1048,#1047,#760,.T.);
#1339=EDGE_CURVE('',#1004,#1048,#761,.T.);
#1340=EDGE_CURVE('',#1049,#1003,#762,.T.);
#1341=EDGE_CURVE('',#1050,#1049,#763,.T.);
#1342=EDGE_CURVE('',#1000,#1050,#764,.T.);
#1343=EDGE_CURVE('',#1051,#999,#765,.T.);
#1344=EDGE_CURVE('',#1023,#1051,#766,.T.);
#1345=EDGE_CURVE('',#1052,#1026,#767,.T.);
#1346=EDGE_CURVE('',#1053,#1052,#768,.T.);
#1347=EDGE_CURVE('',#1054,#1053,#769,.T.);
#1348=EDGE_CURVE('',#1055,#1054,#770,.T.);
#1349=EDGE_CURVE('',#1056,#1055,#771,.T.);
#1350=EDGE_CURVE('',#1057,#1056,#772,.T.);
#1351=EDGE_CURVE('',#1058,#1057,#773,.T.);
#1352=EDGE_CURVE('',#1059,#1058,#774,.T.);
#1353=EDGE_CURVE('',#1060,#1059,#775,.T.);
#1354=EDGE_CURVE('',#1061,#1060,#776,.T.);
#1355=EDGE_CURVE('',#1062,#1061,#777,.T.);
#1356=EDGE_CURVE('',#1063,#1062,#778,.T.);
#1357=EDGE_CURVE('',#1064,#1063,#779,.T.);
#1358=EDGE_CURVE('',#1065,#1064,#780,.T.);
#1359=EDGE_CURVE('',#1066,#1065,#781,.T.);
#1360=EDGE_CURVE('',#1021,#1066,#782,.T.);
#1361=EDGE_CURVE('',#1067,#1020,#783,.T.);
#1362=EDGE_CURVE('',#1068,#1067,#784,.T.);
#1363=EDGE_CURVE('',#1069,#1068,#785,.T.);
#1364=EDGE_CURVE('',#1070,#1069,#786,.T.);
#1365=EDGE_CURVE('',#1071,#1070,#787,.T.);
#1366=EDGE_CURVE('',#1072,#1071,#788,.T.);
#1367=EDGE_CURVE('',#1073,#1072,#789,.T.);
#1368=EDGE_CURVE('',#1074,#1073,#790,.T.);
#1369=EDGE_CURVE('',#1075,#1074,#791,.T.);
#1370=EDGE_CURVE('',#1076,#1075,#792,.T.);
#1371=EDGE_CURVE('',#1077,#1076,#793,.T.);
#1372=EDGE_CURVE('',#1078,#1077,#794,.T.);
#1373=EDGE_CURVE('',#1079,#1078,#795,.T.);
#1374=EDGE_CURVE('',#1080,#1079,#796,.T.);
#1375=EDGE_CURVE('',#1081,#1080,#797,.T.);
#1376=EDGE_CURVE('',#1031,#1081,#798,.T.);
#1377=EDGE_CURVE('',#1082,#1034,#799,.T.);
#1378=EDGE_CURVE('',#1008,#1082,#800,.T.);
#1379=EDGE_CURVE('',#1083,#1007,#801,.T.);
#1380=EDGE_CURVE('',#1084,#1083,#802,.T.);
#1381=EDGE_CURVE('',#996,#1084,#803,.T.);
#1382=EDGE_CURVE('',#1085,#995,#804,.T.);
#1383=EDGE_CURVE('',#1086,#1085,#805,.T.);
#1384=EDGE_CURVE('',#1036,#1086,#806,.T.);
#1385=EDGE_CURVE('',#1036,#1087,#417,.T.);
#1386=EDGE_CURVE('',#1088,#1086,#418,.T.);
#1387=EDGE_CURVE('',#1087,#1088,#807,.T.);
#1388=EDGE_CURVE('',#1089,#1038,#419,.T.);
#1389=EDGE_CURVE('',#1090,#1089,#808,.T.);
#1390=EDGE_CURVE('',#1039,#1090,#420,.T.);
#1391=EDGE_CURVE('',#1091,#1084,#421,.T.);
#1392=EDGE_CURVE('',#997,#1091,#809,.T.);
#1393=EDGE_CURVE('',#1092,#1042,#422,.T.);
#1394=EDGE_CURVE('',#1093,#1092,#810,.T.);
#1395=EDGE_CURVE('',#1043,#1093,#423,.T.);
#1396=EDGE_CURVE('',#1051,#1094,#424,.T.);
#1397=EDGE_CURVE('',#1094,#1002,#811,.T.);
#1398=EDGE_CURVE('',#1095,#1052,#425,.T.);
#1399=EDGE_CURVE('',#1096,#1095,#812,.T.);
#1400=EDGE_CURVE('',#1053,#1096,#426,.T.);
#1401=EDGE_CURVE('',#1049,#1097,#427,.T.);
#1402=EDGE_CURVE('',#1097,#1006,#813,.T.);
#1403=EDGE_CURVE('',#1098,#1046,#428,.T.);
#1404=EDGE_CURVE('',#1099,#1098,#814,.T.);
#1405=EDGE_CURVE('',#1047,#1099,#429,.T.);
#1406=EDGE_CURVE('',#1065,#1100,#430,.T.);
#1407=EDGE_CURVE('',#1101,#1064,#431,.T.);
#1408=EDGE_CURVE('',#1100,#1101,#815,.T.);
#1409=EDGE_CURVE('',#1061,#1102,#432,.T.);
#1410=EDGE_CURVE('',#1103,#1060,#433,.T.);
#1411=EDGE_CURVE('',#1102,#1103,#816,.T.);
#1412=EDGE_CURVE('',#1104,#1056,#434,.T.);
#1413=EDGE_CURVE('',#1105,#1104,#817,.T.);
#1414=EDGE_CURVE('',#1057,#1105,#435,.T.);
#1415=EDGE_CURVE('',#1073,#1106,#436,.T.);
#1416=EDGE_CURVE('',#1107,#1072,#437,.T.);
#1417=EDGE_CURVE('',#1106,#1107,#818,.T.);
#1418=EDGE_CURVE('',#1108,#1076,#438,.T.);
#1419=EDGE_CURVE('',#1109,#1108,#819,.T.);
#1420=EDGE_CURVE('',#1077,#1109,#439,.T.);
#1421=EDGE_CURVE('',#1110,#1080,#440,.T.);
#1422=EDGE_CURVE('',#1111,#1110,#820,.T.);
#1423=EDGE_CURVE('',#1081,#1111,#441,.T.);
#1424=EDGE_CURVE('',#1069,#1112,#442,.T.);
#1425=EDGE_CURVE('',#1113,#1068,#443,.T.);
#1426=EDGE_CURVE('',#1112,#1113,#821,.T.);
#1427=EDGE_CURVE('',#1114,#1082,#444,.T.);
#1428=EDGE_CURVE('',#1009,#1114,#822,.T.);
#1429=EDGE_CURVE('',#971,#1032,#823,.T.);
#1430=EDGE_CURVE('',#973,#1111,#824,.T.);
#1431=EDGE_CURVE('',#974,#1114,#825,.T.);
#1432=EDGE_CURVE('',#1033,#975,#826,.T.);
#1433=EDGE_CURVE('',#1083,#1115,#445,.T.);
#1434=EDGE_CURVE('',#1115,#1091,#827,.T.);
#1435=EDGE_CURVE('',#1115,#1010,#828,.T.);
#1436=EDGE_CURVE('',#1067,#1116,#446,.T.);
#1437=EDGE_CURVE('',#1116,#1113,#829,.T.);
#1438=EDGE_CURVE('',#1116,#956,#830,.T.);
#1439=EDGE_CURVE('',#1019,#957,#831,.T.);
#1440=EDGE_CURVE('',#1117,#1112,#832,.T.);
#1441=EDGE_CURVE('',#1070,#1117,#447,.T.);
#1442=EDGE_CURVE('',#1071,#1118,#448,.T.);
#1443=EDGE_CURVE('',#1118,#1107,#833,.T.);
#1444=EDGE_CURVE('',#1118,#1117,#834,.T.);
#1445=EDGE_CURVE('',#1119,#1109,#835,.T.);
#1446=EDGE_CURVE('',#1078,#1119,#449,.T.);
#1447=EDGE_CURVE('',#1079,#1120,#450,.T.);
#1448=EDGE_CURVE('',#1120,#1110,#836,.T.);
#1449=EDGE_CURVE('',#1120,#1119,#837,.T.);
#1450=EDGE_CURVE('',#1121,#1106,#838,.T.);
#1451=EDGE_CURVE('',#1074,#1121,#451,.T.);
#1452=EDGE_CURVE('',#1075,#1122,#452,.T.);
#1453=EDGE_CURVE('',#1122,#1108,#839,.T.);
#1454=EDGE_CURVE('',#1122,#1121,#840,.T.);
#1455=EDGE_CURVE('',#1123,#1105,#841,.T.);
#1456=EDGE_CURVE('',#1058,#1123,#453,.T.);
#1457=EDGE_CURVE('',#1059,#1124,#454,.T.);
#1458=EDGE_CURVE('',#1124,#1103,#842,.T.);
#1459=EDGE_CURVE('',#1124,#1123,#843,.T.);
#1460=EDGE_CURVE('',#1125,#1096,#844,.T.);
#1461=EDGE_CURVE('',#1054,#1125,#455,.T.);
#1462=EDGE_CURVE('',#1055,#1126,#456,.T.);
#1463=EDGE_CURVE('',#1126,#1104,#845,.T.);
#1464=EDGE_CURVE('',#1126,#1125,#846,.T.);
#1465=EDGE_CURVE('',#1127,#1102,#847,.T.);
#1466=EDGE_CURVE('',#1062,#1127,#457,.T.);
#1467=EDGE_CURVE('',#1063,#1128,#458,.T.);
#1468=EDGE_CURVE('',#1128,#1101,#848,.T.);
#1469=EDGE_CURVE('',#1128,#1127,#849,.T.);
#1470=EDGE_CURVE('',#1129,#1100,#850,.T.);
#1471=EDGE_CURVE('',#1066,#1129,#459,.T.);
#1472=EDGE_CURVE('',#958,#1022,#851,.T.);
#1473=EDGE_CURVE('',#945,#1129,#852,.T.);
#1474=EDGE_CURVE('',#1130,#1099,#853,.T.);
#1475=EDGE_CURVE('',#1048,#1130,#460,.T.);
#1476=EDGE_CURVE('',#1005,#1130,#854,.T.);
#1477=EDGE_CURVE('',#1131,#1093,#855,.T.);
#1478=EDGE_CURVE('',#1044,#1131,#461,.T.);
#1479=EDGE_CURVE('',#1045,#1132,#462,.T.);
#1480=EDGE_CURVE('',#1132,#1098,#856,.T.);
#1481=EDGE_CURVE('',#1132,#1131,#857,.T.);
#1482=EDGE_CURVE('',#1133,#1097,#858,.T.);
#1483=EDGE_CURVE('',#1050,#1133,#463,.T.);
#1484=EDGE_CURVE('',#1001,#1133,#859,.T.);
#1485=EDGE_CURVE('',#931,#1024,#860,.T.);
#1486=EDGE_CURVE('',#933,#1094,#861,.T.);
#1487=EDGE_CURVE('',#934,#1095,#862,.T.);
#1488=EDGE_CURVE('',#1025,#935,#863,.T.);
#1489=EDGE_CURVE('',#1041,#1134,#464,.T.);
#1490=EDGE_CURVE('',#1134,#1092,#864,.T.);
#1491=EDGE_CURVE('',#1134,#988,#865,.T.);
#1492=EDGE_CURVE('',#1027,#989,#866,.T.);
#1493=EDGE_CURVE('',#1135,#1090,#867,.T.);
#1494=EDGE_CURVE('',#1040,#1135,#465,.T.);
#1495=EDGE_CURVE('',#985,#1030,#868,.T.);
#1496=EDGE_CURVE('',#987,#1135,#869,.T.);
#1497=EDGE_CURVE('',#1085,#1136,#466,.T.);
#1498=EDGE_CURVE('',#1136,#1088,#870,.T.);
#1499=EDGE_CURVE('',#1136,#998,#871,.T.);
#1500=EDGE_CURVE('',#1137,#1087,#872,.T.);
#1501=EDGE_CURVE('',#1035,#1137,#467,.T.);
#1502=EDGE_CURVE('',#1037,#1138,#468,.T.);
#1503=EDGE_CURVE('',#1138,#1089,#873,.T.);
#1504=EDGE_CURVE('',#1138,#1137,#874,.T.);
#1505=EDGE_CURVE('',#943,#942,#875,.T.);
#1506=EDGE_CURVE('',#941,#1139,#876,.T.);
#1507=EDGE_CURVE('',#1139,#1140,#469,.T.);
#1508=EDGE_CURVE('',#1140,#1140,#877,.T.);
#1509=EDGE_CURVE('',#1139,#944,#878,.T.);
#1510=EDGE_CURVE('',#1141,#967,#470,.T.);
#1511=EDGE_CURVE('',#1141,#1142,#471,.T.);
#1512=EDGE_CURVE('',#1142,#1143,#472,.T.);
#1513=EDGE_CURVE('',#1143,#940,#473,.T.);
#1514=EDGE_CURVE('',#1144,#966,#474,.T.);
#1515=EDGE_CURVE('',#1144,#1145,#475,.T.);
#1516=EDGE_CURVE('',#1141,#1145,#476,.T.);
#1517=EDGE_CURVE('',#993,#1146,#879,.T.);
#1518=EDGE_CURVE('',#1146,#1147,#477,.T.);
#1519=EDGE_CURVE('',#1147,#1147,#880,.T.);
#1520=EDGE_CURVE('',#1146,#990,#881,.T.);
#1521=EDGE_CURVE('',#991,#992,#882,.T.);
#1522=EDGE_CURVE('',#979,#1148,#883,.T.);
#1523=EDGE_CURVE('',#1148,#1149,#884,.T.);
#1524=EDGE_CURVE('',#1150,#1149,#478,.T.);
#1525=EDGE_CURVE('',#1144,#1150,#885,.T.);
#1526=EDGE_CURVE('',#1151,#1152,#886,.T.);
#1527=EDGE_CURVE('',#1152,#1151,#887,.T.);
#1528=EDGE_CURVE('',#1152,#1153,#479,.T.);
#1529=EDGE_CURVE('',#1153,#983,#888,.T.);
#1530=EDGE_CURVE('',#984,#1153,#889,.T.);
#1531=EDGE_CURVE('',#1154,#980,#890,.T.);
#1532=EDGE_CURVE('',#1154,#1148,#480,.T.);
#1533=EDGE_CURVE('',#1155,#978,#891,.T.);
#1534=EDGE_CURVE('',#977,#1155,#892,.T.);
#1535=EDGE_CURVE('',#954,#949,#893,.T.);
#1536=EDGE_CURVE('',#1156,#953,#894,.T.);
#1537=EDGE_CURVE('',#950,#1156,#895,.T.);
#1538=EDGE_CURVE('',#1157,#1141,#896,.T.);
#1539=EDGE_CURVE('',#1158,#1157,#897,.T.);
#1540=EDGE_CURVE('',#1159,#1158,#481,.T.);
#1541=EDGE_CURVE('',#1142,#1159,#898,.T.);
#1542=EDGE_CURVE('',#1160,#1160,#899,.T.);
#1543=EDGE_CURVE('',#1161,#1161,#900,.T.);
#1544=EDGE_CURVE('',#1162,#1162,#901,.T.);
#1545=EDGE_CURVE('',#1163,#1145,#902,.T.);
#1546=EDGE_CURVE('',#1164,#1163,#482,.T.);
#1547=EDGE_CURVE('',#1164,#1157,#903,.T.);
#1548=EDGE_CURVE('',#1163,#1150,#483,.T.);
#1549=EDGE_CURVE('',#1164,#1149,#484,.T.);
#1550=EDGE_CURVE('',#1165,#1154,#485,.T.);
#1551=EDGE_CURVE('',#1157,#1165,#904,.T.);
#1552=EDGE_CURVE('',#1166,#1167,#486,.T.);
#1553=EDGE_CURVE('',#1167,#1165,#487,.T.);
#1554=EDGE_CURVE('',#1154,#1166,#488,.T.);
#1555=EDGE_CURVE('',#1166,#1168,#905,.T.);
#1556=EDGE_CURVE('',#1169,#1168,#489,.T.);
#1557=EDGE_CURVE('',#1169,#1167,#906,.T.);
#1558=EDGE_CURVE('',#937,#1170,#907,.T.);
#1559=EDGE_CURVE('',#1170,#1168,#490,.T.);
#1560=EDGE_CURVE('',#1158,#1170,#491,.T.);
#1561=EDGE_CURVE('',#1169,#1158,#492,.T.);
#1562=EDGE_CURVE('',#1170,#1171,#493,.T.);
#1563=EDGE_CURVE('',#1159,#1171,#494,.T.);
#1564=EDGE_CURVE('',#1171,#1143,#908,.T.);
#1565=EDGE_CURVE('',#1143,#1172,#495,.T.);
#1566=EDGE_CURVE('',#1173,#1172,#909,.T.);
#1567=EDGE_CURVE('',#1173,#1171,#496,.T.);
#1568=EDGE_CURVE('',#1173,#1174,#497,.T.);
#1569=EDGE_CURVE('',#1159,#1174,#498,.T.);
#1570=EDGE_CURVE('',#1175,#1172,#499,.T.);
#1571=EDGE_CURVE('',#1175,#1174,#910,.T.);
#1572=EDGE_CURVE('',#1175,#1142,#500,.T.);
#1573=EDGE_CURVE('',#1176,#1176,#911,.T.);
#1574=EDGE_CURVE('',#1176,#1151,#501,.T.);
#1575=EDGE_CURVE('',#1177,#1178,#502,.T.);
#1576=EDGE_CURVE('',#1179,#1178,#912,.T.);
#1577=EDGE_CURVE('',#1179,#1180,#503,.T.);
#1578=EDGE_CURVE('',#1181,#1180,#913,.T.);
#1579=EDGE_CURVE('',#1182,#1181,#504,.T.);
#1580=EDGE_CURVE('',#1177,#1182,#914,.T.);
#1581=EDGE_CURVE('',#1183,#1184,#505,.T.);
#1582=EDGE_CURVE('',#1184,#1178,#506,.T.);
#1583=EDGE_CURVE('',#1177,#1183,#507,.T.);
#1584=EDGE_CURVE('',#1185,#1186,#508,.T.);
#1585=EDGE_CURVE('',#1186,#1184,#509,.T.);
#1586=EDGE_CURVE('',#1183,#1185,#510,.T.);
#1587=EDGE_CURVE('',#1187,#1187,#915,.T.);
#1588=EDGE_CURVE('',#1188,#1189,#511,.T.);
#1589=EDGE_CURVE('',#1190,#1188,#916,.T.);
#1590=EDGE_CURVE('',#1191,#1190,#512,.T.);
#1591=EDGE_CURVE('',#1186,#1191,#917,.T.);
#1592=EDGE_CURVE('',#1189,#1185,#918,.T.);
#1593=EDGE_CURVE('',#1187,#1192,#513,.T.);
#1594=EDGE_CURVE('',#1192,#1193,#919,.T.);
#1595=EDGE_CURVE('',#1193,#1192,#920,.T.);
#1596=EDGE_CURVE('',#1193,#1194,#514,.T.);
#1597=EDGE_CURVE('',#1194,#1194,#921,.T.);
#1598=EDGE_CURVE('',#1195,#1195,#922,.T.);
#1599=EDGE_CURVE('',#1195,#1196,#923,.T.);
#1600=EDGE_CURVE('',#1197,#1196,#924,.T.);
#1601=EDGE_CURVE('',#1196,#1197,#925,.T.);
#1602=EDGE_CURVE('',#1198,#1199,#926,.T.);
#1603=EDGE_CURVE('',#1199,#1197,#515,.T.);
#1604=EDGE_CURVE('',#1199,#1198,#927,.T.);
#1605=EDGE_CURVE('',#1198,#1162,#928,.T.);
#1606=EDGE_CURVE('',#1200,#1188,#370,.T.);
#1607=EDGE_CURVE('',#1189,#1201,#516,.T.);
#1608=EDGE_CURVE('',#1200,#1201,#517,.T.);
#1609=EDGE_CURVE('',#1181,#1200,#518,.T.);
#1610=EDGE_CURVE('',#1202,#1180,#519,.T.);
#1611=EDGE_CURVE('',#1190,#1202,#371,.T.);
#1612=EDGE_CURVE('',#1203,#1202,#520,.T.);
#1613=EDGE_CURVE('',#1203,#1191,#521,.T.);
#1614=EDGE_CURVE('',#1184,#1203,#929,.T.);
#1615=EDGE_CURVE('',#1203,#1179,#522,.T.);
#1616=EDGE_CURVE('',#1201,#1182,#523,.T.);
#1617=EDGE_CURVE('',#1201,#1183,#930,.T.);
#1618=EDGE_CURVE('',#1155,#1160,#524,.T.);
#1619=EDGE_CURVE('',#1156,#1161,#525,.T.);
#1620=ORIENTED_EDGE('',*,*,#1204,.F.);
#1621=ORIENTED_EDGE('',*,*,#1205,.T.);
#1622=ORIENTED_EDGE('',*,*,#1206,.T.);
#1623=ORIENTED_EDGE('',*,*,#1207,.T.);
#1624=ORIENTED_EDGE('',*,*,#1208,.F.);
#1625=ORIENTED_EDGE('',*,*,#1209,.T.);
#1626=ORIENTED_EDGE('',*,*,#1210,.F.);
#1627=ORIENTED_EDGE('',*,*,#1211,.F.);
#1628=ORIENTED_EDGE('',*,*,#1212,.T.);
#1629=ORIENTED_EDGE('',*,*,#1213,.F.);
#1630=ORIENTED_EDGE('',*,*,#1214,.F.);
#1631=ORIENTED_EDGE('',*,*,#1215,.F.);
#1632=ORIENTED_EDGE('',*,*,#1216,.T.);
#1633=ORIENTED_EDGE('',*,*,#1217,.F.);
#1634=ORIENTED_EDGE('',*,*,#1218,.F.);
#1635=ORIENTED_EDGE('',*,*,#1209,.F.);
#1636=ORIENTED_EDGE('',*,*,#1219,.T.);
#1637=ORIENTED_EDGE('',*,*,#1220,.T.);
#1638=ORIENTED_EDGE('',*,*,#1221,.T.);
#1639=ORIENTED_EDGE('',*,*,#1222,.F.);
#1640=ORIENTED_EDGE('',*,*,#1223,.F.);
#1641=ORIENTED_EDGE('',*,*,#1224,.F.);
#1642=ORIENTED_EDGE('',*,*,#1225,.T.);
#1643=ORIENTED_EDGE('',*,*,#1226,.F.);
#1644=ORIENTED_EDGE('',*,*,#1227,.F.);
#1645=ORIENTED_EDGE('',*,*,#1228,.F.);
#1646=ORIENTED_EDGE('',*,*,#1229,.T.);
#1647=ORIENTED_EDGE('',*,*,#1220,.F.);
#1648=ORIENTED_EDGE('',*,*,#1230,.T.);
#1649=ORIENTED_EDGE('',*,*,#1231,.T.);
#1650=ORIENTED_EDGE('',*,*,#1232,.F.);
#1651=ORIENTED_EDGE('',*,*,#1233,.T.);
#1652=ORIENTED_EDGE('',*,*,#1234,.F.);
#1653=ORIENTED_EDGE('',*,*,#1235,.F.);
#1654=ORIENTED_EDGE('',*,*,#1236,.T.);
#1655=ORIENTED_EDGE('',*,*,#1237,.F.);
#1656=ORIENTED_EDGE('',*,*,#1221,.F.);
#1657=ORIENTED_EDGE('',*,*,#1229,.F.);
#1658=ORIENTED_EDGE('',*,*,#1238,.F.);
#1659=ORIENTED_EDGE('',*,*,#1239,.F.);
#1660=ORIENTED_EDGE('',*,*,#1240,.F.);
#1661=ORIENTED_EDGE('',*,*,#1241,.F.);
#1662=ORIENTED_EDGE('',*,*,#1242,.F.);
#1663=ORIENTED_EDGE('',*,*,#1243,.F.);
#1664=ORIENTED_EDGE('',*,*,#1244,.F.);
#1665=ORIENTED_EDGE('',*,*,#1212,.F.);
#1666=ORIENTED_EDGE('',*,*,#1245,.F.);
#1667=ORIENTED_EDGE('',*,*,#1246,.F.);
#1668=ORIENTED_EDGE('',*,*,#1247,.F.);
#1669=ORIENTED_EDGE('',*,*,#1248,.F.);
#1670=ORIENTED_EDGE('',*,*,#1225,.F.);
#1671=ORIENTED_EDGE('',*,*,#1249,.F.);
#1672=ORIENTED_EDGE('',*,*,#1250,.T.);
#1673=ORIENTED_EDGE('',*,*,#1251,.T.);
#1674=ORIENTED_EDGE('',*,*,#1252,.T.);
#1675=ORIENTED_EDGE('',*,*,#1253,.F.);
#1676=ORIENTED_EDGE('',*,*,#1254,.T.);
#1677=ORIENTED_EDGE('',*,*,#1255,.F.);
#1678=ORIENTED_EDGE('',*,*,#1256,.F.);
#1679=ORIENTED_EDGE('',*,*,#1235,.T.);
#1680=ORIENTED_EDGE('',*,*,#1257,.F.);
#1681=ORIENTED_EDGE('',*,*,#1258,.F.);
#1682=ORIENTED_EDGE('',*,*,#1259,.F.);
#1683=ORIENTED_EDGE('',*,*,#1239,.T.);
#1684=ORIENTED_EDGE('',*,*,#1260,.F.);
#1685=ORIENTED_EDGE('',*,*,#1261,.F.);
#1686=ORIENTED_EDGE('',*,*,#1254,.F.);
#1687=ORIENTED_EDGE('',*,*,#1262,.T.);
#1688=ORIENTED_EDGE('',*,*,#1263,.T.);
#1689=ORIENTED_EDGE('',*,*,#1264,.F.);
#1690=ORIENTED_EDGE('',*,*,#1265,.F.);
#1691=ORIENTED_EDGE('',*,*,#1266,.F.);
#1692=ORIENTED_EDGE('',*,*,#1263,.F.);
#1693=ORIENTED_EDGE('',*,*,#1267,.F.);
#1694=ORIENTED_EDGE('',*,*,#1268,.T.);
#1695=ORIENTED_EDGE('',*,*,#1269,.T.);
#1696=ORIENTED_EDGE('',*,*,#1270,.T.);
#1697=ORIENTED_EDGE('',*,*,#1271,.F.);
#1698=ORIENTED_EDGE('',*,*,#1272,.T.);
#1699=ORIENTED_EDGE('',*,*,#1246,.T.);
#1700=ORIENTED_EDGE('',*,*,#1273,.F.);
#1701=ORIENTED_EDGE('',*,*,#1274,.F.);
#1702=ORIENTED_EDGE('',*,*,#1275,.F.);
#1703=ORIENTED_EDGE('',*,*,#1241,.T.);
#1704=ORIENTED_EDGE('',*,*,#1276,.F.);
#1705=ORIENTED_EDGE('',*,*,#1277,.F.);
#1706=ORIENTED_EDGE('',*,*,#1278,.F.);
#1707=ORIENTED_EDGE('',*,*,#1247,.T.);
#1708=ORIENTED_EDGE('',*,*,#1272,.F.);
#1709=ORIENTED_EDGE('',*,*,#1236,.F.);
#1710=ORIENTED_EDGE('',*,*,#1279,.T.);
#1711=ORIENTED_EDGE('',*,*,#1280,.T.);
#1712=ORIENTED_EDGE('',*,*,#1279,.F.);
#1713=ORIENTED_EDGE('',*,*,#1281,.T.);
#1714=ORIENTED_EDGE('',*,*,#1282,.T.);
#1715=ORIENTED_EDGE('',*,*,#1283,.F.);
#1716=ORIENTED_EDGE('',*,*,#1284,.F.);
#1717=ORIENTED_EDGE('',*,*,#1285,.T.);
#1718=ORIENTED_EDGE('',*,*,#1286,.T.);
#1719=ORIENTED_EDGE('',*,*,#1287,.T.);
#1720=ORIENTED_EDGE('',*,*,#1288,.T.);
#1721=ORIENTED_EDGE('',*,*,#1289,.T.);
#1722=ORIENTED_EDGE('',*,*,#1290,.T.);
#1723=ORIENTED_EDGE('',*,*,#1291,.T.);
#1724=ORIENTED_EDGE('',*,*,#1292,.T.);
#1725=ORIENTED_EDGE('',*,*,#1293,.T.);
#1726=ORIENTED_EDGE('',*,*,#1294,.T.);
#1727=ORIENTED_EDGE('',*,*,#1295,.F.);
#1728=ORIENTED_EDGE('',*,*,#1296,.F.);
#1729=ORIENTED_EDGE('',*,*,#1297,.T.);
#1730=ORIENTED_EDGE('',*,*,#1298,.F.);
#1731=ORIENTED_EDGE('',*,*,#1299,.F.);
#1732=ORIENTED_EDGE('',*,*,#1300,.F.);
#1733=ORIENTED_EDGE('',*,*,#1301,.F.);
#1734=ORIENTED_EDGE('',*,*,#1302,.F.);
#1735=ORIENTED_EDGE('',*,*,#1303,.T.);
#1736=ORIENTED_EDGE('',*,*,#1304,.F.);
#1737=ORIENTED_EDGE('',*,*,#1302,.T.);
#1738=ORIENTED_EDGE('',*,*,#1305,.T.);
#1739=ORIENTED_EDGE('',*,*,#1306,.F.);
#1740=ORIENTED_EDGE('',*,*,#1307,.T.);
#1741=ORIENTED_EDGE('',*,*,#1308,.T.);
#1742=ORIENTED_EDGE('',*,*,#1309,.T.);
#1743=ORIENTED_EDGE('',*,*,#1304,.T.);
#1744=ORIENTED_EDGE('',*,*,#1310,.T.);
#1745=ORIENTED_EDGE('',*,*,#1311,.T.);
#1746=ORIENTED_EDGE('',*,*,#1312,.T.);
#1747=ORIENTED_EDGE('',*,*,#1313,.F.);
#1748=ORIENTED_EDGE('',*,*,#1314,.T.);
#1749=ORIENTED_EDGE('',*,*,#1300,.T.);
#1750=ORIENTED_EDGE('',*,*,#1315,.T.);
#1751=ORIENTED_EDGE('',*,*,#1316,.F.);
#1752=ORIENTED_EDGE('',*,*,#1317,.T.);
#1753=ORIENTED_EDGE('',*,*,#1318,.T.);
#1754=ORIENTED_EDGE('',*,*,#1319,.T.);
#1755=ORIENTED_EDGE('',*,*,#1298,.T.);
#1756=ORIENTED_EDGE('',*,*,#1320,.T.);
#1757=ORIENTED_EDGE('',*,*,#1321,.T.);
#1758=ORIENTED_EDGE('',*,*,#1322,.T.);
#1759=ORIENTED_EDGE('',*,*,#1323,.F.);
#1760=ORIENTED_EDGE('',*,*,#1324,.T.);
#1761=ORIENTED_EDGE('',*,*,#1325,.F.);
#1762=ORIENTED_EDGE('',*,*,#1326,.F.);
#1763=ORIENTED_EDGE('',*,*,#1327,.F.);
#1764=ORIENTED_EDGE('',*,*,#1328,.F.);
#1765=ORIENTED_EDGE('',*,*,#1329,.F.);
#1766=ORIENTED_EDGE('',*,*,#1330,.F.);
#1767=ORIENTED_EDGE('',*,*,#1320,.F.);
#1768=ORIENTED_EDGE('',*,*,#1297,.F.);
#1769=ORIENTED_EDGE('',*,*,#1317,.F.);
#1770=ORIENTED_EDGE('',*,*,#1331,.F.);
#1771=ORIENTED_EDGE('',*,*,#1332,.F.);
#1772=ORIENTED_EDGE('',*,*,#1333,.F.);
#1773=ORIENTED_EDGE('',*,*,#1334,.F.);
#1774=ORIENTED_EDGE('',*,*,#1335,.F.);
#1775=ORIENTED_EDGE('',*,*,#1336,.F.);
#1776=ORIENTED_EDGE('',*,*,#1337,.F.);
#1777=ORIENTED_EDGE('',*,*,#1338,.F.);
#1778=ORIENTED_EDGE('',*,*,#1339,.F.);
#1779=ORIENTED_EDGE('',*,*,#1289,.F.);
#1780=ORIENTED_EDGE('',*,*,#1340,.F.);
#1781=ORIENTED_EDGE('',*,*,#1341,.F.);
#1782=ORIENTED_EDGE('',*,*,#1342,.F.);
#1783=ORIENTED_EDGE('',*,*,#1285,.F.);
#1784=ORIENTED_EDGE('',*,*,#1343,.F.);
#1785=ORIENTED_EDGE('',*,*,#1344,.F.);
#1786=ORIENTED_EDGE('',*,*,#1314,.F.);
#1787=ORIENTED_EDGE('',*,*,#1345,.F.);
#1788=ORIENTED_EDGE('',*,*,#1346,.F.);
#1789=ORIENTED_EDGE('',*,*,#1347,.F.);
#1790=ORIENTED_EDGE('',*,*,#1348,.F.);
#1791=ORIENTED_EDGE('',*,*,#1349,.F.);
#1792=ORIENTED_EDGE('',*,*,#1350,.F.);
#1793=ORIENTED_EDGE('',*,*,#1351,.F.);
#1794=ORIENTED_EDGE('',*,*,#1352,.F.);
#1795=ORIENTED_EDGE('',*,*,#1353,.F.);
#1796=ORIENTED_EDGE('',*,*,#1354,.F.);
#1797=ORIENTED_EDGE('',*,*,#1355,.F.);
#1798=ORIENTED_EDGE('',*,*,#1356,.F.);
#1799=ORIENTED_EDGE('',*,*,#1357,.F.);
#1800=ORIENTED_EDGE('',*,*,#1358,.F.);
#1801=ORIENTED_EDGE('',*,*,#1359,.F.);
#1802=ORIENTED_EDGE('',*,*,#1360,.F.);
#1803=ORIENTED_EDGE('',*,*,#1310,.F.);
#1804=ORIENTED_EDGE('',*,*,#1303,.F.);
#1805=ORIENTED_EDGE('',*,*,#1307,.F.);
#1806=ORIENTED_EDGE('',*,*,#1361,.F.);
#1807=ORIENTED_EDGE('',*,*,#1362,.F.);
#1808=ORIENTED_EDGE('',*,*,#1363,.F.);
#1809=ORIENTED_EDGE('',*,*,#1364,.F.);
#1810=ORIENTED_EDGE('',*,*,#1365,.F.);
#1811=ORIENTED_EDGE('',*,*,#1366,.F.);
#1812=ORIENTED_EDGE('',*,*,#1367,.F.);
#1813=ORIENTED_EDGE('',*,*,#1368,.F.);
#1814=ORIENTED_EDGE('',*,*,#1369,.F.);
#1815=ORIENTED_EDGE('',*,*,#1370,.F.);
#1816=ORIENTED_EDGE('',*,*,#1371,.F.);
#1817=ORIENTED_EDGE('',*,*,#1372,.F.);
#1818=ORIENTED_EDGE('',*,*,#1373,.F.);
#1819=ORIENTED_EDGE('',*,*,#1374,.F.);
#1820=ORIENTED_EDGE('',*,*,#1375,.F.);
#1821=ORIENTED_EDGE('',*,*,#1376,.F.);
#1822=ORIENTED_EDGE('',*,*,#1324,.F.);
#1823=ORIENTED_EDGE('',*,*,#1377,.F.);
#1824=ORIENTED_EDGE('',*,*,#1378,.F.);
#1825=ORIENTED_EDGE('',*,*,#1293,.F.);
#1826=ORIENTED_EDGE('',*,*,#1379,.F.);
#1827=ORIENTED_EDGE('',*,*,#1380,.F.);
#1828=ORIENTED_EDGE('',*,*,#1381,.F.);
#1829=ORIENTED_EDGE('',*,*,#1281,.F.);
#1830=ORIENTED_EDGE('',*,*,#1382,.F.);
#1831=ORIENTED_EDGE('',*,*,#1383,.F.);
#1832=ORIENTED_EDGE('',*,*,#1384,.F.);
#1833=ORIENTED_EDGE('',*,*,#1262,.F.);
#1834=ORIENTED_EDGE('',*,*,#1385,.F.);
#1835=ORIENTED_EDGE('',*,*,#1384,.T.);
#1836=ORIENTED_EDGE('',*,*,#1386,.F.);
#1837=ORIENTED_EDGE('',*,*,#1387,.F.);
#1838=ORIENTED_EDGE('',*,*,#1388,.F.);
#1839=ORIENTED_EDGE('',*,*,#1389,.F.);
#1840=ORIENTED_EDGE('',*,*,#1390,.F.);
#1841=ORIENTED_EDGE('',*,*,#1328,.T.);
#1842=ORIENTED_EDGE('',*,*,#1282,.F.);
#1843=ORIENTED_EDGE('',*,*,#1381,.T.);
#1844=ORIENTED_EDGE('',*,*,#1391,.F.);
#1845=ORIENTED_EDGE('',*,*,#1392,.F.);
#1846=ORIENTED_EDGE('',*,*,#1393,.F.);
#1847=ORIENTED_EDGE('',*,*,#1394,.F.);
#1848=ORIENTED_EDGE('',*,*,#1395,.F.);
#1849=ORIENTED_EDGE('',*,*,#1333,.T.);
#1850=ORIENTED_EDGE('',*,*,#1396,.F.);
#1851=ORIENTED_EDGE('',*,*,#1343,.T.);
#1852=ORIENTED_EDGE('',*,*,#1288,.F.);
#1853=ORIENTED_EDGE('',*,*,#1397,.F.);
#1854=ORIENTED_EDGE('',*,*,#1398,.F.);
#1855=ORIENTED_EDGE('',*,*,#1399,.F.);
#1856=ORIENTED_EDGE('',*,*,#1400,.F.);
#1857=ORIENTED_EDGE('',*,*,#1346,.T.);
#1858=ORIENTED_EDGE('',*,*,#1401,.F.);
#1859=ORIENTED_EDGE('',*,*,#1340,.T.);
#1860=ORIENTED_EDGE('',*,*,#1292,.F.);
#1861=ORIENTED_EDGE('',*,*,#1402,.F.);
#1862=ORIENTED_EDGE('',*,*,#1403,.F.);
#1863=ORIENTED_EDGE('',*,*,#1404,.F.);
#1864=ORIENTED_EDGE('',*,*,#1405,.F.);
#1865=ORIENTED_EDGE('',*,*,#1337,.T.);
#1866=ORIENTED_EDGE('',*,*,#1406,.F.);
#1867=ORIENTED_EDGE('',*,*,#1358,.T.);
#1868=ORIENTED_EDGE('',*,*,#1407,.F.);
#1869=ORIENTED_EDGE('',*,*,#1408,.F.);
#1870=ORIENTED_EDGE('',*,*,#1409,.F.);
#1871=ORIENTED_EDGE('',*,*,#1354,.T.);
#1872=ORIENTED_EDGE('',*,*,#1410,.F.);
#1873=ORIENTED_EDGE('',*,*,#1411,.F.);
#1874=ORIENTED_EDGE('',*,*,#1412,.F.);
#1875=ORIENTED_EDGE('',*,*,#1413,.F.);
#1876=ORIENTED_EDGE('',*,*,#1414,.F.);
#1877=ORIENTED_EDGE('',*,*,#1350,.T.);
#1878=ORIENTED_EDGE('',*,*,#1415,.F.);
#1879=ORIENTED_EDGE('',*,*,#1367,.T.);
#1880=ORIENTED_EDGE('',*,*,#1416,.F.);
#1881=ORIENTED_EDGE('',*,*,#1417,.F.);
#1882=ORIENTED_EDGE('',*,*,#1418,.F.);
#1883=ORIENTED_EDGE('',*,*,#1419,.F.);
#1884=ORIENTED_EDGE('',*,*,#1420,.F.);
#1885=ORIENTED_EDGE('',*,*,#1371,.T.);
#1886=ORIENTED_EDGE('',*,*,#1421,.F.);
#1887=ORIENTED_EDGE('',*,*,#1422,.F.);
#1888=ORIENTED_EDGE('',*,*,#1423,.F.);
#1889=ORIENTED_EDGE('',*,*,#1375,.T.);
#1890=ORIENTED_EDGE('',*,*,#1424,.F.);
#1891=ORIENTED_EDGE('',*,*,#1363,.T.);
#1892=ORIENTED_EDGE('',*,*,#1425,.F.);
#1893=ORIENTED_EDGE('',*,*,#1426,.F.);
#1894=ORIENTED_EDGE('',*,*,#1294,.F.);
#1895=ORIENTED_EDGE('',*,*,#1378,.T.);
#1896=ORIENTED_EDGE('',*,*,#1427,.F.);
#1897=ORIENTED_EDGE('',*,*,#1428,.F.);
#1898=ORIENTED_EDGE('',*,*,#1250,.F.);
#1899=ORIENTED_EDGE('',*,*,#1429,.T.);
#1900=ORIENTED_EDGE('',*,*,#1321,.F.);
#1901=ORIENTED_EDGE('',*,*,#1376,.T.);
#1902=ORIENTED_EDGE('',*,*,#1423,.T.);
#1903=ORIENTED_EDGE('',*,*,#1430,.F.);
#1904=ORIENTED_EDGE('',*,*,#1252,.F.);
#1905=ORIENTED_EDGE('',*,*,#1431,.T.);
#1906=ORIENTED_EDGE('',*,*,#1427,.T.);
#1907=ORIENTED_EDGE('',*,*,#1377,.T.);
#1908=ORIENTED_EDGE('',*,*,#1323,.T.);
#1909=ORIENTED_EDGE('',*,*,#1432,.T.);
#1910=ORIENTED_EDGE('',*,*,#1391,.T.);
#1911=ORIENTED_EDGE('',*,*,#1380,.T.);
#1912=ORIENTED_EDGE('',*,*,#1433,.T.);
#1913=ORIENTED_EDGE('',*,*,#1434,.T.);
#1914=ORIENTED_EDGE('',*,*,#1435,.F.);
#1915=ORIENTED_EDGE('',*,*,#1433,.F.);
#1916=ORIENTED_EDGE('',*,*,#1379,.T.);
#1917=ORIENTED_EDGE('',*,*,#1296,.T.);
#1918=ORIENTED_EDGE('',*,*,#1425,.T.);
#1919=ORIENTED_EDGE('',*,*,#1362,.T.);
#1920=ORIENTED_EDGE('',*,*,#1436,.T.);
#1921=ORIENTED_EDGE('',*,*,#1437,.T.);
#1922=ORIENTED_EDGE('',*,*,#1231,.F.);
#1923=ORIENTED_EDGE('',*,*,#1438,.F.);
#1924=ORIENTED_EDGE('',*,*,#1436,.F.);
#1925=ORIENTED_EDGE('',*,*,#1361,.T.);
#1926=ORIENTED_EDGE('',*,*,#1306,.T.);
#1927=ORIENTED_EDGE('',*,*,#1439,.T.);
#1928=ORIENTED_EDGE('',*,*,#1424,.T.);
#1929=ORIENTED_EDGE('',*,*,#1440,.F.);
#1930=ORIENTED_EDGE('',*,*,#1441,.F.);
#1931=ORIENTED_EDGE('',*,*,#1364,.T.);
#1932=ORIENTED_EDGE('',*,*,#1416,.T.);
#1933=ORIENTED_EDGE('',*,*,#1366,.T.);
#1934=ORIENTED_EDGE('',*,*,#1442,.T.);
#1935=ORIENTED_EDGE('',*,*,#1443,.T.);
#1936=ORIENTED_EDGE('',*,*,#1444,.F.);
#1937=ORIENTED_EDGE('',*,*,#1442,.F.);
#1938=ORIENTED_EDGE('',*,*,#1365,.T.);
#1939=ORIENTED_EDGE('',*,*,#1441,.T.);
#1940=ORIENTED_EDGE('',*,*,#1420,.T.);
#1941=ORIENTED_EDGE('',*,*,#1445,.F.);
#1942=ORIENTED_EDGE('',*,*,#1446,.F.);
#1943=ORIENTED_EDGE('',*,*,#1372,.T.);
#1944=ORIENTED_EDGE('',*,*,#1421,.T.);
#1945=ORIENTED_EDGE('',*,*,#1374,.T.);
#1946=ORIENTED_EDGE('',*,*,#1447,.T.);
#1947=ORIENTED_EDGE('',*,*,#1448,.T.);
#1948=ORIENTED_EDGE('',*,*,#1449,.F.);
#1949=ORIENTED_EDGE('',*,*,#1447,.F.);
#1950=ORIENTED_EDGE('',*,*,#1373,.T.);
#1951=ORIENTED_EDGE('',*,*,#1446,.T.);
#1952=ORIENTED_EDGE('',*,*,#1415,.T.);
#1953=ORIENTED_EDGE('',*,*,#1450,.F.);
#1954=ORIENTED_EDGE('',*,*,#1451,.F.);
#1955=ORIENTED_EDGE('',*,*,#1368,.T.);
#1956=ORIENTED_EDGE('',*,*,#1418,.T.);
#1957=ORIENTED_EDGE('',*,*,#1370,.T.);
#1958=ORIENTED_EDGE('',*,*,#1452,.T.);
#1959=ORIENTED_EDGE('',*,*,#1453,.T.);
#1960=ORIENTED_EDGE('',*,*,#1454,.F.);
#1961=ORIENTED_EDGE('',*,*,#1452,.F.);
#1962=ORIENTED_EDGE('',*,*,#1369,.T.);
#1963=ORIENTED_EDGE('',*,*,#1451,.T.);
#1964=ORIENTED_EDGE('',*,*,#1414,.T.);
#1965=ORIENTED_EDGE('',*,*,#1455,.F.);
#1966=ORIENTED_EDGE('',*,*,#1456,.F.);
#1967=ORIENTED_EDGE('',*,*,#1351,.T.);
#1968=ORIENTED_EDGE('',*,*,#1410,.T.);
#1969=ORIENTED_EDGE('',*,*,#1353,.T.);
#1970=ORIENTED_EDGE('',*,*,#1457,.T.);
#1971=ORIENTED_EDGE('',*,*,#1458,.T.);
#1972=ORIENTED_EDGE('',*,*,#1459,.F.);
#1973=ORIENTED_EDGE('',*,*,#1457,.F.);
#1974=ORIENTED_EDGE('',*,*,#1352,.T.);
#1975=ORIENTED_EDGE('',*,*,#1456,.T.);
#1976=ORIENTED_EDGE('',*,*,#1400,.T.);
#1977=ORIENTED_EDGE('',*,*,#1460,.F.);
#1978=ORIENTED_EDGE('',*,*,#1461,.F.);
#1979=ORIENTED_EDGE('',*,*,#1347,.T.);
#1980=ORIENTED_EDGE('',*,*,#1412,.T.);
#1981=ORIENTED_EDGE('',*,*,#1349,.T.);
#1982=ORIENTED_EDGE('',*,*,#1462,.T.);
#1983=ORIENTED_EDGE('',*,*,#1463,.T.);
#1984=ORIENTED_EDGE('',*,*,#1464,.F.);
#1985=ORIENTED_EDGE('',*,*,#1462,.F.);
#1986=ORIENTED_EDGE('',*,*,#1348,.T.);
#1987=ORIENTED_EDGE('',*,*,#1461,.T.);
#1988=ORIENTED_EDGE('',*,*,#1409,.T.);
#1989=ORIENTED_EDGE('',*,*,#1465,.F.);
#1990=ORIENTED_EDGE('',*,*,#1466,.F.);
#1991=ORIENTED_EDGE('',*,*,#1355,.T.);
#1992=ORIENTED_EDGE('',*,*,#1407,.T.);
#1993=ORIENTED_EDGE('',*,*,#1357,.T.);
#1994=ORIENTED_EDGE('',*,*,#1467,.T.);
#1995=ORIENTED_EDGE('',*,*,#1468,.T.);
#1996=ORIENTED_EDGE('',*,*,#1469,.F.);
#1997=ORIENTED_EDGE('',*,*,#1467,.F.);
#1998=ORIENTED_EDGE('',*,*,#1356,.T.);
#1999=ORIENTED_EDGE('',*,*,#1466,.T.);
#2000=ORIENTED_EDGE('',*,*,#1406,.T.);
#2001=ORIENTED_EDGE('',*,*,#1470,.F.);
#2002=ORIENTED_EDGE('',*,*,#1471,.F.);
#2003=ORIENTED_EDGE('',*,*,#1359,.T.);
#2004=ORIENTED_EDGE('',*,*,#1233,.F.);
#2005=ORIENTED_EDGE('',*,*,#1472,.T.);
#2006=ORIENTED_EDGE('',*,*,#1308,.F.);
#2007=ORIENTED_EDGE('',*,*,#1360,.T.);
#2008=ORIENTED_EDGE('',*,*,#1471,.T.);
#2009=ORIENTED_EDGE('',*,*,#1473,.F.);
#2010=ORIENTED_EDGE('',*,*,#1405,.T.);
#2011=ORIENTED_EDGE('',*,*,#1474,.F.);
#2012=ORIENTED_EDGE('',*,*,#1475,.F.);
#2013=ORIENTED_EDGE('',*,*,#1338,.T.);
#2014=ORIENTED_EDGE('',*,*,#1476,.F.);
#2015=ORIENTED_EDGE('',*,*,#1290,.F.);
#2016=ORIENTED_EDGE('',*,*,#1339,.T.);
#2017=ORIENTED_EDGE('',*,*,#1475,.T.);
#2018=ORIENTED_EDGE('',*,*,#1395,.T.);
#2019=ORIENTED_EDGE('',*,*,#1477,.F.);
#2020=ORIENTED_EDGE('',*,*,#1478,.F.);
#2021=ORIENTED_EDGE('',*,*,#1334,.T.);
#2022=ORIENTED_EDGE('',*,*,#1403,.T.);
#2023=ORIENTED_EDGE('',*,*,#1336,.T.);
#2024=ORIENTED_EDGE('',*,*,#1479,.T.);
#2025=ORIENTED_EDGE('',*,*,#1480,.T.);
#2026=ORIENTED_EDGE('',*,*,#1481,.F.);
#2027=ORIENTED_EDGE('',*,*,#1479,.F.);
#2028=ORIENTED_EDGE('',*,*,#1335,.T.);
#2029=ORIENTED_EDGE('',*,*,#1478,.T.);
#2030=ORIENTED_EDGE('',*,*,#1401,.T.);
#2031=ORIENTED_EDGE('',*,*,#1482,.F.);
#2032=ORIENTED_EDGE('',*,*,#1483,.F.);
#2033=ORIENTED_EDGE('',*,*,#1341,.T.);
#2034=ORIENTED_EDGE('',*,*,#1484,.F.);
#2035=ORIENTED_EDGE('',*,*,#1286,.F.);
#2036=ORIENTED_EDGE('',*,*,#1342,.T.);
#2037=ORIENTED_EDGE('',*,*,#1483,.T.);
#2038=ORIENTED_EDGE('',*,*,#1205,.F.);
#2039=ORIENTED_EDGE('',*,*,#1485,.T.);
#2040=ORIENTED_EDGE('',*,*,#1311,.F.);
#2041=ORIENTED_EDGE('',*,*,#1344,.T.);
#2042=ORIENTED_EDGE('',*,*,#1396,.T.);
#2043=ORIENTED_EDGE('',*,*,#1486,.F.);
#2044=ORIENTED_EDGE('',*,*,#1207,.F.);
#2045=ORIENTED_EDGE('',*,*,#1487,.T.);
#2046=ORIENTED_EDGE('',*,*,#1398,.T.);
#2047=ORIENTED_EDGE('',*,*,#1345,.T.);
#2048=ORIENTED_EDGE('',*,*,#1313,.T.);
#2049=ORIENTED_EDGE('',*,*,#1488,.T.);
#2050=ORIENTED_EDGE('',*,*,#1393,.T.);
#2051=ORIENTED_EDGE('',*,*,#1332,.T.);
#2052=ORIENTED_EDGE('',*,*,#1489,.T.);
#2053=ORIENTED_EDGE('',*,*,#1490,.T.);
#2054=ORIENTED_EDGE('',*,*,#1270,.F.);
#2055=ORIENTED_EDGE('',*,*,#1491,.F.);
#2056=ORIENTED_EDGE('',*,*,#1489,.F.);
#2057=ORIENTED_EDGE('',*,*,#1331,.T.);
#2058=ORIENTED_EDGE('',*,*,#1316,.T.);
#2059=ORIENTED_EDGE('',*,*,#1492,.T.);
#2060=ORIENTED_EDGE('',*,*,#1390,.T.);
#2061=ORIENTED_EDGE('',*,*,#1493,.F.);
#2062=ORIENTED_EDGE('',*,*,#1494,.F.);
#2063=ORIENTED_EDGE('',*,*,#1329,.T.);
#2064=ORIENTED_EDGE('',*,*,#1268,.F.);
#2065=ORIENTED_EDGE('',*,*,#1495,.T.);
#2066=ORIENTED_EDGE('',*,*,#1318,.F.);
#2067=ORIENTED_EDGE('',*,*,#1330,.T.);
#2068=ORIENTED_EDGE('',*,*,#1494,.T.);
#2069=ORIENTED_EDGE('',*,*,#1496,.F.);
#2070=ORIENTED_EDGE('',*,*,#1386,.T.);
#2071=ORIENTED_EDGE('',*,*,#1383,.T.);
#2072=ORIENTED_EDGE('',*,*,#1497,.T.);
#2073=ORIENTED_EDGE('',*,*,#1498,.T.);
#2074=ORIENTED_EDGE('',*,*,#1499,.F.);
#2075=ORIENTED_EDGE('',*,*,#1497,.F.);
#2076=ORIENTED_EDGE('',*,*,#1382,.T.);
#2077=ORIENTED_EDGE('',*,*,#1284,.T.);
#2078=ORIENTED_EDGE('',*,*,#1385,.T.);
#2079=ORIENTED_EDGE('',*,*,#1500,.F.);
#2080=ORIENTED_EDGE('',*,*,#1501,.F.);
#2081=ORIENTED_EDGE('',*,*,#1325,.T.);
#2082=ORIENTED_EDGE('',*,*,#1388,.T.);
#2083=ORIENTED_EDGE('',*,*,#1327,.T.);
#2084=ORIENTED_EDGE('',*,*,#1502,.T.);
#2085=ORIENTED_EDGE('',*,*,#1503,.T.);
#2086=ORIENTED_EDGE('',*,*,#1504,.F.);
#2087=ORIENTED_EDGE('',*,*,#1502,.F.);
#2088=ORIENTED_EDGE('',*,*,#1326,.T.);
#2089=ORIENTED_EDGE('',*,*,#1501,.T.);
#2090=ORIENTED_EDGE('',*,*,#1505,.F.);
#2091=ORIENTED_EDGE('',*,*,#1216,.F.);
#2092=ORIENTED_EDGE('',*,*,#1280,.F.);
#2093=ORIENTED_EDGE('',*,*,#1269,.F.);
#2094=ORIENTED_EDGE('',*,*,#1496,.T.);
#2095=ORIENTED_EDGE('',*,*,#1493,.T.);
#2096=ORIENTED_EDGE('',*,*,#1389,.T.);
#2097=ORIENTED_EDGE('',*,*,#1503,.F.);
#2098=ORIENTED_EDGE('',*,*,#1504,.T.);
#2099=ORIENTED_EDGE('',*,*,#1500,.T.);
#2100=ORIENTED_EDGE('',*,*,#1387,.T.);
#2101=ORIENTED_EDGE('',*,*,#1498,.F.);
#2102=ORIENTED_EDGE('',*,*,#1499,.T.);
#2103=ORIENTED_EDGE('',*,*,#1283,.T.);
#2104=ORIENTED_EDGE('',*,*,#1392,.T.);
#2105=ORIENTED_EDGE('',*,*,#1434,.F.);
#2106=ORIENTED_EDGE('',*,*,#1435,.T.);
#2107=ORIENTED_EDGE('',*,*,#1295,.T.);
#2108=ORIENTED_EDGE('',*,*,#1428,.T.);
#2109=ORIENTED_EDGE('',*,*,#1431,.F.);
#2110=ORIENTED_EDGE('',*,*,#1251,.F.);
#2111=ORIENTED_EDGE('',*,*,#1430,.T.);
#2112=ORIENTED_EDGE('',*,*,#1422,.T.);
#2113=ORIENTED_EDGE('',*,*,#1448,.F.);
#2114=ORIENTED_EDGE('',*,*,#1449,.T.);
#2115=ORIENTED_EDGE('',*,*,#1445,.T.);
#2116=ORIENTED_EDGE('',*,*,#1419,.T.);
#2117=ORIENTED_EDGE('',*,*,#1453,.F.);
#2118=ORIENTED_EDGE('',*,*,#1454,.T.);
#2119=ORIENTED_EDGE('',*,*,#1450,.T.);
#2120=ORIENTED_EDGE('',*,*,#1417,.T.);
#2121=ORIENTED_EDGE('',*,*,#1443,.F.);
#2122=ORIENTED_EDGE('',*,*,#1444,.T.);
#2123=ORIENTED_EDGE('',*,*,#1440,.T.);
#2124=ORIENTED_EDGE('',*,*,#1426,.T.);
#2125=ORIENTED_EDGE('',*,*,#1437,.F.);
#2126=ORIENTED_EDGE('',*,*,#1438,.T.);
#2127=ORIENTED_EDGE('',*,*,#1230,.F.);
#2128=ORIENTED_EDGE('',*,*,#1219,.F.);
#2129=ORIENTED_EDGE('',*,*,#1473,.T.);
#2130=ORIENTED_EDGE('',*,*,#1470,.T.);
#2131=ORIENTED_EDGE('',*,*,#1408,.T.);
#2132=ORIENTED_EDGE('',*,*,#1468,.F.);
#2133=ORIENTED_EDGE('',*,*,#1469,.T.);
#2134=ORIENTED_EDGE('',*,*,#1465,.T.);
#2135=ORIENTED_EDGE('',*,*,#1411,.T.);
#2136=ORIENTED_EDGE('',*,*,#1458,.F.);
#2137=ORIENTED_EDGE('',*,*,#1459,.T.);
#2138=ORIENTED_EDGE('',*,*,#1455,.T.);
#2139=ORIENTED_EDGE('',*,*,#1413,.T.);
#2140=ORIENTED_EDGE('',*,*,#1463,.F.);
#2141=ORIENTED_EDGE('',*,*,#1464,.T.);
#2142=ORIENTED_EDGE('',*,*,#1460,.T.);
#2143=ORIENTED_EDGE('',*,*,#1399,.T.);
#2144=ORIENTED_EDGE('',*,*,#1487,.F.);
#2145=ORIENTED_EDGE('',*,*,#1206,.F.);
#2146=ORIENTED_EDGE('',*,*,#1486,.T.);
#2147=ORIENTED_EDGE('',*,*,#1397,.T.);
#2148=ORIENTED_EDGE('',*,*,#1287,.F.);
#2149=ORIENTED_EDGE('',*,*,#1484,.T.);
#2150=ORIENTED_EDGE('',*,*,#1482,.T.);
#2151=ORIENTED_EDGE('',*,*,#1402,.T.);
#2152=ORIENTED_EDGE('',*,*,#1291,.F.);
#2153=ORIENTED_EDGE('',*,*,#1476,.T.);
#2154=ORIENTED_EDGE('',*,*,#1474,.T.);
#2155=ORIENTED_EDGE('',*,*,#1404,.T.);
#2156=ORIENTED_EDGE('',*,*,#1480,.F.);
#2157=ORIENTED_EDGE('',*,*,#1481,.T.);
#2158=ORIENTED_EDGE('',*,*,#1477,.T.);
#2159=ORIENTED_EDGE('',*,*,#1394,.T.);
#2160=ORIENTED_EDGE('',*,*,#1490,.F.);
#2161=ORIENTED_EDGE('',*,*,#1491,.T.);
#2162=ORIENTED_EDGE('',*,*,#1249,.T.);
#2163=ORIENTED_EDGE('',*,*,#1253,.T.);
#2164=ORIENTED_EDGE('',*,*,#1432,.F.);
#2165=ORIENTED_EDGE('',*,*,#1322,.F.);
#2166=ORIENTED_EDGE('',*,*,#1429,.F.);
#2167=ORIENTED_EDGE('',*,*,#1305,.F.);
#2168=ORIENTED_EDGE('',*,*,#1301,.T.);
#2169=ORIENTED_EDGE('',*,*,#1309,.F.);
#2170=ORIENTED_EDGE('',*,*,#1472,.F.);
#2171=ORIENTED_EDGE('',*,*,#1232,.T.);
#2172=ORIENTED_EDGE('',*,*,#1439,.F.);
#2173=ORIENTED_EDGE('',*,*,#1204,.T.);
#2174=ORIENTED_EDGE('',*,*,#1208,.T.);
#2175=ORIENTED_EDGE('',*,*,#1488,.F.);
#2176=ORIENTED_EDGE('',*,*,#1312,.F.);
#2177=ORIENTED_EDGE('',*,*,#1485,.F.);
#2178=ORIENTED_EDGE('',*,*,#1315,.F.);
#2179=ORIENTED_EDGE('',*,*,#1299,.T.);
#2180=ORIENTED_EDGE('',*,*,#1319,.F.);
#2181=ORIENTED_EDGE('',*,*,#1495,.F.);
#2182=ORIENTED_EDGE('',*,*,#1267,.T.);
#2183=ORIENTED_EDGE('',*,*,#1271,.T.);
#2184=ORIENTED_EDGE('',*,*,#1492,.F.);
#2185=ORIENTED_EDGE('',*,*,#1506,.T.);
#2186=ORIENTED_EDGE('',*,*,#1507,.T.);
#2187=ORIENTED_EDGE('',*,*,#1508,.T.);
#2188=ORIENTED_EDGE('',*,*,#1507,.F.);
#2189=ORIENTED_EDGE('',*,*,#1509,.T.);
#2190=ORIENTED_EDGE('',*,*,#1217,.T.);
#2191=ORIENTED_EDGE('',*,*,#1505,.T.);
#2192=ORIENTED_EDGE('',*,*,#1215,.T.);
#2193=ORIENTED_EDGE('',*,*,#1213,.T.);
#2194=ORIENTED_EDGE('',*,*,#1244,.T.);
#2195=ORIENTED_EDGE('',*,*,#1510,.F.);
#2196=ORIENTED_EDGE('',*,*,#1511,.T.);
#2197=ORIENTED_EDGE('',*,*,#1512,.T.);
#2198=ORIENTED_EDGE('',*,*,#1513,.T.);
#2199=ORIENTED_EDGE('',*,*,#1243,.T.);
#2200=ORIENTED_EDGE('',*,*,#1514,.F.);
#2201=ORIENTED_EDGE('',*,*,#1515,.T.);
#2202=ORIENTED_EDGE('',*,*,#1516,.F.);
#2203=ORIENTED_EDGE('',*,*,#1510,.T.);
#2204=ORIENTED_EDGE('',*,*,#1517,.T.);
#2205=ORIENTED_EDGE('',*,*,#1518,.T.);
#2206=ORIENTED_EDGE('',*,*,#1519,.T.);
#2207=ORIENTED_EDGE('',*,*,#1518,.F.);
#2208=ORIENTED_EDGE('',*,*,#1520,.T.);
#2209=ORIENTED_EDGE('',*,*,#1273,.T.);
#2210=ORIENTED_EDGE('',*,*,#1245,.T.);
#2211=ORIENTED_EDGE('',*,*,#1278,.T.);
#2212=ORIENTED_EDGE('',*,*,#1242,.T.);
#2213=ORIENTED_EDGE('',*,*,#1275,.T.);
#2214=ORIENTED_EDGE('',*,*,#1521,.T.);
#2215=ORIENTED_EDGE('',*,*,#1276,.T.);
#2216=ORIENTED_EDGE('',*,*,#1240,.T.);
#2217=ORIENTED_EDGE('',*,*,#1259,.T.);
#2218=ORIENTED_EDGE('',*,*,#1522,.T.);
#2219=ORIENTED_EDGE('',*,*,#1523,.T.);
#2220=ORIENTED_EDGE('',*,*,#1524,.F.);
#2221=ORIENTED_EDGE('',*,*,#1525,.F.);
#2222=ORIENTED_EDGE('',*,*,#1514,.T.);
#2223=ORIENTED_EDGE('',*,*,#1526,.F.);
#2224=ORIENTED_EDGE('',*,*,#1527,.F.);
#2225=ORIENTED_EDGE('',*,*,#1528,.T.);
#2226=ORIENTED_EDGE('',*,*,#1529,.T.);
#2227=ORIENTED_EDGE('',*,*,#1264,.T.);
#2228=ORIENTED_EDGE('',*,*,#1266,.T.);
#2229=ORIENTED_EDGE('',*,*,#1530,.T.);
#2230=ORIENTED_EDGE('',*,*,#1528,.F.);
#2231=ORIENTED_EDGE('',*,*,#1274,.T.);
#2232=ORIENTED_EDGE('',*,*,#1520,.F.);
#2233=ORIENTED_EDGE('',*,*,#1517,.F.);
#2234=ORIENTED_EDGE('',*,*,#1277,.T.);
#2235=ORIENTED_EDGE('',*,*,#1521,.F.);
#2236=ORIENTED_EDGE('',*,*,#1255,.T.);
#2237=ORIENTED_EDGE('',*,*,#1261,.T.);
#2238=ORIENTED_EDGE('',*,*,#1531,.F.);
#2239=ORIENTED_EDGE('',*,*,#1532,.T.);
#2240=ORIENTED_EDGE('',*,*,#1522,.F.);
#2241=ORIENTED_EDGE('',*,*,#1258,.T.);
#2242=ORIENTED_EDGE('',*,*,#1533,.F.);
#2243=ORIENTED_EDGE('',*,*,#1534,.F.);
#2244=ORIENTED_EDGE('',*,*,#1223,.T.);
#2245=ORIENTED_EDGE('',*,*,#1535,.F.);
#2246=ORIENTED_EDGE('',*,*,#1227,.T.);
#2247=ORIENTED_EDGE('',*,*,#1536,.F.);
#2248=ORIENTED_EDGE('',*,*,#1537,.F.);
#2249=ORIENTED_EDGE('',*,*,#1265,.T.);
#2250=ORIENTED_EDGE('',*,*,#1529,.F.);
#2251=ORIENTED_EDGE('',*,*,#1530,.F.);
#2252=ORIENTED_EDGE('',*,*,#1538,.F.);
#2253=ORIENTED_EDGE('',*,*,#1539,.F.);
#2254=ORIENTED_EDGE('',*,*,#1540,.F.);
#2255=ORIENTED_EDGE('',*,*,#1541,.F.);
#2256=ORIENTED_EDGE('',*,*,#1511,.F.);
#2257=ORIENTED_EDGE('',*,*,#1508,.F.);
#2258=ORIENTED_EDGE('',*,*,#1519,.F.);
#2259=ORIENTED_EDGE('',*,*,#1542,.F.);
#2260=ORIENTED_EDGE('',*,*,#1543,.F.);
#2261=ORIENTED_EDGE('',*,*,#1544,.F.);
#2262=ORIENTED_EDGE('',*,*,#1545,.F.);
#2263=ORIENTED_EDGE('',*,*,#1546,.F.);
#2264=ORIENTED_EDGE('',*,*,#1547,.T.);
#2265=ORIENTED_EDGE('',*,*,#1538,.T.);
#2266=ORIENTED_EDGE('',*,*,#1516,.T.);
#2267=ORIENTED_EDGE('',*,*,#1545,.T.);
#2268=ORIENTED_EDGE('',*,*,#1515,.F.);
#2269=ORIENTED_EDGE('',*,*,#1525,.T.);
#2270=ORIENTED_EDGE('',*,*,#1548,.F.);
#2271=ORIENTED_EDGE('',*,*,#1548,.T.);
#2272=ORIENTED_EDGE('',*,*,#1524,.T.);
#2273=ORIENTED_EDGE('',*,*,#1549,.F.);
#2274=ORIENTED_EDGE('',*,*,#1546,.T.);
#2275=ORIENTED_EDGE('',*,*,#1550,.F.);
#2276=ORIENTED_EDGE('',*,*,#1551,.F.);
#2277=ORIENTED_EDGE('',*,*,#1547,.F.);
#2278=ORIENTED_EDGE('',*,*,#1549,.T.);
#2279=ORIENTED_EDGE('',*,*,#1523,.F.);
#2280=ORIENTED_EDGE('',*,*,#1532,.F.);
#2281=ORIENTED_EDGE('',*,*,#1552,.T.);
#2282=ORIENTED_EDGE('',*,*,#1553,.T.);
#2283=ORIENTED_EDGE('',*,*,#1550,.T.);
#2284=ORIENTED_EDGE('',*,*,#1554,.T.);
#2285=ORIENTED_EDGE('',*,*,#1555,.T.);
#2286=ORIENTED_EDGE('',*,*,#1556,.F.);
#2287=ORIENTED_EDGE('',*,*,#1557,.T.);
#2288=ORIENTED_EDGE('',*,*,#1552,.F.);
#2289=ORIENTED_EDGE('',*,*,#1211,.T.);
#2290=ORIENTED_EDGE('',*,*,#1558,.T.);
#2291=ORIENTED_EDGE('',*,*,#1559,.T.);
#2292=ORIENTED_EDGE('',*,*,#1555,.F.);
#2293=ORIENTED_EDGE('',*,*,#1554,.F.);
#2294=ORIENTED_EDGE('',*,*,#1531,.T.);
#2295=ORIENTED_EDGE('',*,*,#1260,.T.);
#2296=ORIENTED_EDGE('',*,*,#1238,.T.);
#2297=ORIENTED_EDGE('',*,*,#1228,.T.);
#2298=ORIENTED_EDGE('',*,*,#1535,.T.);
#2299=ORIENTED_EDGE('',*,*,#1222,.T.);
#2300=ORIENTED_EDGE('',*,*,#1237,.T.);
#2301=ORIENTED_EDGE('',*,*,#1556,.T.);
#2302=ORIENTED_EDGE('',*,*,#1559,.F.);
#2303=ORIENTED_EDGE('',*,*,#1560,.F.);
#2304=ORIENTED_EDGE('',*,*,#1561,.F.);
#2305=ORIENTED_EDGE('',*,*,#1539,.T.);
#2306=ORIENTED_EDGE('',*,*,#1551,.T.);
#2307=ORIENTED_EDGE('',*,*,#1553,.F.);
#2308=ORIENTED_EDGE('',*,*,#1557,.F.);
#2309=ORIENTED_EDGE('',*,*,#1561,.T.);
#2310=ORIENTED_EDGE('',*,*,#1562,.T.);
#2311=ORIENTED_EDGE('',*,*,#1563,.F.);
#2312=ORIENTED_EDGE('',*,*,#1540,.T.);
#2313=ORIENTED_EDGE('',*,*,#1560,.T.);
#2314=ORIENTED_EDGE('',*,*,#1210,.T.);
#2315=ORIENTED_EDGE('',*,*,#1218,.T.);
#2316=ORIENTED_EDGE('',*,*,#1509,.F.);
#2317=ORIENTED_EDGE('',*,*,#1506,.F.);
#2318=ORIENTED_EDGE('',*,*,#1214,.T.);
#2319=ORIENTED_EDGE('',*,*,#1513,.F.);
#2320=ORIENTED_EDGE('',*,*,#1564,.F.);
#2321=ORIENTED_EDGE('',*,*,#1562,.F.);
#2322=ORIENTED_EDGE('',*,*,#1558,.F.);
#2323=ORIENTED_EDGE('',*,*,#1564,.T.);
#2324=ORIENTED_EDGE('',*,*,#1565,.T.);
#2325=ORIENTED_EDGE('',*,*,#1566,.F.);
#2326=ORIENTED_EDGE('',*,*,#1567,.T.);
#2327=ORIENTED_EDGE('',*,*,#1568,.T.);
#2328=ORIENTED_EDGE('',*,*,#1569,.F.);
#2329=ORIENTED_EDGE('',*,*,#1563,.T.);
#2330=ORIENTED_EDGE('',*,*,#1567,.F.);
#2331=ORIENTED_EDGE('',*,*,#1566,.T.);
#2332=ORIENTED_EDGE('',*,*,#1570,.F.);
#2333=ORIENTED_EDGE('',*,*,#1571,.T.);
#2334=ORIENTED_EDGE('',*,*,#1568,.F.);
#2335=ORIENTED_EDGE('',*,*,#1541,.T.);
#2336=ORIENTED_EDGE('',*,*,#1569,.T.);
#2337=ORIENTED_EDGE('',*,*,#1571,.F.);
#2338=ORIENTED_EDGE('',*,*,#1572,.T.);
#2339=ORIENTED_EDGE('',*,*,#1570,.T.);
#2340=ORIENTED_EDGE('',*,*,#1565,.F.);
#2341=ORIENTED_EDGE('',*,*,#1512,.F.);
#2342=ORIENTED_EDGE('',*,*,#1572,.F.);
#2343=ORIENTED_EDGE('',*,*,#1573,.T.);
#2344=ORIENTED_EDGE('',*,*,#1574,.T.);
#2345=ORIENTED_EDGE('',*,*,#1526,.T.);
#2346=ORIENTED_EDGE('',*,*,#1527,.T.);
#2347=ORIENTED_EDGE('',*,*,#1574,.F.);
#2348=ORIENTED_EDGE('',*,*,#1573,.F.);
#2349=ORIENTED_EDGE('',*,*,#1575,.T.);
#2350=ORIENTED_EDGE('',*,*,#1576,.F.);
#2351=ORIENTED_EDGE('',*,*,#1577,.T.);
#2352=ORIENTED_EDGE('',*,*,#1578,.F.);
#2353=ORIENTED_EDGE('',*,*,#1579,.F.);
#2354=ORIENTED_EDGE('',*,*,#1580,.F.);
#2355=ORIENTED_EDGE('',*,*,#1581,.T.);
#2356=ORIENTED_EDGE('',*,*,#1582,.T.);
#2357=ORIENTED_EDGE('',*,*,#1575,.F.);
#2358=ORIENTED_EDGE('',*,*,#1583,.T.);
#2359=ORIENTED_EDGE('',*,*,#1584,.T.);
#2360=ORIENTED_EDGE('',*,*,#1585,.T.);
#2361=ORIENTED_EDGE('',*,*,#1581,.F.);
#2362=ORIENTED_EDGE('',*,*,#1586,.T.);
#2363=ORIENTED_EDGE('',*,*,#1587,.F.);
#2364=ORIENTED_EDGE('',*,*,#1588,.F.);
#2365=ORIENTED_EDGE('',*,*,#1589,.F.);
#2366=ORIENTED_EDGE('',*,*,#1590,.F.);
#2367=ORIENTED_EDGE('',*,*,#1591,.F.);
#2368=ORIENTED_EDGE('',*,*,#1584,.F.);
#2369=ORIENTED_EDGE('',*,*,#1592,.F.);
#2370=ORIENTED_EDGE('',*,*,#1587,.T.);
#2371=ORIENTED_EDGE('',*,*,#1593,.T.);
#2372=ORIENTED_EDGE('',*,*,#1594,.T.);
#2373=ORIENTED_EDGE('',*,*,#1595,.T.);
#2374=ORIENTED_EDGE('',*,*,#1593,.F.);
#2375=ORIENTED_EDGE('',*,*,#1595,.F.);
#2376=ORIENTED_EDGE('',*,*,#1596,.T.);
#2377=ORIENTED_EDGE('',*,*,#1597,.T.);
#2378=ORIENTED_EDGE('',*,*,#1596,.F.);
#2379=ORIENTED_EDGE('',*,*,#1594,.F.);
#2380=ORIENTED_EDGE('',*,*,#1598,.F.);
#2381=ORIENTED_EDGE('',*,*,#1597,.F.);
#2382=ORIENTED_EDGE('',*,*,#1598,.T.);
#2383=ORIENTED_EDGE('',*,*,#1599,.T.);
#2384=ORIENTED_EDGE('',*,*,#1600,.F.);
#2385=ORIENTED_EDGE('',*,*,#1601,.F.);
#2386=ORIENTED_EDGE('',*,*,#1599,.F.);
#2387=ORIENTED_EDGE('',*,*,#1602,.T.);
#2388=ORIENTED_EDGE('',*,*,#1603,.T.);
#2389=ORIENTED_EDGE('',*,*,#1600,.T.);
#2390=ORIENTED_EDGE('',*,*,#1601,.T.);
#2391=ORIENTED_EDGE('',*,*,#1603,.F.);
#2392=ORIENTED_EDGE('',*,*,#1604,.T.);
#2393=ORIENTED_EDGE('',*,*,#1602,.F.);
#2394=ORIENTED_EDGE('',*,*,#1605,.T.);
#2395=ORIENTED_EDGE('',*,*,#1544,.T.);
#2396=ORIENTED_EDGE('',*,*,#1605,.F.);
#2397=ORIENTED_EDGE('',*,*,#1604,.F.);
#2398=ORIENTED_EDGE('',*,*,#1606,.T.);
#2399=ORIENTED_EDGE('',*,*,#1588,.T.);
#2400=ORIENTED_EDGE('',*,*,#1607,.T.);
#2401=ORIENTED_EDGE('',*,*,#1608,.F.);
#2402=ORIENTED_EDGE('',*,*,#1606,.F.);
#2403=ORIENTED_EDGE('',*,*,#1609,.F.);
#2404=ORIENTED_EDGE('',*,*,#1578,.T.);
#2405=ORIENTED_EDGE('',*,*,#1610,.F.);
#2406=ORIENTED_EDGE('',*,*,#1611,.F.);
#2407=ORIENTED_EDGE('',*,*,#1589,.T.);
#2408=ORIENTED_EDGE('',*,*,#1611,.T.);
#2409=ORIENTED_EDGE('',*,*,#1612,.F.);
#2410=ORIENTED_EDGE('',*,*,#1613,.T.);
#2411=ORIENTED_EDGE('',*,*,#1590,.T.);
#2412=ORIENTED_EDGE('',*,*,#1591,.T.);
#2413=ORIENTED_EDGE('',*,*,#1613,.F.);
#2414=ORIENTED_EDGE('',*,*,#1614,.F.);
#2415=ORIENTED_EDGE('',*,*,#1585,.F.);
#2416=ORIENTED_EDGE('',*,*,#1614,.T.);
#2417=ORIENTED_EDGE('',*,*,#1615,.T.);
#2418=ORIENTED_EDGE('',*,*,#1576,.T.);
#2419=ORIENTED_EDGE('',*,*,#1582,.F.);
#2420=ORIENTED_EDGE('',*,*,#1612,.T.);
#2421=ORIENTED_EDGE('',*,*,#1610,.T.);
#2422=ORIENTED_EDGE('',*,*,#1577,.F.);
#2423=ORIENTED_EDGE('',*,*,#1615,.F.);
#2424=ORIENTED_EDGE('',*,*,#1608,.T.);
#2425=ORIENTED_EDGE('',*,*,#1616,.T.);
#2426=ORIENTED_EDGE('',*,*,#1579,.T.);
#2427=ORIENTED_EDGE('',*,*,#1609,.T.);
#2428=ORIENTED_EDGE('',*,*,#1617,.T.);
#2429=ORIENTED_EDGE('',*,*,#1583,.F.);
#2430=ORIENTED_EDGE('',*,*,#1580,.T.);
#2431=ORIENTED_EDGE('',*,*,#1616,.F.);
#2432=ORIENTED_EDGE('',*,*,#1592,.T.);
#2433=ORIENTED_EDGE('',*,*,#1586,.F.);
#2434=ORIENTED_EDGE('',*,*,#1617,.F.);
#2435=ORIENTED_EDGE('',*,*,#1607,.F.);
#2436=ORIENTED_EDGE('',*,*,#1534,.T.);
#2437=ORIENTED_EDGE('',*,*,#1618,.T.);
#2438=ORIENTED_EDGE('',*,*,#1542,.T.);
#2439=ORIENTED_EDGE('',*,*,#1618,.F.);
#2440=ORIENTED_EDGE('',*,*,#1533,.T.);
#2441=ORIENTED_EDGE('',*,*,#1257,.T.);
#2442=ORIENTED_EDGE('',*,*,#1234,.T.);
#2443=ORIENTED_EDGE('',*,*,#1256,.T.);
#2444=ORIENTED_EDGE('',*,*,#1537,.T.);
#2445=ORIENTED_EDGE('',*,*,#1619,.T.);
#2446=ORIENTED_EDGE('',*,*,#1543,.T.);
#2447=ORIENTED_EDGE('',*,*,#1619,.F.);
#2448=ORIENTED_EDGE('',*,*,#1536,.T.);
#2449=ORIENTED_EDGE('',*,*,#1226,.T.);
#2450=ORIENTED_EDGE('',*,*,#1248,.T.);
#2451=ORIENTED_EDGE('',*,*,#1224,.T.);
#2452=CYLINDRICAL_SURFACE('',#2694,1.4);
#2453=CYLINDRICAL_SURFACE('',#2704,1.4);
#2454=CYLINDRICAL_SURFACE('',#2732,1.4);
#2455=CYLINDRICAL_SURFACE('',#2741,3.);
#2456=CYLINDRICAL_SURFACE('',#2744,1.4);
#2457=CYLINDRICAL_SURFACE('',#2752,10.);
#2458=CYLINDRICAL_SURFACE('',#2754,2.88);
#2459=CYLINDRICAL_SURFACE('',#2757,2.88);
#2460=CYLINDRICAL_SURFACE('',#2760,2.88);
#2461=CYLINDRICAL_SURFACE('',#2763,2.88);
#2462=CYLINDRICAL_SURFACE('',#2766,8.);
#2463=CYLINDRICAL_SURFACE('',#2769,8.);
#2464=CYLINDRICAL_SURFACE('',#2772,2.88);
#2465=CYLINDRICAL_SURFACE('',#2775,2.88);
#2466=CYLINDRICAL_SURFACE('',#2778,6.199);
#2467=CYLINDRICAL_SURFACE('',#2781,2.88);
#2468=CYLINDRICAL_SURFACE('',#2784,2.88);
#2469=CYLINDRICAL_SURFACE('',#2787,6.199);
#2470=CYLINDRICAL_SURFACE('',#2851,8.);
#2471=CYLINDRICAL_SURFACE('',#2853,8.);
#2472=CYLINDRICAL_SURFACE('',#2855,8.);
#2473=CYLINDRICAL_SURFACE('',#2857,8.);
#2474=CYLINDRICAL_SURFACE('',#2859,8.);
#2475=CYLINDRICAL_SURFACE('',#2861,8.);
#2476=CYLINDRICAL_SURFACE('',#2863,8.);
#2477=CYLINDRICAL_SURFACE('',#2865,8.);
#2478=CYLINDRICAL_SURFACE('',#2867,8.);
#2479=CYLINDRICAL_SURFACE('',#2869,8.);
#2480=CYLINDRICAL_SURFACE('',#2871,8.);
#2481=CYLINDRICAL_SURFACE('',#2873,8.);
#2482=CYLINDRICAL_SURFACE('',#2875,8.);
#2483=CYLINDRICAL_SURFACE('',#2877,8.);
#2484=CYLINDRICAL_SURFACE('',#2879,8.);
#2485=CYLINDRICAL_SURFACE('',#2881,8.);
#2486=CYLINDRICAL_SURFACE('',#2883,2.88);
#2487=CYLINDRICAL_SURFACE('',#2886,2.88);
#2488=CYLINDRICAL_SURFACE('',#2889,2.88);
#2489=CYLINDRICAL_SURFACE('',#2891,6.199);
#2490=CYLINDRICAL_SURFACE('',#2893,2.88);
#2491=CYLINDRICAL_SURFACE('',#2895,6.199);
#2492=CYLINDRICAL_SURFACE('',#2898,2.88);
#2493=CYLINDRICAL_SURFACE('',#2900,2.88);
#2494=CYLINDRICAL_SURFACE('',#2902,6.199);
#2495=CYLINDRICAL_SURFACE('',#2904,2.88);
#2496=CYLINDRICAL_SURFACE('',#2906,2.88);
#2497=CYLINDRICAL_SURFACE('',#2908,6.199);
#2498=CYLINDRICAL_SURFACE('',#2910,2.88);
#2499=CYLINDRICAL_SURFACE('',#2912,2.88);
#2500=CYLINDRICAL_SURFACE('',#2914,6.199);
#2501=CYLINDRICAL_SURFACE('',#2916,2.88);
#2502=CYLINDRICAL_SURFACE('',#2918,2.88);
#2503=CYLINDRICAL_SURFACE('',#2920,6.199);
#2504=CYLINDRICAL_SURFACE('',#2922,2.88);
#2505=CYLINDRICAL_SURFACE('',#2924,2.88);
#2506=CYLINDRICAL_SURFACE('',#2926,6.199);
#2507=CYLINDRICAL_SURFACE('',#2928,2.88);
#2508=CYLINDRICAL_SURFACE('',#2930,2.88);
#2509=CYLINDRICAL_SURFACE('',#2932,6.199);
#2510=CYLINDRICAL_SURFACE('',#2934,2.88);
#2511=CYLINDRICAL_SURFACE('',#2936,6.199);
#2512=CYLINDRICAL_SURFACE('',#2939,2.88);
#2513=CYLINDRICAL_SURFACE('',#2941,6.199);
#2514=CYLINDRICAL_SURFACE('',#2943,2.88);
#2515=CYLINDRICAL_SURFACE('',#2945,2.88);
#2516=CYLINDRICAL_SURFACE('',#2947,6.199);
#2517=CYLINDRICAL_SURFACE('',#2949,2.88);
#2518=CYLINDRICAL_SURFACE('',#2951,6.199);
#2519=CYLINDRICAL_SURFACE('',#2953,2.88);
#2520=CYLINDRICAL_SURFACE('',#2956,2.88);
#2521=CYLINDRICAL_SURFACE('',#2959,2.88);
#2522=CYLINDRICAL_SURFACE('',#2961,6.199);
#2523=CYLINDRICAL_SURFACE('',#2964,2.88);
#2524=CYLINDRICAL_SURFACE('',#2966,6.199);
#2525=CYLINDRICAL_SURFACE('',#2969,2.88);
#2526=CYLINDRICAL_SURFACE('',#2971,6.199);
#2527=CYLINDRICAL_SURFACE('',#2973,2.88);
#2528=CYLINDRICAL_SURFACE('',#2975,2.88);
#2529=CYLINDRICAL_SURFACE('',#2977,6.199);
#2530=CYLINDRICAL_SURFACE('',#2986,0.8);
#2531=CYLINDRICAL_SURFACE('',#2992,0.8);
#2532=CYLINDRICAL_SURFACE('',#3026,8.);
#2533=CYLINDRICAL_SURFACE('',#3031,8.);
#2534=CYLINDRICAL_SURFACE('',#3044,8.);
#2535=CYLINDRICAL_SURFACE('',#3048,2.8);
#2536=CYLINDRICAL_SURFACE('',#3061,2.5);
#2537=CYLINDRICAL_SURFACE('',#3079,1.3);
#2538=CYLINDRICAL_SURFACE('',#3084,0.2);
#2539=CYLINDRICAL_SURFACE('',#3087,0.2);
#2540=CYLINDRICAL_SURFACE('',#3090,0.8);
#2541=CYLINDRICAL_SURFACE('',#3091,0.8);
#2542=ADVANCED_FACE('',(#76),#2452,.F.);
#2543=ADVANCED_FACE('',(#77),#2453,.F.);
#2544=ADVANCED_FACE('',(#78),#41,.T.);
#2545=ADVANCED_FACE('',(#79,#30),#42,.T.);
#2546=ADVANCED_FACE('',(#80),#43,.T.);
#2547=ADVANCED_FACE('',(#81),#44,.T.);
#2548=ADVANCED_FACE('',(#82),#2454,.F.);
#2549=ADVANCED_FACE('',(#83),#2455,.F.);
#2550=ADVANCED_FACE('',(#84),#2456,.F.);
#2551=ADVANCED_FACE('',(#85),#2457,.T.);
#2552=ADVANCED_FACE('',(#86),#2458,.T.);
#2553=ADVANCED_FACE('',(#87),#2459,.T.);
#2554=ADVANCED_FACE('',(#88),#2460,.T.);
#2555=ADVANCED_FACE('',(#89),#2461,.T.);
#2556=ADVANCED_FACE('',(#90),#2462,.T.);
#2557=ADVANCED_FACE('',(#91),#2463,.T.);
#2558=ADVANCED_FACE('',(#92),#2464,.T.);
#2559=ADVANCED_FACE('',(#93),#2465,.T.);
#2560=ADVANCED_FACE('',(#94),#2466,.T.);
#2561=ADVANCED_FACE('',(#95),#2467,.T.);
#2562=ADVANCED_FACE('',(#96),#2468,.T.);
#2563=ADVANCED_FACE('',(#97),#2469,.T.);
#2564=ADVANCED_FACE('',(#98,#31),#45,.F.);
#2565=ADVANCED_FACE('',(#99),#2470,.T.);
#2566=ADVANCED_FACE('',(#100),#2471,.T.);
#2567=ADVANCED_FACE('',(#101),#2472,.T.);
#2568=ADVANCED_FACE('',(#102),#2473,.T.);
#2569=ADVANCED_FACE('',(#103),#2474,.T.);
#2570=ADVANCED_FACE('',(#104),#2475,.T.);
#2571=ADVANCED_FACE('',(#105),#2476,.T.);
#2572=ADVANCED_FACE('',(#106),#2477,.T.);
#2573=ADVANCED_FACE('',(#107),#2478,.T.);
#2574=ADVANCED_FACE('',(#108),#2479,.T.);
#2575=ADVANCED_FACE('',(#109),#2480,.T.);
#2576=ADVANCED_FACE('',(#110),#2481,.T.);
#2577=ADVANCED_FACE('',(#111),#2482,.T.);
#2578=ADVANCED_FACE('',(#112),#2483,.T.);
#2579=ADVANCED_FACE('',(#113),#2484,.T.);
#2580=ADVANCED_FACE('',(#114),#2485,.T.);
#2581=ADVANCED_FACE('',(#115),#2486,.T.);
#2582=ADVANCED_FACE('',(#116),#2487,.T.);
#2583=ADVANCED_FACE('',(#117),#2488,.T.);
#2584=ADVANCED_FACE('',(#118),#2489,.T.);
#2585=ADVANCED_FACE('',(#119),#2490,.T.);
#2586=ADVANCED_FACE('',(#120),#2491,.T.);
#2587=ADVANCED_FACE('',(#121),#2492,.T.);
#2588=ADVANCED_FACE('',(#122),#2493,.T.);
#2589=ADVANCED_FACE('',(#123),#2494,.T.);
#2590=ADVANCED_FACE('',(#124),#2495,.T.);
#2591=ADVANCED_FACE('',(#125),#2496,.T.);
#2592=ADVANCED_FACE('',(#126),#2497,.T.);
#2593=ADVANCED_FACE('',(#127),#2498,.T.);
#2594=ADVANCED_FACE('',(#128),#2499,.T.);
#2595=ADVANCED_FACE('',(#129),#2500,.T.);
#2596=ADVANCED_FACE('',(#130),#2501,.T.);
#2597=ADVANCED_FACE('',(#131),#2502,.T.);
#2598=ADVANCED_FACE('',(#132),#2503,.T.);
#2599=ADVANCED_FACE('',(#133),#2504,.T.);
#2600=ADVANCED_FACE('',(#134),#2505,.T.);
#2601=ADVANCED_FACE('',(#135),#2506,.T.);
#2602=ADVANCED_FACE('',(#136),#2507,.T.);
#2603=ADVANCED_FACE('',(#137),#2508,.T.);
#2604=ADVANCED_FACE('',(#138),#2509,.T.);
#2605=ADVANCED_FACE('',(#139),#2510,.T.);
#2606=ADVANCED_FACE('',(#140),#2511,.T.);
#2607=ADVANCED_FACE('',(#141),#2512,.T.);
#2608=ADVANCED_FACE('',(#142),#2513,.T.);
#2609=ADVANCED_FACE('',(#143),#2514,.T.);
#2610=ADVANCED_FACE('',(#144),#2515,.T.);
#2611=ADVANCED_FACE('',(#145),#2516,.T.);
#2612=ADVANCED_FACE('',(#146),#2517,.T.);
#2613=ADVANCED_FACE('',(#147),#2518,.T.);
#2614=ADVANCED_FACE('',(#148),#2519,.T.);
#2615=ADVANCED_FACE('',(#149),#2520,.T.);
#2616=ADVANCED_FACE('',(#150),#2521,.T.);
#2617=ADVANCED_FACE('',(#151),#2522,.T.);
#2618=ADVANCED_FACE('',(#152),#2523,.T.);
#2619=ADVANCED_FACE('',(#153),#2524,.T.);
#2620=ADVANCED_FACE('',(#154),#2525,.T.);
#2621=ADVANCED_FACE('',(#155),#2526,.T.);
#2622=ADVANCED_FACE('',(#156),#2527,.T.);
#2623=ADVANCED_FACE('',(#157),#2528,.T.);
#2624=ADVANCED_FACE('',(#158),#2529,.T.);
#2625=ADVANCED_FACE('',(#159),#46,.T.);
#2626=ADVANCED_FACE('',(#160,#32),#47,.T.);
#2627=ADVANCED_FACE('',(#161),#48,.T.);
#2628=ADVANCED_FACE('',(#162),#49,.T.);
#2629=ADVANCED_FACE('',(#163),#50,.T.);
#2630=ADVANCED_FACE('',(#164),#51,.T.);
#2631=ADVANCED_FACE('',(#165),#2530,.F.);
#2632=ADVANCED_FACE('',(#166),#52,.F.);
#2633=ADVANCED_FACE('',(#167),#53,.F.);
#2634=ADVANCED_FACE('',(#168),#2531,.F.);
#2635=ADVANCED_FACE('',(#169),#17,.T.);
#2636=ADVANCED_FACE('',(#170),#18,.F.);
#2637=ADVANCED_FACE('',(#171),#54,.T.);
#2638=ADVANCED_FACE('',(#172),#55,.T.);
#2639=ADVANCED_FACE('',(#173),#56,.T.);
#2640=ADVANCED_FACE('',(#174),#57,.T.);
#2641=ADVANCED_FACE('',(#175,#33,#34,#35,#36,#37),#58,.F.);
#2642=ADVANCED_FACE('',(#176),#19,.T.);
#2643=ADVANCED_FACE('',(#177),#2532,.T.);
#2644=ADVANCED_FACE('',(#178),#59,.F.);
#2645=ADVANCED_FACE('',(#179),#60,.F.);
#2646=ADVANCED_FACE('',(#180),#61,.F.);
#2647=ADVANCED_FACE('',(#181),#2533,.T.);
#2648=ADVANCED_FACE('',(#182),#20,.T.);
#2649=ADVANCED_FACE('',(#183),#62,.F.);
#2650=ADVANCED_FACE('',(#184),#21,.T.);
#2651=ADVANCED_FACE('',(#185),#63,.F.);
#2652=ADVANCED_FACE('',(#186),#64,.T.);
#2653=ADVANCED_FACE('',(#187),#22,.T.);
#2654=ADVANCED_FACE('',(#188),#65,.F.);
#2655=ADVANCED_FACE('',(#189),#2534,.T.);
#2656=ADVANCED_FACE('',(#190),#23,.T.);
#2657=ADVANCED_FACE('',(#191),#66,.F.);
#2658=ADVANCED_FACE('',(#192),#2535,.F.);
#2659=ADVANCED_FACE('',(#193,#38),#67,.T.);
#2660=ADVANCED_FACE('',(#194),#68,.F.);
#2661=ADVANCED_FACE('',(#195),#69,.T.);
#2662=ADVANCED_FACE('',(#196,#39),#70,.F.);
#2663=ADVANCED_FACE('',(#197),#2536,.F.);
#2664=ADVANCED_FACE('',(#198),#24,.F.);
#2665=ADVANCED_FACE('',(#199,#40),#71,.T.);
#2666=ADVANCED_FACE('',(#200),#15,.T.);
#2667=ADVANCED_FACE('',(#201),#25,.T.);
#2668=ADVANCED_FACE('',(#202),#16,.F.);
#2669=ADVANCED_FACE('',(#203),#72,.T.);
#2670=ADVANCED_FACE('',(#204),#2537,.F.);
#2671=ADVANCED_FACE('',(#205),#73,.T.);
#2672=ADVANCED_FACE('',(#206),#26,.F.);
#2673=ADVANCED_FACE('',(#207),#2538,.F.);
#2674=ADVANCED_FACE('',(#208),#74,.F.);
#2675=ADVANCED_FACE('',(#209),#75,.F.);
#2676=ADVANCED_FACE('',(#210),#2539,.F.);
#2677=ADVANCED_FACE('',(#211),#27,.F.);
#2678=ADVANCED_FACE('',(#212),#2540,.F.);
#2679=ADVANCED_FACE('',(#213),#2541,.F.);
#2680=CLOSED_SHELL('',(#2542,#2543,#2544,#2545,#2546,#2547,#2548,#2549,
#2550,#2551,#2552,#2553,#2554,#2555,#2556,#2557,#2558,#2559,#2560,#2561,
#2562,#2563,#2564,#2565,#2566,#2567,#2568,#2569,#2570,#2571,#2572,#2573,
#2574,#2575,#2576,#2577,#2578,#2579,#2580,#2581,#2582,#2583,#2584,#2585,
#2586,#2587,#2588,#2589,#2590,#2591,#2592,#2593,#2594,#2595,#2596,#2597,
#2598,#2599,#2600,#2601,#2602,#2603,#2604,#2605,#2606,#2607,#2608,#2609,
#2610,#2611,#2612,#2613,#2614,#2615,#2616,#2617,#2618,#2619,#2620,#2621,
#2622,#2623,#2624,#2625,#2626,#2627,#2628,#2629,#2630,#2631,#2632,#2633,
#2634,#2635,#2636,#2637,#2638,#2639,#2640,#2641,#2642,#2643,#2644,#2645,
#2646,#2647,#2648,#2649,#2650,#2651,#2652,#2653,#2654,#2655,#2656,#2657,
#2658,#2659,#2660,#2661,#2662,#2663,#2664,#2665,#2666,#2667,#2668,#2669,
#2670,#2671,#2672,#2673,#2674,#2675,#2676,#2677,#2678,#2679));
#2681=DERIVED_UNIT_ELEMENT(#2683,1.);
#2682=DERIVED_UNIT_ELEMENT(#4897,-3.);
#2683=(
MASS_UNIT()
NAMED_UNIT(*)
SI_UNIT(.KILO.,.GRAM.)
);
#2684=DERIVED_UNIT((#2681,#2682));
#2685=MEASURE_REPRESENTATION_ITEM('density measure',
POSITIVE_RATIO_MEASURE(7850.),#2684);
#2686=PROPERTY_DEFINITION_REPRESENTATION(#2691,#2688);
#2687=PROPERTY_DEFINITION_REPRESENTATION(#2692,#2689);
#2688=REPRESENTATION('material name',(#2690),#4894);
#2689=REPRESENTATION('density',(#2685),#4894);
#2690=DESCRIPTIVE_REPRESENTATION_ITEM('\X2\AC15CCA0\X0\','\X2\AC15CCA0\X0\');
#2691=PROPERTY_DEFINITION('material property','material name',#4904);
#2692=PROPERTY_DEFINITION('material property','density of part',#4904);
#2693=AXIS2_PLACEMENT_3D('',#4044,#3092,#3093);
#2694=AXIS2_PLACEMENT_3D('',#4045,#3094,#3095);
#2695=AXIS2_PLACEMENT_3D('',#4048,#3096,#3097);
#2696=AXIS2_PLACEMENT_3D('',#4052,#3099,#3100);
#2697=AXIS2_PLACEMENT_3D('',#4055,#3102,#3103);
#2698=AXIS2_PLACEMENT_3D('',#4059,#3105,#3106);
#2699=AXIS2_PLACEMENT_3D('',#4061,#3107,#3108);
#2700=AXIS2_PLACEMENT_3D('',#4063,#3109,#3110);
#2701=AXIS2_PLACEMENT_3D('',#4067,#3112,#3113);
#2702=AXIS2_PLACEMENT_3D('',#4071,#3115,#3116);
#2703=AXIS2_PLACEMENT_3D('',#4074,#3118,#3119);
#2704=AXIS2_PLACEMENT_3D('',#4075,#3120,#3121);
#2705=AXIS2_PLACEMENT_3D('',#4078,#3122,#3123);
#2706=AXIS2_PLACEMENT_3D('',#4082,#3125,#3126);
#2707=AXIS2_PLACEMENT_3D('',#4084,#3127,#3128);
#2708=AXIS2_PLACEMENT_3D('',#4086,#3129,#3130);
#2709=AXIS2_PLACEMENT_3D('',#4090,#3132,#3133);
#2710=AXIS2_PLACEMENT_3D('',#4094,#3135,#3136);
#2711=AXIS2_PLACEMENT_3D('',#4096,#3137,#3138);
#2712=AXIS2_PLACEMENT_3D('',#4097,#3139,#3140);
#2713=AXIS2_PLACEMENT_3D('',#4099,#3141,#3142);
#2714=AXIS2_PLACEMENT_3D('',#4103,#3144,#3145);
#2715=AXIS2_PLACEMENT_3D('',#4105,#3147,#3148);
#2716=AXIS2_PLACEMENT_3D('',#4108,#3149,#3150);
#2717=AXIS2_PLACEMENT_3D('',#4109,#3151,#3152);
#2718=AXIS2_PLACEMENT_3D('',#4110,#3153,#3154);
#2719=AXIS2_PLACEMENT_3D('',#4112,#3155,#3156);
#2720=AXIS2_PLACEMENT_3D('',#4113,#3157,#3158);
#2721=AXIS2_PLACEMENT_3D('',#4115,#3159,#3160);
#2722=AXIS2_PLACEMENT_3D('',#4117,#3161,#3162);
#2723=AXIS2_PLACEMENT_3D('',#4119,#3163,#3164);
#2724=AXIS2_PLACEMENT_3D('',#4121,#3165,#3166);
#2725=AXIS2_PLACEMENT_3D('',#4123,#3167,#3168);
#2726=AXIS2_PLACEMENT_3D('',#4127,#3171,#3172);
#2727=AXIS2_PLACEMENT_3D('',#4130,#3173,#3174);
#2728=AXIS2_PLACEMENT_3D('',#4132,#3175,#3176);
#2729=AXIS2_PLACEMENT_3D('',#4133,#3177,#3178);
#2730=AXIS2_PLACEMENT_3D('',#4134,#3179,#3180);
#2731=AXIS2_PLACEMENT_3D('',#4135,#3181,#3182);
#2732=AXIS2_PLACEMENT_3D('',#4136,#3183,#3184);
#2733=AXIS2_PLACEMENT_3D('',#4139,#3185,#3186);
#2734=AXIS2_PLACEMENT_3D('',#4143,#3188,#3189);
#2735=AXIS2_PLACEMENT_3D('',#4146,#3191,#3192);
#2736=AXIS2_PLACEMENT_3D('',#4150,#3194,#3195);
#2737=AXIS2_PLACEMENT_3D('',#4155,#3198,#3199);
#2738=AXIS2_PLACEMENT_3D('',#4156,#3200,#3201);
#2739=AXIS2_PLACEMENT_3D('',#4158,#3202,#3203);
#2740=AXIS2_PLACEMENT_3D('',#4159,#3204,#3205);
#2741=AXIS2_PLACEMENT_3D('',#4160,#3206,#3207);
#2742=AXIS2_PLACEMENT_3D('',#4162,#3208,#3209);
#2743=AXIS2_PLACEMENT_3D('',#4183,#3211,#3212);
#2744=AXIS2_PLACEMENT_3D('',#4190,#3213,#3214);
#2745=AXIS2_PLACEMENT_3D('',#4193,#3215,#3216);
#2746=AXIS2_PLACEMENT_3D('',#4197,#3218,#3219);
#2747=AXIS2_PLACEMENT_3D('',#4200,#3221,#3222);
#2748=AXIS2_PLACEMENT_3D('',#4205,#3225,#3226);
#2749=AXIS2_PLACEMENT_3D('',#4206,#3227,#3228);
#2750=AXIS2_PLACEMENT_3D('',#4208,#3229,#3230);
#2751=AXIS2_PLACEMENT_3D('',#4210,#3231,#3232);
#2752=AXIS2_PLACEMENT_3D('',#4212,#3234,#3235);
#2753=AXIS2_PLACEMENT_3D('',#4215,#3237,#3238);
#2754=AXIS2_PLACEMENT_3D('',#4216,#3239,#3240);
#2755=AXIS2_PLACEMENT_3D('',#4219,#3241,#3242);
#2756=AXIS2_PLACEMENT_3D('',#4223,#3244,#3245);
#2757=AXIS2_PLACEMENT_3D('',#4225,#3247,#3248);
#2758=AXIS2_PLACEMENT_3D('',#4228,#3249,#3250);
#2759=AXIS2_PLACEMENT_3D('',#4232,#3252,#3253);
#2760=AXIS2_PLACEMENT_3D('',#4234,#3255,#3256);
#2761=AXIS2_PLACEMENT_3D('',#4237,#3257,#3258);
#2762=AXIS2_PLACEMENT_3D('',#4241,#3260,#3261);
#2763=AXIS2_PLACEMENT_3D('',#4243,#3263,#3264);
#2764=AXIS2_PLACEMENT_3D('',#4246,#3265,#3266);
#2765=AXIS2_PLACEMENT_3D('',#4250,#3268,#3269);
#2766=AXIS2_PLACEMENT_3D('',#4252,#3271,#3272);
#2767=AXIS2_PLACEMENT_3D('',#4255,#3273,#3274);
#2768=AXIS2_PLACEMENT_3D('',#4259,#3276,#3277);
#2769=AXIS2_PLACEMENT_3D('',#4261,#3279,#3280);
#2770=AXIS2_PLACEMENT_3D('',#4264,#3281,#3282);
#2771=AXIS2_PLACEMENT_3D('',#4268,#3284,#3285);
#2772=AXIS2_PLACEMENT_3D('',#4270,#3287,#3288);
#2773=AXIS2_PLACEMENT_3D('',#4272,#3289,#3290);
#2774=AXIS2_PLACEMENT_3D('',#4275,#3292,#3293);
#2775=AXIS2_PLACEMENT_3D('',#4276,#3294,#3295);
#2776=AXIS2_PLACEMENT_3D('',#4280,#3297,#3298);
#2777=AXIS2_PLACEMENT_3D('',#4281,#3299,#3300);
#2778=AXIS2_PLACEMENT_3D('',#4282,#3301,#3302);
#2779=AXIS2_PLACEMENT_3D('',#4287,#3304,#3305);
#2780=AXIS2_PLACEMENT_3D('',#4290,#3307,#3308);
#2781=AXIS2_PLACEMENT_3D('',#4291,#3309,#3310);
#2782=AXIS2_PLACEMENT_3D('',#4293,#3311,#3312);
#2783=AXIS2_PLACEMENT_3D('',#4296,#3314,#3315);
#2784=AXIS2_PLACEMENT_3D('',#4297,#3316,#3317);
#2785=AXIS2_PLACEMENT_3D('',#4301,#3319,#3320);
#2786=AXIS2_PLACEMENT_3D('',#4302,#3321,#3322);
#2787=AXIS2_PLACEMENT_3D('',#4303,#3323,#3324);
#2788=AXIS2_PLACEMENT_3D('',#4308,#3326,#3327);
#2789=AXIS2_PLACEMENT_3D('',#4311,#3329,#3330);
#2790=AXIS2_PLACEMENT_3D('',#4312,#3331,#3332);
#2791=AXIS2_PLACEMENT_3D('',#4315,#3333,#3334);
#2792=AXIS2_PLACEMENT_3D('',#4317,#3335,#3336);
#2793=AXIS2_PLACEMENT_3D('',#4319,#3337,#3338);
#2794=AXIS2_PLACEMENT_3D('',#4321,#3339,#3340);
#2795=AXIS2_PLACEMENT_3D('',#4323,#3341,#3342);
#2796=AXIS2_PLACEMENT_3D('',#4324,#3343,#3344);
#2797=AXIS2_PLACEMENT_3D('',#4326,#3345,#3346);
#2798=AXIS2_PLACEMENT_3D('',#4328,#3347,#3348);
#2799=AXIS2_PLACEMENT_3D('',#4330,#3349,#3350);
#2800=AXIS2_PLACEMENT_3D('',#4332,#3351,#3352);
#2801=AXIS2_PLACEMENT_3D('',#4334,#3353,#3354);
#2802=AXIS2_PLACEMENT_3D('',#4336,#3355,#3356);
#2803=AXIS2_PLACEMENT_3D('',#4338,#3357,#3358);
#2804=AXIS2_PLACEMENT_3D('',#4340,#3359,#3360);
#2805=AXIS2_PLACEMENT_3D('',#4341,#3361,#3362);
#2806=AXIS2_PLACEMENT_3D('',#4343,#3363,#3364);
#2807=AXIS2_PLACEMENT_3D('',#4345,#3365,#3366);
#2808=AXIS2_PLACEMENT_3D('',#4346,#3367,#3368);
#2809=AXIS2_PLACEMENT_3D('',#4348,#3369,#3370);
#2810=AXIS2_PLACEMENT_3D('',#4349,#3371,#3372);
#2811=AXIS2_PLACEMENT_3D('',#4351,#3373,#3374);
#2812=AXIS2_PLACEMENT_3D('',#4353,#3375,#3376);
#2813=AXIS2_PLACEMENT_3D('',#4355,#3377,#3378);
#2814=AXIS2_PLACEMENT_3D('',#4357,#3379,#3380);
#2815=AXIS2_PLACEMENT_3D('',#4359,#3381,#3382);
#2816=AXIS2_PLACEMENT_3D('',#4361,#3383,#3384);
#2817=AXIS2_PLACEMENT_3D('',#4363,#3385,#3386);
#2818=AXIS2_PLACEMENT_3D('',#4365,#3387,#3388);
#2819=AXIS2_PLACEMENT_3D('',#4367,#3389,#3390);
#2820=AXIS2_PLACEMENT_3D('',#4369,#3391,#3392);
#2821=AXIS2_PLACEMENT_3D('',#4371,#3393,#3394);
#2822=AXIS2_PLACEMENT_3D('',#4373,#3395,#3396);
#2823=AXIS2_PLACEMENT_3D('',#4375,#3397,#3398);
#2824=AXIS2_PLACEMENT_3D('',#4377,#3399,#3400);
#2825=AXIS2_PLACEMENT_3D('',#4379,#3401,#3402);
#2826=AXIS2_PLACEMENT_3D('',#4380,#3403,#3404);
#2827=AXIS2_PLACEMENT_3D('',#4382,#3405,#3406);
#2828=AXIS2_PLACEMENT_3D('',#4384,#3407,#3408);
#2829=AXIS2_PLACEMENT_3D('',#4386,#3409,#3410);
#2830=AXIS2_PLACEMENT_3D('',#4388,#3411,#3412);
#2831=AXIS2_PLACEMENT_3D('',#4390,#3413,#3414);
#2832=AXIS2_PLACEMENT_3D('',#4392,#3415,#3416);
#2833=AXIS2_PLACEMENT_3D('',#4394,#3417,#3418);
#2834=AXIS2_PLACEMENT_3D('',#4396,#3419,#3420);
#2835=AXIS2_PLACEMENT_3D('',#4398,#3421,#3422);
#2836=AXIS2_PLACEMENT_3D('',#4400,#3423,#3424);
#2837=AXIS2_PLACEMENT_3D('',#4402,#3425,#3426);
#2838=AXIS2_PLACEMENT_3D('',#4404,#3427,#3428);
#2839=AXIS2_PLACEMENT_3D('',#4406,#3429,#3430);
#2840=AXIS2_PLACEMENT_3D('',#4408,#3431,#3432);
#2841=AXIS2_PLACEMENT_3D('',#4410,#3433,#3434);
#2842=AXIS2_PLACEMENT_3D('',#4411,#3435,#3436);
#2843=AXIS2_PLACEMENT_3D('',#4413,#3437,#3438);
#2844=AXIS2_PLACEMENT_3D('',#4414,#3439,#3440);
#2845=AXIS2_PLACEMENT_3D('',#4416,#3441,#3442);
#2846=AXIS2_PLACEMENT_3D('',#4418,#3443,#3444);
#2847=AXIS2_PLACEMENT_3D('',#4419,#3445,#3446);
#2848=AXIS2_PLACEMENT_3D('',#4421,#3447,#3448);
#2849=AXIS2_PLACEMENT_3D('',#4423,#3449,#3450);
#2850=AXIS2_PLACEMENT_3D('',#4424,#3451,#3452);
#2851=AXIS2_PLACEMENT_3D('',#4425,#3453,#3454);
#2852=AXIS2_PLACEMENT_3D('',#4430,#3457,#3458);
#2853=AXIS2_PLACEMENT_3D('',#4431,#3459,#3460);
#2854=AXIS2_PLACEMENT_3D('',#4435,#3462,#3463);
#2855=AXIS2_PLACEMENT_3D('',#4437,#3465,#3466);
#2856=AXIS2_PLACEMENT_3D('',#4440,#3468,#3469);
#2857=AXIS2_PLACEMENT_3D('',#4441,#3470,#3471);
#2858=AXIS2_PLACEMENT_3D('',#4445,#3473,#3474);
#2859=AXIS2_PLACEMENT_3D('',#4447,#3476,#3477);
#2860=AXIS2_PLACEMENT_3D('',#4450,#3479,#3480);
#2861=AXIS2_PLACEMENT_3D('',#4451,#3481,#3482);
#2862=AXIS2_PLACEMENT_3D('',#4455,#3484,#3485);
#2863=AXIS2_PLACEMENT_3D('',#4457,#3487,#3488);
#2864=AXIS2_PLACEMENT_3D('',#4460,#3490,#3491);
#2865=AXIS2_PLACEMENT_3D('',#4461,#3492,#3493);
#2866=AXIS2_PLACEMENT_3D('',#4465,#3495,#3496);
#2867=AXIS2_PLACEMENT_3D('',#4467,#3498,#3499);
#2868=AXIS2_PLACEMENT_3D('',#4472,#3502,#3503);
#2869=AXIS2_PLACEMENT_3D('',#4473,#3504,#3505);
#2870=AXIS2_PLACEMENT_3D('',#4478,#3508,#3509);
#2871=AXIS2_PLACEMENT_3D('',#4479,#3510,#3511);
#2872=AXIS2_PLACEMENT_3D('',#4483,#3513,#3514);
#2873=AXIS2_PLACEMENT_3D('',#4485,#3516,#3517);
#2874=AXIS2_PLACEMENT_3D('',#4490,#3520,#3521);
#2875=AXIS2_PLACEMENT_3D('',#4491,#3522,#3523);
#2876=AXIS2_PLACEMENT_3D('',#4495,#3525,#3526);
#2877=AXIS2_PLACEMENT_3D('',#4497,#3528,#3529);
#2878=AXIS2_PLACEMENT_3D('',#4501,#3531,#3532);
#2879=AXIS2_PLACEMENT_3D('',#4503,#3534,#3535);
#2880=AXIS2_PLACEMENT_3D('',#4508,#3538,#3539);
#2881=AXIS2_PLACEMENT_3D('',#4509,#3540,#3541);
#2882=AXIS2_PLACEMENT_3D('',#4512,#3543,#3544);
#2883=AXIS2_PLACEMENT_3D('',#4513,#3545,#3546);
#2884=AXIS2_PLACEMENT_3D('',#4514,#3547,#3548);
#2885=AXIS2_PLACEMENT_3D('',#4515,#3549,#3550);
#2886=AXIS2_PLACEMENT_3D('',#4516,#3551,#3552);
#2887=AXIS2_PLACEMENT_3D('',#4517,#3553,#3554);
#2888=AXIS2_PLACEMENT_3D('',#4518,#3555,#3556);
#2889=AXIS2_PLACEMENT_3D('',#4519,#3557,#3558);
#2890=AXIS2_PLACEMENT_3D('',#4522,#3560,#3561);
#2891=AXIS2_PLACEMENT_3D('',#4523,#3562,#3563);
#2892=AXIS2_PLACEMENT_3D('',#4524,#3564,#3565);
#2893=AXIS2_PLACEMENT_3D('',#4525,#3566,#3567);
#2894=AXIS2_PLACEMENT_3D('',#4528,#3569,#3570);
#2895=AXIS2_PLACEMENT_3D('',#4529,#3571,#3572);
#2896=AXIS2_PLACEMENT_3D('',#4530,#3573,#3574);
#2897=AXIS2_PLACEMENT_3D('',#4531,#3575,#3576);
#2898=AXIS2_PLACEMENT_3D('',#4532,#3577,#3578);
#2899=AXIS2_PLACEMENT_3D('',#4534,#3579,#3580);
#2900=AXIS2_PLACEMENT_3D('',#4536,#3582,#3583);
#2901=AXIS2_PLACEMENT_3D('',#4539,#3585,#3586);
#2902=AXIS2_PLACEMENT_3D('',#4540,#3587,#3588);
#2903=AXIS2_PLACEMENT_3D('',#4541,#3589,#3590);
#2904=AXIS2_PLACEMENT_3D('',#4542,#3591,#3592);
#2905=AXIS2_PLACEMENT_3D('',#4544,#3593,#3594);
#2906=AXIS2_PLACEMENT_3D('',#4546,#3596,#3597);
#2907=AXIS2_PLACEMENT_3D('',#4549,#3599,#3600);
#2908=AXIS2_PLACEMENT_3D('',#4550,#3601,#3602);
#2909=AXIS2_PLACEMENT_3D('',#4551,#3603,#3604);
#2910=AXIS2_PLACEMENT_3D('',#4552,#3605,#3606);
#2911=AXIS2_PLACEMENT_3D('',#4554,#3607,#3608);
#2912=AXIS2_PLACEMENT_3D('',#4556,#3610,#3611);
#2913=AXIS2_PLACEMENT_3D('',#4559,#3613,#3614);
#2914=AXIS2_PLACEMENT_3D('',#4560,#3615,#3616);
#2915=AXIS2_PLACEMENT_3D('',#4561,#3617,#3618);
#2916=AXIS2_PLACEMENT_3D('',#4562,#3619,#3620);
#2917=AXIS2_PLACEMENT_3D('',#4564,#3621,#3622);
#2918=AXIS2_PLACEMENT_3D('',#4566,#3624,#3625);
#2919=AXIS2_PLACEMENT_3D('',#4569,#3627,#3628);
#2920=AXIS2_PLACEMENT_3D('',#4570,#3629,#3630);
#2921=AXIS2_PLACEMENT_3D('',#4571,#3631,#3632);
#2922=AXIS2_PLACEMENT_3D('',#4572,#3633,#3634);
#2923=AXIS2_PLACEMENT_3D('',#4574,#3635,#3636);
#2924=AXIS2_PLACEMENT_3D('',#4576,#3638,#3639);
#2925=AXIS2_PLACEMENT_3D('',#4579,#3641,#3642);
#2926=AXIS2_PLACEMENT_3D('',#4580,#3643,#3644);
#2927=AXIS2_PLACEMENT_3D('',#4581,#3645,#3646);
#2928=AXIS2_PLACEMENT_3D('',#4582,#3647,#3648);
#2929=AXIS2_PLACEMENT_3D('',#4584,#3649,#3650);
#2930=AXIS2_PLACEMENT_3D('',#4586,#3652,#3653);
#2931=AXIS2_PLACEMENT_3D('',#4589,#3655,#3656);
#2932=AXIS2_PLACEMENT_3D('',#4590,#3657,#3658);
#2933=AXIS2_PLACEMENT_3D('',#4591,#3659,#3660);
#2934=AXIS2_PLACEMENT_3D('',#4592,#3661,#3662);
#2935=AXIS2_PLACEMENT_3D('',#4594,#3663,#3664);
#2936=AXIS2_PLACEMENT_3D('',#4596,#3666,#3667);
#2937=AXIS2_PLACEMENT_3D('',#4597,#3668,#3669);
#2938=AXIS2_PLACEMENT_3D('',#4598,#3670,#3671);
#2939=AXIS2_PLACEMENT_3D('',#4599,#3672,#3673);
#2940=AXIS2_PLACEMENT_3D('',#4601,#3674,#3675);
#2941=AXIS2_PLACEMENT_3D('',#4603,#3677,#3678);
#2942=AXIS2_PLACEMENT_3D('',#4604,#3679,#3680);
#2943=AXIS2_PLACEMENT_3D('',#4605,#3681,#3682);
#2944=AXIS2_PLACEMENT_3D('',#4607,#3683,#3684);
#2945=AXIS2_PLACEMENT_3D('',#4609,#3686,#3687);
#2946=AXIS2_PLACEMENT_3D('',#4612,#3689,#3690);
#2947=AXIS2_PLACEMENT_3D('',#4613,#3691,#3692);
#2948=AXIS2_PLACEMENT_3D('',#4614,#3693,#3694);
#2949=AXIS2_PLACEMENT_3D('',#4615,#3695,#3696);
#2950=AXIS2_PLACEMENT_3D('',#4617,#3697,#3698);
#2951=AXIS2_PLACEMENT_3D('',#4619,#3700,#3701);
#2952=AXIS2_PLACEMENT_3D('',#4620,#3702,#3703);
#2953=AXIS2_PLACEMENT_3D('',#4621,#3704,#3705);
#2954=AXIS2_PLACEMENT_3D('',#4622,#3706,#3707);
#2955=AXIS2_PLACEMENT_3D('',#4623,#3708,#3709);
#2956=AXIS2_PLACEMENT_3D('',#4624,#3710,#3711);
#2957=AXIS2_PLACEMENT_3D('',#4625,#3712,#3713);
#2958=AXIS2_PLACEMENT_3D('',#4626,#3714,#3715);
#2959=AXIS2_PLACEMENT_3D('',#4627,#3716,#3717);
#2960=AXIS2_PLACEMENT_3D('',#4630,#3719,#3720);
#2961=AXIS2_PLACEMENT_3D('',#4631,#3721,#3722);
#2962=AXIS2_PLACEMENT_3D('',#4632,#3723,#3724);
#2963=AXIS2_PLACEMENT_3D('',#4633,#3725,#3726);
#2964=AXIS2_PLACEMENT_3D('',#4634,#3727,#3728);
#2965=AXIS2_PLACEMENT_3D('',#4636,#3729,#3730);
#2966=AXIS2_PLACEMENT_3D('',#4638,#3732,#3733);
#2967=AXIS2_PLACEMENT_3D('',#4639,#3734,#3735);
#2968=AXIS2_PLACEMENT_3D('',#4640,#3736,#3737);
#2969=AXIS2_PLACEMENT_3D('',#4641,#3738,#3739);
#2970=AXIS2_PLACEMENT_3D('',#4644,#3741,#3742);
#2971=AXIS2_PLACEMENT_3D('',#4645,#3743,#3744);
#2972=AXIS2_PLACEMENT_3D('',#4646,#3745,#3746);
#2973=AXIS2_PLACEMENT_3D('',#4647,#3747,#3748);
#2974=AXIS2_PLACEMENT_3D('',#4649,#3749,#3750);
#2975=AXIS2_PLACEMENT_3D('',#4651,#3752,#3753);
#2976=AXIS2_PLACEMENT_3D('',#4654,#3755,#3756);
#2977=AXIS2_PLACEMENT_3D('',#4655,#3757,#3758);
#2978=AXIS2_PLACEMENT_3D('',#4656,#3759,#3760);
#2979=AXIS2_PLACEMENT_3D('',#4657,#3761,#3762);
#2980=AXIS2_PLACEMENT_3D('',#4658,#3763,#3764);
#2981=AXIS2_PLACEMENT_3D('',#4659,#3765,#3766);
#2982=AXIS2_PLACEMENT_3D('',#4660,#3767,#3768);
#2983=AXIS2_PLACEMENT_3D('',#4661,#3769,#3770);
#2984=AXIS2_PLACEMENT_3D('',#4662,#3771,#3772);
#2985=AXIS2_PLACEMENT_3D('',#4663,#3773,#3774);
#2986=AXIS2_PLACEMENT_3D('',#4664,#3775,#3776);
#2987=AXIS2_PLACEMENT_3D('',#4666,#3777,#3778);
#2988=AXIS2_PLACEMENT_3D('',#4669,#3780,#3781);
#2989=AXIS2_PLACEMENT_3D('',#4670,#3782,#3783);
#2990=AXIS2_PLACEMENT_3D('',#4671,#3784,#3785);
#2991=AXIS2_PLACEMENT_3D('',#4679,#3790,#3791);
#2992=AXIS2_PLACEMENT_3D('',#4685,#3795,#3796);
#2993=AXIS2_PLACEMENT_3D('',#4687,#3797,#3798);
#2994=AXIS2_PLACEMENT_3D('',#4690,#3800,#3801);
#2995=AXIS2_PLACEMENT_3D('',#4691,#3802,#3803);
#2996=AXIS2_PLACEMENT_3D('',#4692,#3804,#3805);
#2997=AXIS2_PLACEMENT_3D('',#4693,#3806,#3807);
#2998=AXIS2_PLACEMENT_3D('',#4695,#3808,#3809);
#2999=AXIS2_PLACEMENT_3D('',#4697,#3810,#3811);
#3000=AXIS2_PLACEMENT_3D('',#4700,#3813,#3814);
#3001=AXIS2_PLACEMENT_3D('',#4701,#3815,#3816);
#3002=AXIS2_PLACEMENT_3D('',#4704,#3817,#3818);
#3003=AXIS2_PLACEMENT_3D('',#4705,#3819,#3820);
#3004=AXIS2_PLACEMENT_3D('',#4708,#3822,#3823);
#3005=AXIS2_PLACEMENT_3D('',#4709,#3824,#3825);
#3006=AXIS2_PLACEMENT_3D('',#4710,#3826,#3827);
#3007=AXIS2_PLACEMENT_3D('',#4711,#3828,#3829);
#3008=AXIS2_PLACEMENT_3D('',#4713,#3830,#3831);
#3009=AXIS2_PLACEMENT_3D('',#4716,#3833,#3834);
#3010=AXIS2_PLACEMENT_3D('',#4717,#3835,#3836);
#3011=AXIS2_PLACEMENT_3D('',#4718,#3837,#3838);
#3012=AXIS2_PLACEMENT_3D('',#4719,#3839,#3840);
#3013=AXIS2_PLACEMENT_3D('',#4721,#3841,#3842);
#3014=AXIS2_PLACEMENT_3D('',#4722,#3843,#3844);
#3015=AXIS2_PLACEMENT_3D('',#4723,#3845,#3846);
#3016=AXIS2_PLACEMENT_3D('',#4724,#3847,#3848);
#3017=AXIS2_PLACEMENT_3D('',#4726,#3849,#3850);
#3018=AXIS2_PLACEMENT_3D('',#4728,#3851,#3852);
#3019=AXIS2_PLACEMENT_3D('',#4731,#3854,#3855);
#3020=AXIS2_PLACEMENT_3D('',#4733,#3856,#3857);
#3021=AXIS2_PLACEMENT_3D('',#4735,#3858,#3859);
#3022=AXIS2_PLACEMENT_3D('',#4737,#3860,#3861);
#3023=AXIS2_PLACEMENT_3D('',#4738,#3862,#3863);
#3024=AXIS2_PLACEMENT_3D('',#4740,#3864,#3865);
#3025=AXIS2_PLACEMENT_3D('',#4743,#3867,#3868);
#3026=AXIS2_PLACEMENT_3D('',#4744,#3869,#3870);
#3027=AXIS2_PLACEMENT_3D('',#4746,#3872,#3873);
#3028=AXIS2_PLACEMENT_3D('',#4748,#3875,#3876);
#3029=AXIS2_PLACEMENT_3D('',#4751,#3878,#3879);
#3030=AXIS2_PLACEMENT_3D('',#4752,#3880,#3881);
#3031=AXIS2_PLACEMENT_3D('',#4758,#3885,#3886);
#3032=AXIS2_PLACEMENT_3D('',#4760,#3887,#3888);
#3033=AXIS2_PLACEMENT_3D('',#4763,#3890,#3891);
#3034=AXIS2_PLACEMENT_3D('',#4764,#3892,#3893);
#3035=AXIS2_PLACEMENT_3D('',#4766,#3894,#3895);
#3036=AXIS2_PLACEMENT_3D('',#4768,#3897,#3898);
#3037=AXIS2_PLACEMENT_3D('',#4771,#3901,#3902);
#3038=AXIS2_PLACEMENT_3D('',#4772,#3903,#3904);
#3039=AXIS2_PLACEMENT_3D('',#4776,#3907,#3908);
#3040=AXIS2_PLACEMENT_3D('',#4777,#3909,#3910);
#3041=AXIS2_PLACEMENT_3D('',#4778,#3911,#3912);
#3042=AXIS2_PLACEMENT_3D('',#4782,#3914,#3915);
#3043=AXIS2_PLACEMENT_3D('',#4784,#3917,#3918);
#3044=AXIS2_PLACEMENT_3D('',#4788,#3921,#3922);
#3045=AXIS2_PLACEMENT_3D('',#4791,#3924,#3925);
#3046=AXIS2_PLACEMENT_3D('',#4792,#3926,#3927);
#3047=AXIS2_PLACEMENT_3D('',#4794,#3929,#3930);
#3048=AXIS2_PLACEMENT_3D('',#4795,#3931,#3932);
#3049=AXIS2_PLACEMENT_3D('',#4797,#3933,#3934);
#3050=AXIS2_PLACEMENT_3D('',#4799,#3936,#3937);
#3051=AXIS2_PLACEMENT_3D('',#4804,#3939,#3940);
#3052=AXIS2_PLACEMENT_3D('',#4808,#3942,#3943);
#3053=AXIS2_PLACEMENT_3D('',#4811,#3945,#3946);
#3054=AXIS2_PLACEMENT_3D('',#4812,#3947,#3948);
#3055=AXIS2_PLACEMENT_3D('',#4818,#3952,#3953);
#3056=AXIS2_PLACEMENT_3D('',#4824,#3957,#3958);
#3057=AXIS2_PLACEMENT_3D('',#4826,#3959,#3960);
#3058=AXIS2_PLACEMENT_3D('',#4831,#3962,#3963);
#3059=AXIS2_PLACEMENT_3D('',#4834,#3965,#3966);
#3060=AXIS2_PLACEMENT_3D('',#4835,#3967,#3968);
#3061=AXIS2_PLACEMENT_3D('',#4836,#3969,#3970);
#3062=AXIS2_PLACEMENT_3D('',#4840,#3972,#3973);
#3063=AXIS2_PLACEMENT_3D('',#4841,#3974,#3975);
#3064=AXIS2_PLACEMENT_3D('',#4842,#3976,#3977);
#3065=AXIS2_PLACEMENT_3D('',#4845,#3979,#3980);
#3066=AXIS2_PLACEMENT_3D('',#4846,#3981,#3982);
#3067=AXIS2_PLACEMENT_3D('',#4848,#3983,#3984);
#3068=AXIS2_PLACEMENT_3D('',#4849,#3985,#3986);
#3069=AXIS2_PLACEMENT_3D('',#4851,#3987,#3988);
#3070=AXIS2_PLACEMENT_3D('',#4853,#3989,#3990);
#3071=AXIS2_PLACEMENT_3D('',#4854,#3991,#3992);
#3072=AXIS2_PLACEMENT_3D('',#4855,#3993,#3994);
#3073=AXIS2_PLACEMENT_3D('',#4858,#3995,#3996);
#3074=AXIS2_PLACEMENT_3D('',#4860,#3998,#3999);
#3075=AXIS2_PLACEMENT_3D('',#4861,#4000,#4001);
#3076=AXIS2_PLACEMENT_3D('',#4862,#4002,#4003);
#3077=AXIS2_PLACEMENT_3D('',#4863,#4004,#4005);
#3078=AXIS2_PLACEMENT_3D('',#4865,#4006,#4007);
#3079=AXIS2_PLACEMENT_3D('',#4869,#4010,#4011);
#3080=AXIS2_PLACEMENT_3D('',#4873,#4014,#4015);
#3081=AXIS2_PLACEMENT_3D('',#4874,#4016,#4017);
#3082=AXIS2_PLACEMENT_3D('',#4878,#4020,#4021);
#3083=AXIS2_PLACEMENT_3D('',#4879,#4022,#4023);
#3084=AXIS2_PLACEMENT_3D('',#4880,#4024,#4025);
#3085=AXIS2_PLACEMENT_3D('',#4882,#4027,#4028);
#3086=AXIS2_PLACEMENT_3D('',#4883,#4029,#4030);
#3087=AXIS2_PLACEMENT_3D('',#4885,#4032,#4033);
#3088=AXIS2_PLACEMENT_3D('',#4886,#4034,#4035);
#3089=AXIS2_PLACEMENT_3D('',#4887,#4036,#4037);
#3090=AXIS2_PLACEMENT_3D('',#4888,#4038,#4039);
#3091=AXIS2_PLACEMENT_3D('',#4890,#4041,#4042);
#3092=DIRECTION('axis',(0.,0.,1.));
#3093=DIRECTION('refdir',(1.,0.,0.));
#3094=DIRECTION('center_axis',(-8.32937986334954E-15,-1.,-5.9733271437136E-14));
#3095=DIRECTION('ref_axis',(0.997397990446669,-4.00141896892928E-15,-0.072091945825778));
#3096=DIRECTION('center_axis',(-8.32937986334954E-15,-1.,-5.9733271437136E-14));
#3097=DIRECTION('ref_axis',(-0.997397990446669,4.00141896892928E-15,0.072091945825778));
#3098=DIRECTION('',(-8.32937986334955E-15,-1.,-5.9733271437136E-14));
#3099=DIRECTION('center_axis',(8.32937986334954E-15,1.,5.9733271437136E-14));
#3100=DIRECTION('ref_axis',(-0.997397990446669,4.00141896892928E-15,0.072091945825778));
#3101=DIRECTION('',(8.32937986334955E-15,1.,5.9733271437136E-14));
#3102=DIRECTION('center_axis',(-8.32937986334954E-15,-1.,-5.9733271437136E-14));
#3103=DIRECTION('ref_axis',(-0.997397990446669,4.00141896892928E-15,0.072091945825778));
#3104=DIRECTION('',(-8.32937986334954E-15,-1.,-5.9733271437136E-14));
#3105=DIRECTION('center_axis',(0.,1.,0.));
#3106=DIRECTION('ref_axis',(0.997397990446669,0.,-0.072091945825778));
#3107=DIRECTION('center_axis',(-0.112597365610316,0.723927283788437,-0.680625536579633));
#3108=DIRECTION('ref_axis',(-0.0400797563950677,0.681115133312769,0.731078510352781));
#3109=DIRECTION('center_axis',(-8.32937986334954E-15,-1.,-5.9733271437136E-14));
#3110=DIRECTION('ref_axis',(-0.997397990446669,4.00141896892928E-15,0.072091945825778));
#3111=DIRECTION('',(-8.32937986334954E-15,-1.,-5.9733271437136E-14));
#3112=DIRECTION('center_axis',(0.,1.,0.));
#3113=DIRECTION('ref_axis',(0.997397990446669,0.,-0.072091945825778));
#3114=DIRECTION('',(8.32937986334954E-15,1.,5.9733271437136E-14));
#3115=DIRECTION('center_axis',(-8.32937986334954E-15,-1.,-5.9733271437136E-14));
#3116=DIRECTION('ref_axis',(-0.997397990446669,4.00141896892928E-15,0.072091945825778));
#3117=DIRECTION('',(-8.32937986334954E-15,-1.,-5.9733271437136E-14));
#3118=DIRECTION('center_axis',(0.,1.,0.));
#3119=DIRECTION('ref_axis',(0.997397990446669,0.,-0.072091945825778));
#3120=DIRECTION('center_axis',(-8.32937986334954E-15,-1.,-5.9733271437136E-14));
#3121=DIRECTION('ref_axis',(0.997397990446669,-4.00141896892927E-15,-0.0720919458257781));
#3122=DIRECTION('center_axis',(8.32937986334954E-15,1.,5.9733271437136E-14));
#3123=DIRECTION('ref_axis',(-0.997397990446669,4.00141896892927E-15,0.0720919458257781));
#3124=DIRECTION('',(-8.32937986334954E-15,-1.,-5.9733271437136E-14));
#3125=DIRECTION('center_axis',(-8.32937986334954E-15,-1.,-5.9733271437136E-14));
#3126=DIRECTION('ref_axis',(0.0720919458257886,-6.01783260960758E-14,0.997397990446668));
#3127=DIRECTION('center_axis',(-0.68976011742311,0.723910952952081,-0.0135614382890491));
#3128=DIRECTION('ref_axis',(0.720484239844196,0.68440074483581,-0.111794814747016));
#3129=DIRECTION('center_axis',(0.,1.,0.));
#3130=DIRECTION('ref_axis',(0.997397990446669,0.,-0.0720919458257781));
#3131=DIRECTION('',(8.32937986334954E-15,1.,5.9733271437136E-14));
#3132=DIRECTION('center_axis',(-8.32937986334954E-15,-1.,-5.9733271437136E-14));
#3133=DIRECTION('ref_axis',(0.0720919458257886,-6.01783260960758E-14,0.997397990446668));
#3134=DIRECTION('',(-8.32937986334954E-15,-1.,-5.9733271437136E-14));
#3135=DIRECTION('center_axis',(0.,1.,0.));
#3136=DIRECTION('ref_axis',(0.997397990446669,0.,-0.0720919458257781));
#3137=DIRECTION('center_axis',(-0.680377667988759,0.723914225385656,0.114168398370406));
#3138=DIRECTION('ref_axis',(0.731163093526669,0.681113629521193,0.0385325102345899));
#3139=DIRECTION('center_axis',(-8.32937986334954E-15,-1.,-5.9733271437136E-14));
#3140=DIRECTION('ref_axis',(0.0720919458257886,-6.01783260960758E-14,0.997397990446668));
#3141=DIRECTION('center_axis',(8.32937986334954E-15,1.,5.9733271437136E-14));
#3142=DIRECTION('ref_axis',(-0.997397990446669,4.00141896892927E-15,0.0720919458257781));
#3143=DIRECTION('',(8.32937986334955E-15,1.,5.9733271437136E-14));
#3144=DIRECTION('center_axis',(-8.32937986334954E-15,-1.,-5.9733271437136E-14));
#3145=DIRECTION('ref_axis',(0.0720919458257886,-6.01783260960758E-14,0.997397990446668));
#3146=DIRECTION('',(-8.32937986334955E-15,-1.,-5.9733271437136E-14));
#3147=DIRECTION('center_axis',(-8.32937986334954E-15,-1.,-5.9733271437136E-14));
#3148=DIRECTION('ref_axis',(0.997397990446669,-4.00141896892928E-15,-0.072091945825778));
#3149=DIRECTION('center_axis',(8.32937986334954E-15,1.,5.9733271437136E-14));
#3150=DIRECTION('ref_axis',(-1.,8.32937986334954E-15,4.97541108280473E-28));
#3151=DIRECTION('center_axis',(-8.32937986334954E-15,-1.,-5.9733271437136E-14));
#3152=DIRECTION('ref_axis',(0.997397990446669,-4.00141896892928E-15,-0.072091945825778));
#3153=DIRECTION('center_axis',(-8.32937986334954E-15,-1.,-5.9733271437136E-14));
#3154=DIRECTION('ref_axis',(0.997397990446669,-4.00141896892928E-15,-0.072091945825778));
#3155=DIRECTION('center_axis',(-8.32937986334954E-15,-1.,-5.9733271437136E-14));
#3156=DIRECTION('ref_axis',(0.997397990446669,-4.00141896892927E-15,-0.0720919458257781));
#3157=DIRECTION('center_axis',(-8.32937986334954E-15,-1.,-5.9733271437136E-14));
#3158=DIRECTION('ref_axis',(4.97541108280473E-28,5.9733271437136E-14,-1.));
#3159=DIRECTION('center_axis',(-8.32937986334954E-15,-1.,-5.9733271437136E-14));
#3160=DIRECTION('ref_axis',(4.97541108280473E-28,5.9733271437136E-14,-1.));
#3161=DIRECTION('center_axis',(-8.32937986334954E-15,-1.,-5.9733271437136E-14));
#3162=DIRECTION('ref_axis',(0.997397990446669,-4.00141896892928E-15,-0.072091945825778));
#3163=DIRECTION('center_axis',(-8.32937986334954E-15,-1.,-5.9733271437136E-14));
#3164=DIRECTION('ref_axis',(4.97541108280473E-28,5.9733271437136E-14,-1.));
#3165=DIRECTION('center_axis',(-8.32937986334954E-15,-1.,-5.9733271437136E-14));
#3166=DIRECTION('ref_axis',(-0.0720919458257818,6.01783260960758E-14,-0.997397990446668));
#3167=DIRECTION('center_axis',(-8.32937986334954E-15,-1.,-5.9733271437136E-14));
#3168=DIRECTION('ref_axis',(4.97541108280473E-28,5.9733271437136E-14,-1.));
#3169=DIRECTION('',(0.087155742747664,5.87800150167323E-14,-0.996194698091745));
#3170=DIRECTION('',(0.996194698091745,-1.35037816971124E-14,0.087155742747664));
#3171=DIRECTION('center_axis',(-8.32937986334954E-15,-1.,-5.9733271437136E-14));
#3172=DIRECTION('ref_axis',(0.997397990446669,-4.00141896892928E-15,-0.072091945825778));
#3173=DIRECTION('center_axis',(8.32937986334954E-15,1.,5.9733271437136E-14));
#3174=DIRECTION('ref_axis',(-4.97541108280473E-28,-5.9733271437136E-14,
1.));
#3175=DIRECTION('center_axis',(-8.32937986334954E-15,-1.,-5.9733271437136E-14));
#3176=DIRECTION('ref_axis',(-0.0720919458257818,6.01783260960758E-14,-0.997397990446668));
#3177=DIRECTION('center_axis',(-8.32937986334954E-15,-1.,-5.9733271437136E-14));
#3178=DIRECTION('ref_axis',(-0.0720919458257818,6.01783260960758E-14,-0.997397990446668));
#3179=DIRECTION('center_axis',(-8.32937986334954E-15,-1.,-5.9733271437136E-14));
#3180=DIRECTION('ref_axis',(0.997397990446669,-4.00141896892928E-15,-0.072091945825778));
#3181=DIRECTION('center_axis',(8.32937986334954E-15,1.,5.9733271437136E-14));
#3182=DIRECTION('ref_axis',(4.97541108280473E-28,5.9733271437136E-14,-1.));
#3183=DIRECTION('center_axis',(-8.32937986334954E-15,-1.,-5.9733271437136E-14));
#3184=DIRECTION('ref_axis',(0.997397990446669,-4.00141896892928E-15,-0.072091945825778));
#3185=DIRECTION('center_axis',(-8.32937986334954E-15,-1.,-5.9733271437136E-14));
#3186=DIRECTION('ref_axis',(0.997397990446669,-4.00141896892928E-15,-0.072091945825778));
#3187=DIRECTION('',(-8.32937986334955E-15,-1.,-5.9733271437136E-14));
#3188=DIRECTION('center_axis',(8.32937986334954E-15,1.,5.9733271437136E-14));
#3189=DIRECTION('ref_axis',(-0.997397990446669,4.00141896892928E-15,0.072091945825778));
#3190=DIRECTION('',(8.32937986334955E-15,1.,5.9733271437136E-14));
#3191=DIRECTION('center_axis',(-8.32937986334954E-15,-1.,-5.9733271437136E-14));
#3192=DIRECTION('ref_axis',(0.997397990446669,-4.00141896892928E-15,-0.072091945825778));
#3193=DIRECTION('',(-8.32937986334954E-15,-1.,-5.9733271437136E-14));
#3194=DIRECTION('center_axis',(0.,1.,0.));
#3195=DIRECTION('ref_axis',(0.997397990446669,0.,-0.072091945825778));
#3196=DIRECTION('',(8.32937986334954E-15,1.,5.9733271437136E-14));
#3197=DIRECTION('',(-8.32937986334954E-15,-1.,-5.9733271437136E-14));
#3198=DIRECTION('center_axis',(0.,1.,0.));
#3199=DIRECTION('ref_axis',(0.997397990446669,0.,-0.072091945825778));
#3200=DIRECTION('center_axis',(0.116124275915412,0.723130164327707,0.680880252307633));
#3201=DIRECTION('ref_axis',(-0.0431338859172462,-0.681199665528279,0.730825891420001));
#3202=DIRECTION('center_axis',(-0.01547654990838,0.72312732465444,0.690541344700696));
#3203=DIRECTION('ref_axis',(0.122254271086941,-0.684073775317114,0.71909454394008));
#3204=DIRECTION('center_axis',(0.,1.,0.));
#3205=DIRECTION('ref_axis',(0.997397990446669,0.,-0.072091945825778));
#3206=DIRECTION('center_axis',(-8.32937986334954E-15,-1.,-5.9733271437136E-14));
#3207=DIRECTION('ref_axis',(0.997397990446669,-4.00141896892928E-15,-0.072091945825778));
#3208=DIRECTION('center_axis',(8.32937986334954E-15,1.,5.9733271437136E-14));
#3209=DIRECTION('ref_axis',(0.997397990446669,-4.00141896892928E-15,-0.072091945825778));
#3210=DIRECTION('',(-8.32937986334954E-15,-1.,-5.9733271437136E-14));
#3211=DIRECTION('center_axis',(0.,1.,0.));
#3212=DIRECTION('ref_axis',(0.997397990446669,0.,-0.072091945825778));
#3213=DIRECTION('center_axis',(-8.32937986334954E-15,-1.,-5.9733271437136E-14));
#3214=DIRECTION('ref_axis',(0.997397990446669,-4.00141896892927E-15,-0.0720919458257781));
#3215=DIRECTION('center_axis',(-8.32937986334954E-15,-1.,-5.9733271437136E-14));
#3216=DIRECTION('ref_axis',(-0.0720919458257818,6.01783260960758E-14,-0.997397990446668));
#3217=DIRECTION('',(-8.32937986334955E-15,-1.,-5.9733271437136E-14));
#3218=DIRECTION('center_axis',(8.32937986334954E-15,1.,5.9733271437136E-14));
#3219=DIRECTION('ref_axis',(-0.997397990446669,4.00141896892927E-15,0.0720919458257781));
#3220=DIRECTION('',(8.32937986334955E-15,1.,5.9733271437136E-14));
#3221=DIRECTION('center_axis',(-8.32937986334954E-15,-1.,-5.9733271437136E-14));
#3222=DIRECTION('ref_axis',(-0.0720919458257818,6.01783260960758E-14,-0.997397990446668));
#3223=DIRECTION('',(-8.32937986334954E-15,-1.,-5.9733271437136E-14));
#3224=DIRECTION('',(-8.32937986334954E-15,-1.,-5.9733271437136E-14));
#3225=DIRECTION('center_axis',(0.,1.,0.));
#3226=DIRECTION('ref_axis',(0.997397990446669,0.,-0.0720919458257781));
#3227=DIRECTION('center_axis',(0.68113246116365,0.723142798489423,-0.114555939793771));
#3228=DIRECTION('ref_axis',(0.730733513546569,-0.681195467803254,0.0447355208329216));
#3229=DIRECTION('center_axis',(0.690492215730943,0.723139951240951,0.0170032624577633));
#3230=DIRECTION('ref_axis',(0.719388778125688,-0.684077282877818,-0.120490899894269));
#3231=DIRECTION('center_axis',(0.,1.,0.));
#3232=DIRECTION('ref_axis',(0.997397990446669,0.,-0.0720919458257781));
#3233=DIRECTION('',(8.32937986334954E-15,1.,5.9733271437136E-14));
#3234=DIRECTION('center_axis',(-8.32937986334954E-15,-1.,-5.9733271437136E-14));
#3235=DIRECTION('ref_axis',(0.997397990446669,-4.00141896892927E-15,-0.0720919458257781));
#3236=DIRECTION('',(8.32937986334954E-15,1.,5.9733271437136E-14));
#3237=DIRECTION('center_axis',(-8.32937986334954E-15,-1.,-5.9733271437136E-14));
#3238=DIRECTION('ref_axis',(-0.997397990446669,4.00141896892927E-15,0.0720919458257781));
#3239=DIRECTION('center_axis',(-8.32937986334954E-15,-1.,-5.9733271437136E-14));
#3240=DIRECTION('ref_axis',(0.997397990446669,-4.00141896892928E-15,-0.072091945825778));
#3241=DIRECTION('center_axis',(-8.32937986334954E-15,-1.,-5.9733271437136E-14));
#3242=DIRECTION('ref_axis',(-0.717711378624702,-3.56166176204946E-14,0.696340704678845));
#3243=DIRECTION('',(-8.32937986334955E-15,-1.,-5.9733271437136E-14));
#3244=DIRECTION('center_axis',(-8.32937986334954E-15,-1.,-5.9733271437136E-14));
#3245=DIRECTION('ref_axis',(-0.717711378624702,-3.56166176204946E-14,0.696340704678845));
#3246=DIRECTION('',(-8.32937986334955E-15,-1.,-5.9733271437136E-14));
#3247=DIRECTION('center_axis',(-8.32937986334954E-15,-1.,-5.9733271437136E-14));
#3248=DIRECTION('ref_axis',(0.997397990446669,-4.00141896892928E-15,-0.072091945825778));
#3249=DIRECTION('center_axis',(-8.32937986334954E-15,-1.,-5.9733271437136E-14));
#3250=DIRECTION('ref_axis',(0.961904429253389,-2.43423035942539E-14,0.273385934134717));
#3251=DIRECTION('',(-8.32937986334955E-15,-1.,-5.9733271437136E-14));
#3252=DIRECTION('center_axis',(8.32937986334954E-15,1.,5.9733271437136E-14));
#3253=DIRECTION('ref_axis',(-0.997397990446669,4.00141896892928E-15,0.072091945825778));
#3254=DIRECTION('',(8.32937986334955E-15,1.,5.9733271437136E-14));
#3255=DIRECTION('center_axis',(-8.32937986334954E-15,-1.,-5.9733271437136E-14));
#3256=DIRECTION('ref_axis',(0.997397990446669,-4.00141896892928E-15,-0.072091945825778));
#3257=DIRECTION('center_axis',(-8.32937986334954E-15,-1.,-5.9733271437136E-14));
#3258=DIRECTION('ref_axis',(0.810390997694713,-4.17471471519725E-14,0.585889435691896));
#3259=DIRECTION('',(-8.32937986334955E-15,-1.,-5.9733271437136E-14));
#3260=DIRECTION('center_axis',(8.32937986334954E-15,1.,5.9733271437136E-14));
#3261=DIRECTION('ref_axis',(-0.997397990446669,4.00141896892928E-15,0.072091945825778));
#3262=DIRECTION('',(8.32937986334955E-15,1.,5.9733271437136E-14));
#3263=DIRECTION('center_axis',(-8.32937986334954E-15,-1.,-5.9733271437136E-14));
#3264=DIRECTION('ref_axis',(0.997397990446669,-4.00141896892928E-15,-0.072091945825778));
#3265=DIRECTION('center_axis',(-8.32937986334954E-15,-1.,-5.9733271437136E-14));
#3266=DIRECTION('ref_axis',(-0.91259063396547,-1.68220958387031E-14,0.408874473155885));
#3267=DIRECTION('',(-8.32937986334955E-15,-1.,-5.9733271437136E-14));
#3268=DIRECTION('center_axis',(-8.32937986334954E-15,-1.,-5.9733271437136E-14));
#3269=DIRECTION('ref_axis',(-0.91259063396547,-1.68220958387031E-14,0.408874473155885));
#3270=DIRECTION('',(-8.32937986334955E-15,-1.,-5.9733271437136E-14));
#3271=DIRECTION('center_axis',(-8.32937986334954E-15,-1.,-5.9733271437136E-14));
#3272=DIRECTION('ref_axis',(0.997397990446669,-4.00141896892928E-15,-0.072091945825778));
#3273=DIRECTION('center_axis',(-8.32937986334954E-15,-1.,-5.9733271437136E-14));
#3274=DIRECTION('ref_axis',(0.997397990446669,-4.00141896892928E-15,-0.072091945825778));
#3275=DIRECTION('',(8.32937986334955E-15,1.,5.9733271437136E-14));
#3276=DIRECTION('center_axis',(-8.32937986334954E-15,-1.,-5.9733271437136E-14));
#3277=DIRECTION('ref_axis',(0.997397990446669,-4.00141896892928E-15,-0.072091945825778));
#3278=DIRECTION('',(-8.32937986334955E-15,-1.,-5.9733271437136E-14));
#3279=DIRECTION('center_axis',(-8.32937986334954E-15,-1.,-5.9733271437136E-14));
#3280=DIRECTION('ref_axis',(-0.997397990446668,4.00141896892868E-15,0.0720919458257879));
#3281=DIRECTION('center_axis',(-8.32937986334954E-15,-1.,-5.9733271437136E-14));
#3282=DIRECTION('ref_axis',(0.997397990446669,-4.00141896892928E-15,-0.072091945825778));
#3283=DIRECTION('',(-8.32937986334955E-15,-1.,-5.9733271437136E-14));
#3284=DIRECTION('center_axis',(-8.32937986334954E-15,-1.,-5.9733271437136E-14));
#3285=DIRECTION('ref_axis',(0.997397990446669,-4.00141896892928E-15,-0.072091945825778));
#3286=DIRECTION('',(8.32937986334955E-15,1.,5.9733271437136E-14));
#3287=DIRECTION('center_axis',(-8.32937986334954E-15,-1.,-5.9733271437136E-14));
#3288=DIRECTION('ref_axis',(0.997397990446669,-4.00141896892928E-15,-0.072091945825778));
#3289=DIRECTION('center_axis',(8.32937986334954E-15,1.,5.9733271437136E-14));
#3290=DIRECTION('ref_axis',(0.997397990446669,-4.00141896892959E-15,-0.0720919458257728));
#3291=DIRECTION('',(-8.32937986334955E-15,-1.,-5.9733271437136E-14));
#3292=DIRECTION('center_axis',(-8.32937986334954E-15,-1.,-5.9733271437136E-14));
#3293=DIRECTION('ref_axis',(-0.244193050628695,5.99589212147487E-14,-0.969726638813564));
#3294=DIRECTION('center_axis',(-8.32937986334954E-15,-1.,-5.9733271437136E-14));
#3295=DIRECTION('ref_axis',(0.997397990446669,-4.00141896892928E-15,-0.072091945825778));
#3296=DIRECTION('',(-8.32937986334955E-15,-1.,-5.9733271437136E-14));
#3297=DIRECTION('center_axis',(8.32937986334954E-15,1.,5.9733271437136E-14));
#3298=DIRECTION('ref_axis',(0.997397990446669,-4.00141896892933E-15,-0.0720919458257772));
#3299=DIRECTION('center_axis',(-8.32937986334954E-15,-1.,-5.9733271437136E-14));
#3300=DIRECTION('ref_axis',(0.10219963627075,5.8569242990676E-14,-0.994763908847786));
#3301=DIRECTION('center_axis',(-8.32937986334954E-15,-1.,-5.9733271437136E-14));
#3302=DIRECTION('ref_axis',(0.997397990446669,-4.00141896892927E-15,-0.0720919458257781));
#3303=DIRECTION('',(-8.32937986334955E-15,-1.,-5.9733271437136E-14));
#3304=DIRECTION('center_axis',(8.32937986334954E-15,1.,5.9733271437136E-14));
#3305=DIRECTION('ref_axis',(0.997397990446669,-4.00141896892927E-15,-0.0720919458257781));
#3306=DIRECTION('',(-8.32937986334955E-15,-1.,-5.9733271437136E-14));
#3307=DIRECTION('center_axis',(-8.32937986334954E-15,-1.,-5.9733271437136E-14));
#3308=DIRECTION('ref_axis',(0.997397990446668,-4.00141896892886E-15,-0.072091945825785));
#3309=DIRECTION('center_axis',(-8.32937986334954E-15,-1.,-5.9733271437136E-14));
#3310=DIRECTION('ref_axis',(0.997397990446669,-4.00141896892927E-15,-0.0720919458257781));
#3311=DIRECTION('center_axis',(8.32937986334954E-15,1.,5.9733271437136E-14));
#3312=DIRECTION('ref_axis',(0.997397990446669,-4.00141896892933E-15,-0.0720919458257772));
#3313=DIRECTION('',(-8.32937986334955E-15,-1.,-5.9733271437136E-14));
#3314=DIRECTION('center_axis',(-8.32937986334954E-15,-1.,-5.9733271437136E-14));
#3315=DIRECTION('ref_axis',(0.244193050628688,-5.99589212147487E-14,0.969726638813565));
#3316=DIRECTION('center_axis',(-8.32937986334954E-15,-1.,-5.9733271437136E-14));
#3317=DIRECTION('ref_axis',(0.997397990446669,-4.00141896892927E-15,-0.0720919458257781));
#3318=DIRECTION('',(-8.32937986334955E-15,-1.,-5.9733271437136E-14));
#3319=DIRECTION('center_axis',(8.32937986334954E-15,1.,5.9733271437136E-14));
#3320=DIRECTION('ref_axis',(0.997397990446668,-4.00141896892906E-15,-0.0720919458257816));
#3321=DIRECTION('center_axis',(-8.32937986334954E-15,-1.,-5.9733271437136E-14));
#3322=DIRECTION('ref_axis',(-0.102199636270757,-5.85692429906759E-14,0.994763908847785));
#3323=DIRECTION('center_axis',(-8.32937986334954E-15,-1.,-5.9733271437136E-14));
#3324=DIRECTION('ref_axis',(0.997397990446669,-4.00141896892927E-15,-0.0720919458257781));
#3325=DIRECTION('',(-8.32937986334955E-15,-1.,-5.9733271437136E-14));
#3326=DIRECTION('center_axis',(8.32937986334954E-15,1.,5.9733271437136E-14));
#3327=DIRECTION('ref_axis',(0.997397990446669,-4.00141896892927E-15,-0.0720919458257781));
#3328=DIRECTION('',(-8.32937986334955E-15,-1.,-5.9733271437136E-14));
#3329=DIRECTION('center_axis',(-8.32937986334954E-15,-1.,-5.9733271437136E-14));
#3330=DIRECTION('ref_axis',(-0.997397990446669,4.00141896892927E-15,0.0720919458257781));
#3331=DIRECTION('center_axis',(-8.32937986334954E-15,-1.,-5.9733271437136E-14));
#3332=DIRECTION('ref_axis',(0.997397990446669,-4.00141896892928E-15,-0.072091945825778));
#3333=DIRECTION('center_axis',(-8.32937986334954E-15,-1.,-5.9733271437136E-14));
#3334=DIRECTION('ref_axis',(-0.436265538729957,-5.01152496719611E-14,0.899817970323254));
#3335=DIRECTION('center_axis',(-8.32937986334954E-15,-1.,-5.9733271437136E-14));
#3336=DIRECTION('ref_axis',(-0.436265538729957,-5.01152496719611E-14,0.899817970323254));
#3337=DIRECTION('center_axis',(-8.32937986334954E-15,-1.,-5.9733271437136E-14));
#3338=DIRECTION('ref_axis',(-0.436265538729957,-5.01152496719611E-14,0.899817970323254));
#3339=DIRECTION('center_axis',(-8.32937986334954E-15,-1.,-5.9733271437136E-14));
#3340=DIRECTION('ref_axis',(0.997397990446669,-4.00141896892928E-15,-0.072091945825778));
#3341=DIRECTION('center_axis',(-8.32937986334954E-15,-1.,-5.9733271437136E-14));
#3342=DIRECTION('ref_axis',(-0.102199636270757,-5.85692429906759E-14,0.994763908847785));
#3343=DIRECTION('center_axis',(-8.32937986334954E-15,-1.,-5.9733271437136E-14));
#3344=DIRECTION('ref_axis',(-0.102199636270757,-5.85692429906759E-14,0.994763908847785));
#3345=DIRECTION('center_axis',(-8.32937986334954E-15,-1.,-5.9733271437136E-14));
#3346=DIRECTION('ref_axis',(0.244193050628688,-5.99589212147487E-14,0.969726638813565));
#3347=DIRECTION('center_axis',(-8.32937986334954E-15,-1.,-5.9733271437136E-14));
#3348=DIRECTION('ref_axis',(0.244193050628688,-5.99589212147487E-14,0.969726638813565));
#3349=DIRECTION('center_axis',(-8.32937986334954E-15,-1.,-5.9733271437136E-14));
#3350=DIRECTION('ref_axis',(0.997397990446669,-4.00141896892928E-15,-0.072091945825778));
#3351=DIRECTION('center_axis',(-8.32937986334954E-15,-1.,-5.9733271437136E-14));
#3352=DIRECTION('ref_axis',(0.561132451716713,-5.41166686408902E-14,0.827726024497473));
#3353=DIRECTION('center_axis',(-8.32937986334954E-15,-1.,-5.9733271437136E-14));
#3354=DIRECTION('ref_axis',(0.561132451716714,-5.41166686408901E-14,0.827726024497472));
#3355=DIRECTION('center_axis',(-8.32937986334954E-15,-1.,-5.9733271437136E-14));
#3356=DIRECTION('ref_axis',(0.561132451716713,-5.41166686408902E-14,0.827726024497473));
#3357=DIRECTION('center_axis',(-8.32937986334954E-15,-1.,-5.9733271437136E-14));
#3358=DIRECTION('ref_axis',(0.997397990446669,-4.00141896892928E-15,-0.072091945825778));
#3359=DIRECTION('center_axis',(-8.32937986334954E-15,-1.,-5.9733271437136E-14));
#3360=DIRECTION('ref_axis',(0.810390997694713,-4.17471471519725E-14,0.585889435691896));
#3361=DIRECTION('center_axis',(-8.32937986334954E-15,-1.,-5.9733271437136E-14));
#3362=DIRECTION('ref_axis',(0.810390997694713,-4.17471471519725E-14,0.585889435691896));
#3363=DIRECTION('center_axis',(-8.32937986334954E-15,-1.,-5.9733271437136E-14));
#3364=DIRECTION('ref_axis',(0.997397990446669,-4.00141896892928E-15,-0.072091945825778));
#3365=DIRECTION('center_axis',(-8.32937986334954E-15,-1.,-5.9733271437136E-14));
#3366=DIRECTION('ref_axis',(0.961904429253389,-2.43423035942539E-14,0.273385934134717));
#3367=DIRECTION('center_axis',(-8.32937986334954E-15,-1.,-5.9733271437136E-14));
#3368=DIRECTION('ref_axis',(0.961904429253389,-2.43423035942539E-14,0.273385934134717));
#3369=DIRECTION('center_axis',(-8.32937986334954E-15,-1.,-5.9733271437136E-14));
#3370=DIRECTION('ref_axis',(0.997397990446669,-4.00141896892928E-15,-0.072091945825778));
#3371=DIRECTION('center_axis',(-8.32937986334954E-15,-1.,-5.9733271437136E-14));
#3372=DIRECTION('ref_axis',(0.997397990446668,-4.00141896892886E-15,-0.072091945825785));
#3373=DIRECTION('center_axis',(-8.32937986334954E-15,-1.,-5.9733271437136E-14));
#3374=DIRECTION('ref_axis',(0.997397990446668,-4.00141896892886E-15,-0.072091945825785));
#3375=DIRECTION('center_axis',(-8.32937986334954E-15,-1.,-5.9733271437136E-14));
#3376=DIRECTION('ref_axis',(0.997397990446669,-4.00141896892928E-15,-0.072091945825778));
#3377=DIRECTION('center_axis',(-8.32937986334954E-15,-1.,-5.9733271437136E-14));
#3378=DIRECTION('ref_axis',(0.912590633965467,1.68220958387035E-14,-0.408874473155891));
#3379=DIRECTION('center_axis',(-8.32937986334954E-15,-1.,-5.9733271437136E-14));
#3380=DIRECTION('ref_axis',(0.912590633965466,1.68220958387035E-14,-0.408874473155892));
#3381=DIRECTION('center_axis',(-8.32937986334954E-15,-1.,-5.9733271437136E-14));
#3382=DIRECTION('ref_axis',(0.912590633965467,1.68220958387035E-14,-0.408874473155891));
#3383=DIRECTION('center_axis',(-8.32937986334954E-15,-1.,-5.9733271437136E-14));
#3384=DIRECTION('ref_axis',(0.997397990446669,-4.00141896892928E-15,-0.072091945825778));
#3385=DIRECTION('center_axis',(-8.32937986334954E-15,-1.,-5.9733271437136E-14));
#3386=DIRECTION('ref_axis',(0.717711378624697,3.56166176204949E-14,-0.69634070467885));
#3387=DIRECTION('center_axis',(-8.32937986334954E-15,-1.,-5.9733271437136E-14));
#3388=DIRECTION('ref_axis',(0.717711378624697,3.56166176204949E-14,-0.69634070467885));
#3389=DIRECTION('center_axis',(-8.32937986334954E-15,-1.,-5.9733271437136E-14));
#3390=DIRECTION('ref_axis',(0.717711378624697,3.56166176204949E-14,-0.69634070467885));
#3391=DIRECTION('center_axis',(-8.32937986334954E-15,-1.,-5.9733271437136E-14));
#3392=DIRECTION('ref_axis',(0.997397990446669,-4.00141896892928E-15,-0.072091945825778));
#3393=DIRECTION('center_axis',(-8.32937986334954E-15,-1.,-5.9733271437136E-14));
#3394=DIRECTION('ref_axis',(0.436265538729951,5.01152496719613E-14,-0.899817970323257));
#3395=DIRECTION('center_axis',(-8.32937986334954E-15,-1.,-5.9733271437136E-14));
#3396=DIRECTION('ref_axis',(0.436265538729951,5.01152496719613E-14,-0.899817970323257));
#3397=DIRECTION('center_axis',(-8.32937986334954E-15,-1.,-5.9733271437136E-14));
#3398=DIRECTION('ref_axis',(0.436265538729951,5.01152496719613E-14,-0.899817970323257));
#3399=DIRECTION('center_axis',(-8.32937986334954E-15,-1.,-5.9733271437136E-14));
#3400=DIRECTION('ref_axis',(0.997397990446669,-4.00141896892928E-15,-0.072091945825778));
#3401=DIRECTION('center_axis',(-8.32937986334954E-15,-1.,-5.9733271437136E-14));
#3402=DIRECTION('ref_axis',(0.10219963627075,5.8569242990676E-14,-0.994763908847786));
#3403=DIRECTION('center_axis',(-8.32937986334954E-15,-1.,-5.9733271437136E-14));
#3404=DIRECTION('ref_axis',(0.10219963627075,5.8569242990676E-14,-0.994763908847786));
#3405=DIRECTION('center_axis',(-8.32937986334954E-15,-1.,-5.9733271437136E-14));
#3406=DIRECTION('ref_axis',(-0.244193050628695,5.99589212147487E-14,-0.969726638813564));
#3407=DIRECTION('center_axis',(-8.32937986334954E-15,-1.,-5.9733271437136E-14));
#3408=DIRECTION('ref_axis',(-0.244193050628695,5.99589212147487E-14,-0.969726638813564));
#3409=DIRECTION('center_axis',(-8.32937986334954E-15,-1.,-5.9733271437136E-14));
#3410=DIRECTION('ref_axis',(0.997397990446669,-4.00141896892928E-15,-0.072091945825778));
#3411=DIRECTION('center_axis',(-8.32937986334954E-15,-1.,-5.9733271437136E-14));
#3412=DIRECTION('ref_axis',(-0.56113245171672,5.41166686408899E-14,-0.827726024497468));
#3413=DIRECTION('center_axis',(-8.32937986334954E-15,-1.,-5.9733271437136E-14));
#3414=DIRECTION('ref_axis',(-0.561132451716719,5.411666864089E-14,-0.827726024497468));
#3415=DIRECTION('center_axis',(-8.32937986334954E-15,-1.,-5.9733271437136E-14));
#3416=DIRECTION('ref_axis',(-0.561132451716719,5.411666864089E-14,-0.827726024497468));
#3417=DIRECTION('center_axis',(-8.32937986334954E-15,-1.,-5.9733271437136E-14));
#3418=DIRECTION('ref_axis',(0.997397990446669,-4.00141896892928E-15,-0.072091945825778));
#3419=DIRECTION('center_axis',(-8.32937986334954E-15,-1.,-5.9733271437136E-14));
#3420=DIRECTION('ref_axis',(-0.810390997694717,4.17471471519722E-14,-0.58588943569189));
#3421=DIRECTION('center_axis',(-8.32937986334954E-15,-1.,-5.9733271437136E-14));
#3422=DIRECTION('ref_axis',(-0.810390997694717,4.17471471519722E-14,-0.58588943569189));
#3423=DIRECTION('center_axis',(-8.32937986334954E-15,-1.,-5.9733271437136E-14));
#3424=DIRECTION('ref_axis',(-0.810390997694717,4.17471471519722E-14,-0.58588943569189));
#3425=DIRECTION('center_axis',(-8.32937986334954E-15,-1.,-5.9733271437136E-14));
#3426=DIRECTION('ref_axis',(0.997397990446669,-4.00141896892928E-15,-0.072091945825778));
#3427=DIRECTION('center_axis',(-8.32937986334954E-15,-1.,-5.9733271437136E-14));
#3428=DIRECTION('ref_axis',(-0.961904429253391,2.43423035942535E-14,-0.27338593413471));
#3429=DIRECTION('center_axis',(-8.32937986334954E-15,-1.,-5.9733271437136E-14));
#3430=DIRECTION('ref_axis',(-0.961904429253391,2.43423035942535E-14,-0.27338593413471));
#3431=DIRECTION('center_axis',(-8.32937986334954E-15,-1.,-5.9733271437136E-14));
#3432=DIRECTION('ref_axis',(-0.961904429253391,2.43423035942536E-14,-0.273385934134711));
#3433=DIRECTION('center_axis',(-8.32937986334954E-15,-1.,-5.9733271437136E-14));
#3434=DIRECTION('ref_axis',(0.997397990446669,-4.00141896892928E-15,-0.072091945825778));
#3435=DIRECTION('center_axis',(-8.32937986334954E-15,-1.,-5.9733271437136E-14));
#3436=DIRECTION('ref_axis',(-0.997397990446669,4.00141896892927E-15,0.0720919458257781));
#3437=DIRECTION('center_axis',(-8.32937986334954E-15,-1.,-5.9733271437136E-14));
#3438=DIRECTION('ref_axis',(-0.997397990446669,4.00141896892928E-15,0.072091945825778));
#3439=DIRECTION('center_axis',(-8.32937986334954E-15,-1.,-5.9733271437136E-14));
#3440=DIRECTION('ref_axis',(0.997397990446669,-4.00141896892928E-15,-0.072091945825778));
#3441=DIRECTION('center_axis',(-8.32937986334954E-15,-1.,-5.9733271437136E-14));
#3442=DIRECTION('ref_axis',(-0.912590633965469,-1.68220958387031E-14,0.408874473155885));
#3443=DIRECTION('center_axis',(-8.32937986334954E-15,-1.,-5.9733271437136E-14));
#3444=DIRECTION('ref_axis',(-0.91259063396547,-1.68220958387031E-14,0.408874473155885));
#3445=DIRECTION('center_axis',(-8.32937986334954E-15,-1.,-5.9733271437136E-14));
#3446=DIRECTION('ref_axis',(0.997397990446669,-4.00141896892928E-15,-0.072091945825778));
#3447=DIRECTION('center_axis',(-8.32937986334954E-15,-1.,-5.9733271437136E-14));
#3448=DIRECTION('ref_axis',(-0.717711378624702,-3.56166176204946E-14,0.696340704678845));
#3449=DIRECTION('center_axis',(-8.32937986334954E-15,-1.,-5.9733271437136E-14));
#3450=DIRECTION('ref_axis',(-0.717711378624702,-3.56166176204946E-14,0.696340704678845));
#3451=DIRECTION('center_axis',(-8.32937986334954E-15,-1.,-5.9733271437136E-14));
#3452=DIRECTION('ref_axis',(0.997397990446669,-4.00141896892928E-15,-0.072091945825778));
#3453=DIRECTION('center_axis',(-8.32937986334954E-15,-1.,-5.9733271437136E-14));
#3454=DIRECTION('ref_axis',(0.997397990446669,-4.00141896892928E-15,-0.072091945825778));
#3455=DIRECTION('',(-8.32937986334955E-15,-1.,-5.9733271437136E-14));
#3456=DIRECTION('',(8.32937986334955E-15,1.,5.9733271437136E-14));
#3457=DIRECTION('center_axis',(-8.32937986334954E-15,-1.,-5.9733271437136E-14));
#3458=DIRECTION('ref_axis',(0.997397990446669,-4.00141896892928E-15,-0.072091945825778));
#3459=DIRECTION('center_axis',(-8.32937986334954E-15,-1.,-5.9733271437136E-14));
#3460=DIRECTION('ref_axis',(0.997397990446669,-4.00141896892928E-15,-0.072091945825778));
#3461=DIRECTION('',(8.32937986334955E-15,1.,5.9733271437136E-14));
#3462=DIRECTION('center_axis',(-8.32937986334954E-15,-1.,-5.9733271437136E-14));
#3463=DIRECTION('ref_axis',(0.997397990446669,-4.00141896892928E-15,-0.072091945825778));
#3464=DIRECTION('',(-8.32937986334955E-15,-1.,-5.9733271437136E-14));
#3465=DIRECTION('center_axis',(-8.32937986334954E-15,-1.,-5.9733271437136E-14));
#3466=DIRECTION('ref_axis',(0.997397990446669,-4.00141896892928E-15,-0.072091945825778));
#3467=DIRECTION('',(8.32937986334955E-15,1.,5.9733271437136E-14));
#3468=DIRECTION('center_axis',(-8.32937986334954E-15,-1.,-5.9733271437136E-14));
#3469=DIRECTION('ref_axis',(0.997397990446669,-4.00141896892928E-15,-0.072091945825778));
#3470=DIRECTION('center_axis',(-8.32937986334954E-15,-1.,-5.9733271437136E-14));
#3471=DIRECTION('ref_axis',(0.997397990446669,-4.00141896892928E-15,-0.072091945825778));
#3472=DIRECTION('',(8.32937986334955E-15,1.,5.9733271437136E-14));
#3473=DIRECTION('center_axis',(-8.32937986334954E-15,-1.,-5.9733271437136E-14));
#3474=DIRECTION('ref_axis',(0.997397990446669,-4.00141896892928E-15,-0.072091945825778));
#3475=DIRECTION('',(-8.32937986334955E-15,-1.,-5.9733271437136E-14));
#3476=DIRECTION('center_axis',(-8.32937986334954E-15,-1.,-5.9733271437136E-14));
#3477=DIRECTION('ref_axis',(0.997397990446669,-4.00141896892928E-15,-0.072091945825778));
#3478=DIRECTION('',(-8.32937986334955E-15,-1.,-5.9733271437136E-14));
#3479=DIRECTION('center_axis',(-8.32937986334954E-15,-1.,-5.9733271437136E-14));
#3480=DIRECTION('ref_axis',(0.997397990446669,-4.00141896892928E-15,-0.072091945825778));
#3481=DIRECTION('center_axis',(-8.32937986334954E-15,-1.,-5.9733271437136E-14));
#3482=DIRECTION('ref_axis',(0.997397990446669,-4.00141896892928E-15,-0.072091945825778));
#3483=DIRECTION('',(8.32937986334955E-15,1.,5.9733271437136E-14));
#3484=DIRECTION('center_axis',(-8.32937986334954E-15,-1.,-5.9733271437136E-14));
#3485=DIRECTION('ref_axis',(0.997397990446669,-4.00141896892928E-15,-0.072091945825778));
#3486=DIRECTION('',(-8.32937986334955E-15,-1.,-5.9733271437136E-14));
#3487=DIRECTION('center_axis',(-8.32937986334954E-15,-1.,-5.9733271437136E-14));
#3488=DIRECTION('ref_axis',(0.997397990446669,-4.00141896892928E-15,-0.072091945825778));
#3489=DIRECTION('',(-8.32937986334955E-15,-1.,-5.9733271437136E-14));
#3490=DIRECTION('center_axis',(-8.32937986334954E-15,-1.,-5.9733271437136E-14));
#3491=DIRECTION('ref_axis',(0.997397990446669,-4.00141896892928E-15,-0.072091945825778));
#3492=DIRECTION('center_axis',(-8.32937986334954E-15,-1.,-5.9733271437136E-14));
#3493=DIRECTION('ref_axis',(0.997397990446669,-4.00141896892928E-15,-0.072091945825778));
#3494=DIRECTION('',(8.32937986334955E-15,1.,5.9733271437136E-14));
#3495=DIRECTION('center_axis',(-8.32937986334954E-15,-1.,-5.9733271437136E-14));
#3496=DIRECTION('ref_axis',(0.997397990446669,-4.00141896892928E-15,-0.072091945825778));
#3497=DIRECTION('',(-8.32937986334955E-15,-1.,-5.9733271437136E-14));
#3498=DIRECTION('center_axis',(-8.32937986334954E-15,-1.,-5.9733271437136E-14));
#3499=DIRECTION('ref_axis',(0.997397990446669,-4.00141896892928E-15,-0.072091945825778));
#3500=DIRECTION('',(-8.32937986334955E-15,-1.,-5.9733271437136E-14));
#3501=DIRECTION('',(8.32937986334955E-15,1.,5.9733271437136E-14));
#3502=DIRECTION('center_axis',(-8.32937986334954E-15,-1.,-5.9733271437136E-14));
#3503=DIRECTION('ref_axis',(0.997397990446669,-4.00141896892928E-15,-0.072091945825778));
#3504=DIRECTION('center_axis',(-8.32937986334954E-15,-1.,-5.9733271437136E-14));
#3505=DIRECTION('ref_axis',(0.997397990446669,-4.00141896892928E-15,-0.072091945825778));
#3506=DIRECTION('',(-8.32937986334955E-15,-1.,-5.9733271437136E-14));
#3507=DIRECTION('',(8.32937986334955E-15,1.,5.9733271437136E-14));
#3508=DIRECTION('center_axis',(-8.32937986334954E-15,-1.,-5.9733271437136E-14));
#3509=DIRECTION('ref_axis',(0.997397990446669,-4.00141896892928E-15,-0.072091945825778));
#3510=DIRECTION('center_axis',(-8.32937986334954E-15,-1.,-5.9733271437136E-14));
#3511=DIRECTION('ref_axis',(0.997397990446669,-4.00141896892928E-15,-0.072091945825778));
#3512=DIRECTION('',(8.32937986334955E-15,1.,5.9733271437136E-14));
#3513=DIRECTION('center_axis',(-8.32937986334954E-15,-1.,-5.9733271437136E-14));
#3514=DIRECTION('ref_axis',(0.997397990446669,-4.00141896892928E-15,-0.072091945825778));
#3515=DIRECTION('',(-8.32937986334955E-15,-1.,-5.9733271437136E-14));
#3516=DIRECTION('center_axis',(-8.32937986334954E-15,-1.,-5.9733271437136E-14));
#3517=DIRECTION('ref_axis',(0.997397990446669,-4.00141896892928E-15,-0.072091945825778));
#3518=DIRECTION('',(-8.32937986334955E-15,-1.,-5.9733271437136E-14));
#3519=DIRECTION('',(8.32937986334955E-15,1.,5.9733271437136E-14));
#3520=DIRECTION('center_axis',(-8.32937986334954E-15,-1.,-5.9733271437136E-14));
#3521=DIRECTION('ref_axis',(0.997397990446669,-4.00141896892928E-15,-0.072091945825778));
#3522=DIRECTION('center_axis',(-8.32937986334954E-15,-1.,-5.9733271437136E-14));
#3523=DIRECTION('ref_axis',(0.997397990446669,-4.00141896892928E-15,-0.072091945825778));
#3524=DIRECTION('',(8.32937986334955E-15,1.,5.9733271437136E-14));
#3525=DIRECTION('center_axis',(-8.32937986334954E-15,-1.,-5.9733271437136E-14));
#3526=DIRECTION('ref_axis',(0.997397990446669,-4.00141896892928E-15,-0.072091945825778));
#3527=DIRECTION('',(-8.32937986334955E-15,-1.,-5.9733271437136E-14));
#3528=DIRECTION('center_axis',(-8.32937986334954E-15,-1.,-5.9733271437136E-14));
#3529=DIRECTION('ref_axis',(0.997397990446669,-4.00141896892928E-15,-0.072091945825778));
#3530=DIRECTION('',(8.32937986334955E-15,1.,5.9733271437136E-14));
#3531=DIRECTION('center_axis',(-8.32937986334954E-15,-1.,-5.9733271437136E-14));
#3532=DIRECTION('ref_axis',(0.997397990446669,-4.00141896892928E-15,-0.072091945825778));
#3533=DIRECTION('',(-8.32937986334955E-15,-1.,-5.9733271437136E-14));
#3534=DIRECTION('center_axis',(-8.32937986334954E-15,-1.,-5.9733271437136E-14));
#3535=DIRECTION('ref_axis',(0.997397990446669,-4.00141896892928E-15,-0.072091945825778));
#3536=DIRECTION('',(-8.32937986334955E-15,-1.,-5.9733271437136E-14));
#3537=DIRECTION('',(8.32937986334955E-15,1.,5.9733271437136E-14));
#3538=DIRECTION('center_axis',(-8.32937986334954E-15,-1.,-5.9733271437136E-14));
#3539=DIRECTION('ref_axis',(0.997397990446669,-4.00141896892928E-15,-0.072091945825778));
#3540=DIRECTION('center_axis',(-8.32937986334954E-15,-1.,-5.9733271437136E-14));
#3541=DIRECTION('ref_axis',(0.997397990446669,-4.00141896892928E-15,-0.072091945825778));
#3542=DIRECTION('',(8.32937986334955E-15,1.,5.9733271437136E-14));
#3543=DIRECTION('center_axis',(-8.32937986334954E-15,-1.,-5.9733271437136E-14));
#3544=DIRECTION('ref_axis',(0.997397990446669,-4.00141896892928E-15,-0.072091945825778));
#3545=DIRECTION('center_axis',(-8.32937986334954E-15,-1.,-5.9733271437136E-14));
#3546=DIRECTION('ref_axis',(0.997397990446669,-4.00141896892928E-15,-0.072091945825778));
#3547=DIRECTION('center_axis',(8.32937986334954E-15,1.,5.9733271437136E-14));
#3548=DIRECTION('ref_axis',(0.997397990446669,-4.00141896892939E-15,-0.0720919458257762));
#3549=DIRECTION('center_axis',(-8.32937986334954E-15,-1.,-5.9733271437136E-14));
#3550=DIRECTION('ref_axis',(-0.997397990446669,4.00141896892927E-15,0.0720919458257781));
#3551=DIRECTION('center_axis',(-8.32937986334954E-15,-1.,-5.9733271437136E-14));
#3552=DIRECTION('ref_axis',(0.997397990446669,-4.00141896892927E-15,-0.0720919458257781));
#3553=DIRECTION('center_axis',(8.32937986334954E-15,1.,5.9733271437136E-14));
#3554=DIRECTION('ref_axis',(-0.997397990446669,4.00141896892928E-15,0.072091945825778));
#3555=DIRECTION('center_axis',(8.32937986334954E-15,1.,5.9733271437136E-14));
#3556=DIRECTION('ref_axis',(0.997397990446669,-4.00141896892927E-15,-0.0720919458257781));
#3557=DIRECTION('center_axis',(-8.32937986334954E-15,-1.,-5.9733271437136E-14));
#3558=DIRECTION('ref_axis',(0.997397990446669,-4.00141896892927E-15,-0.0720919458257781));
#3559=DIRECTION('',(-8.32937986334955E-15,-1.,-5.9733271437136E-14));
#3560=DIRECTION('center_axis',(8.32937986334954E-15,1.,5.9733271437136E-14));
#3561=DIRECTION('ref_axis',(-0.997397990446669,4.00141896892928E-15,0.072091945825778));
#3562=DIRECTION('center_axis',(-8.32937986334954E-15,-1.,-5.9733271437136E-14));
#3563=DIRECTION('ref_axis',(0.997397990446669,-4.00141896892927E-15,-0.0720919458257781));
#3564=DIRECTION('center_axis',(-8.32937986334954E-15,-1.,-5.9733271437136E-14));
#3565=DIRECTION('ref_axis',(-0.912590633965469,-1.68220958387031E-14,0.408874473155885));
#3566=DIRECTION('center_axis',(-8.32937986334954E-15,-1.,-5.9733271437136E-14));
#3567=DIRECTION('ref_axis',(0.997397990446669,-4.00141896892928E-15,-0.072091945825778));
#3568=DIRECTION('',(-8.32937986334955E-15,-1.,-5.9733271437136E-14));
#3569=DIRECTION('center_axis',(8.32937986334954E-15,1.,5.9733271437136E-14));
#3570=DIRECTION('ref_axis',(-0.997397990446669,4.00141896892927E-15,0.0720919458257781));
#3571=DIRECTION('center_axis',(-8.32937986334954E-15,-1.,-5.9733271437136E-14));
#3572=DIRECTION('ref_axis',(0.997397990446669,-4.00141896892927E-15,-0.0720919458257781));
#3573=DIRECTION('center_axis',(-8.32937986334954E-15,-1.,-5.9733271437136E-14));
#3574=DIRECTION('ref_axis',(-0.244193050628695,5.99589212147487E-14,-0.969726638813564));
#3575=DIRECTION('center_axis',(8.32937986334954E-15,1.,5.9733271437136E-14));
#3576=DIRECTION('ref_axis',(0.997397990446669,-4.00141896892927E-15,-0.0720919458257781));
#3577=DIRECTION('center_axis',(-8.32937986334954E-15,-1.,-5.9733271437136E-14));
#3578=DIRECTION('ref_axis',(0.997397990446669,-4.00141896892928E-15,-0.072091945825778));
#3579=DIRECTION('center_axis',(-8.32937986334954E-15,-1.,-5.9733271437136E-14));
#3580=DIRECTION('ref_axis',(-0.56113245171672,5.41166686408899E-14,-0.827726024497468));
#3581=DIRECTION('',(-8.32937986334955E-15,-1.,-5.9733271437136E-14));
#3582=DIRECTION('center_axis',(-8.32937986334954E-15,-1.,-5.9733271437136E-14));
#3583=DIRECTION('ref_axis',(0.997397990446669,-4.00141896892928E-15,-0.072091945825778));
#3584=DIRECTION('',(-8.32937986334955E-15,-1.,-5.9733271437136E-14));
#3585=DIRECTION('center_axis',(8.32937986334954E-15,1.,5.9733271437136E-14));
#3586=DIRECTION('ref_axis',(-0.997397990446669,4.00141896892927E-15,0.0720919458257781));
#3587=DIRECTION('center_axis',(-8.32937986334954E-15,-1.,-5.9733271437136E-14));
#3588=DIRECTION('ref_axis',(0.997397990446669,-4.00141896892927E-15,-0.0720919458257781));
#3589=DIRECTION('center_axis',(-8.32937986334954E-15,-1.,-5.9733271437136E-14));
#3590=DIRECTION('ref_axis',(-0.561132451716719,5.411666864089E-14,-0.827726024497468));
#3591=DIRECTION('center_axis',(-8.32937986334954E-15,-1.,-5.9733271437136E-14));
#3592=DIRECTION('ref_axis',(0.997397990446669,-4.00141896892928E-15,-0.072091945825778));
#3593=DIRECTION('center_axis',(-8.32937986334954E-15,-1.,-5.9733271437136E-14));
#3594=DIRECTION('ref_axis',(-0.961904429253391,2.43423035942535E-14,-0.27338593413471));
#3595=DIRECTION('',(-8.32937986334955E-15,-1.,-5.9733271437136E-14));
#3596=DIRECTION('center_axis',(-8.32937986334954E-15,-1.,-5.9733271437136E-14));
#3597=DIRECTION('ref_axis',(-0.989375870660582,-4.43144207339421E-16,0.145380144980721));
#3598=DIRECTION('',(-8.32937986334955E-15,-1.,-5.9733271437136E-14));
#3599=DIRECTION('center_axis',(8.32937986334954E-15,1.,5.9733271437136E-14));
#3600=DIRECTION('ref_axis',(-0.997397990446669,4.00141896892928E-15,0.072091945825778));
#3601=DIRECTION('center_axis',(-8.32937986334954E-15,-1.,-5.9733271437136E-14));
#3602=DIRECTION('ref_axis',(0.997397990446669,-4.00141896892927E-15,-0.0720919458257781));
#3603=DIRECTION('center_axis',(-8.32937986334954E-15,-1.,-5.9733271437136E-14));
#3604=DIRECTION('ref_axis',(-0.961904429253391,2.43423035942535E-14,-0.27338593413471));
#3605=DIRECTION('center_axis',(-8.32937986334954E-15,-1.,-5.9733271437136E-14));
#3606=DIRECTION('ref_axis',(0.997397990446669,-4.00141896892928E-15,-0.072091945825778));
#3607=DIRECTION('center_axis',(-8.32937986334954E-15,-1.,-5.9733271437136E-14));
#3608=DIRECTION('ref_axis',(-0.810390997694717,4.17471471519722E-14,-0.58588943569189));
#3609=DIRECTION('',(-8.32937986334955E-15,-1.,-5.9733271437136E-14));
#3610=DIRECTION('center_axis',(-8.32937986334954E-15,-1.,-5.9733271437136E-14));
#3611=DIRECTION('ref_axis',(-0.979432142866395,2.02106731835862E-14,-0.201773827639122));
#3612=DIRECTION('',(-8.32937986334955E-15,-1.,-5.9733271437136E-14));
#3613=DIRECTION('center_axis',(8.32937986334954E-15,1.,5.9733271437136E-14));
#3614=DIRECTION('ref_axis',(-0.997397990446669,4.00141896892928E-15,0.072091945825778));
#3615=DIRECTION('center_axis',(-8.32937986334954E-15,-1.,-5.9733271437136E-14));
#3616=DIRECTION('ref_axis',(0.997397990446669,-4.00141896892927E-15,-0.0720919458257781));
#3617=DIRECTION('center_axis',(-8.32937986334954E-15,-1.,-5.9733271437136E-14));
#3618=DIRECTION('ref_axis',(-0.810390997694717,4.17471471519722E-14,-0.58588943569189));
#3619=DIRECTION('center_axis',(-8.32937986334954E-15,-1.,-5.9733271437136E-14));
#3620=DIRECTION('ref_axis',(-0.940234601449446,-1.25092430641141E-14,0.340527376633951));
#3621=DIRECTION('center_axis',(-8.32937986334954E-15,-1.,-5.9733271437136E-14));
#3622=DIRECTION('ref_axis',(0.717711378624697,3.56166176204949E-14,-0.69634070467885));
#3623=DIRECTION('',(-8.32937986334955E-15,-1.,-5.9733271437136E-14));
#3624=DIRECTION('center_axis',(-8.32937986334954E-15,-1.,-5.9733271437136E-14));
#3625=DIRECTION('ref_axis',(0.997397990446669,-4.00141896892928E-15,-0.072091945825778));
#3626=DIRECTION('',(-8.32937986334955E-15,-1.,-5.9733271437136E-14));
#3627=DIRECTION('center_axis',(8.32937986334954E-15,1.,5.9733271437136E-14));
#3628=DIRECTION('ref_axis',(-0.997397990446669,4.00141896892927E-15,0.0720919458257781));
#3629=DIRECTION('center_axis',(-8.32937986334954E-15,-1.,-5.9733271437136E-14));
#3630=DIRECTION('ref_axis',(0.997397990446669,-4.00141896892927E-15,-0.0720919458257781));
#3631=DIRECTION('center_axis',(-8.32937986334954E-15,-1.,-5.9733271437136E-14));
#3632=DIRECTION('ref_axis',(0.717711378624697,3.56166176204949E-14,-0.69634070467885));
#3633=DIRECTION('center_axis',(-8.32937986334954E-15,-1.,-5.9733271437136E-14));
#3634=DIRECTION('ref_axis',(-0.999998738952282,8.42423237420558E-15,-0.00158811014898697));
#3635=DIRECTION('center_axis',(-8.32937986334954E-15,-1.,-5.9733271437136E-14));
#3636=DIRECTION('ref_axis',(0.912590633965467,1.68220958387035E-14,-0.408874473155891));
#3637=DIRECTION('',(-8.32937986334955E-15,-1.,-5.9733271437136E-14));
#3638=DIRECTION('center_axis',(-8.32937986334954E-15,-1.,-5.9733271437136E-14));
#3639=DIRECTION('ref_axis',(0.997397990446669,-4.00141896892928E-15,-0.072091945825778));
#3640=DIRECTION('',(-8.32937986334955E-15,-1.,-5.9733271437136E-14));
#3641=DIRECTION('center_axis',(8.32937986334954E-15,1.,5.9733271437136E-14));
#3642=DIRECTION('ref_axis',(-0.997397990446669,4.00141896892927E-15,0.0720919458257781));
#3643=DIRECTION('center_axis',(-8.32937986334954E-15,-1.,-5.9733271437136E-14));
#3644=DIRECTION('ref_axis',(0.997397990446669,-4.00141896892927E-15,-0.0720919458257781));
#3645=DIRECTION('center_axis',(-8.32937986334954E-15,-1.,-5.9733271437136E-14));
#3646=DIRECTION('ref_axis',(0.912590633965466,1.68220958387035E-14,-0.408874473155892));
#3647=DIRECTION('center_axis',(-8.32937986334954E-15,-1.,-5.9733271437136E-14));
#3648=DIRECTION('ref_axis',(0.997397990446669,-4.00141896892928E-15,-0.072091945825778));
#3649=DIRECTION('center_axis',(-8.32937986334954E-15,-1.,-5.9733271437136E-14));
#3650=DIRECTION('ref_axis',(0.436265538729951,5.01152496719613E-14,-0.899817970323257));
#3651=DIRECTION('',(-8.32937986334955E-15,-1.,-5.9733271437136E-14));
#3652=DIRECTION('center_axis',(-8.32937986334954E-15,-1.,-5.9733271437136E-14));
#3653=DIRECTION('ref_axis',(0.997397990446669,-4.00141896892928E-15,-0.072091945825778));
#3654=DIRECTION('',(-8.32937986334955E-15,-1.,-5.9733271437136E-14));
#3655=DIRECTION('center_axis',(8.32937986334954E-15,1.,5.9733271437136E-14));
#3656=DIRECTION('ref_axis',(-0.997397990446669,4.00141896892927E-15,0.0720919458257781));
#3657=DIRECTION('center_axis',(-8.32937986334954E-15,-1.,-5.9733271437136E-14));
#3658=DIRECTION('ref_axis',(0.997397990446669,-4.00141896892927E-15,-0.0720919458257781));
#3659=DIRECTION('center_axis',(-8.32937986334954E-15,-1.,-5.9733271437136E-14));
#3660=DIRECTION('ref_axis',(0.436265538729951,5.01152496719613E-14,-0.899817970323257));
#3661=DIRECTION('center_axis',(-8.32937986334954E-15,-1.,-5.9733271437136E-14));
#3662=DIRECTION('ref_axis',(0.997397990446669,-4.00141896892928E-15,-0.072091945825778));
#3663=DIRECTION('center_axis',(-8.32937986334954E-15,-1.,-5.9733271437136E-14));
#3664=DIRECTION('ref_axis',(0.10219963627075,5.8569242990676E-14,-0.994763908847786));
#3665=DIRECTION('',(-8.32937986334955E-15,-1.,-5.9733271437136E-14));
#3666=DIRECTION('center_axis',(-8.32937986334954E-15,-1.,-5.9733271437136E-14));
#3667=DIRECTION('ref_axis',(0.997397990446669,-4.00141896892927E-15,-0.0720919458257781));
#3668=DIRECTION('center_axis',(8.32937986334954E-15,1.,5.9733271437136E-14));
#3669=DIRECTION('ref_axis',(0.997397990446669,-4.00141896892927E-15,-0.0720919458257781));
#3670=DIRECTION('center_axis',(-8.32937986334954E-15,-1.,-5.9733271437136E-14));
#3671=DIRECTION('ref_axis',(0.10219963627075,5.8569242990676E-14,-0.994763908847786));
#3672=DIRECTION('center_axis',(-8.32937986334954E-15,-1.,-5.9733271437136E-14));
#3673=DIRECTION('ref_axis',(0.997397990446669,-4.00141896892927E-15,-0.0720919458257781));
#3674=DIRECTION('center_axis',(-8.32937986334954E-15,-1.,-5.9733271437136E-14));
#3675=DIRECTION('ref_axis',(0.810390997694713,-4.17471471519725E-14,0.585889435691896));
#3676=DIRECTION('',(-8.32937986334955E-15,-1.,-5.9733271437136E-14));
#3677=DIRECTION('center_axis',(-8.32937986334954E-15,-1.,-5.9733271437136E-14));
#3678=DIRECTION('ref_axis',(0.997397990446669,-4.00141896892927E-15,-0.0720919458257781));
#3679=DIRECTION('center_axis',(-8.32937986334954E-15,-1.,-5.9733271437136E-14));
#3680=DIRECTION('ref_axis',(0.810390997694713,-4.17471471519725E-14,0.585889435691896));
#3681=DIRECTION('center_axis',(-8.32937986334954E-15,-1.,-5.9733271437136E-14));
#3682=DIRECTION('ref_axis',(0.997397990446669,-4.00141896892927E-15,-0.0720919458257781));
#3683=DIRECTION('center_axis',(-8.32937986334954E-15,-1.,-5.9733271437136E-14));
#3684=DIRECTION('ref_axis',(0.561132451716713,-5.41166686408902E-14,0.827726024497473));
#3685=DIRECTION('',(-8.32937986334955E-15,-1.,-5.9733271437136E-14));
#3686=DIRECTION('center_axis',(-8.32937986334954E-15,-1.,-5.9733271437136E-14));
#3687=DIRECTION('ref_axis',(0.997397990446669,-4.00141896892927E-15,-0.0720919458257781));
#3688=DIRECTION('',(-8.32937986334955E-15,-1.,-5.9733271437136E-14));
#3689=DIRECTION('center_axis',(8.32937986334954E-15,1.,5.9733271437136E-14));
#3690=DIRECTION('ref_axis',(-0.997397990446669,4.00141896892928E-15,0.072091945825778));
#3691=DIRECTION('center_axis',(-8.32937986334954E-15,-1.,-5.9733271437136E-14));
#3692=DIRECTION('ref_axis',(0.997397990446669,-4.00141896892927E-15,-0.0720919458257781));
#3693=DIRECTION('center_axis',(-8.32937986334954E-15,-1.,-5.9733271437136E-14));
#3694=DIRECTION('ref_axis',(0.561132451716714,-5.41166686408901E-14,0.827726024497472));
#3695=DIRECTION('center_axis',(-8.32937986334954E-15,-1.,-5.9733271437136E-14));
#3696=DIRECTION('ref_axis',(0.997397990446669,-4.00141896892927E-15,-0.0720919458257781));
#3697=DIRECTION('center_axis',(-8.32937986334954E-15,-1.,-5.9733271437136E-14));
#3698=DIRECTION('ref_axis',(0.961904429253389,-2.43423035942539E-14,0.273385934134717));
#3699=DIRECTION('',(-8.32937986334955E-15,-1.,-5.9733271437136E-14));
#3700=DIRECTION('center_axis',(-8.32937986334954E-15,-1.,-5.9733271437136E-14));
#3701=DIRECTION('ref_axis',(0.997397990446669,-4.00141896892927E-15,-0.0720919458257781));
#3702=DIRECTION('center_axis',(-8.32937986334954E-15,-1.,-5.9733271437136E-14));
#3703=DIRECTION('ref_axis',(0.961904429253389,-2.43423035942539E-14,0.273385934134717));
#3704=DIRECTION('center_axis',(-8.32937986334954E-15,-1.,-5.9733271437136E-14));
#3705=DIRECTION('ref_axis',(0.997397990446669,-4.00141896892927E-15,-0.0720919458257781));
#3706=DIRECTION('center_axis',(8.32937986334954E-15,1.,5.9733271437136E-14));
#3707=DIRECTION('ref_axis',(0.997397990446669,-4.00141896892917E-15,-0.0720919458257799));
#3708=DIRECTION('center_axis',(-8.32937986334954E-15,-1.,-5.9733271437136E-14));
#3709=DIRECTION('ref_axis',(0.997397990446668,-4.00141896892886E-15,-0.072091945825785));
#3710=DIRECTION('center_axis',(-8.32937986334954E-15,-1.,-5.9733271437136E-14));
#3711=DIRECTION('ref_axis',(0.997397990446669,-4.00141896892928E-15,-0.072091945825778));
#3712=DIRECTION('center_axis',(8.32937986334954E-15,1.,5.9733271437136E-14));
#3713=DIRECTION('ref_axis',(-0.997397990446669,4.00141896892927E-15,0.0720919458257781));
#3714=DIRECTION('center_axis',(8.32937986334954E-15,1.,5.9733271437136E-14));
#3715=DIRECTION('ref_axis',(0.997397990446669,-4.00141896892928E-15,-0.072091945825778));
#3716=DIRECTION('center_axis',(-8.32937986334954E-15,-1.,-5.9733271437136E-14));
#3717=DIRECTION('ref_axis',(0.997397990446669,-4.00141896892927E-15,-0.0720919458257781));
#3718=DIRECTION('',(-8.32937986334955E-15,-1.,-5.9733271437136E-14));
#3719=DIRECTION('center_axis',(8.32937986334954E-15,1.,5.9733271437136E-14));
#3720=DIRECTION('ref_axis',(-0.997397990446669,4.00141896892928E-15,0.072091945825778));
#3721=DIRECTION('center_axis',(-8.32937986334954E-15,-1.,-5.9733271437136E-14));
#3722=DIRECTION('ref_axis',(0.997397990446669,-4.00141896892927E-15,-0.0720919458257781));
#3723=DIRECTION('center_axis',(-8.32937986334954E-15,-1.,-5.9733271437136E-14));
#3724=DIRECTION('ref_axis',(0.244193050628688,-5.99589212147487E-14,0.969726638813565));
#3725=DIRECTION('center_axis',(8.32937986334954E-15,1.,5.9733271437136E-14));
#3726=DIRECTION('ref_axis',(0.997397990446669,-4.00141896892927E-15,-0.0720919458257781));
#3727=DIRECTION('center_axis',(-8.32937986334954E-15,-1.,-5.9733271437136E-14));
#3728=DIRECTION('ref_axis',(0.997397990446669,-4.00141896892927E-15,-0.0720919458257781));
#3729=DIRECTION('center_axis',(-8.32937986334954E-15,-1.,-5.9733271437136E-14));
#3730=DIRECTION('ref_axis',(-0.102199636270757,-5.85692429906759E-14,0.994763908847785));
#3731=DIRECTION('',(-8.32937986334955E-15,-1.,-5.9733271437136E-14));
#3732=DIRECTION('center_axis',(-8.32937986334954E-15,-1.,-5.9733271437136E-14));
#3733=DIRECTION('ref_axis',(0.997397990446669,-4.00141896892927E-15,-0.0720919458257781));
#3734=DIRECTION('center_axis',(8.32937986334954E-15,1.,5.9733271437136E-14));
#3735=DIRECTION('ref_axis',(0.99739799044667,-4.00141896893019E-15,-0.072091945825763));
#3736=DIRECTION('center_axis',(-8.32937986334954E-15,-1.,-5.9733271437136E-14));
#3737=DIRECTION('ref_axis',(-0.102199636270757,-5.85692429906759E-14,0.994763908847785));
#3738=DIRECTION('center_axis',(-8.32937986334954E-15,-1.,-5.9733271437136E-14));
#3739=DIRECTION('ref_axis',(0.997397990446669,-4.00141896892927E-15,-0.0720919458257781));
#3740=DIRECTION('',(-8.32937986334955E-15,-1.,-5.9733271437136E-14));
#3741=DIRECTION('center_axis',(8.32937986334954E-15,1.,5.9733271437136E-14));
#3742=DIRECTION('ref_axis',(-0.997397990446669,4.00141896892928E-15,0.072091945825778));
#3743=DIRECTION('center_axis',(-8.32937986334954E-15,-1.,-5.9733271437136E-14));
#3744=DIRECTION('ref_axis',(0.997397990446669,-4.00141896892927E-15,-0.0720919458257781));
#3745=DIRECTION('center_axis',(-8.32937986334954E-15,-1.,-5.9733271437136E-14));
#3746=DIRECTION('ref_axis',(-0.717711378624702,-3.56166176204946E-14,0.696340704678845));
#3747=DIRECTION('center_axis',(-8.32937986334954E-15,-1.,-5.9733271437136E-14));
#3748=DIRECTION('ref_axis',(0.997397990446669,-4.00141896892927E-15,-0.0720919458257781));
#3749=DIRECTION('center_axis',(-8.32937986334954E-15,-1.,-5.9733271437136E-14));
#3750=DIRECTION('ref_axis',(-0.436265538729957,-5.01152496719611E-14,0.899817970323254));
#3751=DIRECTION('',(-8.32937986334955E-15,-1.,-5.9733271437136E-14));
#3752=DIRECTION('center_axis',(-8.32937986334954E-15,-1.,-5.9733271437136E-14));
#3753=DIRECTION('ref_axis',(0.997397990446669,-4.00141896892927E-15,-0.0720919458257781));
#3754=DIRECTION('',(-8.32937986334955E-15,-1.,-5.9733271437136E-14));
#3755=DIRECTION('center_axis',(8.32937986334954E-15,1.,5.9733271437136E-14));
#3756=DIRECTION('ref_axis',(-0.997397990446669,4.00141896892928E-15,0.072091945825778));
#3757=DIRECTION('center_axis',(-8.32937986334954E-15,-1.,-5.9733271437136E-14));
#3758=DIRECTION('ref_axis',(0.997397990446669,-4.00141896892927E-15,-0.0720919458257781));
#3759=DIRECTION('center_axis',(-8.32937986334954E-15,-1.,-5.9733271437136E-14));
#3760=DIRECTION('ref_axis',(-0.436265538729957,-5.01152496719611E-14,0.899817970323254));
#3761=DIRECTION('center_axis',(-8.32937986334954E-15,-1.,-5.9733271437136E-14));
#3762=DIRECTION('ref_axis',(0.997397990446669,-4.00141896892928E-15,-0.072091945825778));
#3763=DIRECTION('center_axis',(8.32937986334954E-15,1.,5.9733271437136E-14));
#3764=DIRECTION('ref_axis',(1.,-8.32937986334954E-15,-4.97541108280473E-28));
#3765=DIRECTION('center_axis',(8.32937986334954E-15,1.,5.9733271437136E-14));
#3766=DIRECTION('ref_axis',(-0.997397990446669,4.00141896892928E-15,0.072091945825778));
#3767=DIRECTION('center_axis',(-8.32937986334954E-15,-1.,-5.9733271437136E-14));
#3768=DIRECTION('ref_axis',(0.997397990446669,-4.00141896892928E-15,-0.072091945825778));
#3769=DIRECTION('center_axis',(-8.32937986334954E-15,-1.,-5.9733271437136E-14));
#3770=DIRECTION('ref_axis',(0.0720919458257885,-6.01783260960758E-14,0.997397990446668));
#3771=DIRECTION('center_axis',(-8.32937986334954E-15,-1.,-5.9733271437136E-14));
#3772=DIRECTION('ref_axis',(-0.997397990446669,4.00141896892928E-15,0.072091945825778));
#3773=DIRECTION('center_axis',(-8.32937986334954E-15,-1.,-5.9733271437136E-14));
#3774=DIRECTION('ref_axis',(-0.0720919458257815,6.01783260960758E-14,-0.997397990446669));
#3775=DIRECTION('center_axis',(0.,-1.,0.));
#3776=DIRECTION('ref_axis',(1.,0.,0.));
#3777=DIRECTION('center_axis',(0.,1.,0.));
#3778=DIRECTION('ref_axis',(-1.,0.,0.));
#3779=DIRECTION('',(0.,-1.,0.));
#3780=DIRECTION('center_axis',(0.,-1.,0.));
#3781=DIRECTION('ref_axis',(1.,0.,0.));
#3782=DIRECTION('center_axis',(0.,1.,0.));
#3783=DIRECTION('ref_axis',(-1.,0.,0.));
#3784=DIRECTION('center_axis',(-0.087155742747664,0.,0.996194698091745));
#3785=DIRECTION('ref_axis',(0.996194698091745,0.,0.087155742747664));
#3786=DIRECTION('',(0.,1.,0.));
#3787=DIRECTION('',(-0.996194698091745,0.,-0.0871557427476639));
#3788=DIRECTION('',(0.,1.,0.));
#3789=DIRECTION('',(0.996194698091745,0.,0.0871557427476639));
#3790=DIRECTION('center_axis',(0.996194698091745,0.,0.087155742747664));
#3791=DIRECTION('ref_axis',(0.087155742747664,0.,-0.996194698091745));
#3792=DIRECTION('',(-0.0616339718867956,0.707043037006519,0.704479522292917));
#3793=DIRECTION('',(0.,-1.,-2.664535259591E-14));
#3794=DIRECTION('',(0.061633971886803,0.707043037006406,-0.704479522293029));
#3795=DIRECTION('center_axis',(0.,-1.,0.));
#3796=DIRECTION('ref_axis',(0.,0.,1.));
#3797=DIRECTION('center_axis',(0.,1.,0.));
#3798=DIRECTION('ref_axis',(0.,0.,-1.));
#3799=DIRECTION('',(0.,-1.,0.));
#3800=DIRECTION('center_axis',(0.,-1.,0.));
#3801=DIRECTION('ref_axis',(0.,0.,1.));
#3802=DIRECTION('center_axis',(0.,1.,0.));
#3803=DIRECTION('ref_axis',(0.,0.,-1.));
#3804=DIRECTION('center_axis',(0.,-1.,0.));
#3805=DIRECTION('ref_axis',(0.,0.,-1.));
#3806=DIRECTION('center_axis',(0.,-1.,0.));
#3807=DIRECTION('ref_axis',(0.106011951360104,0.,-0.994364855658537));
#3808=DIRECTION('center_axis',(0.,-1.,0.));
#3809=DIRECTION('ref_axis',(0.106011951360104,0.,-0.994364855658537));
#3810=DIRECTION('center_axis',(-2.89937966550619E-8,-2.26199259321012E-6,
-0.999999999997441));
#3811=DIRECTION('ref_axis',(0.0256294717901571,0.999671511132852,-2.26199264952493E-6));
#3812=DIRECTION('',(0.,0.706993454623451,-0.707220089589937));
#3813=DIRECTION('center_axis',(0.,-1.,0.));
#3814=DIRECTION('ref_axis',(0.105819071644702,0.,-0.994385400172515));
#3815=DIRECTION('center_axis',(0.,1.,0.));
#3816=DIRECTION('ref_axis',(0.,0.,-1.));
#3817=DIRECTION('center_axis',(0.,1.,0.));
#3818=DIRECTION('ref_axis',(0.,0.,1.));
#3819=DIRECTION('center_axis',(0.,1.,0.));
#3820=DIRECTION('ref_axis',(0.,0.,1.));
#3821=DIRECTION('',(8.65956056235493E-17,0.707106781186548,0.707106781186547));
#3822=DIRECTION('center_axis',(0.,1.,0.));
#3823=DIRECTION('ref_axis',(1.,0.,0.));
#3824=DIRECTION('center_axis',(0.,1.,0.));
#3825=DIRECTION('ref_axis',(1.,0.,0.));
#3826=DIRECTION('center_axis',(0.,1.,0.));
#3827=DIRECTION('ref_axis',(1.,0.,0.));
#3828=DIRECTION('center_axis',(0.,1.,0.));
#3829=DIRECTION('ref_axis',(1.,0.,0.));
#3830=DIRECTION('center_axis',(0.,-1.,0.));
#3831=DIRECTION('ref_axis',(-0.0255734181710695,0.,0.99967294665958));
#3832=DIRECTION('',(1.,0.,0.));
#3833=DIRECTION('center_axis',(0.,1.,0.));
#3834=DIRECTION('ref_axis',(1.,0.,0.));
#3835=DIRECTION('center_axis',(0.,1.,0.));
#3836=DIRECTION('ref_axis',(1.,0.,0.));
#3837=DIRECTION('center_axis',(0.,1.,0.));
#3838=DIRECTION('ref_axis',(1.,0.,0.));
#3839=DIRECTION('center_axis',(0.,-1.,0.));
#3840=DIRECTION('ref_axis',(-0.0255734181710695,0.,0.99967294665958));
#3841=DIRECTION('center_axis',(0.,1.,0.));
#3842=DIRECTION('ref_axis',(0.,0.,1.));
#3843=DIRECTION('center_axis',(0.,1.,0.));
#3844=DIRECTION('ref_axis',(0.,0.,1.));
#3845=DIRECTION('center_axis',(0.,1.,0.));
#3846=DIRECTION('ref_axis',(1.,0.,0.));
#3847=DIRECTION('center_axis',(0.,1.,0.));
#3848=DIRECTION('ref_axis',(1.,0.,0.));
#3849=DIRECTION('center_axis',(0.,1.,0.));
#3850=DIRECTION('ref_axis',(0.,0.,1.));
#3851=DIRECTION('center_axis',(0.,1.,0.));
#3852=DIRECTION('ref_axis',(-0.105999838445798,0.,-0.994366146974777));
#3853=DIRECTION('',(-0.996194698091745,0.,0.0871557427476639));
#3854=DIRECTION('center_axis',(0.,1.,0.));
#3855=DIRECTION('ref_axis',(0.,0.,-1.));
#3856=DIRECTION('center_axis',(0.,-1.,0.));
#3857=DIRECTION('ref_axis',(-1.,0.,0.));
#3858=DIRECTION('center_axis',(0.,-1.,0.));
#3859=DIRECTION('ref_axis',(0.,0.,-1.));
#3860=DIRECTION('center_axis',(0.,-1.,0.));
#3861=DIRECTION('ref_axis',(0.,0.,1.));
#3862=DIRECTION('center_axis',(0.,1.,0.));
#3863=DIRECTION('ref_axis',(0.,0.,-1.));
#3864=DIRECTION('center_axis',(0.,1.,0.));
#3865=DIRECTION('ref_axis',(0.0250000000000003,0.,0.99968745115661));
#3866=DIRECTION('',(0.,0.706993454624285,0.707220089589103));
#3867=DIRECTION('center_axis',(-2.89937519058558E-8,2.26189729406006E-6,
-0.999999999997441));
#3868=DIRECTION('ref_axis',(3.13003341058644E-6,-0.999999999992543,-2.26189738480039E-6));
#3869=DIRECTION('center_axis',(0.,1.,0.));
#3870=DIRECTION('ref_axis',(1.,0.,0.));
#3871=DIRECTION('',(0.,1.,-2.700062395888E-14));
#3872=DIRECTION('center_axis',(1.,0.,0.));
#3873=DIRECTION('ref_axis',(0.,0.,-1.));
#3874=DIRECTION('',(0.,1.,0.));
#3875=DIRECTION('center_axis',(0.,0.,-1.));
#3876=DIRECTION('ref_axis',(-1.,0.,0.));
#3877=DIRECTION('',(0.,1.,0.));
#3878=DIRECTION('center_axis',(2.89941516588198E-8,2.26193540883193E-6,
-0.999999999997441));
#3879=DIRECTION('ref_axis',(-0.0256294717883654,-0.999671511132899,-2.26193549302978E-6));
#3880=DIRECTION('center_axis',(-1.,0.,0.));
#3881=DIRECTION('ref_axis',(0.,0.,1.));
#3882=DIRECTION('',(0.,-1.,2.593480985524E-14));
#3883=DIRECTION('',(0.,-0.706993454624222,-0.707220089589166));
#3884=DIRECTION('',(0.,-0.706993454624505,0.707220089588883));
#3885=DIRECTION('center_axis',(0.,1.,0.));
#3886=DIRECTION('ref_axis',(-0.999179684280291,0.,0.0404964013405928));
#3887=DIRECTION('center_axis',(0.,-1.,0.));
#3888=DIRECTION('ref_axis',(-1.,0.,0.));
#3889=DIRECTION('',(0.,1.,2.593480986002E-14));
#3890=DIRECTION('center_axis',(0.,1.,0.));
#3891=DIRECTION('ref_axis',(-0.105819071644702,0.,-0.994385400172515));
#3892=DIRECTION('center_axis',(0.,-1.,0.));
#3893=DIRECTION('ref_axis',(0.,0.,-1.));
#3894=DIRECTION('center_axis',(0.,-1.,0.));
#3895=DIRECTION('ref_axis',(-0.0255734181710695,0.,0.99967294665958));
#3896=DIRECTION('',(-0.0616339718867908,-0.707043037006511,-0.704479522292925));
#3897=DIRECTION('center_axis',(-0.996194698091745,0.,0.087155742747664));
#3898=DIRECTION('ref_axis',(0.087155742747664,0.,0.996194698091745));
#3899=DIRECTION('',(0.,1.,0.));
#3900=DIRECTION('',(0.0616339718868196,-0.707043037006236,0.704479522293198));
#3901=DIRECTION('center_axis',(0.,1.,0.));
#3902=DIRECTION('ref_axis',(0.,0.,-1.));
#3903=DIRECTION('center_axis',(0.087155742747664,0.,0.996194698091745));
#3904=DIRECTION('ref_axis',(0.996194698091745,0.,-0.087155742747664));
#3905=DIRECTION('',(0.996194698091745,0.,-0.0871557427476639));
#3906=DIRECTION('',(0.,1.,0.));
#3907=DIRECTION('center_axis',(0.,1.,0.));
#3908=DIRECTION('ref_axis',(1.,0.,0.));
#3909=DIRECTION('center_axis',(0.,-1.,0.));
#3910=DIRECTION('ref_axis',(0.,0.,-1.));
#3911=DIRECTION('center_axis',(0.,-1.,0.));
#3912=DIRECTION('ref_axis',(0.,0.,-1.));
#3913=DIRECTION('',(0.0616339718868141,-0.707043037006282,-0.704479522293153));
#3914=DIRECTION('center_axis',(0.,-1.,0.));
#3915=DIRECTION('ref_axis',(0.,0.,-1.));
#3916=DIRECTION('',(0.0616339718867952,0.707043037006496,0.70447952229294));
#3917=DIRECTION('center_axis',(0.996194698091745,0.,-0.087155742747664));
#3918=DIRECTION('ref_axis',(-0.087155742747664,0.,-0.996194698091745));
#3919=DIRECTION('',(0.,-1.,-2.664535259591E-14));
#3920=DIRECTION('',(-0.0616339718868161,0.707043037006217,-0.704479522293218));
#3921=DIRECTION('center_axis',(0.,1.,0.));
#3922=DIRECTION('ref_axis',(1.,0.,0.));
#3923=DIRECTION('',(0.,1.,2.664535259591E-14));
#3924=DIRECTION('center_axis',(0.,1.,0.));
#3925=DIRECTION('ref_axis',(0.0684617704662934,0.,-0.99765374052555));
#3926=DIRECTION('center_axis',(0.,1.,0.));
#3927=DIRECTION('ref_axis',(0.,0.,-1.));
#3928=DIRECTION('',(-0.0616339718868119,-0.707043037006287,0.704479522293148));
#3929=DIRECTION('center_axis',(-0.996194698091745,0.,-0.087155742747664));
#3930=DIRECTION('ref_axis',(-0.087155742747664,0.,0.996194698091745));
#3931=DIRECTION('center_axis',(0.,1.,0.));
#3932=DIRECTION('ref_axis',(-1.,0.,0.));
#3933=DIRECTION('center_axis',(0.,-1.,0.));
#3934=DIRECTION('ref_axis',(1.,0.,0.));
#3935=DIRECTION('',(0.,1.,0.));
#3936=DIRECTION('center_axis',(0.,1.,0.));
#3937=DIRECTION('ref_axis',(-1.,0.,0.));
#3938=DIRECTION('',(-1.,0.,0.));
#3939=DIRECTION('center_axis',(0.,1.,0.));
#3940=DIRECTION('ref_axis',(-1.,0.,0.));
#3941=DIRECTION('',(-6.788966048291E-14,0.,-1.));
#3942=DIRECTION('center_axis',(0.,1.,0.));
#3943=DIRECTION('ref_axis',(-1.,0.,0.));
#3944=DIRECTION('',(6.788966052567E-14,0.,-1.));
#3945=DIRECTION('center_axis',(0.,1.,0.));
#3946=DIRECTION('ref_axis',(0.,0.,1.));
#3947=DIRECTION('center_axis',(0.,0.,1.));
#3948=DIRECTION('ref_axis',(1.,0.,0.));
#3949=DIRECTION('',(-1.,-3.723740887115E-12,1.861791141913E-12));
#3950=DIRECTION('',(3.646449397588E-11,1.,1.648064401004E-12));
#3951=DIRECTION('',(8.666017697737E-10,-1.,-3.0961241801E-12));
#3952=DIRECTION('center_axis',(0.,-0.707106781186548,-0.707106781186548));
#3953=DIRECTION('ref_axis',(0.,0.707106781186548,-0.707106781186548));
#3954=DIRECTION('',(-1.,-4.137523650001E-12,8.275285204935E-12));
#3955=DIRECTION('',(6.66080323802298E-10,0.707106781237398,-0.707106781135697));
#3956=DIRECTION('',(3.63425062217899E-9,-0.707106781281998,0.707106781091097));
#3957=DIRECTION('center_axis',(0.,1.,0.));
#3958=DIRECTION('ref_axis',(1.,0.,0.));
#3959=DIRECTION('center_axis',(0.,1.,0.));
#3960=DIRECTION('ref_axis',(0.,0.,-1.));
#3961=DIRECTION('',(-1.145232420919E-11,5.67676231151E-12,1.));
#3962=DIRECTION('center_axis',(0.,-1.,0.));
#3963=DIRECTION('ref_axis',(1.,0.,0.));
#3964=DIRECTION('',(-2.159950843083E-11,-1.075040304428E-11,-1.));
#3965=DIRECTION('center_axis',(0.,-1.,0.));
#3966=DIRECTION('ref_axis',(-3.775255663641E-10,0.,1.));
#3967=DIRECTION('center_axis',(0.,-1.,0.));
#3968=DIRECTION('ref_axis',(1.,0.,3.674571757984E-10));
#3969=DIRECTION('center_axis',(0.,-1.,0.));
#3970=DIRECTION('ref_axis',(0.,0.,1.));
#3971=DIRECTION('',(0.,-1.,0.));
#3972=DIRECTION('center_axis',(0.,-1.,0.));
#3973=DIRECTION('ref_axis',(0.,0.,1.));
#3974=DIRECTION('center_axis',(0.,-1.,0.));
#3975=DIRECTION('ref_axis',(0.,0.,1.));
#3976=DIRECTION('center_axis',(0.,-1.,0.));
#3977=DIRECTION('ref_axis',(0.,0.,-1.));
#3978=DIRECTION('',(-8.65954303668606E-17,-0.707108212263117,0.707105350107082));
#3979=DIRECTION('center_axis',(0.,-1.,0.));
#3980=DIRECTION('ref_axis',(0.,0.,-1.));
#3981=DIRECTION('center_axis',(0.,-1.,0.));
#3982=DIRECTION('ref_axis',(0.,0.,-1.));
#3983=DIRECTION('center_axis',(0.,1.,0.));
#3984=DIRECTION('ref_axis',(0.,0.,1.));
#3985=DIRECTION('center_axis',(0.,-1.,0.));
#3986=DIRECTION('ref_axis',(-0.00950513059861073,0.,-0.999954825225772));
#3987=DIRECTION('center_axis',(-0.999954825225772,0.,0.0095051305986106));
#3988=DIRECTION('ref_axis',(0.0095051305986106,0.,0.999954825225772));
#3989=DIRECTION('center_axis',(0.,1.,0.));
#3990=DIRECTION('ref_axis',(0.,0.,1.));
#3991=DIRECTION('center_axis',(0.,1.,0.));
#3992=DIRECTION('ref_axis',(0.,0.,1.));
#3993=DIRECTION('center_axis',(0.,1.,0.));
#3994=DIRECTION('ref_axis',(0.,0.,1.));
#3995=DIRECTION('center_axis',(0.,-1.,0.));
#3996=DIRECTION('ref_axis',(0.,0.,1.));
#3997=DIRECTION('',(6.40930612932371E-18,-0.998629534754574,0.0523359562429438));
#3998=DIRECTION('center_axis',(0.,-1.,0.));
#3999=DIRECTION('ref_axis',(0.,0.,1.));
#4000=DIRECTION('center_axis',(0.,-1.,0.));
#4001=DIRECTION('ref_axis',(0.009473942521284,0.,0.999955121199498));
#4002=DIRECTION('center_axis',(-0.999955121199498,0.,0.00947394252128388));
#4003=DIRECTION('ref_axis',(-0.00947394252128388,0.,-0.999955121199498));
#4004=DIRECTION('center_axis',(-0.707106781186548,-0.707106781186548,0.));
#4005=DIRECTION('ref_axis',(-0.707106781186548,0.707106781186548,0.));
#4006=DIRECTION('center_axis',(0.707142689695001,0.707070863548057,0.000101648045308158));
#4007=DIRECTION('ref_axis',(0.669230725261771,-0.669345092431112,0.32265675818738));
#4008=DIRECTION('',(-0.707106781136598,0.707106781236498,-6.53883845580798E-10));
#4009=DIRECTION('',(-2.741281710703E-12,5.327326680228E-12,1.));
#4010=DIRECTION('center_axis',(0.,1.,0.));
#4011=DIRECTION('ref_axis',(-5.7547900260636E-14,0.,-1.));
#4012=DIRECTION('',(0.,-1.,-9.2600824128E-14));
#4013=DIRECTION('',(0.,1.,8.832440951462E-14));
#4014=DIRECTION('center_axis',(-0.707142689703554,0.707070863539499,0.000101648070519803));
#4015=DIRECTION('ref_axis',(0.669230724764748,0.669345091962028,-0.322656760191376));
#4016=DIRECTION('center_axis',(0.707106781186548,-0.707106781186548,0.));
#4017=DIRECTION('ref_axis',(0.707106781186548,0.707106781186548,0.));
#4018=DIRECTION('',(-1.017100711715E-11,-2.019391976987E-11,-1.));
#4019=DIRECTION('',(-0.707106781062698,-0.707106781310397,-8.44133518862897E-9));
#4020=DIRECTION('center_axis',(0.,-1.,0.));
#4021=DIRECTION('ref_axis',(0.,0.,-1.));
#4022=DIRECTION('center_axis',(0.,-1.,0.));
#4023=DIRECTION('ref_axis',(0.,0.,1.));
#4024=DIRECTION('center_axis',(0.,-1.,0.));
#4025=DIRECTION('ref_axis',(0.,0.,1.));
#4026=DIRECTION('',(-6.148661826677E-12,1.,-1.522895225582E-9));
#4027=DIRECTION('center_axis',(-1.,0.,0.));
#4028=DIRECTION('ref_axis',(0.,0.,1.));
#4029=DIRECTION('center_axis',(1.,0.,0.));
#4030=DIRECTION('ref_axis',(0.,0.,-1.));
#4031=DIRECTION('',(1.627751431591E-12,1.,-3.642978922651E-11));
#4032=DIRECTION('center_axis',(0.,-1.,0.));
#4033=DIRECTION('ref_axis',(1.,0.,0.));
#4034=DIRECTION('center_axis',(0.,-1.,0.));
#4035=DIRECTION('ref_axis',(1.,0.,0.));
#4036=DIRECTION('center_axis',(0.,-1.,0.));
#4037=DIRECTION('ref_axis',(0.,0.,-1.));
#4038=DIRECTION('center_axis',(0.,-1.,0.));
#4039=DIRECTION('ref_axis',(-1.,0.,0.));
#4040=DIRECTION('',(0.,-1.,0.));
#4041=DIRECTION('center_axis',(0.,-1.,0.));
#4042=DIRECTION('ref_axis',(0.,0.,-1.));
#4043=DIRECTION('',(0.,-1.,0.));
#4044=CARTESIAN_POINT('',(0.,0.,0.));
#4045=CARTESIAN_POINT('Origin',(-0.496310823902961,5.86560060347576,-6.9743344518826));
#4046=CARTESIAN_POINT('',(0.543050286754596,5.86560060347581,-7.9122728729171));
#4047=CARTESIAN_POINT('',(-1.8926680105283,5.86560060347577,-6.87340572772651));
#4048=CARTESIAN_POINT('Origin',(-0.496310823902961,5.86560060347576,-6.9743344518826));
#4049=CARTESIAN_POINT('',(0.543050286754587,4.86671820347582,-7.91227287291716));
#4050=CARTESIAN_POINT('',(0.543050286754583,4.36560060347581,-7.91227287291719));
#4051=CARTESIAN_POINT('',(-1.65975202561674,4.86671820347583,-7.75305427964796));
#4052=CARTESIAN_POINT('Origin',(-0.496310823902969,4.86671820347577,-6.97433445188266));
#4053=CARTESIAN_POINT('',(-1.65975202561673,5.86560060347582,-7.7530542796479));
#4054=CARTESIAN_POINT('',(-1.65975202561674,4.36560060347582,-7.75305427964799));
#4055=CARTESIAN_POINT('Origin',(-0.496310823902961,5.86560060347576,-6.9743344518826));
#4056=CARTESIAN_POINT('',(-1.89266801052832,2.90000000000042,-6.87340572772669));
#4057=CARTESIAN_POINT('',(-1.8926680105283,5.86560060347577,-6.87340572772651));
#4058=CARTESIAN_POINT('',(-1.74790871725664,2.90000000000046,-7.60163239811942));
#4059=CARTESIAN_POINT('Origin',(-0.496310823902986,2.90000000000042,-6.97433445188278));
#4060=CARTESIAN_POINT('',(-1.72702456335561,2.86560060347577,-7.64167521305546));
#4061=CARTESIAN_POINT('Origin',(-0.731584929365747,3.50462111244459,-7.1266776378939));
#4062=CARTESIAN_POINT('',(0.653811921663453,2.8656006034758,-7.7725936016147));
#4063=CARTESIAN_POINT('Origin',(-0.496310823902986,2.86560060347576,-6.97433445188278));
#4064=CARTESIAN_POINT('',(0.653811921663454,2.9,-7.77259360161469));
#4065=CARTESIAN_POINT('',(0.653811921663346,5.8656006034758,-7.7725936016147));
#4066=CARTESIAN_POINT('',(0.736851260172641,2.9,-6.31152884357952));
#4067=CARTESIAN_POINT('Origin',(-0.496310823902986,2.90000000000042,-6.97433445188278));
#4068=CARTESIAN_POINT('',(0.73685126017264,2.86560060347578,-6.31152884357952));
#4069=CARTESIAN_POINT('',(0.736851260172694,5.86560060347578,-6.31152884357939));
#4070=CARTESIAN_POINT('',(-0.685234881390125,2.86560060347575,-5.58714026918787));
#4071=CARTESIAN_POINT('Origin',(-0.496310823902986,2.86560060347576,-6.97433445188278));
#4072=CARTESIAN_POINT('',(-0.685234881390124,2.9,-5.58714026918787));
#4073=CARTESIAN_POINT('',(-0.685234881390009,5.86560060347575,-5.58714026918768));
#4074=CARTESIAN_POINT('Origin',(-0.496310823902986,2.90000000000042,-6.97433445188278));
#4075=CARTESIAN_POINT('Origin',(-6.97345313624919,5.86560060347537,0.512095102024598));
#4076=CARTESIAN_POINT('',(-6.15821184154436,4.86671820347544,-0.626053232511861));
#4077=CARTESIAN_POINT('',(-8.36981032287454,4.86671820347539,0.613023826180628));
#4078=CARTESIAN_POINT('Origin',(-6.9734531362492,4.86671820347538,0.512095102024538));
#4079=CARTESIAN_POINT('',(-8.36981032287455,2.86560060347533,0.613023826180508));
#4080=CARTESIAN_POINT('',(-8.36981032287453,5.86560060347538,0.613023826180687));
#4081=CARTESIAN_POINT('',(-7.81061317802604,2.86560060347544,-0.610029251357249));
#4082=CARTESIAN_POINT('Origin',(-6.97345313624922,2.86560060347537,0.512095102024419));
#4083=CARTESIAN_POINT('',(-7.77399131349188,2.90000000000003,-0.636442501529332));
#4084=CARTESIAN_POINT('Origin',(-7.12086617646575,3.54089153239803,0.355246467103801));
#4085=CARTESIAN_POINT('',(-6.32741266113433,2.9,-0.729932153921813));
#4086=CARTESIAN_POINT('Origin',(-6.97345313624922,2.90000000000003,0.512095102024421));
#4087=CARTESIAN_POINT('',(-6.32741266113433,2.86560060347542,-0.729932153921814));
#4088=CARTESIAN_POINT('',(-6.3274126611345,5.86560060347542,-0.729932153921737));
#4089=CARTESIAN_POINT('',(-5.58396204494064,2.86560060347533,0.683309900374661));
#4090=CARTESIAN_POINT('Origin',(-6.97345313624922,2.86560060347537,0.512095102024419));
#4091=CARTESIAN_POINT('',(-5.58396204494064,2.9,0.683309900374661));
#4092=CARTESIAN_POINT('',(-5.58396204494059,5.86560060347533,0.68330990037463));
#4093=CARTESIAN_POINT('',(-7.59762272936826,2.90000000000003,1.7652560330407));
#4094=CARTESIAN_POINT('Origin',(-6.97345313624922,2.90000000000003,0.512095102024421));
#4095=CARTESIAN_POINT('',(-7.63771023483807,2.8656006034753,1.74447593073538));
#4096=CARTESIAN_POINT('Origin',(-7.12535691982109,3.50428331643493,0.748072815814778));
#4097=CARTESIAN_POINT('Origin',(-6.97345313624922,2.86560060347537,0.512095102024419));
#4098=CARTESIAN_POINT('',(-6.00301020551463,4.86671820347531,1.52117414659306));
#4099=CARTESIAN_POINT('Origin',(-6.9734531362492,4.86671820347538,0.512095102024538));
#4100=CARTESIAN_POINT('',(-6.00301020551463,5.8656006034753,1.52117414659311));
#4101=CARTESIAN_POINT('',(-6.00301020551464,4.3656006034753,1.52117414659303));
#4102=CARTESIAN_POINT('',(-6.15821184154435,5.86560060347543,-0.626053232511799));
#4103=CARTESIAN_POINT('Origin',(-6.97345313624919,5.86560060347537,0.512095102024598));
#4104=CARTESIAN_POINT('',(-6.15821184154437,4.36560060347543,-0.62605323251189));
#4105=CARTESIAN_POINT('Origin',(0.00833279687746045,2.86560060347534,0.00745148124389898));
#4106=CARTESIAN_POINT('',(0.693341734942784,2.86560060347494,5.60090447435917));
#4107=CARTESIAN_POINT('',(-0.725673790199491,2.86560060347491,6.3367455273905));
#4108=CARTESIAN_POINT('Origin',(0.,2.86560060347534,6.));
#4109=CARTESIAN_POINT('Origin',(0.512976417657907,2.86560060347492,6.98923741437058));
#4110=CARTESIAN_POINT('Origin',(0.00833279687746045,2.86560060347534,0.00745148124389898));
#4111=CARTESIAN_POINT('',(-9.96564710758923,2.86560060347538,0.728370939501678));
#4112=CARTESIAN_POINT('Origin',(0.00833279687746045,2.86560060347534,0.00745148124389898));
#4113=CARTESIAN_POINT('Origin',(0.,2.86560060347534,-3.82089801334E-14));
#4114=CARTESIAN_POINT('',(-0.621401767293159,2.86560060347493,7.80971662404449));
#4115=CARTESIAN_POINT('Origin',(0.,2.86560060347534,-3.82089801334E-14));
#4116=CARTESIAN_POINT('',(1.75499177451319,2.86560060347492,7.63530076523925));
#4117=CARTESIAN_POINT('Origin',(0.512976417657907,2.86560060347492,6.98923741437058));
#4118=CARTESIAN_POINT('',(7.80830970491626,2.86560060347524,0.638837582157521));
#4119=CARTESIAN_POINT('Origin',(0.,2.86560060347534,-3.82089801334E-14));
#4120=CARTESIAN_POINT('',(7.63927941045514,2.86560060347539,-1.73759143450428));
#4121=CARTESIAN_POINT('Origin',(6.99011873000414,2.86560060347532,-0.497192139536572));
#4122=CARTESIAN_POINT('',(0.832116935514191,2.86560058467439,-7.79008310488387));
#4123=CARTESIAN_POINT('Origin',(0.,2.86560060347534,-3.82089801334E-14));
#4124=CARTESIAN_POINT('',(0.829243998145561,2.8656006034758,-7.7572452837037));
#4125=CARTESIAN_POINT('',(0.489044765871965,2.86560060347557,-3.86875026545751));
#4126=CARTESIAN_POINT('',(0.609558425071295,2.8656006034758,-7.77646528088789));
#4127=CARTESIAN_POINT('Origin',(0.00833279687746045,2.86560060347534,0.00745148124389898));
#4128=CARTESIAN_POINT('',(5.60419569530854,2.86560060347536,-0.695225828337607));
#4129=CARTESIAN_POINT('',(6.32122297113936,2.86560060347527,0.732677147734525));
#4130=CARTESIAN_POINT('Origin',(6.,2.86560060347534,0.));
#4131=CARTESIAN_POINT('',(5.59376154337881,2.86560060347528,-0.396263415380483));
#4132=CARTESIAN_POINT('Origin',(6.99011873000414,2.86560060347532,-0.497192139536572));
#4133=CARTESIAN_POINT('Origin',(6.99011873000414,2.86560060347532,-0.497192139536572));
#4134=CARTESIAN_POINT('Origin',(0.00833279687746045,2.86560060347534,0.00745148124389898));
#4135=CARTESIAN_POINT('Origin',(-6.,2.86560060347534,0.));
#4136=CARTESIAN_POINT('Origin',(0.512976417657932,5.86560060347492,6.98923741437076));
#4137=CARTESIAN_POINT('',(-0.526384692999656,5.86560060347487,7.92717583540523));
#4138=CARTESIAN_POINT('',(-0.883380768967404,5.86560060347493,7.09016613852685));
#4139=CARTESIAN_POINT('Origin',(0.512976417657932,5.86560060347492,6.98923741437076));
#4140=CARTESIAN_POINT('',(-0.526384692999664,4.86671820347488,7.92717583540517));
#4141=CARTESIAN_POINT('',(-0.526384692999668,4.36560060347487,7.92717583540514));
#4142=CARTESIAN_POINT('',(1.67641761937167,4.86671820347487,7.76795724213604));
#4143=CARTESIAN_POINT('Origin',(0.512976417657923,4.86671820347493,6.9892374143707));
#4144=CARTESIAN_POINT('',(1.67641761937168,5.86560060347487,7.7679572421361));
#4145=CARTESIAN_POINT('',(1.67641761937166,4.36560060347487,7.76795724213601));
#4146=CARTESIAN_POINT('Origin',(0.512976417657932,5.86560060347492,6.98923741437076));
#4147=CARTESIAN_POINT('',(-0.883380768967429,2.89999999999958,7.09016613852667));
#4148=CARTESIAN_POINT('',(-0.883380768967404,5.86560060347493,7.09016613852685));
#4149=CARTESIAN_POINT('',(-0.72567379019949,2.9,6.3367455273905));
#4150=CARTESIAN_POINT('Origin',(0.512976417657907,2.89999999999958,6.98923741437058));
#4151=CARTESIAN_POINT('',(-0.725673790199435,5.86560060347491,6.33674552739062));
#4152=CARTESIAN_POINT('',(0.693341734942785,2.9,5.60090447435917));
#4153=CARTESIAN_POINT('',(0.693341734942894,5.86560060347494,5.60090447435936));
#4154=CARTESIAN_POINT('',(1.77496489861507,2.89999999999954,7.59536040018404));
#4155=CARTESIAN_POINT('Origin',(0.512976417657907,2.89999999999958,6.98923741437058));
#4156=CARTESIAN_POINT('Origin',(0.768097071079873,3.48558040684112,7.14516514577304));
#4157=CARTESIAN_POINT('',(-0.646992308053705,2.89999999999954,7.77312041289203));
#4158=CARTESIAN_POINT('Origin',(0.33019033735145,3.51636266000145,7.1495730052431));
#4159=CARTESIAN_POINT('Origin',(0.512976417657907,2.89999999999958,6.98923741437058));
#4160=CARTESIAN_POINT('Origin',(0.00833279687754377,12.8678358034754,0.00745148124449644));
#4161=CARTESIAN_POINT('',(-2.98386117446248,10.8667182034754,0.223727318721711));
#4162=CARTESIAN_POINT('Origin',(0.0083327968775271,10.8667182034754,0.00745148124437691));
#4163=CARTESIAN_POINT('',(-2.98386117446255,2.89223685920871,0.223727318721234));
#4164=CARTESIAN_POINT('',(-2.98386117446246,12.8678358034754,0.22372731872183));
#4165=CARTESIAN_POINT('',(2.00392453426674,2.9,-2.2325515584111));
#4166=CARTESIAN_POINT('Ctrl Pts',(2.00392453426672,2.9,-2.23255155841111));
#4167=CARTESIAN_POINT('Ctrl Pts',(1.99306022836893,2.89994578265269,-2.24223043772435));
#4168=CARTESIAN_POINT('Ctrl Pts',(1.98215196402968,2.89989169663514,-2.25180669368884));
#4169=CARTESIAN_POINT('Ctrl Pts',(1.68633678297002,2.89843426440981,-2.50774136414916));
#4170=CARTESIAN_POINT('Ctrl Pts',(1.33322705492229,2.89694073250599,-2.71370085160153));
#4171=CARTESIAN_POINT('Ctrl Pts',(0.573940801218623,2.89420157628659,-2.96577948842144));
#4172=CARTESIAN_POINT('Ctrl Pts',(0.167764270010081,2.89295600983897,-3.01189862169279));
#4173=CARTESIAN_POINT('Ctrl Pts',(-0.583648829513412,2.89099855288272,-2.95758646848766));
#4174=CARTESIAN_POINT('Ctrl Pts',(-0.978970603443434,2.89015619695668,-2.85353556621525));
#4175=CARTESIAN_POINT('Ctrl Pts',(-1.69411375507949,2.88905683195642,-2.49488555196011));
#4176=CARTESIAN_POINT('Ctrl Pts',(-2.01393512553079,2.88879987808587,-2.24028642534232));
#4177=CARTESIAN_POINT('Ctrl Pts',(-2.50686068447417,2.88884602273545,-1.67055181726599));
#4178=CARTESIAN_POINT('Ctrl Pts',(-2.71282032217908,2.8891521967933,-1.31744120339756));
#4179=CARTESIAN_POINT('Ctrl Pts',(-2.964898570028,2.89034202771273,-0.558154531822562));
#4180=CARTESIAN_POINT('Ctrl Pts',(-3.01101719674563,2.89122562565036,-0.151978479525998));
#4181=CARTESIAN_POINT('Ctrl Pts',(-2.98386117446255,2.89223685920871,0.223727318721234));
#4182=CARTESIAN_POINT('',(-1.99559173738956,2.9,2.24000303965475));
#4183=CARTESIAN_POINT('Origin',(0.00833279687746074,2.9,0.00745148124390103));
#4184=CARTESIAN_POINT('Ctrl Pts',(-2.98386117446255,2.89223685920871,0.223727318721234));
#4185=CARTESIAN_POINT('Ctrl Pts',(-2.95670504225477,2.89324809686042,0.599434637785674));
#4186=CARTESIAN_POINT('Ctrl Pts',(-2.85265356172341,2.89452176909009,0.99475685568555));
#4187=CARTESIAN_POINT('Ctrl Pts',(-2.50265932646677,2.89723102581755,1.69263933200232));
#4188=CARTESIAN_POINT('Ctrl Pts',(-2.26405564493576,2.89865578326654,1.99903148902237));
#4189=CARTESIAN_POINT('Ctrl Pts',(-1.99559173738951,2.9,2.24000303965479));
#4190=CARTESIAN_POINT('Origin',(6.99011873000417,5.86560060347531,-0.497192139536393));
#4191=CARTESIAN_POINT('',(6.17487743529932,5.86560060347525,0.640956194999999));
#4192=CARTESIAN_POINT('',(5.59376154337883,5.86560060347532,-0.396263415380304));
#4193=CARTESIAN_POINT('Origin',(6.99011873000417,5.86560060347531,-0.497192139536393));
#4194=CARTESIAN_POINT('',(6.17487743529931,4.86671820347526,0.640956194999941));
#4195=CARTESIAN_POINT('',(6.17487743529931,4.36560060347525,0.64095619499991));
#4196=CARTESIAN_POINT('',(6.0196757992696,4.86671820347539,-1.50627118410498));
#4197=CARTESIAN_POINT('Origin',(6.99011873000416,4.86671820347532,-0.497192139536452));
#4198=CARTESIAN_POINT('',(6.01967579926961,5.86560060347538,-1.50627118410492));
#4199=CARTESIAN_POINT('',(6.0196757992696,4.36560060347538,-1.50627118410501));
#4200=CARTESIAN_POINT('Origin',(6.99011873000417,5.86560060347531,-0.497192139536393));
#4201=CARTESIAN_POINT('',(5.59376154337883,5.86560060347532,-0.396263415380304));
#4202=CARTESIAN_POINT('',(5.60419569530855,2.9,-0.695225828337608));
#4203=CARTESIAN_POINT('',(5.6041956953086,5.86560060347536,-0.695225828337639));
#4204=CARTESIAN_POINT('',(7.59938185120759,2.89999999999997,-1.7576676248759));
#4205=CARTESIAN_POINT('Origin',(6.99011873000414,2.89999999999997,-0.49719213953657));
#4206=CARTESIAN_POINT('Origin',(7.14658028405517,3.48585723850632,-0.751691004868946));
#4207=CARTESIAN_POINT('',(7.77165538738996,2.89999999999997,0.664358743189707));
#4208=CARTESIAN_POINT('Origin',(7.14986229480916,3.51673533179655,-0.314433861050656));
#4209=CARTESIAN_POINT('',(6.32122297113937,2.9,0.732677147734526));
#4210=CARTESIAN_POINT('Origin',(6.99011873000414,2.89999999999997,-0.49719213953657));
#4211=CARTESIAN_POINT('',(6.3212229711392,5.86560060347527,0.732677147734599));
#4212=CARTESIAN_POINT('Origin',(0.00833279687771271,33.1509894509373,0.00745148124570802));
#4213=CARTESIAN_POINT('',(-9.96564710758921,4.86671820347539,0.728370939501798));
#4214=CARTESIAN_POINT('',(-9.96564710758898,33.1509894509373,0.728370939503488));
#4215=CARTESIAN_POINT('Origin',(0.00833279687747712,4.86671820347535,0.00745148124401851));
#4216=CARTESIAN_POINT('Origin',(1.81153663778233,10.8667182034749,6.52851948327297));
#4217=CARTESIAN_POINT('',(4.04583747721736,10.866718203475,4.71129639325349));
#4218=CARTESIAN_POINT('',(4.69132443498464,10.8667182034749,6.49355888996178));
#4219=CARTESIAN_POINT('Origin',(1.81153663778233,10.8667182034749,6.52851948327297));
#4220=CARTESIAN_POINT('',(4.69132443498459,4.86671820347492,6.49355888996143));
#4221=CARTESIAN_POINT('',(4.69132443498462,7.86671820347492,6.49355888996161));
#4222=CARTESIAN_POINT('',(4.04583747721731,4.86671820347504,4.71129639325313));
#4223=CARTESIAN_POINT('Origin',(1.81153663778228,4.86671820347495,6.52851948327261));
#4224=CARTESIAN_POINT('',(4.04583747721736,10.866718203475,4.71129639325349));
#4225=CARTESIAN_POINT('Origin',(-1.49189874716292,10.8667182034758,-6.58990990746255));
#4226=CARTESIAN_POINT('',(1.06100151301827,10.8667182034758,-7.92298914800559));
#4227=CARTESIAN_POINT('',(1.33657697021344,10.8667182034757,-6.04757687674035));
#4228=CARTESIAN_POINT('Origin',(-1.49189874716292,10.8667182034758,-6.58990990746255));
#4229=CARTESIAN_POINT('',(1.33657697021339,4.8667182034757,-6.04757687674071));
#4230=CARTESIAN_POINT('',(1.33657697021344,10.8667182034757,-6.04757687674035));
#4231=CARTESIAN_POINT('',(1.06100151301822,4.86671820347582,-7.92298914800595));
#4232=CARTESIAN_POINT('Origin',(-1.49189874716297,4.86671820347576,-6.58990990746291));
#4233=CARTESIAN_POINT('',(1.06100151301825,7.86671820347582,-7.92298914800577));
#4234=CARTESIAN_POINT('Origin',(0.855006773209253,10.8667182034757,-6.7051497400958));
#4235=CARTESIAN_POINT('',(3.70988826221895,10.8667182034757,-7.08469115247366));
#4236=CARTESIAN_POINT('',(3.32741571200209,10.8667182034756,-5.22812772286745));
#4237=CARTESIAN_POINT('Origin',(0.855006773209253,10.8667182034757,-6.7051497400958));
#4238=CARTESIAN_POINT('',(3.32741571200204,4.86671820347564,-5.22812772286781));
#4239=CARTESIAN_POINT('',(3.32741571200209,10.8667182034756,-5.22812772286745));
#4240=CARTESIAN_POINT('',(3.7098882622189,4.86671820347574,-7.08469115247402));
#4241=CARTESIAN_POINT('Origin',(0.855006773209203,4.86671820347575,-6.70514974009616));
#4242=CARTESIAN_POINT('',(3.70988826221892,7.86671820347574,-7.08469115247384));
#4243=CARTESIAN_POINT('Origin',(-0.527546472741677,10.866718203475,6.75198299850541));
#4244=CARTESIAN_POINT('',(2.19353644039435,10.866718203475,5.80852776382856));
#4245=CARTESIAN_POINT('',(2.19052609685368,10.8667182034749,7.70407622209924));
#4246=CARTESIAN_POINT('Origin',(-0.527546472741677,10.866718203475,6.75198299850541));
#4247=CARTESIAN_POINT('',(2.19052609685363,4.86671820347487,7.70407622209888));
#4248=CARTESIAN_POINT('',(2.19052609685365,7.86671820347487,7.70407622209906));
#4249=CARTESIAN_POINT('',(2.1935364403943,4.86671820347499,5.8085277638282));
#4250=CARTESIAN_POINT('Origin',(-0.527546472741727,4.86671820347495,6.75198299850505));
#4251=CARTESIAN_POINT('',(2.19353644039435,10.866718203475,5.80852776382856));
#4252=CARTESIAN_POINT('Origin',(0.00833279687739383,-5.13328179652465,0.00745148124342118));
#4253=CARTESIAN_POINT('',(7.96696240355481,10.8667182034753,-0.805084538707799));
#4254=CARTESIAN_POINT('',(8.00108621761074,10.8667182034753,-0.332978769111826));
#4255=CARTESIAN_POINT('Origin',(0.0083327968775271,10.8667182034754,0.00745148124437691));
#4256=CARTESIAN_POINT('',(8.00108621761069,5.8656006034753,-0.332978769112125));
#4257=CARTESIAN_POINT('',(8.00108621761071,7.8667182034753,-0.332978769112005));
#4258=CARTESIAN_POINT('',(7.96696240355477,5.86560060347533,-0.805084538708097));
#4259=CARTESIAN_POINT('Origin',(0.00833279687748544,5.86560060347534,0.00745148124407818));
#4260=CARTESIAN_POINT('',(7.96696240355479,7.86671820347533,-0.805084538707978));
#4261=CARTESIAN_POINT('Origin',(0.00833279687739383,-5.13328179652465,0.00745148124342118));
#4262=CARTESIAN_POINT('',(-7.9502968097998,5.86560060347536,0.819987501196305));
#4263=CARTESIAN_POINT('',(-7.98442062385572,5.86560060347539,0.347881731600335));
#4264=CARTESIAN_POINT('Origin',(0.00833279687748544,5.86560060347534,0.00745148124407818));
#4265=CARTESIAN_POINT('',(-7.95029680979976,10.8667182034754,0.819987501196604));
#4266=CARTESIAN_POINT('',(-7.95029680979978,7.86671820347537,0.819987501196425));
#4267=CARTESIAN_POINT('',(-7.98442062385568,10.8667182034754,0.347881731600634));
#4268=CARTESIAN_POINT('Origin',(0.0083327968775271,10.8667182034754,0.00745148124437691));
#4269=CARTESIAN_POINT('',(-7.9844206238557,7.8667182034754,0.347881731600455));
#4270=CARTESIAN_POINT('Origin',(-6.54067967313748,10.8667182034755,-1.69146218534463));
#4271=CARTESIAN_POINT('',(-6.08406873255448,5.86560060347533,1.15211064631244));
#4272=CARTESIAN_POINT('Origin',(-6.54067967313752,5.8656006034755,-1.69146218534493));
#4273=CARTESIAN_POINT('',(-6.08406873255444,10.8667182034753,1.15211064631274));
#4274=CARTESIAN_POINT('',(-6.08406873255444,10.8667182034753,1.15211064631274));
#4275=CARTESIAN_POINT('Origin',(-6.54067967313748,10.8667182034755,-1.69146218534463));
#4276=CARTESIAN_POINT('Origin',(-6.22828737444336,10.8667182034752,2.63051091968803));
#4277=CARTESIAN_POINT('',(-6.18535325497111,10.8667182034754,-0.249169038464461));
#4278=CARTESIAN_POINT('',(-6.18535325497115,5.86560060347541,-0.249169038464759));
#4279=CARTESIAN_POINT('',(-6.18535325497111,10.8667182034754,-0.249169038464461));
#4280=CARTESIAN_POINT('Origin',(-6.22828737444341,5.86560060347524,2.63051091968773));
#4281=CARTESIAN_POINT('Origin',(-6.22828737444336,10.8667182034752,2.63051091968803));
#4282=CARTESIAN_POINT('Origin',(0.0083327968775271,10.8667182034754,0.00745148124437691));
#4283=CARTESIAN_POINT('',(-0.0610020002371732,10.8667182034757,-6.19116075746753));
#4284=CARTESIAN_POINT('',(-0.0610020002372148,5.86560060347571,-6.19116075746783));
#4285=CARTESIAN_POINT('',(-0.0610020002371732,10.8667182034757,-6.19116075746753));
#4286=CARTESIAN_POINT('',(-0.814467621675812,5.86560060347572,-6.13670024793942));
#4287=CARTESIAN_POINT('Origin',(0.00833279687748544,5.86560060347534,0.00745148124407818));
#4288=CARTESIAN_POINT('',(-0.814467621675771,10.8667182034757,-6.13670024793912));
#4289=CARTESIAN_POINT('',(-0.814467621675771,10.8667182034757,-6.13670024793912));
#4290=CARTESIAN_POINT('Origin',(0.0083327968775271,10.8667182034754,0.00745148124437691));
#4291=CARTESIAN_POINT('Origin',(6.55734526689253,10.8667182034752,1.70636514783342));
#4292=CARTESIAN_POINT('',(6.10073432630946,5.86560060347536,-1.13720768382424));
#4293=CARTESIAN_POINT('Origin',(6.55734526689248,5.86560060347519,1.70636514783313));
#4294=CARTESIAN_POINT('',(6.10073432630951,10.8667182034754,-1.13720768382394));
#4295=CARTESIAN_POINT('',(6.10073432630951,10.8667182034754,-1.13720768382394));
#4296=CARTESIAN_POINT('Origin',(6.55734526689253,10.8667182034752,1.70636514783342));
#4297=CARTESIAN_POINT('Origin',(6.24495296819843,10.8667182034755,-2.61560795719924));
#4298=CARTESIAN_POINT('',(6.20201884872617,10.8667182034753,0.264072000953257));
#4299=CARTESIAN_POINT('',(6.20201884872612,5.86560060347528,0.264072000952958));
#4300=CARTESIAN_POINT('',(6.20201884872617,10.8667182034753,0.264072000953257));
#4301=CARTESIAN_POINT('Origin',(6.24495296819839,5.86560060347545,-2.61560795719954));
#4302=CARTESIAN_POINT('Origin',(6.24495296819843,10.8667182034755,-2.61560795719924));
#4303=CARTESIAN_POINT('Origin',(0.0083327968775271,10.8667182034754,0.00745148124437691));
#4304=CARTESIAN_POINT('',(0.077667593992184,10.866718203475,6.20606371995629));
#4305=CARTESIAN_POINT('',(0.0776675939921424,5.86560060347497,6.20606371995599));
#4306=CARTESIAN_POINT('',(0.077667593992184,10.866718203475,6.20606371995629));
#4307=CARTESIAN_POINT('',(0.83113321543074,5.86560060347497,6.15160321042758));
#4308=CARTESIAN_POINT('Origin',(0.00833279687748544,5.86560060347534,0.00745148124407818));
#4309=CARTESIAN_POINT('',(0.831133215430782,10.866718203475,6.15160321042788));
#4310=CARTESIAN_POINT('',(0.831133215430782,10.866718203475,6.15160321042788));
#4311=CARTESIAN_POINT('Origin',(0.0083327968775271,10.8667182034754,0.00745148124437691));
#4312=CARTESIAN_POINT('Origin',(0.0083327968775271,10.8667182034754,0.00745148124437691));
#4313=CARTESIAN_POINT('',(5.41115586236851,10.8667182034751,3.04671190493279));
#4314=CARTESIAN_POINT('',(6.62728486796411,10.866718203475,4.50072127958263));
#4315=CARTESIAN_POINT('Origin',(3.93312675263883,10.866718203475,5.51851892628209));
#4316=CARTESIAN_POINT('',(5.74072448833316,10.8667182034752,2.36696128112453));
#4317=CARTESIAN_POINT('Origin',(0.0083327968775271,10.8667182034754,0.00745148124437691));
#4318=CARTESIAN_POINT('',(7.63549820912107,10.8667182034751,2.42123435761826));
#4319=CARTESIAN_POINT('Origin',(6.76597791560057,10.8667182034753,-0.324368392080977));
#4320=CARTESIAN_POINT('',(7.76490199584174,10.8667182034752,1.96592901792425));
#4321=CARTESIAN_POINT('Origin',(0.0083327968775271,10.8667182034754,0.00745148124437691));
#4322=CARTESIAN_POINT('',(6.12481404864524,10.8667182034752,1.01554775480857));
#4323=CARTESIAN_POINT('Origin',(5.58132879264079,10.8667182034751,3.84380230072656));
#4324=CARTESIAN_POINT('Origin',(0.0083327968775271,10.8667182034754,0.00745148124437691));
#4325=CARTESIAN_POINT('',(5.91626326219543,10.8667182034754,-1.86976950121041));
#4326=CARTESIAN_POINT('Origin',(0.0083327968775271,10.8667182034754,0.00745148124437691));
#4327=CARTESIAN_POINT('',(7.40263020308263,10.8667182034755,-3.04613098343355));
#4328=CARTESIAN_POINT('Origin',(4.9716995854241,10.8667182034756,-4.59046784180685));
#4329=CARTESIAN_POINT('',(7.20909462383912,10.8667182034755,-3.47809425957912));
#4330=CARTESIAN_POINT('Origin',(0.0083327968775271,10.8667182034754,0.00745148124437691));
#4331=CARTESIAN_POINT('',(5.34182106525383,10.8667182034755,-3.15190033377914));
#4332=CARTESIAN_POINT('Origin',(6.74345418413024,10.8667182034753,-0.635986066545692));
#4333=CARTESIAN_POINT('',(4.91792406977988,10.8667182034755,-3.77719044805898));
#4334=CARTESIAN_POINT('Origin',(0.0083327968775271,10.8667182034754,0.00745148124437691));
#4335=CARTESIAN_POINT('',(5.91231279315894,10.8667182034756,-5.39097608643761));
#4336=CARTESIAN_POINT('Origin',(3.09979091645874,10.8667182034757,-6.01075079799237));
#4337=CARTESIAN_POINT('',(5.58270869586556,10.8667182034756,-5.73069572293062));
#4338=CARTESIAN_POINT('Origin',(0.0083327968775271,10.8667182034754,0.00745148124437691));
#4339=CARTESIAN_POINT('',(3.93961040512839,10.8667182034756,-4.78552852777562));
#4340=CARTESIAN_POINT('Origin',(6.11720806225997,10.8667182034755,-2.90072921653448));
#4341=CARTESIAN_POINT('Origin',(0.0083327968775271,10.8667182034754,0.00745148124437691));
#4342=CARTESIAN_POINT('',(3.28397076544767,10.8667182034758,-7.2911919474252));
#4343=CARTESIAN_POINT('Origin',(0.0083327968775271,10.8667182034754,0.00745148124437691));
#4344=CARTESIAN_POINT('',(2.06322964596965,10.8667182034757,-5.84105259583305));
#4345=CARTESIAN_POINT('Origin',(4.7541414259877,10.8667182034756,-4.81470285419517));
#4346=CARTESIAN_POINT('Origin',(0.0083327968775271,10.8667182034754,0.00745148124437691));
#4347=CARTESIAN_POINT('',(0.590142552752506,10.8667182034758,-7.97136405791735));
#4348=CARTESIAN_POINT('Origin',(0.0083327968775271,10.8667182034754,0.00745148124437691));
#4349=CARTESIAN_POINT('Origin',(2.81866022836891,10.8667182034757,-6.1470535115834));
#4350=CARTESIAN_POINT('',(-1.71485261908462,10.8667182034758,-7.80475896281148));
#4351=CARTESIAN_POINT('Origin',(-3.65785420226431,10.8667182034757,-5.67893092466699));
#4352=CARTESIAN_POINT('',(-2.17386050309868,10.8667182034758,-7.68917325961047));
#4353=CARTESIAN_POINT('Origin',(0.0083327968775271,10.8667182034754,0.00745148124437691));
#4354=CARTESIAN_POINT('',(-2.17687084663934,10.8667182034757,-5.7936248013398));
#4355=CARTESIAN_POINT('Origin',(0.544212066496686,10.8667182034758,-6.73708003601666));
#4356=CARTESIAN_POINT('',(-2.86627033984656,10.8667182034757,-5.48474824257631));
#4357=CARTESIAN_POINT('Origin',(0.0083327968775271,10.8667182034754,0.00745148124437691));
#4358=CARTESIAN_POINT('',(-4.28286515851428,10.8667182034758,-6.74426090211743));
#4359=CARTESIAN_POINT('Origin',(-5.38161339811166,10.8667182034756,-4.08209030165216));
#4360=CARTESIAN_POINT('',(-4.67465884122963,10.8667182034758,-6.478655927473));
#4361=CARTESIAN_POINT('Origin',(0.0083327968775271,10.8667182034754,0.00745148124437691));
#4362=CARTESIAN_POINT('',(-4.02917188346233,10.8667182034757,-4.6963934307647));
#4363=CARTESIAN_POINT('Origin',(-1.79487104402732,10.8667182034758,-6.5136165207842));
#4364=CARTESIAN_POINT('',(-4.57135349510448,10.8667182034756,-4.17035589428554));
#4365=CARTESIAN_POINT('Origin',(0.0083327968775271,10.8667182034754,0.00745148124437691));
#4366=CARTESIAN_POINT('',(-6.33329589318683,10.8667182034757,-4.86940668332763));
#4367=CARTESIAN_POINT('Origin',(-6.45526553570948,10.8667182034755,-1.99199058441129));
#4368=CARTESIAN_POINT('',(-6.61061927420909,10.8667182034757,-4.48581831709383));
#4369=CARTESIAN_POINT('Origin',(0.0083327968775271,10.8667182034754,0.00745148124437691));
#4370=CARTESIAN_POINT('',(-5.39449026861348,10.8667182034756,-3.03180894244399));
#4371=CARTESIAN_POINT('Origin',(-3.91646115888382,10.8667182034757,-5.50361596379331));
#4372=CARTESIAN_POINT('',(-5.72405889457812,10.8667182034755,-2.35205831863573));
#4373=CARTESIAN_POINT('Origin',(0.0083327968775271,10.8667182034754,0.00745148124437691));
#4374=CARTESIAN_POINT('',(-7.61883261536603,10.8667182034756,-2.40633139512945));
#4375=CARTESIAN_POINT('Origin',(-6.74931232184551,10.8667182034754,0.339271354569778));
#4376=CARTESIAN_POINT('',(-7.7482364020867,10.8667182034755,-1.95102605543544));
#4377=CARTESIAN_POINT('Origin',(0.0083327968775271,10.8667182034754,0.00745148124437691));
#4378=CARTESIAN_POINT('',(-6.1081484548902,10.8667182034755,-1.00064479231977));
#4379=CARTESIAN_POINT('Origin',(-5.56466319888576,10.8667182034756,-3.82889933823777));
#4380=CARTESIAN_POINT('Origin',(0.0083327968775271,10.8667182034754,0.00745148124437691));
#4381=CARTESIAN_POINT('',(-5.89959766844037,10.8667182034753,1.88467246369921));
#4382=CARTESIAN_POINT('Origin',(0.0083327968775271,10.8667182034754,0.00745148124437691));
#4383=CARTESIAN_POINT('',(-7.38596460932755,10.8667182034752,3.06103394592235));
#4384=CARTESIAN_POINT('Origin',(-4.95503399166901,10.8667182034751,4.60537080429564));
#4385=CARTESIAN_POINT('',(-7.19242903008404,10.8667182034752,3.49299722206792));
#4386=CARTESIAN_POINT('Origin',(0.0083327968775271,10.8667182034754,0.00745148124437691));
#4387=CARTESIAN_POINT('',(-5.32515547149875,10.8667182034752,3.16680329626793));
#4388=CARTESIAN_POINT('Origin',(-6.72678859037518,10.8667182034754,0.650889029034493));
#4389=CARTESIAN_POINT('',(-4.9012584760248,10.8667182034752,3.79209341054777));
#4390=CARTESIAN_POINT('Origin',(0.0083327968775271,10.8667182034754,0.00745148124437691));
#4391=CARTESIAN_POINT('',(-5.89564719940385,10.8667182034751,5.40587904892641));
#4392=CARTESIAN_POINT('Origin',(-3.08312532270365,10.866718203475,6.02565376048114));
#4393=CARTESIAN_POINT('',(-5.56604310211046,10.8667182034751,5.74559868541942));
#4394=CARTESIAN_POINT('Origin',(0.0083327968775271,10.8667182034754,0.00745148124437691));
#4395=CARTESIAN_POINT('',(-3.92294481137331,10.8667182034751,4.8004314902644));
#4396=CARTESIAN_POINT('Origin',(-6.1005424685049,10.8667182034752,2.91563217902328));
#4397=CARTESIAN_POINT('',(-3.310750118247,10.8667182034751,5.24303068535623));
#4398=CARTESIAN_POINT('Origin',(0.0083327968775271,10.8667182034754,0.00745148124437691));
#4399=CARTESIAN_POINT('',(-3.69322266846384,10.866718203475,7.09959411496244));
#4400=CARTESIAN_POINT('Origin',(-0.838341179454152,10.866718203475,6.72005270258456));
#4401=CARTESIAN_POINT('',(-3.26730517169257,10.8667182034749,7.30609490991398));
#4402=CARTESIAN_POINT('Origin',(0.0083327968775271,10.8667182034754,0.00745148124437691));
#4403=CARTESIAN_POINT('',(-2.04656405221456,10.866718203475,5.85595555832182));
#4404=CARTESIAN_POINT('Origin',(-4.73747583223261,10.8667182034751,4.82960581668396));
#4405=CARTESIAN_POINT('',(-1.31991137645834,10.866718203475,6.06247983922911));
#4406=CARTESIAN_POINT('Origin',(0.0083327968775271,10.8667182034754,0.00745148124437691));
#4407=CARTESIAN_POINT('',(-1.04433591926317,10.8667182034749,7.93789211049435));
#4408=CARTESIAN_POINT('Origin',(1.50856434091802,10.8667182034749,6.6048128699513));
#4409=CARTESIAN_POINT('',(-0.573476958997507,10.8667182034749,7.9862670204061));
#4410=CARTESIAN_POINT('Origin',(0.0083327968775271,10.8667182034754,0.00745148124437691));
#4411=CARTESIAN_POINT('Origin',(-2.80199463461389,10.866718203475,6.16195647407214));
#4412=CARTESIAN_POINT('',(1.73151821283962,10.8667182034749,7.81966192530024));
#4413=CARTESIAN_POINT('Origin',(3.67451979601932,10.866718203475,5.69383388715577));
#4414=CARTESIAN_POINT('Origin',(0.0083327968775271,10.8667182034754,0.00745148124437691));
#4415=CARTESIAN_POINT('',(2.88293593360158,10.866718203475,5.49965120506508));
#4416=CARTESIAN_POINT('Origin',(0.0083327968775271,10.8667182034754,0.00745148124437691));
#4417=CARTESIAN_POINT('',(4.29953075226928,10.8667182034749,6.75916386460622));
#4418=CARTESIAN_POINT('Origin',(5.39827899186669,10.8667182034751,4.09699326414095));
#4419=CARTESIAN_POINT('Origin',(0.0083327968775271,10.8667182034754,0.00745148124437691));
#4420=CARTESIAN_POINT('',(4.5880190888595,10.8667182034751,4.18525885677432));
#4421=CARTESIAN_POINT('Origin',(0.0083327968775271,10.8667182034754,0.00745148124437691));
#4422=CARTESIAN_POINT('',(6.34996148694185,10.866718203475,4.88430964581643));
#4423=CARTESIAN_POINT('Origin',(6.47193112946452,10.8667182034752,2.00689354690009));
#4424=CARTESIAN_POINT('Origin',(0.0083327968775271,10.8667182034754,0.00745148124437691));
#4425=CARTESIAN_POINT('Origin',(0.00833279687739383,-5.13328179652465,0.00745148124342118));
#4426=CARTESIAN_POINT('',(6.62728486796406,4.86671820347503,4.50072127958227));
#4427=CARTESIAN_POINT('',(6.62728486796408,7.86671820347503,4.50072127958245));
#4428=CARTESIAN_POINT('',(6.3499614869418,4.86671820347501,4.88430964581607));
#4429=CARTESIAN_POINT('',(6.34996148694183,7.86671820347501,4.88430964581625));
#4430=CARTESIAN_POINT('Origin',(0.00833279687747712,4.86671820347535,0.00745148124401851));
#4431=CARTESIAN_POINT('Origin',(0.00833279687739383,-5.13328179652465,0.00745148124342118));
#4432=CARTESIAN_POINT('',(7.63549820912102,4.86671820347514,2.4212343576179));
#4433=CARTESIAN_POINT('',(7.63549820912105,7.86671820347514,2.42123435761808));
#4434=CARTESIAN_POINT('',(7.76490199584169,4.86671820347517,1.96592901792389));
#4435=CARTESIAN_POINT('Origin',(0.00833279687747712,4.86671820347535,0.00745148124401851));
#4436=CARTESIAN_POINT('',(7.76490199584172,7.86671820347517,1.96592901792407));
#4437=CARTESIAN_POINT('Origin',(0.00833279687739383,-5.13328179652465,0.00745148124342118));
#4438=CARTESIAN_POINT('',(4.29953075226924,4.86671820347491,6.75916386460586));
#4439=CARTESIAN_POINT('',(4.29953075226926,7.86671820347491,6.75916386460604));
#4440=CARTESIAN_POINT('Origin',(0.00833279687747712,4.86671820347535,0.00745148124401851));
#4441=CARTESIAN_POINT('Origin',(0.00833279687739383,-5.13328179652465,0.00745148124342118));
#4442=CARTESIAN_POINT('',(7.40263020308258,4.86671820347547,-3.04613098343391));
#4443=CARTESIAN_POINT('',(7.4026302030826,7.86671820347547,-3.04613098343373));
#4444=CARTESIAN_POINT('',(7.20909462383907,4.8667182034755,-3.47809425957948));
#4445=CARTESIAN_POINT('Origin',(0.00833279687747712,4.86671820347535,0.00745148124401851));
#4446=CARTESIAN_POINT('',(7.20909462383909,7.8667182034755,-3.4780942595793));
#4447=CARTESIAN_POINT('Origin',(0.00833279687739383,-5.13328179652465,0.00745148124342118));
#4448=CARTESIAN_POINT('',(0.590142552752456,4.86671820347582,-7.97136405791771));
#4449=CARTESIAN_POINT('',(0.590142552752482,7.86671820347582,-7.97136405791753));
#4450=CARTESIAN_POINT('Origin',(0.00833279687747712,4.86671820347535,0.00745148124401851));
#4451=CARTESIAN_POINT('Origin',(0.00833279687739383,-5.13328179652465,0.00745148124342118));
#4452=CARTESIAN_POINT('',(-1.71485261908468,4.86671820347583,-7.80475896281184));
#4453=CARTESIAN_POINT('',(-1.71485261908465,7.86671820347583,-7.80475896281166));
#4454=CARTESIAN_POINT('',(-2.17386050309873,4.86671820347583,-7.68917325961083));
#4455=CARTESIAN_POINT('Origin',(0.00833279687747712,4.86671820347535,0.00745148124401851));
#4456=CARTESIAN_POINT('',(-2.1738605030987,7.86671820347583,-7.68917325961065));
#4457=CARTESIAN_POINT('Origin',(0.00833279687739383,-5.13328179652465,0.00745148124342118));
#4458=CARTESIAN_POINT('',(3.28397076544762,4.86671820347576,-7.29119194742556));
#4459=CARTESIAN_POINT('',(3.28397076544765,7.86671820347576,-7.29119194742538));
#4460=CARTESIAN_POINT('Origin',(0.00833279687747712,4.86671820347535,0.00745148124401851));
#4461=CARTESIAN_POINT('Origin',(0.00833279687739383,-5.13328179652465,0.00745148124342118));
#4462=CARTESIAN_POINT('',(5.9123127931589,4.86671820347562,-5.39097608643797));
#4463=CARTESIAN_POINT('',(5.91231279315892,7.86671820347562,-5.3909760864378));
#4464=CARTESIAN_POINT('',(5.58270869586551,4.86671820347565,-5.73069572293098));
#4465=CARTESIAN_POINT('Origin',(0.00833279687747712,4.86671820347535,0.00745148124401851));
#4466=CARTESIAN_POINT('',(5.58270869586554,7.86671820347565,-5.7306957229308));
#4467=CARTESIAN_POINT('Origin',(0.00833279687739383,-5.13328179652465,0.00745148124342118));
#4468=CARTESIAN_POINT('',(-7.74823640208675,4.86671820347553,-1.9510260554358));
#4469=CARTESIAN_POINT('',(-7.74823640208673,7.86671820347553,-1.95102605543562));
#4470=CARTESIAN_POINT('',(-7.61883261536609,4.86671820347556,-2.40633139512981));
#4471=CARTESIAN_POINT('',(-7.61883261536606,7.86671820347556,-2.40633139512963));
#4472=CARTESIAN_POINT('Origin',(0.00833279687747712,4.86671820347535,0.00745148124401851));
#4473=CARTESIAN_POINT('Origin',(0.00833279687739383,-5.13328179652465,0.00745148124342118));
#4474=CARTESIAN_POINT('',(-6.61061927420914,4.86671820347567,-4.48581831709419));
#4475=CARTESIAN_POINT('',(-6.61061927420911,7.86671820347568,-4.48581831709401));
#4476=CARTESIAN_POINT('',(-6.33329589318688,4.8667182034757,-4.86940668332799));
#4477=CARTESIAN_POINT('',(-6.33329589318686,7.8667182034757,-4.86940668332781));
#4478=CARTESIAN_POINT('Origin',(0.00833279687747712,4.86671820347535,0.00745148124401851));
#4479=CARTESIAN_POINT('Origin',(0.00833279687739383,-5.13328179652465,0.00745148124342118));
#4480=CARTESIAN_POINT('',(-4.28286515851433,4.86671820347579,-6.74426090211779));
#4481=CARTESIAN_POINT('',(-4.2828651585143,7.86671820347579,-6.74426090211761));
#4482=CARTESIAN_POINT('',(-4.67465884122968,4.86671820347578,-6.47865592747336));
#4483=CARTESIAN_POINT('Origin',(0.00833279687747712,4.86671820347535,0.00745148124401851));
#4484=CARTESIAN_POINT('',(-4.67465884122966,7.86671820347578,-6.47865592747318));
#4485=CARTESIAN_POINT('Origin',(0.00833279687739383,-5.13328179652465,0.00745148124342118));
#4486=CARTESIAN_POINT('',(-5.56604310211052,4.86671820347505,5.74559868541906));
#4487=CARTESIAN_POINT('',(-5.56604310211049,7.86671820347506,5.74559868541924));
#4488=CARTESIAN_POINT('',(-5.8956471994039,4.86671820347508,5.40587904892605));
#4489=CARTESIAN_POINT('',(-5.89564719940388,7.86671820347508,5.40587904892623));
#4490=CARTESIAN_POINT('Origin',(0.00833279687747712,4.86671820347535,0.00745148124401851));
#4491=CARTESIAN_POINT('Origin',(0.00833279687739383,-5.13328179652465,0.00745148124342118));
#4492=CARTESIAN_POINT('',(-3.69322266846389,4.86671820347496,7.09959411496209));
#4493=CARTESIAN_POINT('',(-3.69322266846387,7.86671820347496,7.09959411496227));
#4494=CARTESIAN_POINT('',(-3.26730517169262,4.86671820347494,7.30609490991362));
#4495=CARTESIAN_POINT('Origin',(0.00833279687747712,4.86671820347535,0.00745148124401851));
#4496=CARTESIAN_POINT('',(-3.26730517169259,7.86671820347494,7.3060949099138));
#4497=CARTESIAN_POINT('Origin',(0.00833279687739383,-5.13328179652465,0.00745148124342118));
#4498=CARTESIAN_POINT('',(-1.04433591926322,4.86671820347489,7.93789211049399));
#4499=CARTESIAN_POINT('',(-1.04433591926319,7.86671820347489,7.93789211049417));
#4500=CARTESIAN_POINT('',(-0.573476958997558,4.86671820347488,7.98626702040575));
#4501=CARTESIAN_POINT('Origin',(0.00833279687747712,4.86671820347535,0.00745148124401851));
#4502=CARTESIAN_POINT('',(-0.573476958997533,7.86671820347488,7.98626702040593));
#4503=CARTESIAN_POINT('Origin',(0.00833279687739383,-5.13328179652465,0.00745148124342118));
#4504=CARTESIAN_POINT('',(-7.19242903008409,4.8667182034752,3.49299722206756));
#4505=CARTESIAN_POINT('',(-7.19242903008406,7.8667182034752,3.49299722206774));
#4506=CARTESIAN_POINT('',(-7.3859646093276,4.86671820347523,3.061033945922));
#4507=CARTESIAN_POINT('',(-7.38596460932758,7.86671820347523,3.06103394592218));
#4508=CARTESIAN_POINT('Origin',(0.00833279687747712,4.86671820347535,0.00745148124401851));
#4509=CARTESIAN_POINT('Origin',(0.00833279687739383,-5.13328179652465,0.00745148124342118));
#4510=CARTESIAN_POINT('',(1.73151821283958,4.86671820347487,7.81966192529989));
#4511=CARTESIAN_POINT('',(1.7315182128396,7.86671820347487,7.81966192530006));
#4512=CARTESIAN_POINT('Origin',(0.00833279687747712,4.86671820347535,0.00745148124401851));
#4513=CARTESIAN_POINT('Origin',(-2.80199463461389,10.866718203475,6.16195647407214));
#4514=CARTESIAN_POINT('Origin',(-2.80199463461394,5.865600603475,6.16195647407184));
#4515=CARTESIAN_POINT('Origin',(-2.80199463461394,4.86671820347501,6.16195647407178));
#4516=CARTESIAN_POINT('Origin',(3.67451979601932,10.866718203475,5.69383388715577));
#4517=CARTESIAN_POINT('Origin',(3.67451979601928,4.86671820347498,5.69383388715541));
#4518=CARTESIAN_POINT('Origin',(3.67451979601928,5.86560060347497,5.69383388715547));
#4519=CARTESIAN_POINT('Origin',(5.39827899186669,10.8667182034751,4.09699326414095));
#4520=CARTESIAN_POINT('',(2.88293593360153,4.866718203475,5.49965120506473));
#4521=CARTESIAN_POINT('',(2.88293593360158,10.866718203475,5.49965120506508));
#4522=CARTESIAN_POINT('Origin',(5.39827899186664,4.86671820347506,4.09699326414059));
#4523=CARTESIAN_POINT('Origin',(0.0083327968775271,10.8667182034754,0.00745148124437691));
#4524=CARTESIAN_POINT('Origin',(0.00833279687747712,4.86671820347535,0.00745148124401851));
#4525=CARTESIAN_POINT('Origin',(-4.95503399166901,10.8667182034751,4.60537080429564));
#4526=CARTESIAN_POINT('',(-5.89959766844042,4.86671820347529,1.88467246369885));
#4527=CARTESIAN_POINT('',(-5.89959766844037,10.8667182034753,1.88467246369921));
#4528=CARTESIAN_POINT('Origin',(-4.95503399166906,4.86671820347512,4.60537080429528));
#4529=CARTESIAN_POINT('Origin',(0.0083327968775271,10.8667182034754,0.00745148124437691));
#4530=CARTESIAN_POINT('Origin',(0.00833279687747712,4.86671820347535,0.00745148124401851));
#4531=CARTESIAN_POINT('Origin',(0.00833279687748544,5.86560060347534,0.00745148124407818));
#4532=CARTESIAN_POINT('Origin',(-6.72678859037518,10.8667182034754,0.650889029034493));
#4533=CARTESIAN_POINT('',(-5.3251554714988,4.86671820347521,3.16680329626757));
#4534=CARTESIAN_POINT('Origin',(-6.72678859037523,4.86671820347537,0.650889029034134));
#4535=CARTESIAN_POINT('',(-5.32515547149875,10.8667182034752,3.16680329626793));
#4536=CARTESIAN_POINT('Origin',(-3.08312532270365,10.866718203475,6.02565376048114));
#4537=CARTESIAN_POINT('',(-4.90125847602485,4.86671820347517,3.79209341054741));
#4538=CARTESIAN_POINT('',(-4.9012584760248,10.8667182034752,3.79209341054777));
#4539=CARTESIAN_POINT('Origin',(-3.0831253227037,4.86671820347502,6.02565376048079));
#4540=CARTESIAN_POINT('Origin',(0.0083327968775271,10.8667182034754,0.00745148124437691));
#4541=CARTESIAN_POINT('Origin',(0.00833279687747712,4.86671820347535,0.00745148124401851));
#4542=CARTESIAN_POINT('Origin',(-4.73747583223261,10.8667182034751,4.82960581668396));
#4543=CARTESIAN_POINT('',(-2.04656405221461,4.86671820347502,5.85595555832146));
#4544=CARTESIAN_POINT('Origin',(-4.73747583223266,4.8667182034751,4.8296058166836));
#4545=CARTESIAN_POINT('',(-2.04656405221456,10.866718203475,5.85595555832182));
#4546=CARTESIAN_POINT('Origin',(1.50856434091802,10.8667182034749,6.6048128699513));
#4547=CARTESIAN_POINT('',(-1.31991137645839,4.866718203475,6.06247983922875));
#4548=CARTESIAN_POINT('',(-1.31991137645834,10.866718203475,6.06247983922911));
#4549=CARTESIAN_POINT('Origin',(1.50856434091797,4.86671820347494,6.60481286995094));
#4550=CARTESIAN_POINT('Origin',(0.0083327968775271,10.8667182034754,0.00745148124437691));
#4551=CARTESIAN_POINT('Origin',(0.00833279687747712,4.86671820347535,0.00745148124401851));
#4552=CARTESIAN_POINT('Origin',(-6.1005424685049,10.8667182034752,2.91563217902328));
#4553=CARTESIAN_POINT('',(-3.92294481137336,4.8667182034751,4.80043149026404));
#4554=CARTESIAN_POINT('Origin',(-6.10054246850495,4.86671820347523,2.91563217902292));
#4555=CARTESIAN_POINT('',(-3.92294481137331,10.8667182034751,4.8004314902644));
#4556=CARTESIAN_POINT('Origin',(-0.838341179454152,10.866718203475,6.72005270258456));
#4557=CARTESIAN_POINT('',(-3.31075011824705,4.86671820347507,5.24303068535587));
#4558=CARTESIAN_POINT('',(-3.310750118247,10.8667182034751,5.24303068535623));
#4559=CARTESIAN_POINT('Origin',(-0.838341179454202,4.86671820347496,6.7200527025842));
#4560=CARTESIAN_POINT('Origin',(0.0083327968775271,10.8667182034754,0.00745148124437691));
#4561=CARTESIAN_POINT('Origin',(0.00833279687747712,4.86671820347535,0.00745148124401851));
#4562=CARTESIAN_POINT('Origin',(-1.79487104402732,10.8667182034758,-6.5136165207842));
#4563=CARTESIAN_POINT('',(-4.02917188346238,4.86671820347567,-4.69639343076506));
#4564=CARTESIAN_POINT('Origin',(-1.79487104402737,4.86671820347576,-6.51361652078456));
#4565=CARTESIAN_POINT('',(-4.02917188346233,10.8667182034757,-4.6963934307647));
#4566=CARTESIAN_POINT('Origin',(-6.45526553570948,10.8667182034755,-1.99199058441129));
#4567=CARTESIAN_POINT('',(-4.57135349510453,4.86671820347564,-4.17035589428589));
#4568=CARTESIAN_POINT('',(-4.57135349510448,10.8667182034756,-4.17035589428554));
#4569=CARTESIAN_POINT('Origin',(-6.45526553570953,4.86671820347552,-1.99199058441165));
#4570=CARTESIAN_POINT('Origin',(0.0083327968775271,10.8667182034754,0.00745148124437691));
#4571=CARTESIAN_POINT('Origin',(0.00833279687747712,4.86671820347535,0.00745148124401851));
#4572=CARTESIAN_POINT('Origin',(0.544212066496686,10.8667182034758,-6.73708003601666));
#4573=CARTESIAN_POINT('',(-2.17687084663939,4.86671820347572,-5.79362480134016));
#4574=CARTESIAN_POINT('Origin',(0.544212066496636,4.86671820347575,-6.73708003601701));
#4575=CARTESIAN_POINT('',(-2.17687084663934,10.8667182034757,-5.7936248013398));
#4576=CARTESIAN_POINT('Origin',(-5.38161339811166,10.8667182034756,-4.08209030165216));
#4577=CARTESIAN_POINT('',(-2.86627033984661,4.8667182034757,-5.48474824257667));
#4578=CARTESIAN_POINT('',(-2.86627033984656,10.8667182034757,-5.48474824257631));
#4579=CARTESIAN_POINT('Origin',(-5.38161339811171,4.86671820347564,-4.08209030165252));
#4580=CARTESIAN_POINT('Origin',(0.0083327968775271,10.8667182034754,0.00745148124437691));
#4581=CARTESIAN_POINT('Origin',(0.00833279687747712,4.86671820347535,0.00745148124401851));
#4582=CARTESIAN_POINT('Origin',(-3.91646115888382,10.8667182034757,-5.50361596379331));
#4583=CARTESIAN_POINT('',(-5.39449026861353,4.86671820347558,-3.03180894244435));
#4584=CARTESIAN_POINT('Origin',(-3.91646115888387,4.86671820347571,-5.50361596379367));
#4585=CARTESIAN_POINT('',(-5.39449026861348,10.8667182034756,-3.03180894244399));
#4586=CARTESIAN_POINT('Origin',(-6.74931232184551,10.8667182034754,0.339271354569778));
#4587=CARTESIAN_POINT('',(-5.72405889457817,4.86671820347554,-2.35205831863609));
#4588=CARTESIAN_POINT('',(-5.72405889457812,10.8667182034755,-2.35205831863573));
#4589=CARTESIAN_POINT('Origin',(-6.74931232184556,4.86671820347539,0.33927135456942));
#4590=CARTESIAN_POINT('Origin',(0.0083327968775271,10.8667182034754,0.00745148124437691));
#4591=CARTESIAN_POINT('Origin',(0.00833279687747712,4.86671820347535,0.00745148124401851));
#4592=CARTESIAN_POINT('Origin',(-5.56466319888576,10.8667182034756,-3.82889933823777));
#4593=CARTESIAN_POINT('',(-6.10814845489025,4.86671820347546,-1.00064479232013));
#4594=CARTESIAN_POINT('Origin',(-5.56466319888581,4.86671820347563,-3.82889933823813));
#4595=CARTESIAN_POINT('',(-6.1081484548902,10.8667182034755,-1.00064479231977));
#4596=CARTESIAN_POINT('Origin',(0.0083327968775271,10.8667182034754,0.00745148124437691));
#4597=CARTESIAN_POINT('Origin',(0.00833279687748544,5.86560060347534,0.00745148124407818));
#4598=CARTESIAN_POINT('Origin',(0.00833279687747712,4.86671820347535,0.00745148124401851));
#4599=CARTESIAN_POINT('Origin',(6.11720806225997,10.8667182034755,-2.90072921653448));
#4600=CARTESIAN_POINT('',(3.93961040512834,4.8667182034756,-4.78552852777598));
#4601=CARTESIAN_POINT('Origin',(6.11720806225992,4.86671820347547,-2.90072921653484));
#4602=CARTESIAN_POINT('',(3.93961040512839,10.8667182034756,-4.78552852777562));
#4603=CARTESIAN_POINT('Origin',(0.0083327968775271,10.8667182034754,0.00745148124437691));
#4604=CARTESIAN_POINT('Origin',(0.00833279687747712,4.86671820347535,0.00745148124401851));
#4605=CARTESIAN_POINT('Origin',(6.74345418413024,10.8667182034753,-0.635986066545692));
#4606=CARTESIAN_POINT('',(5.34182106525378,4.86671820347549,-3.15190033377949));
#4607=CARTESIAN_POINT('Origin',(6.74345418413019,4.86671820347533,-0.63598606654605));
#4608=CARTESIAN_POINT('',(5.34182106525383,10.8667182034755,-3.15190033377914));
#4609=CARTESIAN_POINT('Origin',(3.09979091645874,10.8667182034757,-6.01075079799237));
#4610=CARTESIAN_POINT('',(4.91792406977983,4.86671820347554,-3.77719044805934));
#4611=CARTESIAN_POINT('',(4.91792406977988,10.8667182034755,-3.77719044805898));
#4612=CARTESIAN_POINT('Origin',(3.09979091645869,4.86671820347568,-6.01075079799273));
#4613=CARTESIAN_POINT('Origin',(0.0083327968775271,10.8667182034754,0.00745148124437691));
#4614=CARTESIAN_POINT('Origin',(0.00833279687747712,4.86671820347535,0.00745148124401851));
#4615=CARTESIAN_POINT('Origin',(4.7541414259877,10.8667182034756,-4.81470285419517));
#4616=CARTESIAN_POINT('',(2.0632296459696,4.86671820347568,-5.84105259583341));
#4617=CARTESIAN_POINT('Origin',(4.75414142598765,4.8667182034756,-4.81470285419553));
#4618=CARTESIAN_POINT('',(2.06322964596965,10.8667182034757,-5.84105259583305));
#4619=CARTESIAN_POINT('Origin',(0.0083327968775271,10.8667182034754,0.00745148124437691));
#4620=CARTESIAN_POINT('Origin',(0.00833279687747712,4.86671820347535,0.00745148124401851));
#4621=CARTESIAN_POINT('Origin',(2.81866022836891,10.8667182034757,-6.1470535115834));
#4622=CARTESIAN_POINT('Origin',(2.81866022836886,5.86560060347569,-6.1470535115837));
#4623=CARTESIAN_POINT('Origin',(2.81866022836885,4.8667182034757,-6.14705351158376));
#4624=CARTESIAN_POINT('Origin',(-3.65785420226431,10.8667182034757,-5.67893092466699));
#4625=CARTESIAN_POINT('Origin',(-3.65785420226436,4.86671820347572,-5.67893092466735));
#4626=CARTESIAN_POINT('Origin',(-3.65785420226435,5.86560060347571,-5.67893092466729));
#4627=CARTESIAN_POINT('Origin',(4.9716995854241,10.8667182034756,-4.59046784180685));
#4628=CARTESIAN_POINT('',(5.91626326219538,4.86671820347541,-1.86976950121077));
#4629=CARTESIAN_POINT('',(5.91626326219543,10.8667182034754,-1.86976950121041));
#4630=CARTESIAN_POINT('Origin',(4.97169958542405,4.86671820347558,-4.59046784180721));
#4631=CARTESIAN_POINT('Origin',(0.0083327968775271,10.8667182034754,0.00745148124437691));
#4632=CARTESIAN_POINT('Origin',(0.00833279687747712,4.86671820347535,0.00745148124401851));
#4633=CARTESIAN_POINT('Origin',(0.00833279687748544,5.86560060347534,0.00745148124407818));
#4634=CARTESIAN_POINT('Origin',(5.58132879264079,10.8667182034751,3.84380230072656));
#4635=CARTESIAN_POINT('',(6.1248140486452,4.86671820347524,1.01554775480821));
#4636=CARTESIAN_POINT('Origin',(5.58132879264074,4.86671820347508,3.8438023007262));
#4637=CARTESIAN_POINT('',(6.12481404864524,10.8667182034752,1.01554775480857));
#4638=CARTESIAN_POINT('Origin',(0.0083327968775271,10.8667182034754,0.00745148124437691));
#4639=CARTESIAN_POINT('Origin',(0.00833279687748544,5.86560060347534,0.00745148124407818));
#4640=CARTESIAN_POINT('Origin',(0.00833279687747712,4.86671820347535,0.00745148124401851));
#4641=CARTESIAN_POINT('Origin',(6.47193112946452,10.8667182034752,2.00689354690009));
#4642=CARTESIAN_POINT('',(4.58801908885945,4.86671820347506,4.18525885677396));
#4643=CARTESIAN_POINT('',(4.5880190888595,10.8667182034751,4.18525885677432));
#4644=CARTESIAN_POINT('Origin',(6.47193112946447,4.86671820347518,2.00689354689973));
#4645=CARTESIAN_POINT('Origin',(0.0083327968775271,10.8667182034754,0.00745148124437691));
#4646=CARTESIAN_POINT('Origin',(0.00833279687747712,4.86671820347535,0.00745148124401851));
#4647=CARTESIAN_POINT('Origin',(3.93312675263883,10.866718203475,5.51851892628209));
#4648=CARTESIAN_POINT('',(5.41115586236846,4.86671820347512,3.04671190493243));
#4649=CARTESIAN_POINT('Origin',(3.93312675263878,4.86671820347499,5.51851892628173));
#4650=CARTESIAN_POINT('',(5.41115586236851,10.8667182034751,3.04671190493279));
#4651=CARTESIAN_POINT('Origin',(6.76597791560057,10.8667182034753,-0.324368392080977));
#4652=CARTESIAN_POINT('',(5.74072448833311,4.86671820347516,2.36696128112417));
#4653=CARTESIAN_POINT('',(5.74072448833316,10.8667182034752,2.36696128112453));
#4654=CARTESIAN_POINT('Origin',(6.76597791560052,4.86671820347531,-0.324368392081336));
#4655=CARTESIAN_POINT('Origin',(0.0083327968775271,10.8667182034754,0.00745148124437691));
#4656=CARTESIAN_POINT('Origin',(0.00833279687747712,4.86671820347535,0.00745148124401851));
#4657=CARTESIAN_POINT('Origin',(0.00833279687746045,2.86560060347534,0.00745148124389898));
#4658=CARTESIAN_POINT('Origin',(0.,2.86560060347534,-6.));
#4659=CARTESIAN_POINT('Origin',(0.00833279687747712,4.86671820347535,0.00745148124401851));
#4660=CARTESIAN_POINT('Origin',(0.512976417657932,5.86560060347492,6.98923741437076));
#4661=CARTESIAN_POINT('Origin',(-6.97345313624919,5.86560060347537,0.512095102024598));
#4662=CARTESIAN_POINT('Origin',(-0.496310823902961,5.86560060347576,-6.9743344518826));
#4663=CARTESIAN_POINT('Origin',(6.99011873000417,5.86560060347531,-0.497192139536393));
#4664=CARTESIAN_POINT('Origin',(0.,2.9,-6.));
#4665=CARTESIAN_POINT('',(-0.8,2.9,-6.));
#4666=CARTESIAN_POINT('Origin',(0.,2.9,-6.));
#4667=CARTESIAN_POINT('',(-0.8,0.,-6.));
#4668=CARTESIAN_POINT('',(-0.8,2.9,-6.));
#4669=CARTESIAN_POINT('Origin',(0.,0.,-6.));
#4670=CARTESIAN_POINT('Origin',(0.,2.9,-6.));
#4671=CARTESIAN_POINT('Origin',(0.530385588718,2.9,-7.783392006528));
#4672=CARTESIAN_POINT('',(0.829168972882205,8.48621125141835E-5,-7.75652810827385));
#4673=CARTESIAN_POINT('',(0.829243998145561,2.9,-7.7572452837037));
#4674=CARTESIAN_POINT('',(0.53033493797256,8.48621125731919E-5,-7.78267269860415));
#4675=CARTESIAN_POINT('',(0.6051001910749,0.,-7.77685532582192));
#4676=CARTESIAN_POINT('',(0.53033493797256,2.89991513788727,-7.78267269860415));
#4677=CARTESIAN_POINT('',(0.530385588717998,2.9,-7.783392006528));
#4678=CARTESIAN_POINT('',(0.6051001910749,2.9,-7.77685532582192));
#4679=CARTESIAN_POINT('Origin',(0.8292439981455,2.9,-7.757245283703));
#4680=CARTESIAN_POINT('',(0.8465525731578,2.7,-7.95508320138));
#4681=CARTESIAN_POINT('',(0.846552573157416,2.70000000000526,-7.95508320137545));
#4682=CARTESIAN_POINT('',(0.8465525731578,0.1999999999998,-7.95508320138));
#4683=CARTESIAN_POINT('',(0.8465525731611,2.69999999977,-7.95508320138));
#4684=CARTESIAN_POINT('',(0.829243998145561,0.00144217436766316,-7.7572452837037));
#4685=CARTESIAN_POINT('Origin',(6.,2.9,0.));
#4686=CARTESIAN_POINT('',(6.,2.9,-0.8));
#4687=CARTESIAN_POINT('Origin',(6.,2.9,0.));
#4688=CARTESIAN_POINT('',(6.,0.,-0.8));
#4689=CARTESIAN_POINT('',(6.,2.9,-0.8));
#4690=CARTESIAN_POINT('Origin',(6.,0.,0.));
#4691=CARTESIAN_POINT('Origin',(6.,2.9,0.));
#4692=CARTESIAN_POINT('Origin',(0.,2.8,-3.82089801334E-14));
#4693=CARTESIAN_POINT('Origin',(0.,2.9,-3.82089801334E-14));
#4694=CARTESIAN_POINT('',(-1.567687262011E-12,2.9,7.8));
#4695=CARTESIAN_POINT('Origin',(0.,2.9,-3.82089801334E-14));
#4696=CARTESIAN_POINT('',(0.2,2.897436318747,7.8));
#4697=CARTESIAN_POINT('Origin',(-2.44282485755196E-5,-4.90446939698187,
7.80001765365266));
#4698=CARTESIAN_POINT('',(0.2,2.7,7.997499609253));
#4699=CARTESIAN_POINT('',(0.2,2.7,7.997499609253));
#4700=CARTESIAN_POINT('Origin',(0.,2.7,-3.82089801334E-14));
#4701=CARTESIAN_POINT('Origin',(0.,2.8,0.));
#4702=CARTESIAN_POINT('',(2.8,2.7,-3.42901103761259E-16));
#4703=CARTESIAN_POINT('',(3.42901103761259E-16,2.7,2.8));
#4704=CARTESIAN_POINT('Origin',(0.,2.7,0.));
#4705=CARTESIAN_POINT('Origin',(0.,2.7,0.));
#4706=CARTESIAN_POINT('',(3.67394039744206E-16,2.9,3.));
#4707=CARTESIAN_POINT('',(3.55147571752732E-16,2.8,2.9));
#4708=CARTESIAN_POINT('Origin',(0.,2.9,0.));
#4709=CARTESIAN_POINT('Origin',(0.,2.9,0.));
#4710=CARTESIAN_POINT('Origin',(0.,2.9,0.));
#4711=CARTESIAN_POINT('Origin',(0.,2.9,0.));
#4712=CARTESIAN_POINT('',(-0.199971006991637,2.89984910610017,7.79871848147067));
#4713=CARTESIAN_POINT('Origin',(0.,2.9,-3.82089801334E-14));
#4714=CARTESIAN_POINT('',(0.1,2.9,7.8));
#4715=CARTESIAN_POINT('',(0.8,2.9,6.));
#4716=CARTESIAN_POINT('Origin',(0.,2.9,6.));
#4717=CARTESIAN_POINT('Origin',(0.,2.9,6.));
#4718=CARTESIAN_POINT('Origin',(0.,2.9,0.));
#4719=CARTESIAN_POINT('Origin',(0.,2.9,-3.82089801334E-14));
#4720=CARTESIAN_POINT('',(-6.,2.9,0.8));
#4721=CARTESIAN_POINT('Origin',(-6.,2.9,0.));
#4722=CARTESIAN_POINT('Origin',(-6.,2.9,0.));
#4723=CARTESIAN_POINT('Origin',(0.,2.9,0.));
#4724=CARTESIAN_POINT('Origin',(0.,0.,0.));
#4725=CARTESIAN_POINT('',(-1.155888999981E-14,-2.007283228522E-13,7.8));
#4726=CARTESIAN_POINT('Origin',(0.,-2.007283228522E-13,-3.82089801334E-14));
#4727=CARTESIAN_POINT('',(-0.829168972882093,8.48621125633109E-5,-7.75652810827351));
#4728=CARTESIAN_POINT('Origin',(0.,-2.007283228522E-13,-3.82089801334E-14));
#4729=CARTESIAN_POINT('',(-0.530334937972525,8.48621125590365E-5,-7.7826726986038));
#4730=CARTESIAN_POINT('',(-0.754529395788619,0.,-7.76378196440907));
#4731=CARTESIAN_POINT('Origin',(0.,-1.998401444325E-13,-3.82089801334E-14));
#4732=CARTESIAN_POINT('',(0.8,0.,6.));
#4733=CARTESIAN_POINT('Origin',(0.,0.,6.));
#4734=CARTESIAN_POINT('',(-6.,0.,0.8));
#4735=CARTESIAN_POINT('Origin',(-6.,0.,0.));
#4736=CARTESIAN_POINT('',(-0.0408893775878578,0.,-4.31578959126908));
#4737=CARTESIAN_POINT('Origin',(0.,0.,0.));
#4738=CARTESIAN_POINT('Origin',(0.,0.0999999999998,-3.82089801334E-14));
#4739=CARTESIAN_POINT('',(0.2,0.1999999999998,7.997499609253));
#4740=CARTESIAN_POINT('Origin',(0.,0.1999999999998,-3.82089801334E-14));
#4741=CARTESIAN_POINT('',(0.2,0.002563681252435,7.8));
#4742=CARTESIAN_POINT('',(0.2,0.002563681252435,7.8));
#4743=CARTESIAN_POINT('Origin',(-2.44282497997156E-5,7.80446939771752,7.80001765290895));
#4744=CARTESIAN_POINT('Origin',(0.,0.,0.));
#4745=CARTESIAN_POINT('',(0.2,0.1999999999999,7.997499609253));
#4746=CARTESIAN_POINT('Origin',(0.2,2.9,8.));
#4747=CARTESIAN_POINT('',(0.2,0.002563681252435,7.8));
#4748=CARTESIAN_POINT('Origin',(0.2,2.9,7.8));
#4749=CARTESIAN_POINT('',(-0.2,0.00256368125247,7.8));
#4750=CARTESIAN_POINT('',(-0.2,2.9,7.8));
#4751=CARTESIAN_POINT('Origin',(2.44282454296783E-5,7.80446939740439,7.80001765320642));
#4752=CARTESIAN_POINT('Origin',(-0.2,2.9,7.8));
#4753=CARTESIAN_POINT('',(-0.2,2.7,7.997499609253));
#4754=CARTESIAN_POINT('',(-0.2,0.1999999999998,7.997499609253));
#4755=CARTESIAN_POINT('',(-0.2,2.7,7.997499609253));
#4756=CARTESIAN_POINT('',(-0.2,0.1999999999999,7.997499609253));
#4757=CARTESIAN_POINT('',(-0.2,2.89743631874689,7.8));
#4758=CARTESIAN_POINT('Origin',(0.,0.,0.));
#4759=CARTESIAN_POINT('',(-0.8465525731578,2.7,-7.95508320138));
#4760=CARTESIAN_POINT('Origin',(0.,2.7,-3.82089801334E-14));
#4761=CARTESIAN_POINT('',(-0.846552573161,0.2000000002303,-7.95508320138));
#4762=CARTESIAN_POINT('',(-0.846552573161,0.2000000002303,-7.95508320138));
#4763=CARTESIAN_POINT('Origin',(0.,0.1999999999998,-3.82089801334E-14));
#4764=CARTESIAN_POINT('Origin',(0.,2.8,-3.82089801334E-14));
#4765=CARTESIAN_POINT('',(-0.82916897288209,2.89991513788743,-7.75652810827351));
#4766=CARTESIAN_POINT('Origin',(0.,2.9,-3.82089801334E-14));
#4767=CARTESIAN_POINT('',(-0.829243998145411,2.8985578256335,-7.75724528370301));
#4768=CARTESIAN_POINT('Origin',(-0.846675146695,2.9,-7.956484223322));
#4769=CARTESIAN_POINT('',(-0.829243998145411,2.9,-7.75724528370301));
#4770=CARTESIAN_POINT('',(-0.846552573167313,0.200000000110723,-7.9550832014896));
#4771=CARTESIAN_POINT('Origin',(0.,0.0999999999998,-3.82089801334E-14));
#4772=CARTESIAN_POINT('Origin',(-0.8292439981455,2.9,-7.757245283703));
#4773=CARTESIAN_POINT('',(-0.530334937972528,2.89991513788742,-7.7826726986038));
#4774=CARTESIAN_POINT('',(-0.754529395788619,2.9,-7.76378196440908));
#4775=CARTESIAN_POINT('',(-0.530385588717939,2.9,-7.7833920065273));
#4776=CARTESIAN_POINT('Origin',(0.,2.9,0.));
#4777=CARTESIAN_POINT('Origin',(0.,2.9,-3.82089801334E-14));
#4778=CARTESIAN_POINT('Origin',(0.,2.8,-3.82089801334E-14));
#4779=CARTESIAN_POINT('',(0.547694163727,2.69999999977,-7.981229924204));
#4780=CARTESIAN_POINT('',(0.530385588717998,2.89855782563147,-7.783392006528));
#4781=CARTESIAN_POINT('',(-0.5476941637303,2.7,-7.981229924204));
#4782=CARTESIAN_POINT('Origin',(0.,2.7,-3.82089801334E-14));
#4783=CARTESIAN_POINT('',(-0.547694163729838,2.70000000000535,-7.98122992419956));
#4784=CARTESIAN_POINT('Origin',(-0.530385588718,2.9,-7.783392006528));
#4785=CARTESIAN_POINT('',(-0.5476941637303,0.1999999999998,-7.981229924205));
#4786=CARTESIAN_POINT('',(-0.547694163727,2.69999999977,-7.981229924204));
#4787=CARTESIAN_POINT('',(-0.530385588717939,0.00144217436792689,-7.7833920065273));
#4788=CARTESIAN_POINT('Origin',(0.,0.,0.));
#4789=CARTESIAN_POINT('',(0.547694163727,0.2000000002303,-7.981229924205));
#4790=CARTESIAN_POINT('',(0.547694163727,0.2000000002303,-7.981229924205));
#4791=CARTESIAN_POINT('Origin',(0.,0.1999999999998,-3.82089801334E-14));
#4792=CARTESIAN_POINT('Origin',(0.,0.09999999999979,-3.82089801334E-14));
#4793=CARTESIAN_POINT('',(0.547694163739859,0.200000000110628,-7.98122992431413));
#4794=CARTESIAN_POINT('Origin',(0.5478167372675,2.9,-7.982630946146));
#4795=CARTESIAN_POINT('Origin',(0.,2.9,0.));
#4796=CARTESIAN_POINT('',(2.8,1.3,-3.42901103761259E-16));
#4797=CARTESIAN_POINT('Origin',(0.,1.3,0.));
#4798=CARTESIAN_POINT('',(2.8,2.9,-3.42901103761259E-16));
#4799=CARTESIAN_POINT('Origin',(0.,1.3,0.));
#4800=CARTESIAN_POINT('',(0.5250000002586,1.3,2.1));
#4801=CARTESIAN_POINT('',(-0.525,1.3,2.1));
#4802=CARTESIAN_POINT('',(0.5250000002586,1.3,2.1));
#4803=CARTESIAN_POINT('',(-0.725,1.3,1.900000000517));
#4804=CARTESIAN_POINT('Origin',(-0.525,1.3,1.9));
#4805=CARTESIAN_POINT('',(-0.725,1.3,1.079062092745));
#4806=CARTESIAN_POINT('',(-0.725,1.3,1.900000000517));
#4807=CARTESIAN_POINT('',(0.7250000000001,1.3,1.079062092745));
#4808=CARTESIAN_POINT('Origin',(0.,1.3,0.));
#4809=CARTESIAN_POINT('',(0.725,1.3,1.9));
#4810=CARTESIAN_POINT('',(0.725,1.3,1.9));
#4811=CARTESIAN_POINT('Origin',(0.525,1.3,1.9));
#4812=CARTESIAN_POINT('Origin',(-0.725,1.3,2.1));
#4813=CARTESIAN_POINT('',(0.5250000014285,-0.04999999999169,2.099999999996));
#4814=CARTESIAN_POINT('',(-0.5250000000492,-0.0499999999956,2.099999999998));
#4815=CARTESIAN_POINT('',(0.5250000014285,-0.04999999999169,2.099999999996));
#4816=CARTESIAN_POINT('',(-0.5250000000492,-0.0499999999956,2.099999999998));
#4817=CARTESIAN_POINT('',(0.5250000002586,1.3,2.1));
#4818=CARTESIAN_POINT('Origin',(0.,-0.075,2.125));
#4819=CARTESIAN_POINT('',(0.5250000016855,-0.09999999999073,2.149999999981));
#4820=CARTESIAN_POINT('',(-0.5250000000963,-0.09999999999507,2.14999999999));
#4821=CARTESIAN_POINT('',(0.5250000016855,-0.09999999999073,2.149999999981));
#4822=CARTESIAN_POINT('',(-0.5250000000963,-0.09999999999507,2.14999999999));
#4823=CARTESIAN_POINT('',(0.5250000014285,-0.04999999999169,2.099999999996));
#4824=CARTESIAN_POINT('Origin',(0.,-0.1,0.));
#4825=CARTESIAN_POINT('',(3.06161699786838E-16,-0.1,-2.5));
#4826=CARTESIAN_POINT('Origin',(0.,-0.1,0.));
#4827=CARTESIAN_POINT('',(0.7750000000001,-0.1,1.043731287257));
#4828=CARTESIAN_POINT('',(0.7749999999903,-0.09999999999514,1.900000000095));
#4829=CARTESIAN_POINT('',(0.7750000000001,-0.1,1.043731287257));
#4830=CARTESIAN_POINT('',(-0.7750000000001,-0.1,1.043731287257));
#4831=CARTESIAN_POINT('Origin',(0.,-0.1,0.));
#4832=CARTESIAN_POINT('',(-0.774999999990792,-0.0999999999969409,1.90000000117517));
#4833=CARTESIAN_POINT('',(-0.7749999999816,-0.0999999999908,1.900000001976));
#4834=CARTESIAN_POINT('Origin',(-0.525,-0.1,1.9));
#4835=CARTESIAN_POINT('Origin',(0.525,-0.1,1.9));
#4836=CARTESIAN_POINT('Origin',(0.,-2.7,0.));
#4837=CARTESIAN_POINT('',(3.06161699786838E-16,-2.40001011927076,-2.5));
#4838=CARTESIAN_POINT('',(3.06161699786838E-16,-2.7,-2.5));
#4839=CARTESIAN_POINT('',(0.,-2.40001011927076,2.5));
#4840=CARTESIAN_POINT('Origin',(0.,-2.40001011927076,0.));
#4841=CARTESIAN_POINT('Origin',(0.,-2.40001011927076,0.));
#4842=CARTESIAN_POINT('Origin',(0.,-2.550005299189,0.));
#4843=CARTESIAN_POINT('',(0.,-2.7,2.7999886664627));
#4844=CARTESIAN_POINT('',(-3.24530737131778E-16,-2.550005299189,2.649994572784));
#4845=CARTESIAN_POINT('Origin',(0.,-2.7,0.));
#4846=CARTESIAN_POINT('Origin',(0.,-2.7,0.));
#4847=CARTESIAN_POINT('',(0.0306589668087,-2.7,3.225371969248));
#4848=CARTESIAN_POINT('Origin',(0.,-2.7,0.));
#4849=CARTESIAN_POINT('Origin',(0.,-2.2,0.));
#4850=CARTESIAN_POINT('',(0.0354050192173216,-2.226167980612,3.7246642154235));
#4851=CARTESIAN_POINT('Origin',(0.030658967144824,-2.2,3.22537200460838));
#4852=CARTESIAN_POINT('',(-4.56160417875532E-16,-2.22616798061197,-3.72483248388947));
#4853=CARTESIAN_POINT('Origin',(0.,-2.226167980612,0.));
#4854=CARTESIAN_POINT('Origin',(0.,-2.226167980612,0.));
#4855=CARTESIAN_POINT('Origin',(0.,-1.350000001245,0.));
#4856=CARTESIAN_POINT('',(-0.0361588981817,-0.4738320218785,-3.81649723254));
#4857=CARTESIAN_POINT('',(-4.67407088647897E-16,-0.473832021878474,-3.81666852004451));
#4858=CARTESIAN_POINT('Origin',(0.,-0.4738320218785,0.));
#4859=CARTESIAN_POINT('',(-4.61783753261716E-16,-1.350000001245,-3.770750501967));
#4860=CARTESIAN_POINT('Origin',(0.,-0.4738320218785,0.));
#4861=CARTESIAN_POINT('Origin',(0.,-0.5,0.));
#4862=CARTESIAN_POINT('Origin',(-0.0408893775878579,-0.5,-4.31578959126908));
#4863=CARTESIAN_POINT('Origin',(0.7499999999825,-0.07499999998248,1.489531046527));
#4864=CARTESIAN_POINT('',(0.7250000000002,-0.05000000000014,1.079062092745));
#4865=CARTESIAN_POINT('Origin',(-0.433760887429333,1.10912197960066,-0.6139210137238));
#4866=CARTESIAN_POINT('',(0.7249999999978,-0.04999999999562,1.900000000049));
#4867=CARTESIAN_POINT('',(0.7749999999903,-0.09999999999514,1.900000000095));
#4868=CARTESIAN_POINT('',(0.7250000000001,-0.04999999999999,1.079062092745));
#4869=CARTESIAN_POINT('Origin',(0.,2.9,0.));
#4870=CARTESIAN_POINT('',(0.7250000000001,1.3,1.079062092745));
#4871=CARTESIAN_POINT('',(-0.7250000000002,-0.05000000000019,1.079062092745));
#4872=CARTESIAN_POINT('',(-0.725,-0.05000000000001,1.079062092745));
#4873=CARTESIAN_POINT('Origin',(0.433760891375342,1.10912198363621,-0.613921019103998));
#4874=CARTESIAN_POINT('Origin',(-0.7499999999668,-0.07499999996684,1.489531050251));
#4875=CARTESIAN_POINT('',(-0.7249999999917,-0.04999999998343,1.900000002573));
#4876=CARTESIAN_POINT('',(-0.7249999999917,-0.04999999998343,1.900000002573));
#4877=CARTESIAN_POINT('',(-0.7249999999917,-0.04999999998343,1.900000002573));
#4878=CARTESIAN_POINT('Origin',(-0.525,-0.07500000000002,1.9));
#4879=CARTESIAN_POINT('Origin',(-0.525,-0.05000000000002,1.9));
#4880=CARTESIAN_POINT('Origin',(-0.525,1.336474163055,1.9));
#4881=CARTESIAN_POINT('',(-0.7249999999917,-0.04999999998343,1.900000002573));
#4882=CARTESIAN_POINT('Origin',(-0.725,1.3,0.));
#4883=CARTESIAN_POINT('Origin',(0.725,1.3,2.1));
#4884=CARTESIAN_POINT('',(0.7249999999978,-0.04999999999562,1.900000000049));
#4885=CARTESIAN_POINT('Origin',(0.525,1.336474163055,1.9));
#4886=CARTESIAN_POINT('Origin',(0.525,-0.05000000000002,1.9));
#4887=CARTESIAN_POINT('Origin',(0.525,-0.07500000000002,1.9));
#4888=CARTESIAN_POINT('Origin',(0.,2.9,6.));
#4889=CARTESIAN_POINT('',(0.8,2.9,6.));
#4890=CARTESIAN_POINT('Origin',(-6.,2.9,0.));
#4891=CARTESIAN_POINT('',(-6.,2.9,0.8));
#4892=UNCERTAINTY_MEASURE_WITH_UNIT(LENGTH_MEASURE(0.01),#4896,
'DISTANCE_ACCURACY_VALUE',
'Maximum model space distance between geometric entities at asserted c
onnectivities');
#4893=UNCERTAINTY_MEASURE_WITH_UNIT(LENGTH_MEASURE(0.01),#4896,
'DISTANCE_ACCURACY_VALUE',
'Maximum model space distance between geometric entities at asserted c
onnectivities');
#4894=(
GEOMETRIC_REPRESENTATION_CONTEXT(3)
GLOBAL_UNCERTAINTY_ASSIGNED_CONTEXT((#4892))
GLOBAL_UNIT_ASSIGNED_CONTEXT((#4896,#4898,#4899))
REPRESENTATION_CONTEXT('','3D')
);
#4895=(
GEOMETRIC_REPRESENTATION_CONTEXT(3)
GLOBAL_UNCERTAINTY_ASSIGNED_CONTEXT((#4893))
GLOBAL_UNIT_ASSIGNED_CONTEXT((#4896,#4898,#4899))
REPRESENTATION_CONTEXT('','3D')
);
#4896=(
LENGTH_UNIT()
NAMED_UNIT(*)
SI_UNIT(.MILLI.,.METRE.)
);
#4897=(
LENGTH_UNIT()
NAMED_UNIT(*)
SI_UNIT($,.METRE.)
);
#4898=(
NAMED_UNIT(*)
PLANE_ANGLE_UNIT()
SI_UNIT($,.RADIAN.)
);
#4899=(
NAMED_UNIT(*)
SI_UNIT($,.STERADIAN.)
SOLID_ANGLE_UNIT()
);
#4900=SHAPE_DEFINITION_REPRESENTATION(#4901,#4902);
#4901=PRODUCT_DEFINITION_SHAPE('',$,#4904);
#4902=SHAPE_REPRESENTATION('',(#2693),#4894);
#4903=PRODUCT_DEFINITION_CONTEXT('part definition',#4908,'design');
#4904=PRODUCT_DEFINITION('2026-07-27-14-21-29-735','\X2\BAA8D130D1B1B2C8\X0\',
#4905,#4903);
#4905=PRODUCT_DEFINITION_FORMATION('',$,#4910);
#4906=PRODUCT_RELATED_PRODUCT_CATEGORY('\X2\BAA8D130D1B1B2C8\X0\',
'\X2\BAA8D130D1B1B2C8\X0\',(#4910));
#4907=APPLICATION_PROTOCOL_DEFINITION('international standard',
'automotive_design',2009,#4908);
#4908=APPLICATION_CONTEXT(
'Core Data for Automotive Mechanical Design Process');
#4909=PRODUCT_CONTEXT('part definition',#4908,'mechanical');
#4910=PRODUCT('2026-07-27-14-21-29-735','\X2\BAA8D130D1B1B2C8\X0\',
'NOT SPECIFIED',(#4909));
#4911=PRESENTATION_STYLE_ASSIGNMENT((#4913));
#4912=PRESENTATION_STYLE_ASSIGNMENT((#4914));
#4913=SURFACE_STYLE_USAGE(.BOTH.,#4915);
#4914=SURFACE_STYLE_USAGE(.BOTH.,#4916);
#4915=SURFACE_SIDE_STYLE('',(#4917));
#4916=SURFACE_SIDE_STYLE('',(#4918));
#4917=SURFACE_STYLE_FILL_AREA(#4919);
#4918=SURFACE_STYLE_FILL_AREA(#4920);
#4919=FILL_AREA_STYLE('\X2\AC15CCA0\X0\ - \X2\C0C8D2F4\X0\',(#4921));
#4920=FILL_AREA_STYLE('Opaque(160,160,160)',(#4922));
#4921=FILL_AREA_STYLE_COLOUR('\X2\AC15CCA0\X0\ - \X2\C0C8D2F4\X0\',#4923);
#4922=FILL_AREA_STYLE_COLOUR('Opaque(160,160,160)',#4924);
#4923=COLOUR_RGB('\X2\AC15CCA0\X0\ - \X2\C0C8D2F4\X0\',0.627450980392157,
0.627450980392157,0.627450980392157);
#4924=COLOUR_RGB('Opaque(160,160,160)',0.627450980392157,0.627450980392157,
0.627450980392157);
ENDSEC;
END-ISO-10303-21;
