ISO-10303-21;
HEADER;
/* Generated by software containing ST-Developer
 * from STEP Tools, Inc. (www.steptools.com) 
 */

FILE_DESCRIPTION(
/* description */ (''),
/* implementation_level */ '2;1');

FILE_NAME(
/* name */ 'gripper_link.step',
/* time_stamp */ '2026-07-27T14:14:45+09:00',
/* author */ (''),
/* organization */ (''),
/* preprocessor_version */ 'ST-DEVELOPER v20.1',
/* originating_system */ 'Autodesk Translation Framework v15.8.0.0',
/* authorisation */ '');

FILE_SCHEMA (('AUTOMOTIVE_DESIGN { 1 0 10303 214 3 1 1 }'));
ENDSEC;

DATA;
#10=MECHANICAL_DESIGN_GEOMETRIC_PRESENTATION_REPRESENTATION('',(#13),#2018);
#11=SHAPE_REPRESENTATION_RELATIONSHIP('SRR','None',#2025,#12);
#12=ADVANCED_BREP_SHAPE_REPRESENTATION('',(#14),#2017);
#13=STYLED_ITEM('',(#2035),#14);
#14=MANIFOLD_SOLID_BREP('\X2\BCF8CCB4\X0\1',#733);
#15=(
BOUNDED_SURFACE()
B_SPLINE_SURFACE(2,1,((#1698,#1699),(#1700,#1701),(#1702,#1703),(#1704,
#1705),(#1706,#1707),(#1708,#1709),(#1710,#1711)),.UNSPECIFIED.,.T.,.F.,
 .F.)
B_SPLINE_SURFACE_WITH_KNOTS((3,2,2,3),(2,2),(0.,2.094395102393,4.188790204786,
6.28318530718),(0.,0.0446542572073213),.UNSPECIFIED.)
GEOMETRIC_REPRESENTATION_ITEM()
RATIONAL_B_SPLINE_SURFACE(((1.,1.),(0.5,0.5),(1.,1.),(0.5,0.5),(1.,1.),
(0.5,0.5),(1.,1.)))
REPRESENTATION_ITEM('')
SURFACE()
);
#16=(
BOUNDED_SURFACE()
B_SPLINE_SURFACE(2,1,((#1713,#1714),(#1715,#1716),(#1717,#1718),(#1719,
#1720),(#1721,#1722),(#1723,#1724),(#1725,#1726),(#1727,#1728),(#1729,#1730)),
 .UNSPECIFIED.,.T.,.F.,.F.)
B_SPLINE_SURFACE_WITH_KNOTS((3,2,2,2,3),(2,2),(3.14159265359,4.188790204786,
6.28318530718,8.377580409573,9.424777960769),(0.,0.0446542572073213),
 .UNSPECIFIED.)
GEOMETRIC_REPRESENTATION_ITEM()
RATIONAL_B_SPLINE_SURFACE(((0.75,0.75),(0.75,0.75),(1.,1.),(0.5,0.5),(1.,
1.),(0.5,0.5),(1.,1.),(0.75,0.75),(0.75,0.75)))
REPRESENTATION_ITEM('')
SURFACE()
);
#17=(
BOUNDED_SURFACE()
B_SPLINE_SURFACE(2,1,((#1732,#1733),(#1734,#1735),(#1736,#1737),(#1738,
#1739),(#1740,#1741),(#1742,#1743),(#1744,#1745)),.UNSPECIFIED.,.T.,.F.,
 .F.)
B_SPLINE_SURFACE_WITH_KNOTS((3,2,2,3),(2,2),(0.,2.094395102393,4.188790204786,
6.28318530718),(0.,0.0446542572031177),.UNSPECIFIED.)
GEOMETRIC_REPRESENTATION_ITEM()
RATIONAL_B_SPLINE_SURFACE(((1.,1.),(0.5,0.5),(1.,1.),(0.5,0.5),(1.,1.),
(0.5,0.5),(1.,1.)))
REPRESENTATION_ITEM('')
SURFACE()
);
#18=(
BOUNDED_SURFACE()
B_SPLINE_SURFACE(2,1,((#1776,#1777),(#1778,#1779),(#1780,#1781),(#1782,
#1783),(#1784,#1785),(#1786,#1787),(#1788,#1789),(#1790,#1791),(#1792,#1793)),
 .UNSPECIFIED.,.T.,.F.,.F.)
B_SPLINE_SURFACE_WITH_KNOTS((3,2,2,2,3),(2,2),(3.14159265359,4.188790204786,
6.28318530718,8.377580409573,9.424777960769),(0.,0.0446542572031177),
 .UNSPECIFIED.)
GEOMETRIC_REPRESENTATION_ITEM()
RATIONAL_B_SPLINE_SURFACE(((0.75,0.75),(0.75,0.75),(1.,1.),(0.5,0.5),(1.,
1.),(0.5,0.5),(1.,1.),(0.75,0.75),(0.75,0.75)))
REPRESENTATION_ITEM('')
SURFACE()
);
#19=(
BOUNDED_SURFACE()
B_SPLINE_SURFACE(2,1,((#1795,#1796),(#1797,#1798),(#1799,#1800)),
 .UNSPECIFIED.,.F.,.F.,.F.)
B_SPLINE_SURFACE_WITH_KNOTS((3,3),(2,2),(5.931130207868,6.635240406491),
(0.,0.148847524016639),.UNSPECIFIED.)
GEOMETRIC_REPRESENTATION_ITEM()
RATIONAL_B_SPLINE_SURFACE(((1.,1.),(0.938666040607,0.938666040607),(1.,
1.)))
REPRESENTATION_ITEM('')
SURFACE()
);
#20=(
BOUNDED_SURFACE()
B_SPLINE_SURFACE(2,1,((#1806,#1807),(#1808,#1809),(#1810,#1811)),
 .UNSPECIFIED.,.F.,.F.,.F.)
B_SPLINE_SURFACE_WITH_KNOTS((3,3),(2,2),(0.,1.92285142612),(0.,0.148847524016639),
 .UNSPECIFIED.)
GEOMETRIC_REPRESENTATION_ITEM()
RATIONAL_B_SPLINE_SURFACE(((1.,1.),(0.572351471466,0.572351471466),(1.,
1.)))
REPRESENTATION_ITEM('')
SURFACE()
);
#21=(
BOUNDED_SURFACE()
B_SPLINE_SURFACE(2,1,((#1819,#1820),(#1821,#1822),(#1823,#1824)),
 .UNSPECIFIED.,.F.,.F.,.F.)
B_SPLINE_SURFACE_WITH_KNOTS((3,3),(2,2),(0.,1.92285142611),(0.,0.148847524016639),
 .UNSPECIFIED.)
GEOMETRIC_REPRESENTATION_ITEM()
RATIONAL_B_SPLINE_SURFACE(((1.,1.),(0.57235147147,0.57235147147),(1.,1.)))
REPRESENTATION_ITEM('')
SURFACE()
);
#22=(
BOUNDED_SURFACE()
B_SPLINE_SURFACE(2,1,((#1828,#1829),(#1830,#1831),(#1832,#1833)),
 .UNSPECIFIED.,.F.,.F.,.F.)
B_SPLINE_SURFACE_WITH_KNOTS((3,3),(2,2),(2.78953755428,3.4936477529),(0.,
0.148847524016639),.UNSPECIFIED.)
GEOMETRIC_REPRESENTATION_ITEM()
RATIONAL_B_SPLINE_SURFACE(((1.,1.),(0.938666040608,0.938666040608),(1.,
1.)))
REPRESENTATION_ITEM('')
SURFACE()
);
#23=(
BOUNDED_SURFACE()
B_SPLINE_SURFACE(2,1,((#1837,#1838),(#1839,#1840),(#1841,#1842)),
 .UNSPECIFIED.,.F.,.F.,.F.)
B_SPLINE_SURFACE_WITH_KNOTS((3,3),(2,2),(0.,1.922851426114),(0.,0.148847524016639),
 .UNSPECIFIED.)
GEOMETRIC_REPRESENTATION_ITEM()
RATIONAL_B_SPLINE_SURFACE(((1.,1.),(0.572351471468,0.572351471468),(1.,
1.)))
REPRESENTATION_ITEM('')
SURFACE()
);
#24=(
BOUNDED_SURFACE()
B_SPLINE_SURFACE(2,1,((#1850,#1851),(#1852,#1853),(#1854,#1855)),
 .UNSPECIFIED.,.F.,.F.,.F.)
B_SPLINE_SURFACE_WITH_KNOTS((3,3),(2,2),(0.,1.922851426116),(0.,0.148847524016639),
 .UNSPECIFIED.)
GEOMETRIC_REPRESENTATION_ITEM()
RATIONAL_B_SPLINE_SURFACE(((1.,1.),(0.572351471467,0.572351471467),(1.,
1.)))
REPRESENTATION_ITEM('')
SURFACE()
);
#25=(
BOUNDED_SURFACE()
B_SPLINE_SURFACE(2,1,((#1864,#1865),(#1866,#1867),(#1868,#1869),(#1870,
#1871),(#1872,#1873)),.UNSPECIFIED.,.F.,.F.,.F.)
B_SPLINE_SURFACE_WITH_KNOTS((3,2,3),(2,2),(2.540222903825,4.712389014519,
6.884555125212),(-0.212132219417,0.21213222693),.UNSPECIFIED.)
GEOMETRIC_REPRESENTATION_ITEM()
RATIONAL_B_SPLINE_SURFACE(((1.,1.),(0.465954678721,0.465954678721),(1.,
1.),(0.465954678721,0.465954678721),(1.,1.)))
REPRESENTATION_ITEM('')
SURFACE()
);
#26=(
BOUNDED_SURFACE()
B_SPLINE_SURFACE(2,1,((#1877,#1878),(#1879,#1880),(#1881,#1882),(#1883,
#1884),(#1885,#1886)),.UNSPECIFIED.,.F.,.F.,.F.)
B_SPLINE_SURFACE_WITH_KNOTS((3,2,3),(2,2),(-2.156481870253,1.318360531855E-9,
2.15648187289),(0.,0.431657840710682),.UNSPECIFIED.)
GEOMETRIC_REPRESENTATION_ITEM()
RATIONAL_B_SPLINE_SURFACE(((1.,1.),(0.472879054573,0.472879054573),(1.,
1.),(0.472879054573,0.472879054573),(1.,1.)))
REPRESENTATION_ITEM('')
SURFACE()
);
#27=(
BOUNDED_SURFACE()
B_SPLINE_SURFACE(2,1,((#1900,#1901),(#1902,#1903),(#1904,#1905),(#1906,
#1907),(#1908,#1909)),.UNSPECIFIED.,.F.,.F.,.F.)
B_SPLINE_SURFACE_WITH_KNOTS((3,2,3),(2,2),(-0.601369749766,1.570796360929,
3.742962471623),(-0.212132219418,0.212132226925),.UNSPECIFIED.)
GEOMETRIC_REPRESENTATION_ITEM()
RATIONAL_B_SPLINE_SURFACE(((1.,1.),(0.465954678721,0.465954678721),(1.,
1.),(0.465954678721,0.465954678721),(1.,1.)))
REPRESENTATION_ITEM('')
SURFACE()
);
#28=(
BOUNDED_SURFACE()
B_SPLINE_SURFACE(2,1,((#1911,#1912),(#1913,#1914),(#1915,#1916),(#1917,
#1918),(#1919,#1920)),.UNSPECIFIED.,.F.,.F.,.F.)
B_SPLINE_SURFACE_WITH_KNOTS((3,2,3),(2,2),(0.98511078334,3.141592654909,
5.298074526478),(0.,0.431657840710682),.UNSPECIFIED.)
GEOMETRIC_REPRESENTATION_ITEM()
RATIONAL_B_SPLINE_SURFACE(((1.,1.),(0.472879054574,0.472879054574),(1.,
1.),(0.472879054574,0.472879054574),(1.,1.)))
REPRESENTATION_ITEM('')
SURFACE()
);
#29=(
BOUNDED_SURFACE()
B_SPLINE_SURFACE(2,1,((#1929,#1930),(#1931,#1932),(#1933,#1934),(#1935,
#1936),(#1937,#1938)),.UNSPECIFIED.,.F.,.F.,.F.)
B_SPLINE_SURFACE_WITH_KNOTS((3,2,3),(2,2),(-0.601369813392,1.570796291298,
3.742962395989),(-0.212132370394,0.212132077782),.UNSPECIFIED.)
GEOMETRIC_REPRESENTATION_ITEM()
RATIONAL_B_SPLINE_SURFACE(((1.,1.),(0.465954681377,0.465954681377),(1.,
1.),(0.465954681377,0.465954681377),(1.,1.)))
REPRESENTATION_ITEM('')
SURFACE()
);
#30=(
BOUNDED_SURFACE()
B_SPLINE_SURFACE(2,1,((#1942,#1943),(#1944,#1945),(#1946,#1947),(#1948,
#1949),(#1950,#1951)),.UNSPECIFIED.,.F.,.F.,.F.)
B_SPLINE_SURFACE_WITH_KNOTS((3,2,3),(2,2),(2.540222840195,4.712388944885,
6.884555049575),(-0.212132370399,0.212132077776),.UNSPECIFIED.)
GEOMETRIC_REPRESENTATION_ITEM()
RATIONAL_B_SPLINE_SURFACE(((1.,1.),(0.465954681377,0.465954681377),(1.,
1.),(0.465954681377,0.465954681377),(1.,1.)))
REPRESENTATION_ITEM('')
SURFACE()
);
#31=(
BOUNDED_SURFACE()
B_SPLINE_SURFACE(2,1,((#1952,#1953),(#1954,#1955),(#1956,#1957)),
 .UNSPECIFIED.,.F.,.F.,.F.)
B_SPLINE_SURFACE_WITH_KNOTS((3,3),(2,2),(5.931130207868,6.635240406491),
(0.,0.148847524016639),.UNSPECIFIED.)
GEOMETRIC_REPRESENTATION_ITEM()
RATIONAL_B_SPLINE_SURFACE(((1.,1.),(0.938666040607,0.938666040607),(1.,
1.)))
REPRESENTATION_ITEM('')
SURFACE()
);
#32=(
BOUNDED_SURFACE()
B_SPLINE_SURFACE(2,1,((#1963,#1964),(#1965,#1966),(#1967,#1968)),
 .UNSPECIFIED.,.F.,.F.,.F.)
B_SPLINE_SURFACE_WITH_KNOTS((3,3),(2,2),(0.,1.922851426094),(0.,0.148847524016639),
 .UNSPECIFIED.)
GEOMETRIC_REPRESENTATION_ITEM()
RATIONAL_B_SPLINE_SURFACE(((1.,1.),(0.572351471476,0.572351471476),(1.,
1.)))
REPRESENTATION_ITEM('')
SURFACE()
);
#33=(
BOUNDED_SURFACE()
B_SPLINE_SURFACE(2,1,((#1984,#1985),(#1986,#1987),(#1988,#1989)),
 .UNSPECIFIED.,.F.,.F.,.F.)
B_SPLINE_SURFACE_WITH_KNOTS((3,3),(2,2),(0.,1.922851426114),(0.,0.148847524016639),
 .UNSPECIFIED.)
GEOMETRIC_REPRESENTATION_ITEM()
RATIONAL_B_SPLINE_SURFACE(((1.,1.),(0.572351471468,0.572351471468),(1.,
1.)))
REPRESENTATION_ITEM('')
SURFACE()
);
#34=(
BOUNDED_SURFACE()
B_SPLINE_SURFACE(2,1,((#1992,#1993),(#1994,#1995),(#1996,#1997)),
 .UNSPECIFIED.,.F.,.F.,.F.)
B_SPLINE_SURFACE_WITH_KNOTS((3,3),(2,2),(2.78953755428,3.4936477529),(0.,
0.148847524016639),.UNSPECIFIED.)
GEOMETRIC_REPRESENTATION_ITEM()
RATIONAL_B_SPLINE_SURFACE(((1.,1.),(0.938666040608,0.938666040608),(1.,
1.)))
REPRESENTATION_ITEM('')
SURFACE()
);
#35=(
BOUNDED_SURFACE()
B_SPLINE_SURFACE(2,1,((#1999,#2000),(#2001,#2002),(#2003,#2004)),
 .UNSPECIFIED.,.F.,.F.,.F.)
B_SPLINE_SURFACE_WITH_KNOTS((3,3),(2,2),(0.,1.92285142611),(0.,0.148847524016639),
 .UNSPECIFIED.)
GEOMETRIC_REPRESENTATION_ITEM()
RATIONAL_B_SPLINE_SURFACE(((1.,1.),(0.57235147147,0.57235147147),(1.,1.)))
REPRESENTATION_ITEM('')
SURFACE()
);
#36=(
BOUNDED_SURFACE()
B_SPLINE_SURFACE(2,1,((#2009,#2010),(#2011,#2012),(#2013,#2014)),
 .UNSPECIFIED.,.F.,.F.,.F.)
B_SPLINE_SURFACE_WITH_KNOTS((3,3),(2,2),(0.,1.922851426116),(0.,0.148847524016639),
 .UNSPECIFIED.)
GEOMETRIC_REPRESENTATION_ITEM()
RATIONAL_B_SPLINE_SURFACE(((1.,1.),(0.572351471467,0.572351471467),(1.,
1.)))
REPRESENTATION_ITEM('')
SURFACE()
);
#37=FACE_BOUND('',#246,.T.);
#38=FACE_BOUND('',#249,.T.);
#39=FACE_BOUND('',#253,.T.);
#40=FACE_BOUND('',#256,.T.);
#41=FACE_BOUND('',#258,.T.);
#42=FACE_BOUND('',#259,.T.);
#43=FACE_BOUND('',#260,.T.);
#44=FACE_BOUND('',#265,.T.);
#45=FACE_BOUND('',#266,.T.);
#46=FACE_BOUND('',#267,.T.);
#47=ELLIPSE('',#749,3.46821057897174,3.32001461573982);
#48=ELLIPSE('',#752,3.46821057897174,3.32001461573982);
#49=ELLIPSE('',#755,3.46821057897832,3.32001461574204);
#50=ELLIPSE('',#758,3.46821057898044,3.32001461574859);
#51=ELLIPSE('',#760,4.16185260920984,3.98401745699054);
#52=ELLIPSE('',#761,4.16185260921268,3.98401745699016);
#53=ELLIPSE('',#762,3.46821057897174,3.32001461573982);
#54=ELLIPSE('',#763,0.730149595587103,0.698950445428497);
#55=ELLIPSE('',#764,0.73014959558012,0.698950445425646);
#56=ELLIPSE('',#765,3.50471805874682,3.35496213800335);
#57=ELLIPSE('',#766,0.730149595588286,0.698950445428073);
#58=ELLIPSE('',#767,0.730149595577933,0.698950445421913);
#59=ELLIPSE('',#768,3.50471805879005,3.35496213807553);
#60=ELLIPSE('',#769,3.46821057897832,3.32001461574204);
#61=ELLIPSE('',#770,3.46821057898044,3.32001461574859);
#62=ELLIPSE('',#772,4.16185277813789,3.98401761869679);
#63=ELLIPSE('',#773,4.16185277813574,3.98401761869214);
#64=ELLIPSE('',#774,3.46821057897174,3.32001461573982);
#65=ELLIPSE('',#775,0.730149595584219,0.698950445425489);
#66=ELLIPSE('',#776,0.73014959558034,0.698950445426186);
#67=ELLIPSE('',#777,3.50471805874547,3.35496213800572);
#68=ELLIPSE('',#778,0.730149595580951,0.698950445426824);
#69=ELLIPSE('',#779,0.730149595582148,0.698950445422228);
#70=ELLIPSE('',#780,3.50471805877226,3.35496213800662);
#71=ELLIPSE('',#781,3.50471805879005,3.35496213807553);
#72=ELLIPSE('',#782,0.730149595584219,0.698950445425489);
#73=ELLIPSE('',#784,0.730149595588286,0.698950445428073);
#74=ELLIPSE('',#785,3.50471805874682,3.35496213800335);
#75=ELLIPSE('',#786,0.730149595580951,0.698950445426824);
#76=ELLIPSE('',#788,0.730149595587103,0.698950445428497);
#77=ELLIPSE('',#791,1.63193945473843,0.0485712188625744);
#78=ELLIPSE('',#792,1.66072719164307,0.0490528413266542);
#79=ELLIPSE('',#793,1.63194016720792,0.0485712661604042);
#80=ELLIPSE('',#794,4.38089757343743,4.1937026725146);
#81=ELLIPSE('',#795,4.38089757343742,4.19370267251461);
#82=ELLIPSE('',#798,1.66072698068535,0.0490528269880995);
#83=ELLIPSE('',#799,4.38089757343745,4.19370267251446);
#84=ELLIPSE('',#800,4.38089757343747,4.19370267251448);
#85=ELLIPSE('',#803,54.3280275520284,52.5278445306793);
#86=ELLIPSE('',#804,1.6606638344184,0.049046311815006);
#87=ELLIPSE('',#805,54.3275050804354,52.5271733378881);
#88=ELLIPSE('',#807,1.66066367282513,0.0490462979221785);
#89=ELLIPSE('',#808,3.50471805877226,3.35496213800662);
#90=ELLIPSE('',#809,0.730149595577933,0.698950445421913);
#91=ELLIPSE('',#811,0.730149595582148,0.698950445422228);
#92=ELLIPSE('',#812,0.73014959558034,0.698950445426186);
#93=ELLIPSE('',#813,3.50471805874536,3.35496213800553);
#94=ELLIPSE('',#814,0.73014959558012,0.698950445425646);
#95=PLANE('',#748);
#96=PLANE('',#751);
#97=PLANE('',#754);
#98=PLANE('',#757);
#99=PLANE('',#759);
#100=PLANE('',#771);
#101=PLANE('',#783);
#102=PLANE('',#787);
#103=PLANE('',#789);
#104=PLANE('',#790);
#105=PLANE('',#796);
#106=PLANE('',#797);
#107=PLANE('',#801);
#108=PLANE('',#802);
#109=PLANE('',#806);
#110=PLANE('',#810);
#111=PLANE('',#815);
#112=PLANE('',#816);
#113=LINE('',#1188,#155);
#114=LINE('',#1518,#156);
#115=LINE('',#1672,#157);
#116=LINE('',#1676,#158);
#117=LINE('',#1684,#159);
#118=LINE('',#1692,#160);
#119=LINE('',#1712,#161);
#120=LINE('',#1731,#162);
#121=LINE('',#1747,#163);
#122=LINE('',#1754,#164);
#123=LINE('',#1757,#165);
#124=LINE('',#1764,#166);
#125=LINE('',#1772,#167);
#126=LINE('',#1794,#168);
#127=LINE('',#1802,#169);
#128=LINE('',#1805,#170);
#129=LINE('',#1814,#171);
#130=LINE('',#1817,#172);
#131=LINE('',#1818,#173);
#132=LINE('',#1827,#174);
#133=LINE('',#1836,#175);
#134=LINE('',#1845,#176);
#135=LINE('',#1848,#177);
#136=LINE('',#1849,#178);
#137=LINE('',#1862,#179);
#138=LINE('',#1888,#180);
#139=LINE('',#1891,#181);
#140=LINE('',#1894,#182);
#141=LINE('',#1896,#183);
#142=LINE('',#1897,#184);
#143=LINE('',#1923,#185);
#144=LINE('',#1925,#186);
#145=LINE('',#1961,#187);
#146=LINE('',#1962,#188);
#147=LINE('',#1970,#189);
#148=LINE('',#1975,#190);
#149=LINE('',#1978,#191);
#150=LINE('',#1990,#192);
#151=LINE('',#1991,#193);
#152=LINE('',#1998,#194);
#153=LINE('',#2005,#195);
#154=LINE('',#2008,#196);
#155=VECTOR('',#821,10.);
#156=VECTOR('',#834,10.);
#157=VECTOR('',#847,10.);
#158=VECTOR('',#850,10.);
#159=VECTOR('',#857,10.);
#160=VECTOR('',#864,9.99999999999999);
#161=VECTOR('',#871,10.);
#162=VECTOR('',#872,10.);
#163=VECTOR('',#873,10.);
#164=VECTOR('',#880,10.);
#165=VECTOR('',#883,10.);
#166=VECTOR('',#888,9.99999999999999);
#167=VECTOR('',#895,10.);
#168=VECTOR('',#900,10.);
#169=VECTOR('',#901,10.);
#170=VECTOR('',#904,10.);
#171=VECTOR('',#907,10.);
#172=VECTOR('',#910,9.99999999999999);
#173=VECTOR('',#911,10.);
#174=VECTOR('',#914,10.);
#175=VECTOR('',#917,10.);
#176=VECTOR('',#920,10.);
#177=VECTOR('',#923,10.);
#178=VECTOR('',#924,10.);
#179=VECTOR('',#933,10.);
#180=VECTOR('',#940,10.);
#181=VECTOR('',#943,10.);
#182=VECTOR('',#946,10.);
#183=VECTOR('',#947,10.);
#184=VECTOR('',#948,10.);
#185=VECTOR('',#957,10.);
#186=VECTOR('',#960,10.);
#187=VECTOR('',#975,10.);
#188=VECTOR('',#976,10.);
#189=VECTOR('',#977,10.);
#190=VECTOR('',#982,10.);
#191=VECTOR('',#985,9.99999999999999);
#192=VECTOR('',#992,10.);
#193=VECTOR('',#993,10.);
#194=VECTOR('',#994,10.);
#195=VECTOR('',#995,10.);
#196=VECTOR('',#1000,10.);
#197=FACE_OUTER_BOUND('',#243,.T.);
#198=FACE_OUTER_BOUND('',#244,.T.);
#199=FACE_OUTER_BOUND('',#245,.T.);
#200=FACE_OUTER_BOUND('',#247,.T.);
#201=FACE_OUTER_BOUND('',#248,.T.);
#202=FACE_OUTER_BOUND('',#250,.T.);
#203=FACE_OUTER_BOUND('',#251,.T.);
#204=FACE_OUTER_BOUND('',#252,.T.);
#205=FACE_OUTER_BOUND('',#254,.T.);
#206=FACE_OUTER_BOUND('',#255,.T.);
#207=FACE_OUTER_BOUND('',#257,.T.);
#208=FACE_OUTER_BOUND('',#261,.T.);
#209=FACE_OUTER_BOUND('',#262,.T.);
#210=FACE_OUTER_BOUND('',#263,.T.);
#211=FACE_OUTER_BOUND('',#264,.T.);
#212=FACE_OUTER_BOUND('',#268,.T.);
#213=FACE_OUTER_BOUND('',#269,.T.);
#214=FACE_OUTER_BOUND('',#270,.T.);
#215=FACE_OUTER_BOUND('',#271,.T.);
#216=FACE_OUTER_BOUND('',#272,.T.);
#217=FACE_OUTER_BOUND('',#273,.T.);
#218=FACE_OUTER_BOUND('',#274,.T.);
#219=FACE_OUTER_BOUND('',#275,.T.);
#220=FACE_OUTER_BOUND('',#276,.T.);
#221=FACE_OUTER_BOUND('',#277,.T.);
#222=FACE_OUTER_BOUND('',#278,.T.);
#223=FACE_OUTER_BOUND('',#279,.T.);
#224=FACE_OUTER_BOUND('',#280,.T.);
#225=FACE_OUTER_BOUND('',#281,.T.);
#226=FACE_OUTER_BOUND('',#282,.T.);
#227=FACE_OUTER_BOUND('',#283,.T.);
#228=FACE_OUTER_BOUND('',#284,.T.);
#229=FACE_OUTER_BOUND('',#285,.T.);
#230=FACE_OUTER_BOUND('',#286,.T.);
#231=FACE_OUTER_BOUND('',#287,.T.);
#232=FACE_OUTER_BOUND('',#288,.T.);
#233=FACE_OUTER_BOUND('',#289,.T.);
#234=FACE_OUTER_BOUND('',#290,.T.);
#235=FACE_OUTER_BOUND('',#291,.T.);
#236=FACE_OUTER_BOUND('',#292,.T.);
#237=FACE_OUTER_BOUND('',#293,.T.);
#238=FACE_OUTER_BOUND('',#294,.T.);
#239=FACE_OUTER_BOUND('',#295,.T.);
#240=FACE_OUTER_BOUND('',#296,.T.);
#241=FACE_OUTER_BOUND('',#297,.T.);
#242=FACE_OUTER_BOUND('',#298,.T.);
#243=EDGE_LOOP('',(#477,#478,#479,#480));
#244=EDGE_LOOP('',(#481,#482,#483,#484));
#245=EDGE_LOOP('',(#485));
#246=EDGE_LOOP('',(#486));
#247=EDGE_LOOP('',(#487,#488,#489,#490));
#248=EDGE_LOOP('',(#491));
#249=EDGE_LOOP('',(#492));
#250=EDGE_LOOP('',(#493,#494,#495,#496));
#251=EDGE_LOOP('',(#497,#498,#499,#500));
#252=EDGE_LOOP('',(#501));
#253=EDGE_LOOP('',(#502));
#254=EDGE_LOOP('',(#503,#504,#505,#506));
#255=EDGE_LOOP('',(#507));
#256=EDGE_LOOP('',(#508));
#257=EDGE_LOOP('',(#509,#510,#511,#512));
#258=EDGE_LOOP('',(#513));
#259=EDGE_LOOP('',(#514,#515,#516,#517,#518,#519,#520,#521));
#260=EDGE_LOOP('',(#522));
#261=EDGE_LOOP('',(#523,#524,#525,#526));
#262=EDGE_LOOP('',(#527,#528,#529,#530));
#263=EDGE_LOOP('',(#531,#532,#533,#534));
#264=EDGE_LOOP('',(#535,#536,#537,#538));
#265=EDGE_LOOP('',(#539));
#266=EDGE_LOOP('',(#540,#541,#542,#543,#544,#545,#546,#547));
#267=EDGE_LOOP('',(#548));
#268=EDGE_LOOP('',(#549,#550,#551,#552));
#269=EDGE_LOOP('',(#553,#554,#555,#556));
#270=EDGE_LOOP('',(#557,#558,#559,#560));
#271=EDGE_LOOP('',(#561,#562,#563,#564));
#272=EDGE_LOOP('',(#565,#566,#567,#568));
#273=EDGE_LOOP('',(#569,#570,#571,#572));
#274=EDGE_LOOP('',(#573,#574,#575,#576));
#275=EDGE_LOOP('',(#577,#578,#579,#580));
#276=EDGE_LOOP('',(#581,#582,#583,#584));
#277=EDGE_LOOP('',(#585,#586,#587,#588,#589,#590,#591,#592));
#278=EDGE_LOOP('',(#593,#594,#595,#596));
#279=EDGE_LOOP('',(#597,#598,#599,#600));
#280=EDGE_LOOP('',(#601,#602,#603,#604));
#281=EDGE_LOOP('',(#605,#606,#607,#608));
#282=EDGE_LOOP('',(#609,#610,#611,#612));
#283=EDGE_LOOP('',(#613,#614,#615,#616));
#284=EDGE_LOOP('',(#617,#618,#619,#620));
#285=EDGE_LOOP('',(#621,#622,#623,#624));
#286=EDGE_LOOP('',(#625,#626,#627,#628));
#287=EDGE_LOOP('',(#629,#630,#631,#632));
#288=EDGE_LOOP('',(#633,#634,#635,#636));
#289=EDGE_LOOP('',(#637,#638,#639,#640));
#290=EDGE_LOOP('',(#641,#642,#643,#644));
#291=EDGE_LOOP('',(#645,#646,#647,#648));
#292=EDGE_LOOP('',(#649,#650,#651,#652,#653,#654,#655,#656));
#293=EDGE_LOOP('',(#657,#658,#659,#660));
#294=EDGE_LOOP('',(#661,#662,#663,#664));
#295=EDGE_LOOP('',(#665,#666,#667,#668));
#296=EDGE_LOOP('',(#669,#670,#671,#672));
#297=EDGE_LOOP('',(#673,#674,#675,#676));
#298=EDGE_LOOP('',(#677,#678,#679,#680));
#299=B_SPLINE_CURVE_WITH_KNOTS('',3,(#1095,#1096,#1097,#1098,#1099,#1100,
#1101,#1102,#1103,#1104,#1105,#1106,#1107,#1108,#1109,#1110,#1111,#1112),
 .UNSPECIFIED.,.T.,.F.,(4,1,1,1,1,1,1,1,1,1,1,1,1,1,1,4),(0.217594284759147,
0.319572682107807,0.421551079456467,0.523529476805127,0.625507874153787,
0.676497072828117,0.727486271502447,0.829464668851107,1.03342146354843,
1.13539986089709,1.18638905957142,1.21188365890858,1.22463095857716,1.23737825824575,
1.44133505294307,1.64529184764039),.UNSPECIFIED.);
#300=B_SPLINE_CURVE_WITH_KNOTS('',3,(#1113,#1114,#1115,#1116,#1117,#1118,
#1119,#1120,#1121,#1122,#1123,#1124,#1125,#1126,#1127,#1128,#1129,#1130),
 .UNSPECIFIED.,.T.,.F.,(4,1,1,1,1,1,1,1,1,1,1,1,1,1,1,4),(-1.64529184764039,
-1.44133505294307,-1.23737825824575,-1.22463095857716,-1.21188365890858,
-1.18638905957142,-1.13539986089709,-1.03342146354843,-0.829464668851107,
-0.727486271502447,-0.676497072828117,-0.625507874153787,-0.523529476805127,
-0.421551079456467,-0.319572682107807,-0.217594284759147),.UNSPECIFIED.);
#301=B_SPLINE_CURVE_WITH_KNOTS('',3,(#1189,#1190,#1191,#1192,#1193,#1194,
#1195,#1196,#1197,#1198,#1199,#1200,#1201,#1202,#1203,#1204,#1205,#1206,
#1207,#1208,#1209,#1210,#1211,#1212,#1213,#1214,#1215,#1216),
 .UNSPECIFIED.,.T.,.F.,(4,3,3,3,3,3,3,3,3,4),(-2.63854783983489,-2.44553359585052,
-2.2706094062637,-2.15441657819253,-1.96679154724872,-1.78429411012816,
-1.66174031373407,-1.47886819133428,-1.30063727808362,-1.21050729640297),
 .UNSPECIFIED.);
#302=B_SPLINE_CURVE_WITH_KNOTS('',3,(#1317,#1318,#1319,#1320,#1321,#1322,
#1323,#1324,#1325,#1326,#1327,#1328,#1329,#1330,#1331,#1332,#1333,#1334,
#1335),.UNSPECIFIED.,.T.,.F.,(4,1,1,1,1,1,1,1,1,1,1,1,1,1,1,1,4),(1.21050729640297,
1.31251019236239,1.41451308832181,1.51651598428123,1.61851888024066,1.72052177620008,
1.8225246721595,1.92452756811893,2.02653046407835,2.10303263604792,2.17953480801748,
2.20503553200734,2.23053625599719,2.33253915195662,2.43454204791604,2.53654494387546,
2.63854783983489),.UNSPECIFIED.);
#303=B_SPLINE_CURVE_WITH_KNOTS('',3,(#1427,#1428,#1429,#1430,#1431,#1432,
#1433,#1434,#1435,#1436,#1437,#1438,#1439,#1440,#1441,#1442,#1443),
 .UNSPECIFIED.,.T.,.F.,(4,1,1,1,1,1,1,1,1,1,1,1,1,1,4),(0.209615146911015,
0.362582994575658,0.413572277130539,0.5155508422403,0.617529407350062,0.770497255014704,
0.795991896292145,0.821486537569585,1.02544366778911,1.12742223289887,1.22940079800863,
1.28039008056351,1.43335792822815,1.53533649333792,1.63731505844768),
 .UNSPECIFIED.);
#304=B_SPLINE_CURVE_WITH_KNOTS('',3,(#1444,#1445,#1446,#1447,#1448,#1449,
#1450,#1451,#1452,#1453,#1454,#1455,#1456,#1457,#1458,#1459,#1460),
 .UNSPECIFIED.,.T.,.F.,(4,1,1,1,1,1,1,1,1,1,1,1,1,1,4),(-1.63731505844768,
-1.53533649333792,-1.43335792822815,-1.28039008056351,-1.22940079800863,
-1.12742223289887,-1.02544366778911,-0.821486537569585,-0.795991896292145,
-0.770497255014704,-0.617529407350062,-0.5155508422403,-0.413572277130539,
-0.362582994575658,-0.209615146911015),.UNSPECIFIED.);
#305=B_SPLINE_CURVE_WITH_KNOTS('',3,(#1519,#1520,#1521,#1522,#1523,#1524,
#1525,#1526,#1527,#1528,#1529,#1530,#1531,#1532,#1533,#1534,#1535,#1536,
#1537,#1538,#1539,#1540,#1541,#1542,#1543,#1544,#1545,#1546),
 .UNSPECIFIED.,.T.,.F.,(4,3,3,3,3,3,3,3,3,4),(-2.64710003667428,-2.4821686701956,
-2.32899179956524,-2.14488709996821,-1.96107572162347,-1.8399705313915,
-1.66405904779888,-1.48182598263142,-1.35763094747317,-1.21880722205727),
 .UNSPECIFIED.);
#306=B_SPLINE_CURVE_WITH_KNOTS('',3,(#1647,#1648,#1649,#1650,#1651,#1652,
#1653,#1654,#1655,#1656,#1657,#1658,#1659,#1660,#1661,#1662,#1663,#1664,
#1665),.UNSPECIFIED.,.T.,.F.,(4,1,1,1,1,1,1,1,1,1,1,1,1,1,1,1,4),(1.21880722205727,
1.32082813738705,1.37183859505195,1.42284905271684,1.52486996804663,1.62689088337641,
1.67790134104131,1.7289117987062,1.83093271403599,1.93295362936577,2.03497454469556,
2.13699546002534,2.23901637535513,2.34103729068492,2.4430582060147,2.54507912134449,
2.64710003667428),.UNSPECIFIED.);
#307=CIRCLE('',#747,0.199999999999998);
#308=CIRCLE('',#750,0.199999999999983);
#309=CIRCLE('',#753,0.199999999999993);
#310=CIRCLE('',#756,0.199999999999983);
#311=VERTEX_POINT('',#1092);
#312=VERTEX_POINT('',#1093);
#313=VERTEX_POINT('',#1187);
#314=VERTEX_POINT('',#1218);
#315=VERTEX_POINT('',#1315);
#316=VERTEX_POINT('',#1337);
#317=VERTEX_POINT('',#1424);
#318=VERTEX_POINT('',#1425);
#319=VERTEX_POINT('',#1517);
#320=VERTEX_POINT('',#1548);
#321=VERTEX_POINT('',#1645);
#322=VERTEX_POINT('',#1667);
#323=VERTEX_POINT('',#1670);
#324=VERTEX_POINT('',#1671);
#325=VERTEX_POINT('',#1673);
#326=VERTEX_POINT('',#1675);
#327=VERTEX_POINT('',#1678);
#328=VERTEX_POINT('',#1680);
#329=VERTEX_POINT('',#1681);
#330=VERTEX_POINT('',#1683);
#331=VERTEX_POINT('',#1685);
#332=VERTEX_POINT('',#1687);
#333=VERTEX_POINT('',#1689);
#334=VERTEX_POINT('',#1691);
#335=VERTEX_POINT('',#1693);
#336=VERTEX_POINT('',#1696);
#337=VERTEX_POINT('',#1746);
#338=VERTEX_POINT('',#1750);
#339=VERTEX_POINT('',#1751);
#340=VERTEX_POINT('',#1753);
#341=VERTEX_POINT('',#1755);
#342=VERTEX_POINT('',#1758);
#343=VERTEX_POINT('',#1760);
#344=VERTEX_POINT('',#1761);
#345=VERTEX_POINT('',#1763);
#346=VERTEX_POINT('',#1765);
#347=VERTEX_POINT('',#1767);
#348=VERTEX_POINT('',#1769);
#349=VERTEX_POINT('',#1771);
#350=VERTEX_POINT('',#1773);
#351=VERTEX_POINT('',#1801);
#352=VERTEX_POINT('',#1803);
#353=VERTEX_POINT('',#1812);
#354=VERTEX_POINT('',#1816);
#355=VERTEX_POINT('',#1825);
#356=VERTEX_POINT('',#1834);
#357=VERTEX_POINT('',#1843);
#358=VERTEX_POINT('',#1847);
#359=VERTEX_POINT('',#1859);
#360=VERTEX_POINT('',#1861);
#361=VERTEX_POINT('',#1874);
#362=VERTEX_POINT('',#1887);
#363=VERTEX_POINT('',#1889);
#364=VERTEX_POINT('',#1893);
#365=VERTEX_POINT('',#1895);
#366=VERTEX_POINT('',#1921);
#367=VERTEX_POINT('',#1958);
#368=VERTEX_POINT('',#1959);
#369=VERTEX_POINT('',#1969);
#370=VERTEX_POINT('',#1973);
#371=VERTEX_POINT('',#1974);
#372=VERTEX_POINT('',#1977);
#373=VERTEX_POINT('',#1979);
#374=VERTEX_POINT('',#1981);
#375=EDGE_CURVE('',#311,#312,#307,.T.);
#376=EDGE_CURVE('',#312,#312,#299,.T.);
#377=EDGE_CURVE('',#311,#311,#300,.T.);
#378=EDGE_CURVE('',#313,#311,#113,.T.);
#379=EDGE_CURVE('',#313,#313,#301,.T.);
#380=EDGE_CURVE('',#314,#314,#47,.T.);
#381=EDGE_CURVE('',#313,#315,#308,.T.);
#382=EDGE_CURVE('',#315,#315,#302,.T.);
#383=EDGE_CURVE('',#316,#316,#48,.T.);
#384=EDGE_CURVE('',#317,#318,#309,.T.);
#385=EDGE_CURVE('',#318,#318,#303,.T.);
#386=EDGE_CURVE('',#317,#317,#304,.T.);
#387=EDGE_CURVE('',#319,#317,#114,.T.);
#388=EDGE_CURVE('',#319,#319,#305,.T.);
#389=EDGE_CURVE('',#320,#320,#49,.T.);
#390=EDGE_CURVE('',#319,#321,#310,.T.);
#391=EDGE_CURVE('',#321,#321,#306,.T.);
#392=EDGE_CURVE('',#322,#322,#50,.T.);
#393=EDGE_CURVE('',#323,#324,#115,.T.);
#394=EDGE_CURVE('',#324,#325,#51,.T.);
#395=EDGE_CURVE('',#325,#326,#116,.T.);
#396=EDGE_CURVE('',#326,#323,#52,.T.);
#397=EDGE_CURVE('',#327,#327,#53,.T.);
#398=EDGE_CURVE('',#328,#329,#54,.T.);
#399=EDGE_CURVE('',#329,#330,#117,.T.);
#400=EDGE_CURVE('',#330,#331,#55,.T.);
#401=EDGE_CURVE('',#331,#332,#56,.T.);
#402=EDGE_CURVE('',#332,#333,#57,.T.);
#403=EDGE_CURVE('',#333,#334,#118,.T.);
#404=EDGE_CURVE('',#334,#335,#58,.T.);
#405=EDGE_CURVE('',#335,#328,#59,.T.);
#406=EDGE_CURVE('',#336,#336,#60,.T.);
#407=EDGE_CURVE('',#322,#336,#119,.T.);
#408=EDGE_CURVE('',#316,#327,#120,.T.);
#409=EDGE_CURVE('',#337,#320,#121,.T.);
#410=EDGE_CURVE('',#337,#337,#61,.T.);
#411=EDGE_CURVE('',#338,#339,#62,.T.);
#412=EDGE_CURVE('',#339,#340,#122,.T.);
#413=EDGE_CURVE('',#340,#341,#63,.T.);
#414=EDGE_CURVE('',#341,#338,#123,.T.);
#415=EDGE_CURVE('',#342,#342,#64,.T.);
#416=EDGE_CURVE('',#343,#344,#65,.T.);
#417=EDGE_CURVE('',#345,#344,#124,.T.);
#418=EDGE_CURVE('',#345,#346,#66,.T.);
#419=EDGE_CURVE('',#346,#347,#67,.T.);
#420=EDGE_CURVE('',#347,#348,#68,.T.);
#421=EDGE_CURVE('',#349,#348,#125,.T.);
#422=EDGE_CURVE('',#349,#350,#69,.T.);
#423=EDGE_CURVE('',#350,#343,#70,.T.);
#424=EDGE_CURVE('',#342,#314,#126,.T.);
#425=EDGE_CURVE('',#350,#351,#127,.T.);
#426=EDGE_CURVE('',#352,#351,#71,.T.);
#427=EDGE_CURVE('',#343,#352,#128,.T.);
#428=EDGE_CURVE('',#352,#353,#72,.T.);
#429=EDGE_CURVE('',#344,#353,#129,.T.);
#430=EDGE_CURVE('',#354,#353,#130,.T.);
#431=EDGE_CURVE('',#345,#354,#131,.T.);
#432=EDGE_CURVE('',#355,#354,#73,.T.);
#433=EDGE_CURVE('',#346,#355,#132,.T.);
#434=EDGE_CURVE('',#356,#355,#74,.T.);
#435=EDGE_CURVE('',#347,#356,#133,.T.);
#436=EDGE_CURVE('',#356,#357,#75,.T.);
#437=EDGE_CURVE('',#348,#357,#134,.T.);
#438=EDGE_CURVE('',#358,#357,#135,.T.);
#439=EDGE_CURVE('',#349,#358,#136,.T.);
#440=EDGE_CURVE('',#351,#358,#76,.T.);
#441=EDGE_CURVE('',#359,#341,#77,.T.);
#442=EDGE_CURVE('',#359,#360,#137,.T.);
#443=EDGE_CURVE('',#360,#338,#78,.T.);
#444=EDGE_CURVE('',#361,#339,#79,.T.);
#445=EDGE_CURVE('',#361,#360,#80,.T.);
#446=EDGE_CURVE('',#360,#362,#138,.T.);
#447=EDGE_CURVE('',#362,#363,#81,.T.);
#448=EDGE_CURVE('',#361,#363,#139,.T.);
#449=EDGE_CURVE('',#364,#363,#140,.T.);
#450=EDGE_CURVE('',#365,#364,#141,.T.);
#451=EDGE_CURVE('',#361,#365,#142,.T.);
#452=EDGE_CURVE('',#365,#340,#82,.T.);
#453=EDGE_CURVE('',#359,#365,#83,.T.);
#454=EDGE_CURVE('',#364,#366,#84,.T.);
#455=EDGE_CURVE('',#359,#366,#143,.T.);
#456=EDGE_CURVE('',#362,#366,#144,.T.);
#457=EDGE_CURVE('',#366,#326,#85,.T.);
#458=EDGE_CURVE('',#362,#325,#86,.T.);
#459=EDGE_CURVE('',#363,#324,#87,.T.);
#460=EDGE_CURVE('',#364,#323,#88,.T.);
#461=EDGE_CURVE('',#367,#368,#89,.T.);
#462=EDGE_CURVE('',#367,#328,#145,.T.);
#463=EDGE_CURVE('',#368,#335,#146,.T.);
#464=EDGE_CURVE('',#369,#334,#147,.T.);
#465=EDGE_CURVE('',#369,#368,#90,.T.);
#466=EDGE_CURVE('',#370,#371,#148,.T.);
#467=EDGE_CURVE('',#370,#367,#91,.T.);
#468=EDGE_CURVE('',#372,#369,#149,.T.);
#469=EDGE_CURVE('',#372,#373,#92,.T.);
#470=EDGE_CURVE('',#373,#374,#93,.T.);
#471=EDGE_CURVE('',#371,#374,#94,.T.);
#472=EDGE_CURVE('',#371,#330,#150,.T.);
#473=EDGE_CURVE('',#374,#331,#151,.T.);
#474=EDGE_CURVE('',#373,#332,#152,.T.);
#475=EDGE_CURVE('',#372,#333,#153,.T.);
#476=EDGE_CURVE('',#370,#329,#154,.T.);
#477=ORIENTED_EDGE('',*,*,#375,.T.);
#478=ORIENTED_EDGE('',*,*,#376,.T.);
#479=ORIENTED_EDGE('',*,*,#375,.F.);
#480=ORIENTED_EDGE('',*,*,#377,.T.);
#481=ORIENTED_EDGE('',*,*,#377,.F.);
#482=ORIENTED_EDGE('',*,*,#378,.F.);
#483=ORIENTED_EDGE('',*,*,#379,.F.);
#484=ORIENTED_EDGE('',*,*,#378,.T.);
#485=ORIENTED_EDGE('',*,*,#380,.T.);
#486=ORIENTED_EDGE('',*,*,#376,.F.);
#487=ORIENTED_EDGE('',*,*,#381,.T.);
#488=ORIENTED_EDGE('',*,*,#382,.T.);
#489=ORIENTED_EDGE('',*,*,#381,.F.);
#490=ORIENTED_EDGE('',*,*,#379,.T.);
#491=ORIENTED_EDGE('',*,*,#383,.F.);
#492=ORIENTED_EDGE('',*,*,#382,.F.);
#493=ORIENTED_EDGE('',*,*,#384,.T.);
#494=ORIENTED_EDGE('',*,*,#385,.T.);
#495=ORIENTED_EDGE('',*,*,#384,.F.);
#496=ORIENTED_EDGE('',*,*,#386,.T.);
#497=ORIENTED_EDGE('',*,*,#386,.F.);
#498=ORIENTED_EDGE('',*,*,#387,.F.);
#499=ORIENTED_EDGE('',*,*,#388,.F.);
#500=ORIENTED_EDGE('',*,*,#387,.T.);
#501=ORIENTED_EDGE('',*,*,#389,.T.);
#502=ORIENTED_EDGE('',*,*,#385,.F.);
#503=ORIENTED_EDGE('',*,*,#390,.T.);
#504=ORIENTED_EDGE('',*,*,#391,.T.);
#505=ORIENTED_EDGE('',*,*,#390,.F.);
#506=ORIENTED_EDGE('',*,*,#388,.T.);
#507=ORIENTED_EDGE('',*,*,#392,.F.);
#508=ORIENTED_EDGE('',*,*,#391,.F.);
#509=ORIENTED_EDGE('',*,*,#393,.T.);
#510=ORIENTED_EDGE('',*,*,#394,.T.);
#511=ORIENTED_EDGE('',*,*,#395,.T.);
#512=ORIENTED_EDGE('',*,*,#396,.T.);
#513=ORIENTED_EDGE('',*,*,#397,.T.);
#514=ORIENTED_EDGE('',*,*,#398,.T.);
#515=ORIENTED_EDGE('',*,*,#399,.T.);
#516=ORIENTED_EDGE('',*,*,#400,.T.);
#517=ORIENTED_EDGE('',*,*,#401,.T.);
#518=ORIENTED_EDGE('',*,*,#402,.T.);
#519=ORIENTED_EDGE('',*,*,#403,.T.);
#520=ORIENTED_EDGE('',*,*,#404,.T.);
#521=ORIENTED_EDGE('',*,*,#405,.T.);
#522=ORIENTED_EDGE('',*,*,#406,.T.);
#523=ORIENTED_EDGE('',*,*,#392,.T.);
#524=ORIENTED_EDGE('',*,*,#407,.T.);
#525=ORIENTED_EDGE('',*,*,#406,.F.);
#526=ORIENTED_EDGE('',*,*,#407,.F.);
#527=ORIENTED_EDGE('',*,*,#383,.T.);
#528=ORIENTED_EDGE('',*,*,#408,.T.);
#529=ORIENTED_EDGE('',*,*,#397,.F.);
#530=ORIENTED_EDGE('',*,*,#408,.F.);
#531=ORIENTED_EDGE('',*,*,#389,.F.);
#532=ORIENTED_EDGE('',*,*,#409,.F.);
#533=ORIENTED_EDGE('',*,*,#410,.T.);
#534=ORIENTED_EDGE('',*,*,#409,.T.);
#535=ORIENTED_EDGE('',*,*,#411,.T.);
#536=ORIENTED_EDGE('',*,*,#412,.T.);
#537=ORIENTED_EDGE('',*,*,#413,.T.);
#538=ORIENTED_EDGE('',*,*,#414,.T.);
#539=ORIENTED_EDGE('',*,*,#415,.F.);
#540=ORIENTED_EDGE('',*,*,#416,.T.);
#541=ORIENTED_EDGE('',*,*,#417,.F.);
#542=ORIENTED_EDGE('',*,*,#418,.T.);
#543=ORIENTED_EDGE('',*,*,#419,.T.);
#544=ORIENTED_EDGE('',*,*,#420,.T.);
#545=ORIENTED_EDGE('',*,*,#421,.F.);
#546=ORIENTED_EDGE('',*,*,#422,.T.);
#547=ORIENTED_EDGE('',*,*,#423,.T.);
#548=ORIENTED_EDGE('',*,*,#410,.F.);
#549=ORIENTED_EDGE('',*,*,#380,.F.);
#550=ORIENTED_EDGE('',*,*,#424,.F.);
#551=ORIENTED_EDGE('',*,*,#415,.T.);
#552=ORIENTED_EDGE('',*,*,#424,.T.);
#553=ORIENTED_EDGE('',*,*,#423,.F.);
#554=ORIENTED_EDGE('',*,*,#425,.T.);
#555=ORIENTED_EDGE('',*,*,#426,.F.);
#556=ORIENTED_EDGE('',*,*,#427,.F.);
#557=ORIENTED_EDGE('',*,*,#416,.F.);
#558=ORIENTED_EDGE('',*,*,#427,.T.);
#559=ORIENTED_EDGE('',*,*,#428,.T.);
#560=ORIENTED_EDGE('',*,*,#429,.F.);
#561=ORIENTED_EDGE('',*,*,#430,.F.);
#562=ORIENTED_EDGE('',*,*,#431,.F.);
#563=ORIENTED_EDGE('',*,*,#417,.T.);
#564=ORIENTED_EDGE('',*,*,#429,.T.);
#565=ORIENTED_EDGE('',*,*,#418,.F.);
#566=ORIENTED_EDGE('',*,*,#431,.T.);
#567=ORIENTED_EDGE('',*,*,#432,.F.);
#568=ORIENTED_EDGE('',*,*,#433,.F.);
#569=ORIENTED_EDGE('',*,*,#419,.F.);
#570=ORIENTED_EDGE('',*,*,#433,.T.);
#571=ORIENTED_EDGE('',*,*,#434,.F.);
#572=ORIENTED_EDGE('',*,*,#435,.F.);
#573=ORIENTED_EDGE('',*,*,#420,.F.);
#574=ORIENTED_EDGE('',*,*,#435,.T.);
#575=ORIENTED_EDGE('',*,*,#436,.T.);
#576=ORIENTED_EDGE('',*,*,#437,.F.);
#577=ORIENTED_EDGE('',*,*,#438,.F.);
#578=ORIENTED_EDGE('',*,*,#439,.F.);
#579=ORIENTED_EDGE('',*,*,#421,.T.);
#580=ORIENTED_EDGE('',*,*,#437,.T.);
#581=ORIENTED_EDGE('',*,*,#422,.F.);
#582=ORIENTED_EDGE('',*,*,#439,.T.);
#583=ORIENTED_EDGE('',*,*,#440,.F.);
#584=ORIENTED_EDGE('',*,*,#425,.F.);
#585=ORIENTED_EDGE('',*,*,#426,.T.);
#586=ORIENTED_EDGE('',*,*,#440,.T.);
#587=ORIENTED_EDGE('',*,*,#438,.T.);
#588=ORIENTED_EDGE('',*,*,#436,.F.);
#589=ORIENTED_EDGE('',*,*,#434,.T.);
#590=ORIENTED_EDGE('',*,*,#432,.T.);
#591=ORIENTED_EDGE('',*,*,#430,.T.);
#592=ORIENTED_EDGE('',*,*,#428,.F.);
#593=ORIENTED_EDGE('',*,*,#441,.F.);
#594=ORIENTED_EDGE('',*,*,#442,.T.);
#595=ORIENTED_EDGE('',*,*,#443,.T.);
#596=ORIENTED_EDGE('',*,*,#414,.F.);
#597=ORIENTED_EDGE('',*,*,#444,.T.);
#598=ORIENTED_EDGE('',*,*,#411,.F.);
#599=ORIENTED_EDGE('',*,*,#443,.F.);
#600=ORIENTED_EDGE('',*,*,#445,.F.);
#601=ORIENTED_EDGE('',*,*,#446,.T.);
#602=ORIENTED_EDGE('',*,*,#447,.T.);
#603=ORIENTED_EDGE('',*,*,#448,.F.);
#604=ORIENTED_EDGE('',*,*,#445,.T.);
#605=ORIENTED_EDGE('',*,*,#448,.T.);
#606=ORIENTED_EDGE('',*,*,#449,.F.);
#607=ORIENTED_EDGE('',*,*,#450,.F.);
#608=ORIENTED_EDGE('',*,*,#451,.F.);
#609=ORIENTED_EDGE('',*,*,#452,.T.);
#610=ORIENTED_EDGE('',*,*,#412,.F.);
#611=ORIENTED_EDGE('',*,*,#444,.F.);
#612=ORIENTED_EDGE('',*,*,#451,.T.);
#613=ORIENTED_EDGE('',*,*,#441,.T.);
#614=ORIENTED_EDGE('',*,*,#413,.F.);
#615=ORIENTED_EDGE('',*,*,#452,.F.);
#616=ORIENTED_EDGE('',*,*,#453,.F.);
#617=ORIENTED_EDGE('',*,*,#450,.T.);
#618=ORIENTED_EDGE('',*,*,#454,.T.);
#619=ORIENTED_EDGE('',*,*,#455,.F.);
#620=ORIENTED_EDGE('',*,*,#453,.T.);
#621=ORIENTED_EDGE('',*,*,#455,.T.);
#622=ORIENTED_EDGE('',*,*,#456,.F.);
#623=ORIENTED_EDGE('',*,*,#446,.F.);
#624=ORIENTED_EDGE('',*,*,#442,.F.);
#625=ORIENTED_EDGE('',*,*,#457,.T.);
#626=ORIENTED_EDGE('',*,*,#395,.F.);
#627=ORIENTED_EDGE('',*,*,#458,.F.);
#628=ORIENTED_EDGE('',*,*,#456,.T.);
#629=ORIENTED_EDGE('',*,*,#458,.T.);
#630=ORIENTED_EDGE('',*,*,#394,.F.);
#631=ORIENTED_EDGE('',*,*,#459,.F.);
#632=ORIENTED_EDGE('',*,*,#447,.F.);
#633=ORIENTED_EDGE('',*,*,#460,.F.);
#634=ORIENTED_EDGE('',*,*,#449,.T.);
#635=ORIENTED_EDGE('',*,*,#459,.T.);
#636=ORIENTED_EDGE('',*,*,#393,.F.);
#637=ORIENTED_EDGE('',*,*,#460,.T.);
#638=ORIENTED_EDGE('',*,*,#396,.F.);
#639=ORIENTED_EDGE('',*,*,#457,.F.);
#640=ORIENTED_EDGE('',*,*,#454,.F.);
#641=ORIENTED_EDGE('',*,*,#461,.F.);
#642=ORIENTED_EDGE('',*,*,#462,.T.);
#643=ORIENTED_EDGE('',*,*,#405,.F.);
#644=ORIENTED_EDGE('',*,*,#463,.F.);
#645=ORIENTED_EDGE('',*,*,#404,.F.);
#646=ORIENTED_EDGE('',*,*,#464,.F.);
#647=ORIENTED_EDGE('',*,*,#465,.T.);
#648=ORIENTED_EDGE('',*,*,#463,.T.);
#649=ORIENTED_EDGE('',*,*,#466,.F.);
#650=ORIENTED_EDGE('',*,*,#467,.T.);
#651=ORIENTED_EDGE('',*,*,#461,.T.);
#652=ORIENTED_EDGE('',*,*,#465,.F.);
#653=ORIENTED_EDGE('',*,*,#468,.F.);
#654=ORIENTED_EDGE('',*,*,#469,.T.);
#655=ORIENTED_EDGE('',*,*,#470,.T.);
#656=ORIENTED_EDGE('',*,*,#471,.F.);
#657=ORIENTED_EDGE('',*,*,#400,.F.);
#658=ORIENTED_EDGE('',*,*,#472,.F.);
#659=ORIENTED_EDGE('',*,*,#471,.T.);
#660=ORIENTED_EDGE('',*,*,#473,.T.);
#661=ORIENTED_EDGE('',*,*,#470,.F.);
#662=ORIENTED_EDGE('',*,*,#474,.T.);
#663=ORIENTED_EDGE('',*,*,#401,.F.);
#664=ORIENTED_EDGE('',*,*,#473,.F.);
#665=ORIENTED_EDGE('',*,*,#402,.F.);
#666=ORIENTED_EDGE('',*,*,#474,.F.);
#667=ORIENTED_EDGE('',*,*,#469,.F.);
#668=ORIENTED_EDGE('',*,*,#475,.T.);
#669=ORIENTED_EDGE('',*,*,#403,.F.);
#670=ORIENTED_EDGE('',*,*,#475,.F.);
#671=ORIENTED_EDGE('',*,*,#468,.T.);
#672=ORIENTED_EDGE('',*,*,#464,.T.);
#673=ORIENTED_EDGE('',*,*,#399,.F.);
#674=ORIENTED_EDGE('',*,*,#476,.F.);
#675=ORIENTED_EDGE('',*,*,#466,.T.);
#676=ORIENTED_EDGE('',*,*,#472,.T.);
#677=ORIENTED_EDGE('',*,*,#398,.F.);
#678=ORIENTED_EDGE('',*,*,#462,.F.);
#679=ORIENTED_EDGE('',*,*,#467,.F.);
#680=ORIENTED_EDGE('',*,*,#476,.T.);
#681=B_SPLINE_SURFACE_WITH_KNOTS('',3,3,((#1002,#1003,#1004,#1005,#1006,
#1007,#1008,#1009,#1010,#1011,#1012,#1013,#1014,#1015,#1016,#1017,#1018,
#1019),(#1020,#1021,#1022,#1023,#1024,#1025,#1026,#1027,#1028,#1029,#1030,
#1031,#1032,#1033,#1034,#1035,#1036,#1037),(#1038,#1039,#1040,#1041,#1042,
#1043,#1044,#1045,#1046,#1047,#1048,#1049,#1050,#1051,#1052,#1053,#1054,
#1055),(#1056,#1057,#1058,#1059,#1060,#1061,#1062,#1063,#1064,#1065,#1066,
#1067,#1068,#1069,#1070,#1071,#1072,#1073),(#1074,#1075,#1076,#1077,#1078,
#1079,#1080,#1081,#1082,#1083,#1084,#1085,#1086,#1087,#1088,#1089,#1090,
#1091)),.UNSPECIFIED.,.F.,.T.,.F.,(4,1,4),(4,1,1,1,1,1,1,1,1,1,1,1,1,1,
1,4),(0.,0.5,1.),(0.217594284759147,0.319572682107807,0.421551079456467,
0.523529476805127,0.625507874153787,0.676497072828117,0.727486271502447,
0.829464668851107,1.03342146354843,1.13539986089709,1.18638905957142,1.21188365890858,
1.22463095857716,1.23737825824575,1.44133505294307,1.64529184764039),
 .UNSPECIFIED.);
#682=B_SPLINE_SURFACE_WITH_KNOTS('',3,1,((#1131,#1132),(#1133,#1134),(#1135,
#1136),(#1137,#1138),(#1139,#1140),(#1141,#1142),(#1143,#1144),(#1145,#1146),
(#1147,#1148),(#1149,#1150),(#1151,#1152),(#1153,#1154),(#1155,#1156),(#1157,
#1158),(#1159,#1160),(#1161,#1162),(#1163,#1164),(#1165,#1166),(#1167,#1168),
(#1169,#1170),(#1171,#1172),(#1173,#1174),(#1175,#1176),(#1177,#1178),(#1179,
#1180),(#1181,#1182),(#1183,#1184),(#1185,#1186)),.UNSPECIFIED.,.T.,.F.,
 .F.,(4,3,3,3,3,3,3,3,3,4),(2,2),(0.,0.849236576270142,1.61887935912905,
2.13011209232717,2.9556368598889,3.75860090792507,4.29782104168395,5.10243365428795,
5.88662557416896,6.28318530718),(-0.0769920242805742,0.328229646793681),
 .UNSPECIFIED.);
#683=B_SPLINE_SURFACE_WITH_KNOTS('',3,3,((#1220,#1221,#1222,#1223,#1224,
#1225,#1226,#1227,#1228,#1229,#1230,#1231,#1232,#1233,#1234,#1235,#1236,
#1237,#1238),(#1239,#1240,#1241,#1242,#1243,#1244,#1245,#1246,#1247,#1248,
#1249,#1250,#1251,#1252,#1253,#1254,#1255,#1256,#1257),(#1258,#1259,#1260,
#1261,#1262,#1263,#1264,#1265,#1266,#1267,#1268,#1269,#1270,#1271,#1272,
#1273,#1274,#1275,#1276),(#1277,#1278,#1279,#1280,#1281,#1282,#1283,#1284,
#1285,#1286,#1287,#1288,#1289,#1290,#1291,#1292,#1293,#1294,#1295),(#1296,
#1297,#1298,#1299,#1300,#1301,#1302,#1303,#1304,#1305,#1306,#1307,#1308,
#1309,#1310,#1311,#1312,#1313,#1314)),.UNSPECIFIED.,.F.,.T.,.F.,(4,1,4),
(4,1,1,1,1,1,1,1,1,1,1,1,1,1,1,1,4),(0.,0.5,1.),(1.21050729640297,1.31251019236239,
1.41451308832181,1.51651598428123,1.61851888024066,1.72052177620008,1.8225246721595,
1.92452756811893,2.02653046407835,2.10303263604792,2.17953480801748,2.20503553200734,
2.23053625599719,2.33253915195662,2.43454204791604,2.53654494387546,2.63854783983489),
 .UNSPECIFIED.);
#684=B_SPLINE_SURFACE_WITH_KNOTS('',3,3,((#1339,#1340,#1341,#1342,#1343,
#1344,#1345,#1346,#1347,#1348,#1349,#1350,#1351,#1352,#1353,#1354,#1355),
(#1356,#1357,#1358,#1359,#1360,#1361,#1362,#1363,#1364,#1365,#1366,#1367,
#1368,#1369,#1370,#1371,#1372),(#1373,#1374,#1375,#1376,#1377,#1378,#1379,
#1380,#1381,#1382,#1383,#1384,#1385,#1386,#1387,#1388,#1389),(#1390,#1391,
#1392,#1393,#1394,#1395,#1396,#1397,#1398,#1399,#1400,#1401,#1402,#1403,
#1404,#1405,#1406),(#1407,#1408,#1409,#1410,#1411,#1412,#1413,#1414,#1415,
#1416,#1417,#1418,#1419,#1420,#1421,#1422,#1423)),.UNSPECIFIED.,.F.,.T.,
 .F.,(4,1,4),(4,1,1,1,1,1,1,1,1,1,1,1,1,1,4),(0.,0.5,1.),(0.209615146911015,
0.362582994575658,0.413572277130539,0.5155508422403,0.617529407350062,0.770497255014704,
0.795991896292145,0.821486537569585,1.02544366778911,1.12742223289887,1.22940079800863,
1.28039008056351,1.43335792822815,1.53533649333792,1.63731505844768),
 .UNSPECIFIED.);
#685=B_SPLINE_SURFACE_WITH_KNOTS('',3,1,((#1461,#1462),(#1463,#1464),(#1465,
#1466),(#1467,#1468),(#1469,#1470),(#1471,#1472),(#1473,#1474),(#1475,#1476),
(#1477,#1478),(#1479,#1480),(#1481,#1482),(#1483,#1484),(#1485,#1486),(#1487,
#1488),(#1489,#1490),(#1491,#1492),(#1493,#1494),(#1495,#1496),(#1497,#1498),
(#1499,#1500),(#1501,#1502),(#1503,#1504),(#1505,#1506),(#1507,#1508),(#1509,
#1510),(#1511,#1512),(#1513,#1514),(#1515,#1516)),.UNSPECIFIED.,.T.,.F.,
 .F.,(4,3,3,3,3,3,3,3,3,4),(2,2),(3.14159265359,3.86714019394471,4.54097867656869,
5.35087139020021,6.15947375792802,6.69222610681707,7.46607614496173,8.26773537465498,
8.81408022225549,9.424777960769),(-0.0770122052018591,0.328249827715978),
 .UNSPECIFIED.);
#686=B_SPLINE_SURFACE_WITH_KNOTS('',3,3,((#1550,#1551,#1552,#1553,#1554,
#1555,#1556,#1557,#1558,#1559,#1560,#1561,#1562,#1563,#1564,#1565,#1566,
#1567,#1568),(#1569,#1570,#1571,#1572,#1573,#1574,#1575,#1576,#1577,#1578,
#1579,#1580,#1581,#1582,#1583,#1584,#1585,#1586,#1587),(#1588,#1589,#1590,
#1591,#1592,#1593,#1594,#1595,#1596,#1597,#1598,#1599,#1600,#1601,#1602,
#1603,#1604,#1605,#1606),(#1607,#1608,#1609,#1610,#1611,#1612,#1613,#1614,
#1615,#1616,#1617,#1618,#1619,#1620,#1621,#1622,#1623,#1624,#1625),(#1626,
#1627,#1628,#1629,#1630,#1631,#1632,#1633,#1634,#1635,#1636,#1637,#1638,
#1639,#1640,#1641,#1642,#1643,#1644)),.UNSPECIFIED.,.F.,.T.,.F.,(4,1,4),
(4,1,1,1,1,1,1,1,1,1,1,1,1,1,1,1,4),(0.,0.5,1.),(1.21880722205727,1.32082813738705,
1.37183859505195,1.42284905271684,1.52486996804663,1.62689088337641,1.67790134104131,
1.7289117987062,1.83093271403599,1.93295362936577,2.03497454469556,2.13699546002534,
2.23901637535513,2.34103729068492,2.4430582060147,2.54507912134449,2.64710003667428),
 .UNSPECIFIED.);
#687=ADVANCED_FACE('',(#197),#681,.F.);
#688=ADVANCED_FACE('',(#198),#682,.F.);
#689=ADVANCED_FACE('',(#199,#37),#95,.T.);
#690=ADVANCED_FACE('',(#200),#683,.F.);
#691=ADVANCED_FACE('',(#201,#38),#96,.F.);
#692=ADVANCED_FACE('',(#202),#684,.F.);
#693=ADVANCED_FACE('',(#203),#685,.F.);
#694=ADVANCED_FACE('',(#204,#39),#97,.T.);
#695=ADVANCED_FACE('',(#205),#686,.F.);
#696=ADVANCED_FACE('',(#206,#40),#98,.F.);
#697=ADVANCED_FACE('',(#207,#41,#42,#43),#99,.F.);
#698=ADVANCED_FACE('',(#208),#15,.T.);
#699=ADVANCED_FACE('',(#209),#16,.T.);
#700=ADVANCED_FACE('',(#210),#17,.T.);
#701=ADVANCED_FACE('',(#211,#44,#45,#46),#100,.T.);
#702=ADVANCED_FACE('',(#212),#18,.T.);
#703=ADVANCED_FACE('',(#213),#19,.T.);
#704=ADVANCED_FACE('',(#214),#20,.F.);
#705=ADVANCED_FACE('',(#215),#101,.F.);
#706=ADVANCED_FACE('',(#216),#21,.F.);
#707=ADVANCED_FACE('',(#217),#22,.T.);
#708=ADVANCED_FACE('',(#218),#23,.F.);
#709=ADVANCED_FACE('',(#219),#102,.F.);
#710=ADVANCED_FACE('',(#220),#24,.F.);
#711=ADVANCED_FACE('',(#221),#103,.T.);
#712=ADVANCED_FACE('',(#222),#104,.T.);
#713=ADVANCED_FACE('',(#223),#25,.T.);
#714=ADVANCED_FACE('',(#224),#26,.T.);
#715=ADVANCED_FACE('',(#225),#105,.F.);
#716=ADVANCED_FACE('',(#226),#106,.T.);
#717=ADVANCED_FACE('',(#227),#27,.T.);
#718=ADVANCED_FACE('',(#228),#28,.T.);
#719=ADVANCED_FACE('',(#229),#107,.F.);
#720=ADVANCED_FACE('',(#230),#108,.T.);
#721=ADVANCED_FACE('',(#231),#29,.T.);
#722=ADVANCED_FACE('',(#232),#109,.T.);
#723=ADVANCED_FACE('',(#233),#30,.T.);
#724=ADVANCED_FACE('',(#234),#31,.T.);
#725=ADVANCED_FACE('',(#235),#32,.F.);
#726=ADVANCED_FACE('',(#236),#110,.F.);
#727=ADVANCED_FACE('',(#237),#33,.F.);
#728=ADVANCED_FACE('',(#238),#34,.T.);
#729=ADVANCED_FACE('',(#239),#35,.F.);
#730=ADVANCED_FACE('',(#240),#111,.T.);
#731=ADVANCED_FACE('',(#241),#112,.T.);
#732=ADVANCED_FACE('',(#242),#36,.F.);
#733=CLOSED_SHELL('',(#687,#688,#689,#690,#691,#692,#693,#694,#695,#696,
#697,#698,#699,#700,#701,#702,#703,#704,#705,#706,#707,#708,#709,#710,#711,
#712,#713,#714,#715,#716,#717,#718,#719,#720,#721,#722,#723,#724,#725,#726,
#727,#728,#729,#730,#731,#732));
#734=DERIVED_UNIT_ELEMENT(#736,1.);
#735=DERIVED_UNIT_ELEMENT(#2020,-3.);
#736=(
MASS_UNIT()
NAMED_UNIT(*)
SI_UNIT(.KILO.,.GRAM.)
);
#737=DERIVED_UNIT((#734,#735));
#738=MEASURE_REPRESENTATION_ITEM('density measure',
POSITIVE_RATIO_MEASURE(7850.),#737);
#739=PROPERTY_DEFINITION_REPRESENTATION(#744,#741);
#740=PROPERTY_DEFINITION_REPRESENTATION(#745,#742);
#741=REPRESENTATION('material name',(#743),#2017);
#742=REPRESENTATION('density',(#738),#2017);
#743=DESCRIPTIVE_REPRESENTATION_ITEM('\X2\AC15CCA0\X0\','\X2\AC15CCA0\X0\');
#744=PROPERTY_DEFINITION('material property','material name',#2027);
#745=PROPERTY_DEFINITION('material property','density of part',#2027);
#746=AXIS2_PLACEMENT_3D('',#1001,#817,#818);
#747=AXIS2_PLACEMENT_3D('',#1094,#819,#820);
#748=AXIS2_PLACEMENT_3D('',#1217,#822,#823);
#749=AXIS2_PLACEMENT_3D('',#1219,#824,#825);
#750=AXIS2_PLACEMENT_3D('',#1316,#826,#827);
#751=AXIS2_PLACEMENT_3D('',#1336,#828,#829);
#752=AXIS2_PLACEMENT_3D('',#1338,#830,#831);
#753=AXIS2_PLACEMENT_3D('',#1426,#832,#833);
#754=AXIS2_PLACEMENT_3D('',#1547,#835,#836);
#755=AXIS2_PLACEMENT_3D('',#1549,#837,#838);
#756=AXIS2_PLACEMENT_3D('',#1646,#839,#840);
#757=AXIS2_PLACEMENT_3D('',#1666,#841,#842);
#758=AXIS2_PLACEMENT_3D('',#1668,#843,#844);
#759=AXIS2_PLACEMENT_3D('',#1669,#845,#846);
#760=AXIS2_PLACEMENT_3D('',#1674,#848,#849);
#761=AXIS2_PLACEMENT_3D('',#1677,#851,#852);
#762=AXIS2_PLACEMENT_3D('',#1679,#853,#854);
#763=AXIS2_PLACEMENT_3D('',#1682,#855,#856);
#764=AXIS2_PLACEMENT_3D('',#1686,#858,#859);
#765=AXIS2_PLACEMENT_3D('',#1688,#860,#861);
#766=AXIS2_PLACEMENT_3D('',#1690,#862,#863);
#767=AXIS2_PLACEMENT_3D('',#1694,#865,#866);
#768=AXIS2_PLACEMENT_3D('',#1695,#867,#868);
#769=AXIS2_PLACEMENT_3D('',#1697,#869,#870);
#770=AXIS2_PLACEMENT_3D('',#1748,#874,#875);
#771=AXIS2_PLACEMENT_3D('',#1749,#876,#877);
#772=AXIS2_PLACEMENT_3D('',#1752,#878,#879);
#773=AXIS2_PLACEMENT_3D('',#1756,#881,#882);
#774=AXIS2_PLACEMENT_3D('',#1759,#884,#885);
#775=AXIS2_PLACEMENT_3D('',#1762,#886,#887);
#776=AXIS2_PLACEMENT_3D('',#1766,#889,#890);
#777=AXIS2_PLACEMENT_3D('',#1768,#891,#892);
#778=AXIS2_PLACEMENT_3D('',#1770,#893,#894);
#779=AXIS2_PLACEMENT_3D('',#1774,#896,#897);
#780=AXIS2_PLACEMENT_3D('',#1775,#898,#899);
#781=AXIS2_PLACEMENT_3D('',#1804,#902,#903);
#782=AXIS2_PLACEMENT_3D('',#1813,#905,#906);
#783=AXIS2_PLACEMENT_3D('',#1815,#908,#909);
#784=AXIS2_PLACEMENT_3D('',#1826,#912,#913);
#785=AXIS2_PLACEMENT_3D('',#1835,#915,#916);
#786=AXIS2_PLACEMENT_3D('',#1844,#918,#919);
#787=AXIS2_PLACEMENT_3D('',#1846,#921,#922);
#788=AXIS2_PLACEMENT_3D('',#1856,#925,#926);
#789=AXIS2_PLACEMENT_3D('',#1857,#927,#928);
#790=AXIS2_PLACEMENT_3D('',#1858,#929,#930);
#791=AXIS2_PLACEMENT_3D('',#1860,#931,#932);
#792=AXIS2_PLACEMENT_3D('',#1863,#934,#935);
#793=AXIS2_PLACEMENT_3D('',#1875,#936,#937);
#794=AXIS2_PLACEMENT_3D('',#1876,#938,#939);
#795=AXIS2_PLACEMENT_3D('',#1890,#941,#942);
#796=AXIS2_PLACEMENT_3D('',#1892,#944,#945);
#797=AXIS2_PLACEMENT_3D('',#1898,#949,#950);
#798=AXIS2_PLACEMENT_3D('',#1899,#951,#952);
#799=AXIS2_PLACEMENT_3D('',#1910,#953,#954);
#800=AXIS2_PLACEMENT_3D('',#1922,#955,#956);
#801=AXIS2_PLACEMENT_3D('',#1924,#958,#959);
#802=AXIS2_PLACEMENT_3D('',#1926,#961,#962);
#803=AXIS2_PLACEMENT_3D('',#1927,#963,#964);
#804=AXIS2_PLACEMENT_3D('',#1928,#965,#966);
#805=AXIS2_PLACEMENT_3D('',#1939,#967,#968);
#806=AXIS2_PLACEMENT_3D('',#1940,#969,#970);
#807=AXIS2_PLACEMENT_3D('',#1941,#971,#972);
#808=AXIS2_PLACEMENT_3D('',#1960,#973,#974);
#809=AXIS2_PLACEMENT_3D('',#1971,#978,#979);
#810=AXIS2_PLACEMENT_3D('',#1972,#980,#981);
#811=AXIS2_PLACEMENT_3D('',#1976,#983,#984);
#812=AXIS2_PLACEMENT_3D('',#1980,#986,#987);
#813=AXIS2_PLACEMENT_3D('',#1982,#988,#989);
#814=AXIS2_PLACEMENT_3D('',#1983,#990,#991);
#815=AXIS2_PLACEMENT_3D('',#2006,#996,#997);
#816=AXIS2_PLACEMENT_3D('',#2007,#998,#999);
#817=DIRECTION('axis',(0.,0.,1.));
#818=DIRECTION('refdir',(1.,0.,0.));
#819=DIRECTION('center_axis',(5.01130098025453E-16,-0.361102291637043,-0.932526211414176));
#820=DIRECTION('ref_axis',(1.77635683940027E-13,-0.932526211414176,0.361102291637043));
#821=DIRECTION('',(-1.,0.,0.));
#822=DIRECTION('center_axis',(-1.,0.,0.));
#823=DIRECTION('ref_axis',(0.,0.,1.));
#824=DIRECTION('center_axis',(-1.,6.82241335464781E-15,4.80135005004577E-15));
#825=DIRECTION('ref_axis',(4.80135005015216E-15,1.559378850946E-11,1.));
#826=DIRECTION('center_axis',(0.,0.361102291636891,0.932526211414235));
#827=DIRECTION('ref_axis',(0.,-0.932526211414235,0.361102291636891));
#828=DIRECTION('center_axis',(-1.,0.,0.));
#829=DIRECTION('ref_axis',(0.,0.,1.));
#830=DIRECTION('center_axis',(-1.,0.,0.));
#831=DIRECTION('ref_axis',(0.,1.559378850946E-11,1.));
#832=DIRECTION('center_axis',(0.,0.361102291632433,0.932526211415961));
#833=DIRECTION('ref_axis',(0.,0.932526211415961,-0.361102291632433));
#834=DIRECTION('',(-1.,0.,0.));
#835=DIRECTION('center_axis',(-1.,0.,0.));
#836=DIRECTION('ref_axis',(0.,0.,1.));
#837=DIRECTION('center_axis',(-1.,0.,0.));
#838=DIRECTION('ref_axis',(0.,-1.2051353643621E-11,-1.));
#839=DIRECTION('center_axis',(0.,-0.36110229163334,-0.93252621141561));
#840=DIRECTION('ref_axis',(0.,0.93252621141561,-0.361102291633339));
#841=DIRECTION('center_axis',(-1.,0.,0.));
#842=DIRECTION('ref_axis',(0.,0.,1.));
#843=DIRECTION('center_axis',(-1.,-4.61116321741836E-15,4.1820683714895E-15));
#844=DIRECTION('ref_axis',(4.18206837149834E-15,-1.91625364526156E-12,1.));
#845=DIRECTION('center_axis',(-1.,0.,0.));
#846=DIRECTION('ref_axis',(0.,0.,1.));
#847=DIRECTION('',(0.,0.921134257849117,-0.389245011550253));
#848=DIRECTION('center_axis',(1.,0.,0.));
#849=DIRECTION('ref_axis',(0.,-2.26150816194372E-12,1.));
#850=DIRECTION('',(0.,-0.921134257849114,0.389245011550259));
#851=DIRECTION('center_axis',(1.,0.,0.));
#852=DIRECTION('ref_axis',(0.,-6.33226697599273E-12,1.));
#853=DIRECTION('center_axis',(-1.,0.,0.));
#854=DIRECTION('ref_axis',(0.,1.559378850946E-11,1.));
#855=DIRECTION('center_axis',(-1.,-6.48415412844474E-14,9.53562976310445E-14));
#856=DIRECTION('ref_axis',(-9.53562976369536E-14,9.11312235609809E-11,-1.));
#857=DIRECTION('',(0.,0.9211342572912,-0.389245012870543));
#858=DIRECTION('center_axis',(-1.,0.,0.));
#859=DIRECTION('ref_axis',(0.,-3.45238173618254E-11,-1.));
#860=DIRECTION('center_axis',(1.,-1.60052948634192E-13,6.19773319267818E-14));
#861=DIRECTION('ref_axis',(-6.19773319265453E-14,1.47763840001795E-12,1.));
#862=DIRECTION('center_axis',(-1.,0.,0.));
#863=DIRECTION('ref_axis',(0.,-2.73295882068769E-11,-1.));
#864=DIRECTION('',(0.,-0.921134257291236,0.389245012870457));
#865=DIRECTION('center_axis',(-1.,-1.15862239230971E-13,-2.53823403820915E-14));
#866=DIRECTION('ref_axis',(2.53823403903251E-14,-7.10633212228745E-11,-1.));
#867=DIRECTION('center_axis',(1.,1.6005294863407E-13,-6.19773319270194E-14));
#868=DIRECTION('ref_axis',(6.19773319382482E-14,-7.01568892265614E-11,1.));
#869=DIRECTION('center_axis',(-1.,0.,0.));
#870=DIRECTION('ref_axis',(0.,-1.2051353643621E-11,-1.));
#871=DIRECTION('',(-1.,0.,0.));
#872=DIRECTION('',(-1.,0.,0.));
#873=DIRECTION('',(-1.,0.,0.));
#874=DIRECTION('center_axis',(-1.,-2.01235068495408E-15,-8.91155868977286E-15));
#875=DIRECTION('ref_axis',(-8.911558689769E-15,-1.91625364526156E-12,1.));
#876=DIRECTION('center_axis',(-1.,0.,0.));
#877=DIRECTION('ref_axis',(0.,0.,1.));
#878=DIRECTION('center_axis',(-1.,1.61688469056123E-15,4.57747150042663E-15));
#879=DIRECTION('ref_axis',(-4.57747150041904E-15,4.69509174841571E-12,-1.));
#880=DIRECTION('',(0.,-0.921134257684899,0.389245011938868));
#881=DIRECTION('center_axis',(-1.,8.01246599109819E-15,-3.10266833416611E-15));
#882=DIRECTION('ref_axis',(3.10266833400931E-15,-1.95692563911296E-11,-1.));
#883=DIRECTION('',(0.,0.92113425768493,-0.389245011938796));
#884=DIRECTION('center_axis',(-1.,6.82241335464781E-15,4.80135005004577E-15));
#885=DIRECTION('ref_axis',(4.80135005015215E-15,1.5592878295328E-11,1.));
#886=DIRECTION('center_axis',(1.,0.,0.));
#887=DIRECTION('ref_axis',(0.,1.74895051250951E-11,1.));
#888=DIRECTION('',(0.,-0.921134257291236,0.389245012870457));
#889=DIRECTION('center_axis',(1.,0.,0.));
#890=DIRECTION('ref_axis',(0.,2.40854898782E-11,1.));
#891=DIRECTION('center_axis',(-1.,1.60052948634863E-13,-6.1977331926551E-14));
#892=DIRECTION('ref_axis',(6.19773319073853E-14,-1.19745758976574E-10,-1.));
#893=DIRECTION('center_axis',(1.,0.,0.));
#894=DIRECTION('ref_axis',(0.,-2.16054195498172E-11,1.));
#895=DIRECTION('',(0.,0.9211342572912,-0.389245012870543));
#896=DIRECTION('center_axis',(1.,6.48415412856967E-14,-9.5356297631889E-14));
#897=DIRECTION('ref_axis',(9.53562976346412E-14,-4.24449133586111E-11,1.));
#898=DIRECTION('center_axis',(-1.,-1.60052948636856E-13,6.19773319271068E-14));
#899=DIRECTION('ref_axis',(-6.19773319102156E-14,-1.05535039686612E-10,
-1.));
#900=DIRECTION('',(-1.,0.,0.));
#901=DIRECTION('',(1.,0.,0.));
#902=DIRECTION('center_axis',(1.,0.,0.));
#903=DIRECTION('ref_axis',(0.,-7.01568892265614E-11,1.));
#904=DIRECTION('',(1.,0.,0.));
#905=DIRECTION('center_axis',(1.,1.15862239230094E-13,2.53823403826737E-14));
#906=DIRECTION('ref_axis',(-2.53823403847001E-14,1.74895051250951E-11,1.));
#907=DIRECTION('',(1.,0.,0.));
#908=DIRECTION('center_axis',(0.,-0.389245012870403,-0.921134257291259));
#909=DIRECTION('ref_axis',(-1.,0.,0.));
#910=DIRECTION('',(0.,-0.921134257291236,0.389245012870457));
#911=DIRECTION('',(1.,0.,0.));
#912=DIRECTION('center_axis',(-1.,0.,0.));
#913=DIRECTION('ref_axis',(0.,-2.73295882068769E-11,-1.));
#914=DIRECTION('',(1.,0.,0.));
#915=DIRECTION('center_axis',(1.,0.,0.));
#916=DIRECTION('ref_axis',(0.,1.47763840001795E-12,1.));
#917=DIRECTION('',(1.,0.,0.));
#918=DIRECTION('center_axis',(1.,0.,0.));
#919=DIRECTION('ref_axis',(0.,-2.16054195498172E-11,1.));
#920=DIRECTION('',(1.,0.,0.));
#921=DIRECTION('center_axis',(0.,0.38924501287042,0.921134257291252));
#922=DIRECTION('ref_axis',(1.,0.,0.));
#923=DIRECTION('',(0.,0.9211342572912,-0.389245012870543));
#924=DIRECTION('',(1.,0.,0.));
#925=DIRECTION('center_axis',(-1.,-6.48415412844474E-14,9.53562976310445E-14));
#926=DIRECTION('ref_axis',(-9.53562976369536E-14,9.11312235609809E-11,-1.));
#927=DIRECTION('center_axis',(-1.,0.,0.));
#928=DIRECTION('ref_axis',(0.,0.,1.));
#929=DIRECTION('center_axis',(-0.710862675128875,0.27376801816347,0.647862122167569));
#930=DIRECTION('ref_axis',(0.673596363403321,-1.11022302462516E-16,0.739099410911565));
#931=DIRECTION('center_axis',(-0.710816231810286,0.273465151311488,0.648040967542339));
#932=DIRECTION('ref_axis',(0.69116680084496,0.442488713417741,0.57139495264454));
#933=DIRECTION('',(-1.05665861590947E-9,0.921134256875501,-0.389245013854281));
#934=DIRECTION('center_axis',(0.710882055413684,-0.273651297094123,-0.647890168847715));
#935=DIRECTION('ref_axis',(0.685198216556054,0.0617545795477224,0.725733956717809));
#936=DIRECTION('center_axis',(-0.710816237892325,-0.273465190817896,-0.648040944199927));
#937=DIRECTION('ref_axis',(0.691166801105873,-0.442488711446074,-0.571394953855796));
#938=DIRECTION('center_axis',(1.,-7.65694531254829E-15,2.96500030877204E-15));
#939=DIRECTION('ref_axis',(-2.9650003087381E-15,4.43305826173481E-12,1.));
#940=DIRECTION('',(1.,-3.33094390498788E-9,-7.10036463817077E-10));
#941=DIRECTION('center_axis',(-1.,0.,0.));
#942=DIRECTION('ref_axis',(0.,-4.38327209322975E-12,-1.));
#943=DIRECTION('',(1.,-3.00285234074902E-9,4.5781346483532E-9));
#944=DIRECTION('center_axis',(0.,0.389245012870358,0.921134257291278));
#945=DIRECTION('ref_axis',(1.,0.,0.));
#946=DIRECTION('',(-8.99308244587799E-10,0.921134256937462,-0.389245013707652));
#947=DIRECTION('',(1.,4.84598734562851E-9,-2.04778038699095E-9));
#948=DIRECTION('',(-1.05665861590901E-9,-0.921134256875691,0.389245013853829));
#949=DIRECTION('center_axis',(-0.710862675128528,-0.273768018163954,-0.647862122167745));
#950=DIRECTION('ref_axis',(-0.6735963634036,-2.22044604925031E-16,0.73909941091131));
#951=DIRECTION('center_axis',(0.710882052360941,0.273651315546573,0.647890164403448));
#952=DIRECTION('ref_axis',(0.685198216280949,-0.0617545778556561,-0.725733957121531));
#953=DIRECTION('center_axis',(1.,0.,0.));
#954=DIRECTION('ref_axis',(0.,4.72160051545818E-13,1.));
#955=DIRECTION('center_axis',(-1.,7.65694530768411E-15,-2.96500031259706E-15));
#956=DIRECTION('ref_axis',(2.9650003125942E-15,-3.73187757745097E-13,-1.));
#957=DIRECTION('',(1.,3.00285207408437E-9,-4.57811758180903E-9));
#958=DIRECTION('center_axis',(0.,-0.389245012870387,-0.921134257291266));
#959=DIRECTION('ref_axis',(-1.,0.,0.));
#960=DIRECTION('',(-8.99308244588114E-10,-0.921134256937468,0.389245013707637));
#961=DIRECTION('center_axis',(0.710862675135283,0.2737680181612,0.647862122161496));
#962=DIRECTION('ref_axis',(0.673596363396554,1.11022302462516E-16,-0.739099410917731));
#963=DIRECTION('center_axis',(-0.710836443205783,-0.273596533189415,-0.647963338497854));
#964=DIRECTION('ref_axis',(0.658747879738315,0.0638933986093072,-0.749645826076839));
#965=DIRECTION('center_axis',(0.710877904686111,0.273676362268044,0.647884135756398));
#966=DIRECTION('ref_axis',(0.685198209970319,-0.0617544777326693,-0.725733971599398));
#967=DIRECTION('center_axis',(-0.710836446234655,0.273596552973173,0.647963326821576));
#968=DIRECTION('ref_axis',(0.658772489683688,-0.0637975333336846,0.749632364280314));
#969=DIRECTION('center_axis',(0.710862675136251,-0.273768018160852,-0.647862122160582));
#970=DIRECTION('ref_axis',(-0.673596363395534,2.22044604925031E-16,-0.739099410918661));
#971=DIRECTION('center_axis',(0.710877898093938,-0.273676402039351,-0.647884126189506));
#972=DIRECTION('ref_axis',(0.685198209864445,0.061754476954762,0.725733971765552));
#973=DIRECTION('center_axis',(-1.,-1.60052948636856E-13,6.19773319271068E-14));
#974=DIRECTION('ref_axis',(-6.19773319102156E-14,-1.05535039686612E-10,
-1.));
#975=DIRECTION('',(1.,0.,0.));
#976=DIRECTION('',(1.,0.,0.));
#977=DIRECTION('',(1.,0.,0.));
#978=DIRECTION('center_axis',(-1.,-1.15862239230971E-13,-2.53823403820915E-14));
#979=DIRECTION('ref_axis',(2.53823403903251E-14,-7.10633212228745E-11,-1.));
#980=DIRECTION('center_axis',(-1.,0.,0.));
#981=DIRECTION('ref_axis',(0.,0.,1.));
#982=DIRECTION('',(0.,0.9211342572912,-0.389245012870543));
#983=DIRECTION('center_axis',(1.,6.48415412856967E-14,-9.5356297631889E-14));
#984=DIRECTION('ref_axis',(9.53562976346412E-14,-4.24449133586111E-11,1.));
#985=DIRECTION('',(0.,-0.921134257291236,0.389245012870457));
#986=DIRECTION('center_axis',(1.,0.,0.));
#987=DIRECTION('ref_axis',(0.,2.40854898782E-11,1.));
#988=DIRECTION('center_axis',(-1.,1.60052948634863E-13,-6.1977331926551E-14));
#989=DIRECTION('ref_axis',(6.19773319073505E-14,-1.19963507756503E-10,-1.));
#990=DIRECTION('center_axis',(-1.,0.,0.));
#991=DIRECTION('ref_axis',(0.,-3.45238173618254E-11,-1.));
#992=DIRECTION('',(1.,0.,0.));
#993=DIRECTION('',(1.,0.,0.));
#994=DIRECTION('',(1.,0.,0.));
#995=DIRECTION('',(1.,0.,0.));
#996=DIRECTION('center_axis',(0.,0.389245012870403,0.921134257291259));
#997=DIRECTION('ref_axis',(1.,0.,0.));
#998=DIRECTION('center_axis',(0.,-0.38924501287042,-0.921134257291252));
#999=DIRECTION('ref_axis',(-1.,0.,0.));
#1000=DIRECTION('',(1.,0.,0.));
#1001=CARTESIAN_POINT('',(0.,0.,0.));
#1002=CARTESIAN_POINT('Ctrl Pts',(192.28415833126,2.2578404919171,201.852439087202));
#1003=CARTESIAN_POINT('Ctrl Pts',(192.28415833126,2.1246716056862,201.508537982636));
#1004=CARTESIAN_POINT('Ctrl Pts',(192.28415833126,1.70711325526632,200.878950542696));
#1005=CARTESIAN_POINT('Ctrl Pts',(192.28415833126,0.730429626325313,200.298741406093));
#1006=CARTESIAN_POINT('Ctrl Pts',(192.28415833126,-0.405783510749263,200.226019785429));
#1007=CARTESIAN_POINT('Ctrl Pts',(192.28415833126,-1.27511129790107,200.601879731019));
#1008=CARTESIAN_POINT('Ctrl Pts',(192.28415833126,-1.81801113830867,201.10882381908));
#1009=CARTESIAN_POINT('Ctrl Pts',(192.28415833126,-2.23459949889571,201.722180288197));
#1010=CARTESIAN_POINT('Ctrl Pts',(192.28415833126,-2.59507752778904,202.995921447321));
#1011=CARTESIAN_POINT('Ctrl Pts',(192.28415833126,-2.01808439099335,204.503194882395));
#1012=CARTESIAN_POINT('Ctrl Pts',(192.28415833126,-0.868837571762211,205.178393322168));
#1013=CARTESIAN_POINT('Ctrl Pts',(192.28415833126,-0.231356282486755,205.296271296898));
#1014=CARTESIAN_POINT('Ctrl Pts',(192.28415833126,0.0924090862962463,205.298331547699));
#1015=CARTESIAN_POINT('Ctrl Pts',(192.28415833126,0.275990565764259,205.282789097768));
#1016=CARTESIAN_POINT('Ctrl Pts',(192.28415833126,1.10053455526679,205.168407001575));
#1017=CARTESIAN_POINT('Ctrl Pts',(192.28415833126,2.43458400024843,204.152527905733));
#1018=CARTESIAN_POINT('Ctrl Pts',(192.28415833126,2.52417826437871,202.540241296333));
#1019=CARTESIAN_POINT('Ctrl Pts',(192.28415833126,2.25784049191708,201.852439087202));
#1020=CARTESIAN_POINT('Ctrl Pts',(192.28415833126,2.20901353366612,201.871346358978));
#1021=CARTESIAN_POINT('Ctrl Pts',(192.28415833126,2.07857212130972,201.53448880118));
#1022=CARTESIAN_POINT('Ctrl Pts',(192.28415833126,1.66962935197966,200.918065495079));
#1023=CARTESIAN_POINT('Ctrl Pts',(192.28415833126,0.714232706328022,200.35068626775));
#1024=CARTESIAN_POINT('Ctrl Pts',(192.28415833126,-0.396383509647328,200.279619410579));
#1025=CARTESIAN_POINT('Ctrl Pts',(192.28415833126,-1.2464949081144,200.647075481813));
#1026=CARTESIAN_POINT('Ctrl Pts',(192.28415833126,-1.77782244066978,201.143183801213));
#1027=CARTESIAN_POINT('Ctrl Pts',(192.28415833126,-2.18571638477942,201.743694534229));
#1028=CARTESIAN_POINT('Ctrl Pts',(192.28415833126,-2.53903935106113,202.991742853249));
#1029=CARTESIAN_POINT('Ctrl Pts',(192.28415833126,-1.973379641119,204.468347243298));
#1030=CARTESIAN_POINT('Ctrl Pts',(192.28415833126,-0.849174490928544,205.128519478437));
#1031=CARTESIAN_POINT('Ctrl Pts',(192.28415833126,-0.225977293427059,205.243787952524));
#1032=CARTESIAN_POINT('Ctrl Pts',(192.28415833126,0.090529588416822,205.245797853461));
#1033=CARTESIAN_POINT('Ctrl Pts',(192.28415833126,0.270002586368231,205.23060364131));
#1034=CARTESIAN_POINT('Ctrl Pts',(192.28415833126,1.0760356549985,205.118802016803));
#1035=CARTESIAN_POINT('Ctrl Pts',(192.28415833126,2.38172627065427,204.125343606667));
#1036=CARTESIAN_POINT('Ctrl Pts',(192.28415833126,2.46989635837884,202.545061474575));
#1037=CARTESIAN_POINT('Ctrl Pts',(192.28415833126,2.20901353366609,201.871346358978));
#1038=CARTESIAN_POINT('Ctrl Pts',(192.327673413264,2.1119142041948,201.908946149696));
#1039=CARTESIAN_POINT('Ctrl Pts',(192.327673413264,1.9868820285936,201.586057639381));
#1040=CARTESIAN_POINT('Ctrl Pts',(192.327673413264,1.59505493604426,200.995742519901));
#1041=CARTESIAN_POINT('Ctrl Pts',(192.327673413264,0.681924865170972,200.453799060413));
#1042=CARTESIAN_POINT('Ctrl Pts',(192.327673413264,-0.377891456417226,200.386012226325));
#1043=CARTESIAN_POINT('Ctrl Pts',(192.327673413264,-1.1898684705668,200.736787286987));
#1044=CARTESIAN_POINT('Ctrl Pts',(192.327673413264,-1.69822978350859,201.21139885632));
#1045=CARTESIAN_POINT('Ctrl Pts',(192.327673413264,-2.08887993808889,201.786431251773));
#1046=CARTESIAN_POINT('Ctrl Pts',(192.327673413264,-2.42800026376016,202.983497772094));
#1047=CARTESIAN_POINT('Ctrl Pts',(192.327673413264,-1.88481679552479,204.399247462405));
#1048=CARTESIAN_POINT('Ctrl Pts',(192.327673413264,-0.810293348174196,205.029604764208));
#1049=CARTESIAN_POINT('Ctrl Pts',(192.327673413264,-0.21542918868946,205.139694517711));
#1050=CARTESIAN_POINT('Ctrl Pts',(192.327673413264,0.0866800348797675,205.141604999789));
#1051=CARTESIAN_POINT('Ctrl Pts',(192.327673413264,0.258005438574364,205.127100869865));
#1052=CARTESIAN_POINT('Ctrl Pts',(192.327673413264,1.02731024619703,205.020425437537));
#1053=CARTESIAN_POINT('Ctrl Pts',(192.327673413264,2.27676888542552,204.071408686869));
#1054=CARTESIAN_POINT('Ctrl Pts',(192.327673413264,2.36197855539735,202.554723170329));
#1055=CARTESIAN_POINT('Ctrl Pts',(192.327673413264,2.11191420419474,201.908946149696));
#1056=CARTESIAN_POINT('Ctrl Pts',(192.4317984537,2.07133524963426,201.924659545529));
#1057=CARTESIAN_POINT('Ctrl Pts',(192.4317984537,1.94858928831259,201.607675054074));
#1058=CARTESIAN_POINT('Ctrl Pts',(192.4317984537,1.56394570787733,201.028393614597));
#1059=CARTESIAN_POINT('Ctrl Pts',(192.4317984537,0.668593485308989,200.497216334468));
#1060=CARTESIAN_POINT('Ctrl Pts',(192.4317984537,-0.36981339135296,200.430818891877));
#1061=CARTESIAN_POINT('Ctrl Pts',(192.4317984537,-1.16571418712517,200.774568331364));
#1062=CARTESIAN_POINT('Ctrl Pts',(192.4317984537,-1.66439595275231,201.24010618587));
#1063=CARTESIAN_POINT('Ctrl Pts',(192.4317984537,-2.04775918791985,201.804373916218));
#1064=CARTESIAN_POINT('Ctrl Pts',(192.4317984537,-2.38089845198382,202.979939584373));
#1065=CARTESIAN_POINT('Ctrl Pts',(192.4317984537,-1.84721573743855,204.370022426028));
#1066=CARTESIAN_POINT('Ctrl Pts',(192.4317984537,-0.793658776660259,204.987803487525));
#1067=CARTESIAN_POINT('Ctrl Pts',(192.4317984537,-0.210762166490094,205.095710478564));
#1068=CARTESIAN_POINT('Ctrl Pts',(192.4317984537,0.0852659553977073,205.097578178832));
#1069=CARTESIAN_POINT('Ctrl Pts',(192.4317984537,0.25314688315942,205.083366684021));
#1070=CARTESIAN_POINT('Ctrl Pts',(192.4317984537,1.00695753958394,204.978843015263));
#1071=CARTESIAN_POINT('Ctrl Pts',(192.431798453701,2.23263158075393,204.048651322695));
#1072=CARTESIAN_POINT('Ctrl Pts',(192.4317984537,2.31682717227787,202.55862852844));
#1073=CARTESIAN_POINT('Ctrl Pts',(192.4317984537,2.0713352496342,201.924659545529));
#1074=CARTESIAN_POINT('Ctrl Pts',(192.48415833126,2.07133524963426,201.924659545529));
#1075=CARTESIAN_POINT('Ctrl Pts',(192.48415833126,1.94856756258471,201.607618948613));
#1076=CARTESIAN_POINT('Ctrl Pts',(192.48415833126,1.56389798549731,201.028233450466));
#1077=CARTESIAN_POINT('Ctrl Pts',(192.48415833126,0.668449004761149,200.496940658958));
#1078=CARTESIAN_POINT('Ctrl Pts',(192.48415833126,-0.370110084977651,200.430527423601));
#1079=CARTESIAN_POINT('Ctrl Pts',(192.48415833126,-1.16612905162218,200.774323000975));
#1080=CARTESIAN_POINT('Ctrl Pts',(192.48415833126,-1.66488006483841,201.239937118377));
#1081=CARTESIAN_POINT('Ctrl Pts',(192.48415833126,-2.04831156694269,201.804303996477));
#1082=CARTESIAN_POINT('Ctrl Pts',(192.48415833126,-2.38148949298757,202.980034920778));
#1083=CARTESIAN_POINT('Ctrl Pts',(192.48415833126,-1.84771551399627,204.370316920225));
#1084=CARTESIAN_POINT('Ctrl Pts',(192.48415833126,-0.793985702281325,204.988196502804));
#1085=CARTESIAN_POINT('Ctrl Pts',(192.48415833126,-0.210981576983543,205.096119187346));
#1086=CARTESIAN_POINT('Ctrl Pts',(192.48415833126,0.0851009222712917,205.09798793319));
#1087=CARTESIAN_POINT('Ctrl Pts',(192.48415833126,0.253015332504791,205.083772842963));
#1088=CARTESIAN_POINT('Ctrl Pts',(192.48415833126,1.00694887981013,204.979241149123));
#1089=CARTESIAN_POINT('Ctrl Pts',(192.48415833126,2.23286415621877,204.048835539032));
#1090=CARTESIAN_POINT('Ctrl Pts',(192.48415833126,2.31687062373364,202.558740739363));
#1091=CARTESIAN_POINT('Ctrl Pts',(192.48415833126,2.0713352496342,201.924659545529));
#1092=CARTESIAN_POINT('',(192.48415833126,2.07133524963427,201.924659545529));
#1093=CARTESIAN_POINT('',(192.28415833126,2.2578404919171,201.852439087202));
#1094=CARTESIAN_POINT('Origin',(192.48415833126,2.2578404919171,201.852439087202));
#1095=CARTESIAN_POINT('Ctrl Pts',(192.28415833126,2.2578404919171,201.852439087202));
#1096=CARTESIAN_POINT('Ctrl Pts',(192.28415833126,2.1246716056862,201.508537982636));
#1097=CARTESIAN_POINT('Ctrl Pts',(192.28415833126,1.70711325526632,200.878950542696));
#1098=CARTESIAN_POINT('Ctrl Pts',(192.28415833126,0.730429626325313,200.298741406093));
#1099=CARTESIAN_POINT('Ctrl Pts',(192.28415833126,-0.405783510749263,200.226019785429));
#1100=CARTESIAN_POINT('Ctrl Pts',(192.28415833126,-1.27511129790107,200.601879731019));
#1101=CARTESIAN_POINT('Ctrl Pts',(192.28415833126,-1.81801113830867,201.10882381908));
#1102=CARTESIAN_POINT('Ctrl Pts',(192.28415833126,-2.23459949889571,201.722180288197));
#1103=CARTESIAN_POINT('Ctrl Pts',(192.28415833126,-2.59507752778904,202.995921447321));
#1104=CARTESIAN_POINT('Ctrl Pts',(192.28415833126,-2.01808439099335,204.503194882395));
#1105=CARTESIAN_POINT('Ctrl Pts',(192.28415833126,-0.868837571762211,205.178393322168));
#1106=CARTESIAN_POINT('Ctrl Pts',(192.28415833126,-0.231356282486755,205.296271296898));
#1107=CARTESIAN_POINT('Ctrl Pts',(192.28415833126,0.0924090862962463,205.298331547699));
#1108=CARTESIAN_POINT('Ctrl Pts',(192.28415833126,0.275990565764259,205.282789097768));
#1109=CARTESIAN_POINT('Ctrl Pts',(192.28415833126,1.10053455526679,205.168407001575));
#1110=CARTESIAN_POINT('Ctrl Pts',(192.28415833126,2.43458400024843,204.152527905733));
#1111=CARTESIAN_POINT('Ctrl Pts',(192.28415833126,2.52417826437871,202.540241296333));
#1112=CARTESIAN_POINT('Ctrl Pts',(192.28415833126,2.25784049191708,201.852439087202));
#1113=CARTESIAN_POINT('Ctrl Pts',(192.48415833126,2.0713352496342,201.924659545529));
#1114=CARTESIAN_POINT('Ctrl Pts',(192.48415833126,2.31687062373364,202.558740739363));
#1115=CARTESIAN_POINT('Ctrl Pts',(192.48415833126,2.23286415621877,204.048835539032));
#1116=CARTESIAN_POINT('Ctrl Pts',(192.48415833126,1.00694887981013,204.979241149123));
#1117=CARTESIAN_POINT('Ctrl Pts',(192.48415833126,0.253015332504791,205.083772842963));
#1118=CARTESIAN_POINT('Ctrl Pts',(192.48415833126,0.0851009222712917,205.09798793319));
#1119=CARTESIAN_POINT('Ctrl Pts',(192.48415833126,-0.210981576983543,205.096119187346));
#1120=CARTESIAN_POINT('Ctrl Pts',(192.48415833126,-0.793985702281325,204.988196502804));
#1121=CARTESIAN_POINT('Ctrl Pts',(192.48415833126,-1.84771551399627,204.370316920225));
#1122=CARTESIAN_POINT('Ctrl Pts',(192.48415833126,-2.38148949298757,202.980034920778));
#1123=CARTESIAN_POINT('Ctrl Pts',(192.48415833126,-2.04831156694269,201.804303996477));
#1124=CARTESIAN_POINT('Ctrl Pts',(192.48415833126,-1.66488006483841,201.239937118377));
#1125=CARTESIAN_POINT('Ctrl Pts',(192.48415833126,-1.16612905162218,200.774323000975));
#1126=CARTESIAN_POINT('Ctrl Pts',(192.48415833126,-0.370110084977651,200.430527423601));
#1127=CARTESIAN_POINT('Ctrl Pts',(192.48415833126,0.668449004761149,200.496940658958));
#1128=CARTESIAN_POINT('Ctrl Pts',(192.48415833126,1.56389798549731,201.028233450466));
#1129=CARTESIAN_POINT('Ctrl Pts',(192.48415833126,1.94856756258471,201.607618948613));
#1130=CARTESIAN_POINT('Ctrl Pts',(192.48415833126,2.07133524963426,201.924659545529));
#1131=CARTESIAN_POINT('Ctrl Pts',(195.781801332836,2.07133524963426,201.924659545529));
#1132=CARTESIAN_POINT('Ctrl Pts',(191.729584622093,2.07133524963426,201.924659545529));
#1133=CARTESIAN_POINT('Ctrl Pts',(195.781801332836,1.8780303815818,201.425460674661));
#1134=CARTESIAN_POINT('Ctrl Pts',(191.729584622093,1.8780303815818,201.425460674661));
#1135=CARTESIAN_POINT('Ctrl Pts',(195.781801332836,1.43427182191286,200.87571247685));
#1136=CARTESIAN_POINT('Ctrl Pts',(191.729584622093,1.43427182191286,200.87571247685));
#1137=CARTESIAN_POINT('Ctrl Pts',(195.781801332836,0.789576888242175,200.624804369841));
#1138=CARTESIAN_POINT('Ctrl Pts',(191.729584622093,0.789576888242175,200.624804369841));
#1139=CARTESIAN_POINT('Ctrl Pts',(195.781801332836,0.205305300430218,200.397412357866));
#1140=CARTESIAN_POINT('Ctrl Pts',(191.729584622093,0.205305300430218,200.397412357866));
#1141=CARTESIAN_POINT('Ctrl Pts',(195.781801332836,-0.493764886506734,200.460418259192));
#1142=CARTESIAN_POINT('Ctrl Pts',(191.729584622093,-0.493764886506734,200.460418259192));
#1143=CARTESIAN_POINT('Ctrl Pts',(195.781801332836,-1.00427292580455,200.732288788011));
#1144=CARTESIAN_POINT('Ctrl Pts',(191.729584622093,-1.00427292580455,200.732288788011));
#1145=CARTESIAN_POINT('Ctrl Pts',(195.781801332836,-1.34337624238523,200.912877908859));
#1146=CARTESIAN_POINT('Ctrl Pts',(191.729584622093,-1.34337624238523,200.912877908859));
#1147=CARTESIAN_POINT('Ctrl Pts',(195.781801332836,-1.59811368069194,201.15894511894));
#1148=CARTESIAN_POINT('Ctrl Pts',(191.729584622093,-1.59811368069194,201.15894511894));
#1149=CARTESIAN_POINT('Ctrl Pts',(195.781801332836,-1.78546530486745,201.425679329623));
#1150=CARTESIAN_POINT('Ctrl Pts',(191.729584622093,-1.78546530486745,201.425679329623));
#1151=CARTESIAN_POINT('Ctrl Pts',(195.781801332836,-2.08799563196967,201.856394506832));
#1152=CARTESIAN_POINT('Ctrl Pts',(191.729584622093,-2.08799563196967,201.856394506832));
#1153=CARTESIAN_POINT('Ctrl Pts',(195.781801332836,-2.2950618965581,202.518702099663));
#1154=CARTESIAN_POINT('Ctrl Pts',(191.729584622093,-2.2950618965581,202.518702099663));
#1155=CARTESIAN_POINT('Ctrl Pts',(195.781801332836,-2.1768577574194,203.197045180264));
#1156=CARTESIAN_POINT('Ctrl Pts',(191.729584622093,-2.1768577574194,203.197045180264));
#1157=CARTESIAN_POINT('Ctrl Pts',(195.781801332836,-2.06188401249134,203.856849861311));
#1158=CARTESIAN_POINT('Ctrl Pts',(191.729584622093,-2.06188401249134,203.856849861311));
#1159=CARTESIAN_POINT('Ctrl Pts',(195.781801332836,-1.62734973775736,204.462422975341));
#1160=CARTESIAN_POINT('Ctrl Pts',(191.729584622093,-1.62734973775736,204.462422975341));
#1161=CARTESIAN_POINT('Ctrl Pts',(195.781801332836,-1.11975740847139,204.773542824533));
#1162=CARTESIAN_POINT('Ctrl Pts',(191.729584622093,-1.11975740847139,204.773542824533));
#1163=CARTESIAN_POINT('Ctrl Pts',(195.781801332836,-0.778890336823572,204.982471340208));
#1164=CARTESIAN_POINT('Ctrl Pts',(191.729584622093,-0.778890336823572,204.982471340208));
#1165=CARTESIAN_POINT('Ctrl Pts',(195.781801332836,-0.443767461111853,205.074271660416));
#1166=CARTESIAN_POINT('Ctrl Pts',(191.729584622093,-0.443767461111853,205.074271660416));
#1167=CARTESIAN_POINT('Ctrl Pts',(195.781801332836,-0.0946197012254468,
205.091315150732));
#1168=CARTESIAN_POINT('Ctrl Pts',(191.729584622093,-0.0946197012254468,
205.091315150732));
#1169=CARTESIAN_POINT('Ctrl Pts',(195.781801332836,0.426371029051433,205.116747078088));
#1170=CARTESIAN_POINT('Ctrl Pts',(191.729584622093,0.426371029051433,205.116747078088));
#1171=CARTESIAN_POINT('Ctrl Pts',(195.781801332836,1.07482836072145,204.9222806875));
#1172=CARTESIAN_POINT('Ctrl Pts',(191.729584622093,1.07482836072145,204.9222806875));
#1173=CARTESIAN_POINT('Ctrl Pts',(195.781801332836,1.54687808406639,204.452661320695));
#1174=CARTESIAN_POINT('Ctrl Pts',(191.729584622093,1.54687808406639,204.452661320695));
#1175=CARTESIAN_POINT('Ctrl Pts',(195.781801332836,2.00694740566346,203.994960674323));
#1176=CARTESIAN_POINT('Ctrl Pts',(191.729584622093,2.00694740566346,203.994960674323));
#1177=CARTESIAN_POINT('Ctrl Pts',(195.781801332836,2.24569995773623,203.312121127777));
#1178=CARTESIAN_POINT('Ctrl Pts',(191.729584622093,2.24569995773623,203.312121127777));
#1179=CARTESIAN_POINT('Ctrl Pts',(195.781801332836,2.23109664929483,202.726212461884));
#1180=CARTESIAN_POINT('Ctrl Pts',(191.729584622093,2.23109664929483,202.726212461884));
#1181=CARTESIAN_POINT('Ctrl Pts',(195.781801332836,2.22371187019958,202.42992302275));
#1182=CARTESIAN_POINT('Ctrl Pts',(191.729584622093,2.22371187019958,202.42992302275));
#1183=CARTESIAN_POINT('Ctrl Pts',(195.781801332836,2.16160094120543,202.157765580387));
#1184=CARTESIAN_POINT('Ctrl Pts',(191.729584622093,2.16160094120543,202.157765580387));
#1185=CARTESIAN_POINT('Ctrl Pts',(195.781801332836,2.07133524963429,201.924659545529));
#1186=CARTESIAN_POINT('Ctrl Pts',(191.729584622093,2.07133524963429,201.924659545529));
#1187=CARTESIAN_POINT('',(195.02722762362,2.07133524963426,201.924659545529));
#1188=CARTESIAN_POINT('',(195.01188109003,2.07133524963426,201.924659545529));
#1189=CARTESIAN_POINT('Ctrl Pts',(195.02722762362,2.07133524963423,201.924659545529));
#1190=CARTESIAN_POINT('Ctrl Pts',(195.02722762362,1.87803038158175,201.425460674661));
#1191=CARTESIAN_POINT('Ctrl Pts',(195.02722762362,1.43427182191283,200.87571247685));
#1192=CARTESIAN_POINT('Ctrl Pts',(195.02722762362,0.789576888242174,200.624804369841));
#1193=CARTESIAN_POINT('Ctrl Pts',(195.02722762362,0.205305300430217,200.397412357866));
#1194=CARTESIAN_POINT('Ctrl Pts',(195.02722762362,-0.493764886506735,200.460418259192));
#1195=CARTESIAN_POINT('Ctrl Pts',(195.02722762362,-1.00427292580455,200.732288788011));
#1196=CARTESIAN_POINT('Ctrl Pts',(195.02722762362,-1.34337624238523,200.912877908859));
#1197=CARTESIAN_POINT('Ctrl Pts',(195.02722762362,-1.59811368069194,201.15894511894));
#1198=CARTESIAN_POINT('Ctrl Pts',(195.02722762362,-1.78546530486745,201.425679329623));
#1199=CARTESIAN_POINT('Ctrl Pts',(195.02722762362,-2.08799563196967,201.856394506832));
#1200=CARTESIAN_POINT('Ctrl Pts',(195.02722762362,-2.29506189655811,202.518702099663));
#1201=CARTESIAN_POINT('Ctrl Pts',(195.02722762362,-2.1768577574194,203.197045180264));
#1202=CARTESIAN_POINT('Ctrl Pts',(195.02722762362,-2.06188401249134,203.856849861311));
#1203=CARTESIAN_POINT('Ctrl Pts',(195.02722762362,-1.62734973775737,204.462422975341));
#1204=CARTESIAN_POINT('Ctrl Pts',(195.02722762362,-1.11975740847139,204.773542824533));
#1205=CARTESIAN_POINT('Ctrl Pts',(195.02722762362,-0.778890336823572,204.982471340208));
#1206=CARTESIAN_POINT('Ctrl Pts',(195.02722762362,-0.443767461111852,205.074271660416));
#1207=CARTESIAN_POINT('Ctrl Pts',(195.02722762362,-0.0946197012254451,205.091315150732));
#1208=CARTESIAN_POINT('Ctrl Pts',(195.02722762362,0.426371029051435,205.116747078088));
#1209=CARTESIAN_POINT('Ctrl Pts',(195.02722762362,1.07482836072145,204.9222806875));
#1210=CARTESIAN_POINT('Ctrl Pts',(195.02722762362,1.54687808406639,204.452661320695));
#1211=CARTESIAN_POINT('Ctrl Pts',(195.02722762362,2.00694740566346,203.994960674323));
#1212=CARTESIAN_POINT('Ctrl Pts',(195.02722762362,2.24569995773623,203.312121127777));
#1213=CARTESIAN_POINT('Ctrl Pts',(195.02722762362,2.23109664929483,202.726212461884));
#1214=CARTESIAN_POINT('Ctrl Pts',(195.02722762362,2.22371187019958,202.42992302275));
#1215=CARTESIAN_POINT('Ctrl Pts',(195.02722762362,2.16160094120543,202.157765580387));
#1216=CARTESIAN_POINT('Ctrl Pts',(195.02722762362,2.07133524963429,201.924659545529));
#1217=CARTESIAN_POINT('Origin',(192.28415833126,1.254719791354,206.001071902715));
#1218=CARTESIAN_POINT('',(192.28415833126,-3.068013908711,204.0865146364));
#1219=CARTESIAN_POINT('Origin',(192.28415833126,0.00972724474218312,202.785949180924));
#1220=CARTESIAN_POINT('Ctrl Pts',(195.22722762362,2.25784049191709,201.852439087202));
#1221=CARTESIAN_POINT('Ctrl Pts',(195.22722762362,2.39100935507019,202.19634013217));
#1222=CARTESIAN_POINT('Ctrl Pts',(195.22722762362,2.50664936820454,202.941862877516));
#1223=CARTESIAN_POINT('Ctrl Pts',(195.22722762362,2.20430722020335,204.0326436173));
#1224=CARTESIAN_POINT('Ctrl Pts',(195.22722762362,1.46851364866157,204.895916377631));
#1225=CARTESIAN_POINT('Ctrl Pts',(195.22722762362,0.424934869023627,205.347591644262));
#1226=CARTESIAN_POINT('Ctrl Pts',(195.22722762362,-0.710931662836082,205.272946723633));
#1227=CARTESIAN_POINT('Ctrl Pts',(195.22722762362,-1.68815169963824,204.693243452375));
#1228=CARTESIAN_POINT('Ctrl Pts',(195.22722762362,-2.3139193377921,203.748025202355));
#1229=CARTESIAN_POINT('Ctrl Pts',(195.22722762362,-2.47288679156413,202.723006151925));
#1230=CARTESIAN_POINT('Ctrl Pts',(195.22722762362,-2.27080998106634,201.811155800735));
#1231=CARTESIAN_POINT('Ctrl Pts',(195.22722762362,-1.93372503866083,201.250618060644));
#1232=CARTESIAN_POINT('Ctrl Pts',(195.22722762362,-1.61390732917691,200.917477886819));
#1233=CARTESIAN_POINT('Ctrl Pts',(195.22722762362,-1.18817902432492,200.562984424507));
#1234=CARTESIAN_POINT('Ctrl Pts',(195.22722762362,-0.405633404777142,200.224403283164));
#1235=CARTESIAN_POINT('Ctrl Pts',(195.22722762362,0.730343851662457,200.298575383519));
#1236=CARTESIAN_POINT('Ctrl Pts',(195.22722762362,1.70725290520188,200.87862949064));
#1237=CARTESIAN_POINT('Ctrl Pts',(195.22722762362,2.12467162876388,201.508538042233));
#1238=CARTESIAN_POINT('Ctrl Pts',(195.22722762362,2.25784049191708,201.852439087201));
#1239=CARTESIAN_POINT('Ctrl Pts',(195.22722762362,2.20901353366611,201.871346358978));
#1240=CARTESIAN_POINT('Ctrl Pts',(195.22722762362,2.33945492341739,202.2082038584));
#1241=CARTESIAN_POINT('Ctrl Pts',(195.22722762362,2.45277122652567,202.938724240007));
#1242=CARTESIAN_POINT('Ctrl Pts',(195.22722762362,2.15648816737128,204.007406662334));
#1243=CARTESIAN_POINT('Ctrl Pts',(195.22722762362,1.43609671392085,204.852376567576));
#1244=CARTESIAN_POINT('Ctrl Pts',(195.22722762362,0.415592773834323,205.29393722775));
#1245=CARTESIAN_POINT('Ctrl Pts',(195.22722762362,-0.694680227973429,205.221005601271));
#1246=CARTESIAN_POINT('Ctrl Pts',(195.22722762362,-1.65056751742491,204.654109558775));
#1247=CARTESIAN_POINT('Ctrl Pts',(195.22722762362,-2.26342786736752,203.728627843259));
#1248=CARTESIAN_POINT('Ctrl Pts',(195.22722762362,-2.41922160583179,202.724254911267));
#1249=CARTESIAN_POINT('Ctrl Pts',(195.22722762362,-2.22120504035161,201.830858965954));
#1250=CARTESIAN_POINT('Ctrl Pts',(195.22722762362,-1.89108294178744,201.281971008443));
#1251=CARTESIAN_POINT('Ctrl Pts',(195.22722762362,-1.5780620233004,200.95591619713));
#1252=CARTESIAN_POINT('Ctrl Pts',(195.22722762362,-1.16147846093042,200.609045950585));
#1253=CARTESIAN_POINT('Ctrl Pts',(195.22722762362,-0.396224645010957,200.278037348349));
#1254=CARTESIAN_POINT('Ctrl Pts',(195.22722762362,0.714162519527492,200.350510154453));
#1255=CARTESIAN_POINT('Ctrl Pts',(195.22722762362,1.66975954154415,200.917747894292));
#1256=CARTESIAN_POINT('Ctrl Pts',(195.22722762362,2.07857214391473,201.534488859556));
#1257=CARTESIAN_POINT('Ctrl Pts',(195.22722762362,2.2090135336661,201.871346358978));
#1258=CARTESIAN_POINT('Ctrl Pts',(195.183712443522,2.1119142956704,201.908946114274));
#1259=CARTESIAN_POINT('Ctrl Pts',(195.183712443522,2.23694644960394,202.231834568635));
#1260=CARTESIAN_POINT('Ctrl Pts',(195.183712443522,2.34570440487964,202.932551406361));
#1261=CARTESIAN_POINT('Ctrl Pts',(195.183712443522,2.06147093351952,203.957384374374));
#1262=CARTESIAN_POINT('Ctrl Pts',(195.183712443522,1.37167865978672,204.766013732978));
#1263=CARTESIAN_POINT('Ctrl Pts',(195.183712443522,0.396955219289376,205.187513488278));
#1264=CARTESIAN_POINT('Ctrl Pts',(195.183712443522,-0.662529739604268,205.117973617787));
#1265=CARTESIAN_POINT('Ctrl Pts',(195.183712443522,-1.57610073336732,204.576486287475));
#1266=CARTESIAN_POINT('Ctrl Pts',(195.183712443522,-2.16332890712637,203.69017955458));
#1267=CARTESIAN_POINT('Ctrl Pts',(195.183712443521,-2.3128306322247,202.726766707305));
#1268=CARTESIAN_POINT('Ctrl Pts',(195.183712443522,-2.12286743711414,201.86998489937));
#1269=CARTESIAN_POINT('Ctrl Pts',(195.183712443521,-1.80656598938015,201.344210749507));
#1270=CARTESIAN_POINT('Ctrl Pts',(195.183712443521,-1.5070297906407,201.032212598313));
#1271=CARTESIAN_POINT('Ctrl Pts',(195.183712443522,-1.10859216190345,200.700465075271));
#1272=CARTESIAN_POINT('Ctrl Pts',(195.183712443522,-0.377684705472262,200.384495904893));
#1273=CARTESIAN_POINT('Ctrl Pts',(195.183712443522,0.681893758168811,200.453607210345));
#1274=CARTESIAN_POINT('Ctrl Pts',(195.183712443522,1.59519122867811,200.99543235578));
#1275=CARTESIAN_POINT('Ctrl Pts',(195.183712443522,1.98688214173682,201.586057659914));
#1276=CARTESIAN_POINT('Ctrl Pts',(195.183712443522,2.11191429567041,201.908946114274));
#1277=CARTESIAN_POINT('Ctrl Pts',(195.07958750118,2.07133524963423,201.924659545529));
#1278=CARTESIAN_POINT('Ctrl Pts',(195.07958750118,2.19408118968446,202.241643982052));
#1279=CARTESIAN_POINT('Ctrl Pts',(195.07958750118,2.30082510247336,202.929852015515));
#1280=CARTESIAN_POINT('Ctrl Pts',(195.07958750118,2.02162689115932,203.936192441723));
#1281=CARTESIAN_POINT('Ctrl Pts',(195.07958750118,1.34467476542538,204.729535013089));
#1282=CARTESIAN_POINT('Ctrl Pts',(195.07958750118,0.38926985069054,205.142558131948));
#1283=CARTESIAN_POINT('Ctrl Pts',(195.07958750118,-0.648801732722752,205.074462461928));
#1284=CARTESIAN_POINT('Ctrl Pts',(195.07958750118,-1.54450226790375,204.543698603435));
#1285=CARTESIAN_POINT('Ctrl Pts',(195.07958750118,-2.12095617772275,203.673892151358));
#1286=CARTESIAN_POINT('Ctrl Pts',(195.07958750118,-2.26779469673579,202.727766895772));
#1287=CARTESIAN_POINT('Ctrl Pts',(195.07958750118,-2.0812336403638,201.886434563315));
#1288=CARTESIAN_POINT('Ctrl Pts',(195.07958750118,-1.77075315472549,201.370412914971));
#1289=CARTESIAN_POINT('Ctrl Pts',(195.07958750118,-1.47690746610995,201.064347643704));
#1290=CARTESIAN_POINT('Ctrl Pts',(195.07958750118,-1.08612227744565,200.738984669732));
#1291=CARTESIAN_POINT('Ctrl Pts',(195.07958750118,-0.369639624097231,200.429334815489));
#1292=CARTESIAN_POINT('Ctrl Pts',(195.07958750118,0.668564670397323,200.497010363394));
#1293=CARTESIAN_POINT('Ctrl Pts',(195.07958750118,1.56404122477855,201.028085549328));
#1294=CARTESIAN_POINT('Ctrl Pts',(195.07958750118,1.94858930958398,201.607675109006));
#1295=CARTESIAN_POINT('Ctrl Pts',(195.07958750118,2.07133524963424,201.924659545529));
#1296=CARTESIAN_POINT('Ctrl Pts',(195.02722762362,2.07133524963423,201.924659545529));
#1297=CARTESIAN_POINT('Ctrl Pts',(195.02722762362,2.19410291540858,202.241700087503));
#1298=CARTESIAN_POINT('Ctrl Pts',(195.02722762362,2.30093929000012,202.929953493411));
#1299=CARTESIAN_POINT('Ctrl Pts',(195.02722762362,2.0217414355214,203.936435754317));
#1300=CARTESIAN_POINT('Ctrl Pts',(195.02722762362,1.34474492337546,204.729862772123));
#1301=CARTESIAN_POINT('Ctrl Pts',(195.02722762362,0.389182085379155,205.142964677896));
#1302=CARTESIAN_POINT('Ctrl Pts',(195.02722762362,-0.649049228691452,205.074846334303));
#1303=CARTESIAN_POINT('Ctrl Pts',(195.02722762362,-1.54490740656589,204.543993584989));
#1304=CARTESIAN_POINT('Ctrl Pts',(195.02722762362,-2.1214140900655,203.67407814376));
#1305=CARTESIAN_POINT('Ctrl Pts',(195.02722762362,-2.26828117548759,202.727808886806));
#1306=CARTESIAN_POINT('Ctrl Pts',(195.02722762362,-2.08168914601508,201.886351111441));
#1307=CARTESIAN_POINT('Ctrl Pts',(195.02722762362,-1.77117039443079,201.370250661821));
#1308=CARTESIAN_POINT('Ctrl Pts',(195.02722762362,-1.47727801349222,201.06413585914));
#1309=CARTESIAN_POINT('Ctrl Pts',(195.02722762362,-1.08643430655035,200.73871814154));
#1310=CARTESIAN_POINT('Ctrl Pts',(195.02722762362,-0.369891445580419,200.429039340145));
#1311=CARTESIAN_POINT('Ctrl Pts',(195.02722762362,0.668432016801307,200.496741123766));
#1312=CARTESIAN_POINT('Ctrl Pts',(195.02722762362,1.56403014046687,201.027926283556));
#1313=CARTESIAN_POINT('Ctrl Pts',(195.02722762362,1.94856758385986,201.607619003555));
#1314=CARTESIAN_POINT('Ctrl Pts',(195.02722762362,2.07133524963424,201.924659545529));
#1315=CARTESIAN_POINT('',(195.22722762362,2.25784049191709,201.852439087202));
#1316=CARTESIAN_POINT('Origin',(195.02722762362,2.25784049191709,201.852439087202));
#1317=CARTESIAN_POINT('Ctrl Pts',(195.22722762362,2.25784049191709,201.852439087202));
#1318=CARTESIAN_POINT('Ctrl Pts',(195.22722762362,2.39100935507019,202.19634013217));
#1319=CARTESIAN_POINT('Ctrl Pts',(195.22722762362,2.50664936820454,202.941862877516));
#1320=CARTESIAN_POINT('Ctrl Pts',(195.22722762362,2.20430722020335,204.0326436173));
#1321=CARTESIAN_POINT('Ctrl Pts',(195.22722762362,1.46851364866157,204.895916377631));
#1322=CARTESIAN_POINT('Ctrl Pts',(195.22722762362,0.424934869023627,205.347591644262));
#1323=CARTESIAN_POINT('Ctrl Pts',(195.22722762362,-0.710931662836082,205.272946723633));
#1324=CARTESIAN_POINT('Ctrl Pts',(195.22722762362,-1.68815169963824,204.693243452375));
#1325=CARTESIAN_POINT('Ctrl Pts',(195.22722762362,-2.3139193377921,203.748025202355));
#1326=CARTESIAN_POINT('Ctrl Pts',(195.22722762362,-2.47288679156413,202.723006151925));
#1327=CARTESIAN_POINT('Ctrl Pts',(195.22722762362,-2.27080998106634,201.811155800735));
#1328=CARTESIAN_POINT('Ctrl Pts',(195.22722762362,-1.93372503866083,201.250618060644));
#1329=CARTESIAN_POINT('Ctrl Pts',(195.22722762362,-1.61390732917691,200.917477886819));
#1330=CARTESIAN_POINT('Ctrl Pts',(195.22722762362,-1.18817902432492,200.562984424507));
#1331=CARTESIAN_POINT('Ctrl Pts',(195.22722762362,-0.405633404777142,200.224403283164));
#1332=CARTESIAN_POINT('Ctrl Pts',(195.22722762362,0.730343851662457,200.298575383519));
#1333=CARTESIAN_POINT('Ctrl Pts',(195.22722762362,1.70725290520188,200.87862949064));
#1334=CARTESIAN_POINT('Ctrl Pts',(195.22722762362,2.12467162876388,201.508538042233));
#1335=CARTESIAN_POINT('Ctrl Pts',(195.22722762362,2.25784049191708,201.852439087201));
#1336=CARTESIAN_POINT('Origin',(195.22722762362,1.254719791354,206.001071902715));
#1337=CARTESIAN_POINT('',(195.22722762363,-3.068013908711,204.0865146364));
#1338=CARTESIAN_POINT('Origin',(195.22722762363,0.00972724474218312,202.785949180924));
#1339=CARTESIAN_POINT('Ctrl Pts',(192.28415833126,-28.1562062419684,214.671589425985));
#1340=CARTESIAN_POINT('Ctrl Pts',(192.28415833126,-27.9564527501853,215.187441502324));
#1341=CARTESIAN_POINT('Ctrl Pts',(192.28415833126,-27.4571576905574,215.784925713091));
#1342=CARTESIAN_POINT('Ctrl Pts',(192.28415833126,-26.4369916223135,216.236702394363));
#1343=CARTESIAN_POINT('Ctrl Pts',(192.28415833126,-25.4924445032142,216.298237206901));
#1344=CARTESIAN_POINT('Ctrl Pts',(192.28415833126,-24.2717711308432,215.772678543922));
#1345=CARTESIAN_POINT('Ctrl Pts',(192.28415833126,-23.6723022560672,214.886008322222));
#1346=CARTESIAN_POINT('Ctrl Pts',(192.28415833126,-23.5146569453067,214.164609953951));
#1347=CARTESIAN_POINT('Ctrl Pts',(192.28415833126,-23.4077500526579,213.246833260459));
#1348=CARTESIAN_POINT('Ctrl Pts',(192.28415833126,-23.8806431906753,212.023713350408));
#1349=CARTESIAN_POINT('Ctrl Pts',(192.28415833126,-25.1898700712885,211.251124165681));
#1350=CARTESIAN_POINT('Ctrl Pts',(192.28415833126,-26.13292544919,211.189854405793));
#1351=CARTESIAN_POINT('Ctrl Pts',(192.28415833126,-27.2041238178248,211.506770890179));
#1352=CARTESIAN_POINT('Ctrl Pts',(192.28415833126,-28.0545536617186,212.307990294457));
#1353=CARTESIAN_POINT('Ctrl Pts',(192.28415833126,-28.4037685772221,213.58327546852));
#1354=CARTESIAN_POINT('Ctrl Pts',(192.28415833126,-28.2893752364926,214.32768804176));
#1355=CARTESIAN_POINT('Ctrl Pts',(192.28415833126,-28.1562062419683,214.671589425985));
#1356=CARTESIAN_POINT('Ctrl Pts',(192.28415833126,-28.1073792837173,214.652682154209));
#1357=CARTESIAN_POINT('Ctrl Pts',(192.28415833126,-27.9117170060729,215.157968901805));
#1358=CARTESIAN_POINT('Ctrl Pts',(192.28415833126,-27.4228183740991,215.742736631184));
#1359=CARTESIAN_POINT('Ctrl Pts',(192.28415833126,-26.4251573819609,216.184485760507));
#1360=CARTESIAN_POINT('Ctrl Pts',(192.28415833126,-25.501877118415,216.244613263995));
#1361=CARTESIAN_POINT('Ctrl Pts',(192.28415833126,-24.3082112437296,215.730844108));
#1362=CARTESIAN_POINT('Ctrl Pts',(192.28415833126,-23.7210167285534,214.862775906483));
#1363=CARTESIAN_POINT('Ctrl Pts',(192.28415833126,-23.5665738989915,214.155991064732));
#1364=CARTESIAN_POINT('Ctrl Pts',(192.28415833126,-23.4617912010188,213.256719580521));
#1365=CARTESIAN_POINT('Ctrl Pts',(192.28415833126,-23.9254414519529,212.058560508529));
#1366=CARTESIAN_POINT('Ctrl Pts',(192.28415833126,-25.2061177596879,211.303114142393));
#1367=CARTESIAN_POINT('Ctrl Pts',(192.28415833126,-26.1279173949713,211.243224272105));
#1368=CARTESIAN_POINT('Ctrl Pts',(192.28415833126,-27.175248003327,211.553031212041));
#1369=CARTESIAN_POINT('Ctrl Pts',(192.28415833126,-28.007676058989,212.336939490581));
#1370=CARTESIAN_POINT('Ctrl Pts',(192.28415833126,-28.3499497680943,213.586415970229));
#1371=CARTESIAN_POINT('Ctrl Pts',(192.28415833126,-28.2378208021492,214.315824322479));
#1372=CARTESIAN_POINT('Ctrl Pts',(192.28415833126,-28.1073792837174,214.652682154209));
#1373=CARTESIAN_POINT('Ctrl Pts',(192.327674549887,-28.0102810141764,214.615082773928));
#1374=CARTESIAN_POINT('Ctrl Pts',(192.327674549887,-27.8227325982628,215.099415933261));
#1375=CARTESIAN_POINT('Ctrl Pts',(192.327674549887,-27.3545028091388,215.658964126786));
#1376=CARTESIAN_POINT('Ctrl Pts',(192.327674549887,-26.4014913879218,216.080830134776));
#1377=CARTESIAN_POINT('Ctrl Pts',(192.327674549887,-25.5204196534146,216.138169768822));
#1378=CARTESIAN_POINT('Ctrl Pts',(192.327674549887,-24.3803316623091,215.647792732386));
#1379=CARTESIAN_POINT('Ctrl Pts',(192.327674549887,-23.8175010751103,214.816630425706));
#1380=CARTESIAN_POINT('Ctrl Pts',(192.327674549887,-23.6694107957913,214.138831562019));
#1381=CARTESIAN_POINT('Ctrl Pts',(192.327674549887,-23.5688428453518,213.276269443883));
#1382=CARTESIAN_POINT('Ctrl Pts',(192.327674549887,-24.0141531924304,212.127634313617));
#1383=CARTESIAN_POINT('Ctrl Pts',(192.327674549887,-25.2381988666722,211.406189075294));
#1384=CARTESIAN_POINT('Ctrl Pts',(192.327674549887,-26.1178213529337,211.349032977901));
#1385=CARTESIAN_POINT('Ctrl Pts',(192.327674549887,-27.1177963277975,211.644735282471));
#1386=CARTESIAN_POINT('Ctrl Pts',(192.327674549887,-27.91450039031,212.394297057582));
#1387=CARTESIAN_POINT('Ctrl Pts',(192.327674549887,-28.2429863513643,213.592573836723));
#1388=CARTESIAN_POINT('Ctrl Pts',(192.327674549887,-28.1353132914545,214.292194001039));
#1389=CARTESIAN_POINT('Ctrl Pts',(192.327674549887,-28.0102810141767,214.615082773927));
#1390=CARTESIAN_POINT('Ctrl Pts',(192.4317984537,-27.9697009996852,214.599368967659));
#1391=CARTESIAN_POINT('Ctrl Pts',(192.4317984537,-27.7855819079796,215.074846091498));
#1392=CARTESIAN_POINT('Ctrl Pts',(192.4317984537,-27.3260001196369,215.62373471307));
#1393=CARTESIAN_POINT('Ctrl Pts',(192.4317984537,-26.3918308760635,216.037190263951));
#1394=CARTESIAN_POINT('Ctrl Pts',(192.4317984537,-25.5285440407151,216.093346082824));
#1395=CARTESIAN_POINT('Ctrl Pts',(192.4317984537,-24.4110736513411,215.612837061777));
#1396=CARTESIAN_POINT('Ctrl Pts',(192.4317984537,-23.8585039560613,214.797249265527));
#1397=CARTESIAN_POINT('Ctrl Pts',(192.4317984537,-23.7130963832759,214.131694623616));
#1398=CARTESIAN_POINT('Ctrl Pts',(192.4317984537,-23.6143063768539,213.284631860756));
#1399=CARTESIAN_POINT('Ctrl Pts',(192.4317984537,-24.0518811369333,212.156892070655));
#1400=CARTESIAN_POINT('Ctrl Pts',(192.4317984537,-25.2520058019124,211.44981253158));
#1401=CARTESIAN_POINT('Ctrl Pts',(192.4317984537,-26.113840344883,211.393816891699));
#1402=CARTESIAN_POINT('Ctrl Pts',(192.4317984537,-27.0938355910422,211.683566074221));
#1403=CARTESIAN_POINT('Ctrl Pts',(192.4317984537,-27.8754795182802,212.418636397558));
#1404=CARTESIAN_POINT('Ctrl Pts',(192.4317984537,-28.1981759124538,213.595299548279));
#1405=CARTESIAN_POINT('Ctrl Pts',(192.4317984537,-28.0924470608248,214.282384218432));
#1406=CARTESIAN_POINT('Ctrl Pts',(192.4317984537,-27.9697009996857,214.599368967658));
#1407=CARTESIAN_POINT('Ctrl Pts',(192.48415833126,-27.9697009996852,214.599368967659));
#1408=CARTESIAN_POINT('Ctrl Pts',(192.48415833126,-27.7855493193613,215.074930249759));
#1409=CARTESIAN_POINT('Ctrl Pts',(192.48415833126,-27.3259590881473,215.623920617037));
#1410=CARTESIAN_POINT('Ctrl Pts',(192.48415833126,-26.3916351474748,216.037461856049));
#1411=CARTESIAN_POINT('Ctrl Pts',(192.48415833126,-25.5282251664405,216.093633568203));
#1412=CARTESIAN_POINT('Ctrl Pts',(192.48415833126,-24.4105626280527,215.613046468475));
#1413=CARTESIAN_POINT('Ctrl Pts',(192.48415833126,-23.8579261382045,214.797330656384));
#1414=CARTESIAN_POINT('Ctrl Pts',(192.48415833126,-23.7124949212683,214.131665295942));
#1415=CARTESIAN_POINT('Ctrl Pts',(192.48415833126,-23.6136908945672,213.284468581597));
#1416=CARTESIAN_POINT('Ctrl Pts',(192.48415833126,-24.0513259000688,212.156560461955));
#1417=CARTESIAN_POINT('Ctrl Pts',(192.48415833126,-25.2516661690202,211.449348510172));
#1418=CARTESIAN_POINT('Ctrl Pts',(192.48415833126,-26.1136375995248,211.393337614185));
#1419=CARTESIAN_POINT('Ctrl Pts',(192.48415833126,-27.0937931672961,211.683136470629));
#1420=CARTESIAN_POINT('Ctrl Pts',(192.48415833126,-27.8755477393022,212.418323397714));
#1421=CARTESIAN_POINT('Ctrl Pts',(192.48415833126,-28.1982673425821,213.595170137221));
#1422=CARTESIAN_POINT('Ctrl Pts',(192.48415833126,-28.0924687865703,214.282328112925));
#1423=CARTESIAN_POINT('Ctrl Pts',(192.48415833126,-27.9697009996857,214.599368967658));
#1424=CARTESIAN_POINT('',(192.48415833126,-27.9697009996852,214.599368967659));
#1425=CARTESIAN_POINT('',(192.28415833126,-28.1562062419684,214.671589425985));
#1426=CARTESIAN_POINT('Origin',(192.48415833126,-28.1562062419684,214.671589425985));
#1427=CARTESIAN_POINT('Ctrl Pts',(192.28415833126,-28.1562062419684,214.671589425985));
#1428=CARTESIAN_POINT('Ctrl Pts',(192.28415833126,-27.9564527501853,215.187441502324));
#1429=CARTESIAN_POINT('Ctrl Pts',(192.28415833126,-27.4571576905574,215.784925713091));
#1430=CARTESIAN_POINT('Ctrl Pts',(192.28415833126,-26.4369916223135,216.236702394363));
#1431=CARTESIAN_POINT('Ctrl Pts',(192.28415833126,-25.4924445032142,216.298237206901));
#1432=CARTESIAN_POINT('Ctrl Pts',(192.28415833126,-24.2717711308432,215.772678543922));
#1433=CARTESIAN_POINT('Ctrl Pts',(192.28415833126,-23.6723022560672,214.886008322222));
#1434=CARTESIAN_POINT('Ctrl Pts',(192.28415833126,-23.5146569453067,214.164609953951));
#1435=CARTESIAN_POINT('Ctrl Pts',(192.28415833126,-23.4077500526579,213.246833260459));
#1436=CARTESIAN_POINT('Ctrl Pts',(192.28415833126,-23.8806431906753,212.023713350408));
#1437=CARTESIAN_POINT('Ctrl Pts',(192.28415833126,-25.1898700712885,211.251124165681));
#1438=CARTESIAN_POINT('Ctrl Pts',(192.28415833126,-26.13292544919,211.189854405793));
#1439=CARTESIAN_POINT('Ctrl Pts',(192.28415833126,-27.2041238178248,211.506770890179));
#1440=CARTESIAN_POINT('Ctrl Pts',(192.28415833126,-28.0545536617186,212.307990294457));
#1441=CARTESIAN_POINT('Ctrl Pts',(192.28415833126,-28.4037685772221,213.58327546852));
#1442=CARTESIAN_POINT('Ctrl Pts',(192.28415833126,-28.2893752364926,214.32768804176));
#1443=CARTESIAN_POINT('Ctrl Pts',(192.28415833126,-28.1562062419683,214.671589425985));
#1444=CARTESIAN_POINT('Ctrl Pts',(192.48415833126,-27.9697009996857,214.599368967658));
#1445=CARTESIAN_POINT('Ctrl Pts',(192.48415833126,-28.0924687865703,214.282328112925));
#1446=CARTESIAN_POINT('Ctrl Pts',(192.48415833126,-28.1982673425821,213.595170137221));
#1447=CARTESIAN_POINT('Ctrl Pts',(192.48415833126,-27.8755477393022,212.418323397714));
#1448=CARTESIAN_POINT('Ctrl Pts',(192.48415833126,-27.0937931672961,211.683136470629));
#1449=CARTESIAN_POINT('Ctrl Pts',(192.48415833126,-26.1136375995248,211.393337614185));
#1450=CARTESIAN_POINT('Ctrl Pts',(192.48415833126,-25.2516661690202,211.449348510172));
#1451=CARTESIAN_POINT('Ctrl Pts',(192.48415833126,-24.0513259000688,212.156560461955));
#1452=CARTESIAN_POINT('Ctrl Pts',(192.48415833126,-23.6136908945672,213.284468581597));
#1453=CARTESIAN_POINT('Ctrl Pts',(192.48415833126,-23.7124949212683,214.131665295942));
#1454=CARTESIAN_POINT('Ctrl Pts',(192.48415833126,-23.8579261382045,214.797330656384));
#1455=CARTESIAN_POINT('Ctrl Pts',(192.48415833126,-24.4105626280527,215.613046468475));
#1456=CARTESIAN_POINT('Ctrl Pts',(192.48415833126,-25.5282251664405,216.093633568203));
#1457=CARTESIAN_POINT('Ctrl Pts',(192.48415833126,-26.3916351474748,216.037461856049));
#1458=CARTESIAN_POINT('Ctrl Pts',(192.48415833126,-27.3259590881473,215.623920617037));
#1459=CARTESIAN_POINT('Ctrl Pts',(192.48415833126,-27.7855493193613,215.074930249759));
#1460=CARTESIAN_POINT('Ctrl Pts',(192.48415833126,-27.9697009996852,214.599368967659));
#1461=CARTESIAN_POINT('Ctrl Pts',(195.782003142049,-27.9697009996847,214.59936896766));
#1462=CARTESIAN_POINT('Ctrl Pts',(191.72938281287,-27.9697009996847,214.59936896766));
#1463=CARTESIAN_POINT('Ctrl Pts',(195.782003142049,-27.7495002916264,215.168024821678));
#1464=CARTESIAN_POINT('Ctrl Pts',(191.72938281287,-27.7495002916264,215.168024821678));
#1465=CARTESIAN_POINT('Ctrl Pts',(195.782003142049,-27.2962134220387,215.617401824124));
#1466=CARTESIAN_POINT('Ctrl Pts',(191.72938281287,-27.2962134220387,215.617401824124));
#1467=CARTESIAN_POINT('Ctrl Pts',(195.782003142049,-26.8295872238241,215.838229924591));
#1468=CARTESIAN_POINT('Ctrl Pts',(191.72938281287,-26.8295872238241,215.838229924591));
#1469=CARTESIAN_POINT('Ctrl Pts',(195.782003142049,-26.3962170146111,216.043319824099));
#1470=CARTESIAN_POINT('Ctrl Pts',(191.72938281287,-26.3962170146111,216.043319824099));
#1471=CARTESIAN_POINT('Ctrl Pts',(195.782003142049,-25.991457815752,216.098192080067));
#1472=CARTESIAN_POINT('Ctrl Pts',(191.72938281287,-25.991457815752,216.098192080067));
#1473=CARTESIAN_POINT('Ctrl Pts',(195.782003142049,-25.5164229259765,216.009865035353));
#1474=CARTESIAN_POINT('Ctrl Pts',(191.72938281287,-25.5164229259765,216.009865035353));
#1475=CARTESIAN_POINT('Ctrl Pts',(195.782003142049,-24.9454740919891,215.903703942191));
#1476=CARTESIAN_POINT('Ctrl Pts',(191.72938281287,-24.9454740919891,215.903703942191));
#1477=CARTESIAN_POINT('Ctrl Pts',(195.782003142049,-24.3293217942635,215.499799602236));
#1478=CARTESIAN_POINT('Ctrl Pts',(191.72938281287,-24.3293217942635,215.499799602236));
#1479=CARTESIAN_POINT('Ctrl Pts',(195.782003142049,-23.9950865083782,214.91239945032));
#1480=CARTESIAN_POINT('Ctrl Pts',(191.72938281287,-23.9950865083782,214.91239945032));
#1481=CARTESIAN_POINT('Ctrl Pts',(195.782003142049,-23.6613837363985,214.325935162336));
#1482=CARTESIAN_POINT('Ctrl Pts',(191.72938281287,-23.6613837363985,214.325935162336));
#1483=CARTESIAN_POINT('Ctrl Pts',(195.782003142049,-23.6280183811169,213.626979583505));
#1484=CARTESIAN_POINT('Ctrl Pts',(191.72938281287,-23.6280183811169,213.626979583505));
#1485=CARTESIAN_POINT('Ctrl Pts',(195.782003142049,-23.7710275897009,213.105621616144));
#1486=CARTESIAN_POINT('Ctrl Pts',(191.72938281287,-23.7710275897009,213.105621616144));
#1487=CARTESIAN_POINT('Ctrl Pts',(195.782003142049,-23.8652500342876,212.762121902552));
#1488=CARTESIAN_POINT('Ctrl Pts',(191.72938281287,-23.8652500342876,212.762121902552));
#1489=CARTESIAN_POINT('Ctrl Pts',(195.782003142049,-24.0209616301741,212.454846057925));
#1490=CARTESIAN_POINT('Ctrl Pts',(191.72938281287,-24.0209616301741,212.454846057925));
#1491=CARTESIAN_POINT('Ctrl Pts',(195.782003142049,-24.2853304199104,212.161339442731));
#1492=CARTESIAN_POINT('Ctrl Pts',(191.72938281287,-24.2853304199104,212.161339442731));
#1493=CARTESIAN_POINT('Ctrl Pts',(195.782003142049,-24.6693396100122,211.73500607069));
#1494=CARTESIAN_POINT('Ctrl Pts',(191.72938281287,-24.6693396100122,211.73500607069));
#1495=CARTESIAN_POINT('Ctrl Pts',(195.782003142049,-25.2984847069272,211.423591069193));
#1496=CARTESIAN_POINT('Ctrl Pts',(191.72938281287,-25.2984847069272,211.423591069193));
#1497=CARTESIAN_POINT('Ctrl Pts',(195.782003142049,-25.9307580478295,211.430287973006));
#1498=CARTESIAN_POINT('Ctrl Pts',(191.72938281287,-25.9307580478295,211.430287973006));
#1499=CARTESIAN_POINT('Ctrl Pts',(195.782003142049,-26.5857528587603,211.437225537764));
#1500=CARTESIAN_POINT('Ctrl Pts',(191.72938281287,-26.5857528587603,211.437225537764));
#1501=CARTESIAN_POINT('Ctrl Pts',(195.782003142049,-27.176036798164,211.768240274747));
#1502=CARTESIAN_POINT('Ctrl Pts',(191.72938281287,-27.176036798164,211.768240274747));
#1503=CARTESIAN_POINT('Ctrl Pts',(195.782003142049,-27.5292605721618,212.159570512944));
#1504=CARTESIAN_POINT('Ctrl Pts',(191.72938281287,-27.5292605721618,212.159570512944));
#1505=CARTESIAN_POINT('Ctrl Pts',(195.782003142049,-27.7699887791426,212.426268944684));
#1506=CARTESIAN_POINT('Ctrl Pts',(191.72938281287,-27.7699887791426,212.426268944684));
#1507=CARTESIAN_POINT('Ctrl Pts',(195.782003142049,-27.949426956791,212.736496689087));
#1508=CARTESIAN_POINT('Ctrl Pts',(191.72938281287,-27.949426956791,212.736496689087));
#1509=CARTESIAN_POINT('Ctrl Pts',(195.782003142049,-28.0533836614303,213.13641524062));
#1510=CARTESIAN_POINT('Ctrl Pts',(191.72938281287,-28.0533836614303,213.13641524062));
#1511=CARTESIAN_POINT('Ctrl Pts',(195.782003142049,-28.1695852229631,213.583439416071));
#1512=CARTESIAN_POINT('Ctrl Pts',(191.72938281287,-28.1695852229631,213.583439416071));
#1513=CARTESIAN_POINT('Ctrl Pts',(195.782003142049,-28.1550452630901,214.120727907325));
#1514=CARTESIAN_POINT('Ctrl Pts',(191.72938281287,-28.1550452630901,214.120727907325));
#1515=CARTESIAN_POINT('Ctrl Pts',(195.782003142049,-27.9697009996838,214.599368967662));
#1516=CARTESIAN_POINT('Ctrl Pts',(191.72938281287,-27.9697009996838,214.599368967662));
#1517=CARTESIAN_POINT('',(195.02722762362,-27.9697009996847,214.59936896766));
#1518=CARTESIAN_POINT('',(195.01188109003,-27.9697009996847,214.59936896766));
#1519=CARTESIAN_POINT('Ctrl Pts',(195.02722762362,-27.9697009996847,214.59936896766));
#1520=CARTESIAN_POINT('Ctrl Pts',(195.02722762362,-27.7495002916264,215.168024821678));
#1521=CARTESIAN_POINT('Ctrl Pts',(195.02722762362,-27.2962134220387,215.617401824124));
#1522=CARTESIAN_POINT('Ctrl Pts',(195.02722762362,-26.8295872238241,215.838229924591));
#1523=CARTESIAN_POINT('Ctrl Pts',(195.02722762362,-26.3962170146111,216.043319824099));
#1524=CARTESIAN_POINT('Ctrl Pts',(195.02722762362,-25.991457815752,216.098192080067));
#1525=CARTESIAN_POINT('Ctrl Pts',(195.02722762362,-25.5164229259765,216.009865035353));
#1526=CARTESIAN_POINT('Ctrl Pts',(195.02722762362,-24.9454740919891,215.903703942191));
#1527=CARTESIAN_POINT('Ctrl Pts',(195.02722762362,-24.3293217942635,215.499799602236));
#1528=CARTESIAN_POINT('Ctrl Pts',(195.02722762362,-23.9950865083782,214.91239945032));
#1529=CARTESIAN_POINT('Ctrl Pts',(195.02722762362,-23.6613837363985,214.325935162336));
#1530=CARTESIAN_POINT('Ctrl Pts',(195.02722762362,-23.6280183811169,213.626979583505));
#1531=CARTESIAN_POINT('Ctrl Pts',(195.02722762362,-23.7710275897009,213.105621616144));
#1532=CARTESIAN_POINT('Ctrl Pts',(195.02722762362,-23.8652500342876,212.762121902552));
#1533=CARTESIAN_POINT('Ctrl Pts',(195.02722762362,-24.0209616301741,212.454846057925));
#1534=CARTESIAN_POINT('Ctrl Pts',(195.02722762362,-24.2853304199104,212.161339442731));
#1535=CARTESIAN_POINT('Ctrl Pts',(195.02722762362,-24.6693396100122,211.73500607069));
#1536=CARTESIAN_POINT('Ctrl Pts',(195.02722762362,-25.2984847069272,211.423591069193));
#1537=CARTESIAN_POINT('Ctrl Pts',(195.02722762362,-25.9307580478295,211.430287973006));
#1538=CARTESIAN_POINT('Ctrl Pts',(195.02722762362,-26.5857528587603,211.437225537764));
#1539=CARTESIAN_POINT('Ctrl Pts',(195.02722762362,-27.176036798164,211.768240274747));
#1540=CARTESIAN_POINT('Ctrl Pts',(195.02722762362,-27.5292605721618,212.159570512944));
#1541=CARTESIAN_POINT('Ctrl Pts',(195.02722762362,-27.7699887791426,212.426268944684));
#1542=CARTESIAN_POINT('Ctrl Pts',(195.02722762362,-27.949426956791,212.736496689087));
#1543=CARTESIAN_POINT('Ctrl Pts',(195.02722762362,-28.0533836614303,213.13641524062));
#1544=CARTESIAN_POINT('Ctrl Pts',(195.02722762362,-28.169585222963,213.583439416071));
#1545=CARTESIAN_POINT('Ctrl Pts',(195.02722762362,-28.1550452630902,214.120727907324));
#1546=CARTESIAN_POINT('Ctrl Pts',(195.02722762362,-27.9697009996843,214.599368967661));
#1547=CARTESIAN_POINT('Origin',(192.28415833126,-24.66310044819,216.953202054055));
#1548=CARTESIAN_POINT('',(192.28415833126,-22.83035184135,212.43751387679));
#1549=CARTESIAN_POINT('Origin',(192.28415833126,-25.9080929947985,213.738079332259));
#1550=CARTESIAN_POINT('Ctrl Pts',(195.22722762362,-28.1562062419678,214.671589425987));
#1551=CARTESIAN_POINT('Ctrl Pts',(195.22722762362,-28.2893753026587,214.327687870892));
#1552=CARTESIAN_POINT('Ctrl Pts',(195.22722762362,-28.3761168065193,213.768554484497));
#1553=CARTESIAN_POINT('Ctrl Pts',(195.22722762362,-28.2540945180932,213.036778269125));
#1554=CARTESIAN_POINT('Ctrl Pts',(195.22722762362,-27.979987649078,212.347598135513));
#1555=CARTESIAN_POINT('Ctrl Pts',(195.22722762362,-27.3667204822626,211.627980103118));
#1556=CARTESIAN_POINT('Ctrl Pts',(195.22722762362,-26.4973101046071,211.251976444597));
#1557=CARTESIAN_POINT('Ctrl Pts',(195.22722762362,-25.7552447300457,211.213237165189));
#1558=CARTESIAN_POINT('Ctrl Pts',(195.22722762362,-25.024783224923,211.347631506313));
#1559=CARTESIAN_POINT('Ctrl Pts',(195.22722762362,-24.2099565504107,211.830378580077));
#1560=CARTESIAN_POINT('Ctrl Pts',(195.22722762362,-23.5848491158203,212.775620721628));
#1561=CARTESIAN_POINT('Ctrl Pts',(195.22722762362,-23.4106434214758,213.893805161394));
#1562=CARTESIAN_POINT('Ctrl Pts',(195.22722762362,-23.7137957339321,214.984546778383));
#1563=CARTESIAN_POINT('Ctrl Pts',(195.22722762362,-24.4490394445022,215.847829753402));
#1564=CARTESIAN_POINT('Ctrl Pts',(195.22722762362,-25.4928493721526,216.299086851164));
#1565=CARTESIAN_POINT('Ctrl Pts',(195.22722762362,-26.6287168191415,216.225717232955));
#1566=CARTESIAN_POINT('Ctrl Pts',(195.22722762362,-27.6055341423521,215.645296448632));
#1567=CARTESIAN_POINT('Ctrl Pts',(195.22722762362,-28.0230371812796,215.015490981082));
#1568=CARTESIAN_POINT('Ctrl Pts',(195.22722762362,-28.1562062419678,214.671589425987));
#1569=CARTESIAN_POINT('Ctrl Pts',(195.22722762362,-28.1073792837169,214.65268215421));
#1570=CARTESIAN_POINT('Ctrl Pts',(195.22722762362,-28.237820866959,214.315824155113));
#1571=CARTESIAN_POINT('Ctrl Pts',(195.22722762362,-28.322817521349,213.76794555635));
#1572=CARTESIAN_POINT('Ctrl Pts',(195.22722762362,-28.2032539173201,213.05097280962));
#1573=CARTESIAN_POINT('Ctrl Pts',(195.22722762362,-27.9347430300655,212.375894810714));
#1574=CARTESIAN_POINT('Ctrl Pts',(195.22722762362,-27.3343313243883,211.671547133922));
#1575=CARTESIAN_POINT('Ctrl Pts',(195.22722762362,-26.4841357410011,211.303950463258));
#1576=CARTESIAN_POINT('Ctrl Pts',(195.22722762362,-25.7587268632536,211.266074980666));
#1577=CARTESIAN_POINT('Ctrl Pts',(195.22722762362,-25.0446054275598,211.397459151742));
#1578=CARTESIAN_POINT('Ctrl Pts',(195.22722762362,-24.2475631757969,211.869546541858));
#1579=CARTESIAN_POINT('Ctrl Pts',(195.22722762362,-23.6353640451483,212.795041709986));
#1580=CARTESIAN_POINT('Ctrl Pts',(195.22722762362,-23.4646240151331,213.890707072817));
#1581=CARTESIAN_POINT('Ctrl Pts',(195.22722762362,-23.7617057476052,214.959338048566));
#1582=CARTESIAN_POINT('Ctrl Pts',(195.22722762362,-24.4815411692206,215.804319879339));
#1583=CARTESIAN_POINT('Ctrl Pts',(195.22722762362,-25.5022798782109,216.24547364857));
#1584=CARTESIAN_POINT('Ctrl Pts',(195.22722762362,-26.6125463489778,216.173776005333));
#1585=CARTESIAN_POINT('Ctrl Pts',(195.22722762362,-27.5680575407427,215.6061790294));
#1586=CARTESIAN_POINT('Ctrl Pts',(195.22722762362,-27.9769377004762,214.989540153311));
#1587=CARTESIAN_POINT('Ctrl Pts',(195.22722762362,-28.1073792837168,214.65268215421));
#1588=CARTESIAN_POINT('Ctrl Pts',(195.183711322119,-28.010281091459,214.615082803854));
#1589=CARTESIAN_POINT('Ctrl Pts',(195.183711322119,-28.135313430857,214.292193870547));
#1590=CARTESIAN_POINT('Ctrl Pts',(195.183711322119,-28.2168837103401,213.766671815738));
#1591=CARTESIAN_POINT('Ctrl Pts',(195.183711322119,-28.1021949895929,213.079056166428));
#1592=CARTESIAN_POINT('Ctrl Pts',(195.183711322119,-27.8447996492667,212.431961000677));
#1593=CARTESIAN_POINT('Ctrl Pts',(195.183711322118,-27.2699036228292,211.757913329337));
#1594=CARTESIAN_POINT('Ctrl Pts',(195.183711322118,-26.4578221028246,211.406991029683));
#1595=CARTESIAN_POINT('Ctrl Pts',(195.183711322118,-25.7654606273286,211.370832361663));
#1596=CARTESIAN_POINT('Ctrl Pts',(195.183711322118,-25.0837480879456,211.496246220758));
#1597=CARTESIAN_POINT('Ctrl Pts',(195.183711322118,-24.3220024672447,211.947182639133));
#1598=CARTESIAN_POINT('Ctrl Pts',(195.183711322118,-23.7354139727348,212.833512127971));
#1599=CARTESIAN_POINT('Ctrl Pts',(195.183711322118,-23.5715416563074,213.884504499027));
#1600=CARTESIAN_POINT('Ctrl Pts',(195.183711322118,-23.8565839720965,214.9092734491));
#1601=CARTESIAN_POINT('Ctrl Pts',(195.183711322118,-24.5458423503979,215.71795344548));
#1602=CARTESIAN_POINT('Ctrl Pts',(195.183711322119,-25.5207919971688,216.139051599478));
#1603=CARTESIAN_POINT('Ctrl Pts',(195.183711322119,-26.5802603759244,216.070667634025));
#1604=CARTESIAN_POINT('Ctrl Pts',(195.183711322119,-27.4934888302124,215.5284974873));
#1605=CARTESIAN_POINT('Ctrl Pts',(195.183711322119,-27.8852487520597,214.937971737173));
#1606=CARTESIAN_POINT('Ctrl Pts',(195.183711322119,-28.0102810914586,214.615082803856));
#1607=CARTESIAN_POINT('Ctrl Pts',(195.07958750118,-27.9697009996853,214.599368967659));
#1608=CARTESIAN_POINT('Ctrl Pts',(195.07958750118,-28.0924471218076,214.282384060949));
#1609=CARTESIAN_POINT('Ctrl Pts',(195.07958750118,-28.1725097397305,213.766248857851));
#1610=CARTESIAN_POINT('Ctrl Pts',(195.07958750118,-28.0598836222899,213.091044028655));
#1611=CARTESIAN_POINT('Ctrl Pts',(195.07958750118,-27.8071559432671,212.455749780842));
#1612=CARTESIAN_POINT('Ctrl Pts',(195.07958750118,-27.243008839129,211.794481840521));
#1613=CARTESIAN_POINT('Ctrl Pts',(195.07958750118,-26.4470248741845,211.450604709341));
#1614=CARTESIAN_POINT('Ctrl Pts',(195.07958750118,-25.7686072060622,211.415165197128));
#1615=CARTESIAN_POINT('Ctrl Pts',(195.07958750118,-25.1005877350898,211.538056438006));
#1616=CARTESIAN_POINT('Ctrl Pts',(195.07958750118,-24.3537151176531,211.980071301394));
#1617=CARTESIAN_POINT('Ctrl Pts',(195.07958750118,-23.7779328644518,212.84985209426));
#1618=CARTESIAN_POINT('Ctrl Pts',(195.07958750118,-23.6169728468907,213.881984802284));
#1619=CARTESIAN_POINT('Ctrl Pts',(195.07958750118,-23.8969266960633,214.888235203242));
#1620=CARTESIAN_POINT('Ctrl Pts',(195.07958750118,-24.5732943341216,215.681583162098));
#1621=CARTESIAN_POINT('Ctrl Pts',(195.07958750118,-25.5289493462706,216.094236732678));
#1622=CARTESIAN_POINT('Ctrl Pts',(195.07958750118,-26.5669919025189,216.027257223055));
#1623=CARTESIAN_POINT('Ctrl Pts',(195.07958750118,-27.4623976624398,215.495843971638));
#1624=CARTESIAN_POINT('Ctrl Pts',(195.07958750118,-27.8469548775604,214.916353874382));
#1625=CARTESIAN_POINT('Ctrl Pts',(195.07958750118,-27.9697009996847,214.59936896766));
#1626=CARTESIAN_POINT('Ctrl Pts',(195.02722762362,-27.9697009996853,214.599368967659));
#1627=CARTESIAN_POINT('Ctrl Pts',(195.02722762362,-28.092468847564,214.282327955414));
#1628=CARTESIAN_POINT('Ctrl Pts',(195.02722762362,-28.1725958433117,213.766155820224));
#1629=CARTESIAN_POINT('Ctrl Pts',(195.02722762362,-28.0599482463871,213.090830494106));
#1630=CARTESIAN_POINT('Ctrl Pts',(195.02722762362,-27.8072017185099,212.455445996303));
#1631=CARTESIAN_POINT('Ctrl Pts',(195.02722762362,-27.2429821442946,211.794078958569));
#1632=CARTESIAN_POINT('Ctrl Pts',(195.02722762362,-26.446854757674,211.450136774886));
#1633=CARTESIAN_POINT('Ctrl Pts',(195.02722762362,-25.7683245000529,211.414695858918));
#1634=CARTESIAN_POINT('Ctrl Pts',(195.02722762362,-25.1001787351911,211.537610454204));
#1635=CARTESIAN_POINT('Ctrl Pts',(195.02722762362,-24.3532027327075,211.979695038331));
#1636=CARTESIAN_POINT('Ctrl Pts',(195.02722762362,-23.7773330095026,212.849629154898));
#1637=CARTESIAN_POINT('Ctrl Pts',(195.02722762362,-23.6163371918802,213.881923101588));
#1638=CARTESIAN_POINT('Ctrl Pts',(195.02722762362,-23.8963394017161,214.888332879891));
#1639=CARTESIAN_POINT('Ctrl Pts',(195.02722762362,-24.5728020773122,215.681817340024));
#1640=CARTESIAN_POINT('Ctrl Pts',(195.02722762362,-25.5285915621354,216.094524306847));
#1641=CARTESIAN_POINT('Ctrl Pts',(195.02722762362,-26.5668007212785,216.027528145399));
#1642=CARTESIAN_POINT('Ctrl Pts',(195.02722762362,-27.4623353842826,215.496004055252));
#1643=CARTESIAN_POINT('Ctrl Pts',(195.02722762362,-27.846933151804,214.916409979917));
#1644=CARTESIAN_POINT('Ctrl Pts',(195.02722762362,-27.9697009996847,214.59936896766));
#1645=CARTESIAN_POINT('',(195.22722762362,-28.1562062419678,214.671589425987));
#1646=CARTESIAN_POINT('Origin',(195.02722762362,-28.1562062419678,214.671589425987));
#1647=CARTESIAN_POINT('Ctrl Pts',(195.22722762362,-28.1562062419678,214.671589425987));
#1648=CARTESIAN_POINT('Ctrl Pts',(195.22722762362,-28.2893753026587,214.327687870892));
#1649=CARTESIAN_POINT('Ctrl Pts',(195.22722762362,-28.3761168065193,213.768554484497));
#1650=CARTESIAN_POINT('Ctrl Pts',(195.22722762362,-28.2540945180932,213.036778269125));
#1651=CARTESIAN_POINT('Ctrl Pts',(195.22722762362,-27.979987649078,212.347598135513));
#1652=CARTESIAN_POINT('Ctrl Pts',(195.22722762362,-27.3667204822626,211.627980103118));
#1653=CARTESIAN_POINT('Ctrl Pts',(195.22722762362,-26.4973101046071,211.251976444597));
#1654=CARTESIAN_POINT('Ctrl Pts',(195.22722762362,-25.7552447300457,211.213237165189));
#1655=CARTESIAN_POINT('Ctrl Pts',(195.22722762362,-25.024783224923,211.347631506313));
#1656=CARTESIAN_POINT('Ctrl Pts',(195.22722762362,-24.2099565504107,211.830378580077));
#1657=CARTESIAN_POINT('Ctrl Pts',(195.22722762362,-23.5848491158203,212.775620721628));
#1658=CARTESIAN_POINT('Ctrl Pts',(195.22722762362,-23.4106434214758,213.893805161394));
#1659=CARTESIAN_POINT('Ctrl Pts',(195.22722762362,-23.7137957339321,214.984546778383));
#1660=CARTESIAN_POINT('Ctrl Pts',(195.22722762362,-24.4490394445022,215.847829753402));
#1661=CARTESIAN_POINT('Ctrl Pts',(195.22722762362,-25.4928493721526,216.299086851164));
#1662=CARTESIAN_POINT('Ctrl Pts',(195.22722762362,-26.6287168191415,216.225717232955));
#1663=CARTESIAN_POINT('Ctrl Pts',(195.22722762362,-27.6055341423521,215.645296448632));
#1664=CARTESIAN_POINT('Ctrl Pts',(195.22722762362,-28.0230371812796,215.015490981082));
#1665=CARTESIAN_POINT('Ctrl Pts',(195.22722762362,-28.1562062419678,214.671589425987));
#1666=CARTESIAN_POINT('Origin',(195.22722762362,-24.66310044819,216.953202054055));
#1667=CARTESIAN_POINT('',(195.22722762363,-22.83035184135,212.43751387679));
#1668=CARTESIAN_POINT('Origin',(195.22722762363,-25.9080929948033,213.738079332267));
#1669=CARTESIAN_POINT('Origin',(195.01188109003,-11.455191769971,212.120161649615));
#1670=CARTESIAN_POINT('',(195.011881087426,-25.0504188262701,209.673810972118));
#1671=CARTESIAN_POINT('',(195.011881095754,-3.31172143177296,200.487658854229));
#1672=CARTESIAN_POINT('',(195.01188109003,-25.0504188464602,209.673811011415));
#1673=CARTESIAN_POINT('',(195.011881087426,-0.847946923782587,206.850217541071));
#1674=CARTESIAN_POINT('Origin',(195.01188109003,0.00972729199397282,202.785949400887));
#1675=CARTESIAN_POINT('',(195.011881095754,-22.5866443182966,216.036369658961));
#1676=CARTESIAN_POINT('',(195.01188109003,-0.847946903606611,206.850217501772));
#1677=CARTESIAN_POINT('Origin',(195.01188109003,-25.9080930420612,213.738079112303));
#1678=CARTESIAN_POINT('',(195.01188109003,-3.068013908711,204.0865146364));
#1679=CARTESIAN_POINT('Origin',(195.01188109003,0.00972724474218312,202.785949180924));
#1680=CARTESIAN_POINT('',(195.01188109003,-22.55488486624,213.62476535925));
#1681=CARTESIAN_POINT('',(195.01188109003,-21.59419614544,214.27802622296));
#1682=CARTESIAN_POINT('Origin',(195.01188109003,-21.8562998394582,213.601158281542));
#1683=CARTESIAN_POINT('',(195.01188109003,-2.731547440478,206.30720993879));
#1684=CARTESIAN_POINT('',(195.01188109003,-21.59419614543,214.27802622297));
#1685=CARTESIAN_POINT('',(195.01188109003,-2.475827276011,205.1399294428));
#1686=CARTESIAN_POINT('Origin',(195.01188109003,-2.993651134505,205.630341997365));
#1687=CARTESIAN_POINT('',(195.01188109003,-3.343480883812,202.89926315394));
#1688=CARTESIAN_POINT('Origin',(195.011881090031,0.00972724472471043,202.785949180926));
#1689=CARTESIAN_POINT('',(195.01188109003,-4.304169604617,202.24600229022));
#1690=CARTESIAN_POINT('Origin',(195.01188109003,-4.0420659106032,202.922870231646));
#1691=CARTESIAN_POINT('',(195.01188109003,-23.16681830957,210.2168185744));
#1692=CARTESIAN_POINT('',(195.01188109003,-4.30416960462,202.24600229021));
#1693=CARTESIAN_POINT('',(195.01188109003,-23.42253847404,211.38409907038));
#1694=CARTESIAN_POINT('Origin',(195.01188109003,-22.9047146155648,210.893686515824));
#1695=CARTESIAN_POINT('Origin',(195.011881090031,-25.9080929948577,213.738079332293));
#1696=CARTESIAN_POINT('',(195.01188109003,-22.83035184135,212.43751387679));
#1697=CARTESIAN_POINT('Origin',(195.01188109003,-25.9080929947985,213.738079332259));
#1698=CARTESIAN_POINT('Ctrl Pts',(195.22722762363,-22.83035184135,212.43751387679));
#1699=CARTESIAN_POINT('Ctrl Pts',(194.780685051557,-22.83035184135,212.43751387679));
#1700=CARTESIAN_POINT('Ctrl Pts',(195.22722762363,-24.98674218712,206.8687579701));
#1701=CARTESIAN_POINT('Ctrl Pts',(194.780685051557,-24.98674218712,206.8687579701));
#1702=CARTESIAN_POINT('Ctrl Pts',(195.22722762363,-28.52515874441,211.60398410665));
#1703=CARTESIAN_POINT('Ctrl Pts',(194.780685051557,-28.52515874441,211.60398410665));
#1704=CARTESIAN_POINT('Ctrl Pts',(195.22722762363,-32.06357530169,216.33921024321));
#1705=CARTESIAN_POINT('Ctrl Pts',(194.780685051557,-32.06357530169,216.33921024321));
#1706=CARTESIAN_POINT('Ctrl Pts',(195.22722762363,-26.36876839863,217.17274001335));
#1707=CARTESIAN_POINT('Ctrl Pts',(194.780685051557,-26.36876839863,217.17274001335));
#1708=CARTESIAN_POINT('Ctrl Pts',(195.22722762363,-20.67396149558,218.00626978349));
#1709=CARTESIAN_POINT('Ctrl Pts',(194.780685051557,-20.67396149558,218.00626978349));
#1710=CARTESIAN_POINT('Ctrl Pts',(195.22722762363,-22.83035184135,212.43751387679));
#1711=CARTESIAN_POINT('Ctrl Pts',(194.780685051557,-22.83035184135,212.43751387679));
#1712=CARTESIAN_POINT('',(195.22722762363,-22.83035184135,212.43751387679));
#1713=CARTESIAN_POINT('Ctrl Pts',(195.22722762363,-3.068013908704,204.08651463639));
#1714=CARTESIAN_POINT('Ctrl Pts',(194.780685051557,-3.068013908704,204.08651463639));
#1715=CARTESIAN_POINT('Ctrl Pts',(195.22722762363,-2.34921712678,205.94276660529));
#1716=CARTESIAN_POINT('Ctrl Pts',(194.780685051557,-2.34921712678,205.94276660529));
#1717=CARTESIAN_POINT('Ctrl Pts',(195.22722762363,-0.450948159095,206.22060986201));
#1718=CARTESIAN_POINT('Ctrl Pts',(194.780685051557,-0.450948159095,206.22060986201));
#1719=CARTESIAN_POINT('Ctrl Pts',(195.22722762363,5.24385874396,207.05413963215));
#1720=CARTESIAN_POINT('Ctrl Pts',(194.780685051557,5.24385874396,207.05413963215));
#1721=CARTESIAN_POINT('Ctrl Pts',(195.22722762363,3.087468398187,201.48538372545));
#1722=CARTESIAN_POINT('Ctrl Pts',(194.780685051557,3.087468398187,201.48538372545));
#1723=CARTESIAN_POINT('Ctrl Pts',(195.22722762363,0.931078052414,195.91662781876));
#1724=CARTESIAN_POINT('Ctrl Pts',(194.780685051557,0.931078052414,195.91662781876));
#1725=CARTESIAN_POINT('Ctrl Pts',(195.22722762363,-2.607338504868,200.65185395531));
#1726=CARTESIAN_POINT('Ctrl Pts',(194.780685051557,-2.607338504868,200.65185395531));
#1727=CARTESIAN_POINT('Ctrl Pts',(195.22722762363,-3.786810690629,202.2302626675));
#1728=CARTESIAN_POINT('Ctrl Pts',(194.780685051557,-3.786810690629,202.2302626675));
#1729=CARTESIAN_POINT('Ctrl Pts',(195.22722762363,-3.068013908704,204.08651463639));
#1730=CARTESIAN_POINT('Ctrl Pts',(194.780685051557,-3.068013908704,204.08651463639));
#1731=CARTESIAN_POINT('',(195.22722762363,-3.068013908704,204.08651463639));
#1732=CARTESIAN_POINT('Ctrl Pts',(192.49950486484,-22.83035184135,212.43751387679));
#1733=CARTESIAN_POINT('Ctrl Pts',(192.052962292809,-22.83035184135,212.43751387679));
#1734=CARTESIAN_POINT('Ctrl Pts',(192.49950486484,-24.98674218712,206.8687579701));
#1735=CARTESIAN_POINT('Ctrl Pts',(192.052962292809,-24.98674218712,206.8687579701));
#1736=CARTESIAN_POINT('Ctrl Pts',(192.49950486484,-28.52515874441,211.60398410665));
#1737=CARTESIAN_POINT('Ctrl Pts',(192.052962292809,-28.52515874441,211.60398410665));
#1738=CARTESIAN_POINT('Ctrl Pts',(192.49950486484,-32.06357530169,216.33921024321));
#1739=CARTESIAN_POINT('Ctrl Pts',(192.052962292809,-32.06357530169,216.33921024321));
#1740=CARTESIAN_POINT('Ctrl Pts',(192.49950486484,-26.36876839863,217.17274001335));
#1741=CARTESIAN_POINT('Ctrl Pts',(192.052962292809,-26.36876839863,217.17274001335));
#1742=CARTESIAN_POINT('Ctrl Pts',(192.49950486484,-20.67396149558,218.00626978349));
#1743=CARTESIAN_POINT('Ctrl Pts',(192.052962292809,-20.67396149558,218.00626978349));
#1744=CARTESIAN_POINT('Ctrl Pts',(192.49950486484,-22.83035184135,212.43751387679));
#1745=CARTESIAN_POINT('Ctrl Pts',(192.052962292809,-22.83035184135,212.43751387679));
#1746=CARTESIAN_POINT('',(192.49950486484,-22.83035184135,212.43751387679));
#1747=CARTESIAN_POINT('',(192.49950486484,-22.83035184135,212.43751387679));
#1748=CARTESIAN_POINT('Origin',(192.49950486484,-25.9080929948033,213.738079332267));
#1749=CARTESIAN_POINT('Origin',(192.49950486485,-11.4551917147215,212.120161792285));
#1750=CARTESIAN_POINT('',(192.49950485986,-0.847946938450302,206.850217601695));
#1751=CARTESIAN_POINT('',(192.499504869964,-3.31172150969864,200.48765882811));
#1752=CARTESIAN_POINT('Origin',(192.49950486484,0.00972732693732978,202.78594936991));
#1753=CARTESIAN_POINT('',(192.499504859859,-25.0504188116062,209.673810911493));
#1754=CARTESIAN_POINT('',(192.49950486485,-3.31172154741731,200.48765881467));
#1755=CARTESIAN_POINT('',(192.499504869963,-22.5866442403645,216.036369685083));
#1756=CARTESIAN_POINT('Origin',(192.49950486484,-25.9080930769969,213.738079143276));
#1757=CARTESIAN_POINT('',(192.49950486485,-22.586644202642,216.036369698519));
#1758=CARTESIAN_POINT('',(192.49950486484,-3.068013908711,204.0865146364));
#1759=CARTESIAN_POINT('Origin',(192.49950486484,0.00972724474218367,202.785949180924));
#1760=CARTESIAN_POINT('',(192.49950486485,-23.42253847404,211.38409907038));
#1761=CARTESIAN_POINT('',(192.49950486485,-23.16681830957,210.2168185744));
#1762=CARTESIAN_POINT('Origin',(192.49950486484,-22.904714615559,210.893686515821));
#1763=CARTESIAN_POINT('',(192.49950486485,-4.304169604617,202.24600229022));
#1764=CARTESIAN_POINT('',(192.49950486484,-4.30416960462,202.24600229021));
#1765=CARTESIAN_POINT('',(192.49950486485,-3.343480883812,202.89926315394));
#1766=CARTESIAN_POINT('Origin',(192.49950486484,-4.04206591060332,202.922870231645));
#1767=CARTESIAN_POINT('',(192.49950486485,-2.475827276011,205.1399294428));
#1768=CARTESIAN_POINT('Origin',(192.499504864841,0.0097272447272595,202.785949180958));
#1769=CARTESIAN_POINT('',(192.49950486485,-2.731547440478,206.30720993879));
#1770=CARTESIAN_POINT('Origin',(192.49950486484,-2.99365113450409,205.630341997368));
#1771=CARTESIAN_POINT('',(192.49950486485,-21.59419614544,214.27802622296));
#1772=CARTESIAN_POINT('',(192.49950486484,-21.59419614543,214.27802622297));
#1773=CARTESIAN_POINT('',(192.49950486485,-22.55488486624,213.62476535925));
#1774=CARTESIAN_POINT('Origin',(192.49950486484,-21.8562998394645,213.601158281545));
#1775=CARTESIAN_POINT('Origin',(192.499504864841,-25.9080929947888,213.73807933225));
#1776=CARTESIAN_POINT('Ctrl Pts',(192.49950486484,-3.068013908704,204.08651463639));
#1777=CARTESIAN_POINT('Ctrl Pts',(192.052962292809,-3.068013908704,204.08651463639));
#1778=CARTESIAN_POINT('Ctrl Pts',(192.49950486484,-2.34921712678,205.94276660529));
#1779=CARTESIAN_POINT('Ctrl Pts',(192.052962292809,-2.34921712678,205.94276660529));
#1780=CARTESIAN_POINT('Ctrl Pts',(192.49950486484,-0.450948159095,206.22060986201));
#1781=CARTESIAN_POINT('Ctrl Pts',(192.052962292809,-0.450948159095,206.22060986201));
#1782=CARTESIAN_POINT('Ctrl Pts',(192.49950486484,5.24385874396,207.05413963215));
#1783=CARTESIAN_POINT('Ctrl Pts',(192.052962292809,5.24385874396,207.05413963215));
#1784=CARTESIAN_POINT('Ctrl Pts',(192.49950486484,3.087468398187,201.48538372545));
#1785=CARTESIAN_POINT('Ctrl Pts',(192.052962292809,3.087468398187,201.48538372545));
#1786=CARTESIAN_POINT('Ctrl Pts',(192.49950486484,0.931078052414,195.91662781876));
#1787=CARTESIAN_POINT('Ctrl Pts',(192.052962292809,0.931078052414,195.91662781876));
#1788=CARTESIAN_POINT('Ctrl Pts',(192.49950486484,-2.607338504868,200.65185395531));
#1789=CARTESIAN_POINT('Ctrl Pts',(192.052962292809,-2.607338504868,200.65185395531));
#1790=CARTESIAN_POINT('Ctrl Pts',(192.49950486484,-3.786810690629,202.2302626675));
#1791=CARTESIAN_POINT('Ctrl Pts',(192.052962292809,-3.786810690629,202.2302626675));
#1792=CARTESIAN_POINT('Ctrl Pts',(192.49950486484,-3.068013908704,204.08651463639));
#1793=CARTESIAN_POINT('Ctrl Pts',(192.052962292809,-3.068013908704,204.08651463639));
#1794=CARTESIAN_POINT('',(192.49950486484,-3.068013908704,204.08651463639));
#1795=CARTESIAN_POINT('Ctrl Pts',(193.21732664347,-22.55488486624,213.62476535926));
#1796=CARTESIAN_POINT('Ctrl Pts',(191.728851403304,-22.55488486624,213.62476535926));
#1797=CARTESIAN_POINT('Ctrl Pts',(193.21732664347,-22.59473308382,212.33794812339));
#1798=CARTESIAN_POINT('Ctrl Pts',(191.728851403304,-22.59473308382,212.33794812339));
#1799=CARTESIAN_POINT('Ctrl Pts',(193.21732664347,-23.42253847405,211.38409907038));
#1800=CARTESIAN_POINT('Ctrl Pts',(191.728851403304,-23.42253847405,211.38409907038));
#1801=CARTESIAN_POINT('',(193.21732664347,-22.55488486624,213.62476535925));
#1802=CARTESIAN_POINT('',(192.49950486485,-22.55488486625,213.62476535926));
#1803=CARTESIAN_POINT('',(193.21732664347,-23.42253847404,211.38409907038));
#1804=CARTESIAN_POINT('Origin',(193.21732664347,-25.9080929948577,213.738079332293));
#1805=CARTESIAN_POINT('',(192.49950486485,-23.42253847405,211.38409907038));
#1806=CARTESIAN_POINT('Ctrl Pts',(192.49950486484,-23.42253847404,211.38409907038));
#1807=CARTESIAN_POINT('Ctrl Pts',(193.987980105006,-23.42253847404,211.38409907038));
#1808=CARTESIAN_POINT('Ctrl Pts',(192.49950486484,-24.09513035361,210.6090967148));
#1809=CARTESIAN_POINT('Ctrl Pts',(193.987980105006,-24.09513035361,210.6090967148));
#1810=CARTESIAN_POINT('Ctrl Pts',(192.49950486484,-23.16681830956,210.21681857439));
#1811=CARTESIAN_POINT('Ctrl Pts',(193.987980105006,-23.16681830956,210.21681857439));
#1812=CARTESIAN_POINT('',(193.21732664347,-23.16681830957,210.2168185744));
#1813=CARTESIAN_POINT('Origin',(193.21732664347,-22.904714615559,210.893686515821));
#1814=CARTESIAN_POINT('',(192.49950486485,-23.16681830958,210.21681857439));
#1815=CARTESIAN_POINT('Origin',(192.49950486484,-13.7354939570985,206.23141043231));
#1816=CARTESIAN_POINT('',(193.21732664347,-4.304169604617,202.24600229022));
#1817=CARTESIAN_POINT('',(193.21732664347,-4.30416960462,202.24600229021));
#1818=CARTESIAN_POINT('',(192.49950486485,-4.304169604626,202.24600229022));
#1819=CARTESIAN_POINT('Ctrl Pts',(192.49950486484,-4.304169604617,202.24600229022));
#1820=CARTESIAN_POINT('Ctrl Pts',(193.987980105006,-4.304169604617,202.24600229022));
#1821=CARTESIAN_POINT('Ctrl Pts',(192.49950486484,-3.375857560588,201.8537241498));
#1822=CARTESIAN_POINT('Ctrl Pts',(193.987980105006,-3.375857560588,201.8537241498));
#1823=CARTESIAN_POINT('Ctrl Pts',(192.49950486484,-3.343480883812,202.89926315394));
#1824=CARTESIAN_POINT('Ctrl Pts',(193.987980105006,-3.343480883812,202.89926315394));
#1825=CARTESIAN_POINT('',(193.21732664347,-3.343480883812,202.89926315394));
#1826=CARTESIAN_POINT('Origin',(193.21732664347,-4.0420659106032,202.922870231646));
#1827=CARTESIAN_POINT('',(192.49950486485,-3.343480883821,202.89926315393));
#1828=CARTESIAN_POINT('Ctrl Pts',(193.21732664347,-3.343480883812,202.89926315393));
#1829=CARTESIAN_POINT('Ctrl Pts',(191.728851403304,-3.343480883812,202.89926315393));
#1830=CARTESIAN_POINT('Ctrl Pts',(193.21732664347,-3.30363266623604,204.18608038979));
#1831=CARTESIAN_POINT('Ctrl Pts',(191.728851403304,-3.30363266623604,204.18608038979));
#1832=CARTESIAN_POINT('Ctrl Pts',(193.21732664347,-2.475827276009,205.1399294428));
#1833=CARTESIAN_POINT('Ctrl Pts',(191.728851403304,-2.475827276009,205.1399294428));
#1834=CARTESIAN_POINT('',(193.21732664347,-2.475827276011,205.1399294428));
#1835=CARTESIAN_POINT('Origin',(193.21732664347,0.00972724472471043,202.785949180926));
#1836=CARTESIAN_POINT('',(192.49950486485,-2.475827276015,205.13992944281));
#1837=CARTESIAN_POINT('Ctrl Pts',(192.49950486484,-2.475827276011,205.1399294428));
#1838=CARTESIAN_POINT('Ctrl Pts',(193.987980105006,-2.475827276011,205.1399294428));
#1839=CARTESIAN_POINT('Ctrl Pts',(192.49950486484,-1.803235396447,205.91493179838));
#1840=CARTESIAN_POINT('Ctrl Pts',(193.987980105006,-1.803235396447,205.91493179838));
#1841=CARTESIAN_POINT('Ctrl Pts',(192.49950486484,-2.731547440485,206.30720993879));
#1842=CARTESIAN_POINT('Ctrl Pts',(193.987980105006,-2.731547440485,206.30720993879));
#1843=CARTESIAN_POINT('',(193.21732664347,-2.731547440478,206.30720993879));
#1844=CARTESIAN_POINT('Origin',(193.21732664347,-2.99365113450409,205.630341997368));
#1845=CARTESIAN_POINT('',(192.49950486485,-2.731547440482,206.3072099388));
#1846=CARTESIAN_POINT('Origin',(192.858415754155,-21.59419614544,214.27802622297));
#1847=CARTESIAN_POINT('',(193.21732664347,-21.59419614544,214.27802622296));
#1848=CARTESIAN_POINT('',(193.21732664347,-21.59419614543,214.27802622297));
#1849=CARTESIAN_POINT('',(192.49950486485,-21.59419614544,214.27802622297));
#1850=CARTESIAN_POINT('Ctrl Pts',(192.49950486484,-21.59419614544,214.27802622296));
#1851=CARTESIAN_POINT('Ctrl Pts',(193.987980105006,-21.59419614544,214.27802622296));
#1852=CARTESIAN_POINT('Ctrl Pts',(192.49950486484,-22.52250818947,214.67030436339));
#1853=CARTESIAN_POINT('Ctrl Pts',(193.987980105006,-22.52250818947,214.67030436339));
#1854=CARTESIAN_POINT('Ctrl Pts',(192.49950486484,-22.55488486624,213.62476535924));
#1855=CARTESIAN_POINT('Ctrl Pts',(193.987980105006,-22.55488486624,213.62476535924));
#1856=CARTESIAN_POINT('Origin',(193.21732664347,-21.8562998394582,213.601158281542));
#1857=CARTESIAN_POINT('Origin',(193.21732664347,-12.162871792956,210.292618080895));
#1858=CARTESIAN_POINT('Origin',(192.499504833,-11.717295558678,211.44329356561));
#1859=CARTESIAN_POINT('',(192.714851379535,-22.448582410937,216.214316371525));
#1860=CARTESIAN_POINT('Origin',(192.638757090792,-22.5427173035294,216.170574528098));
#1861=CARTESIAN_POINT('',(192.714851286502,-0.82874644544729,207.078391558609));
#1862=CARTESIAN_POINT('',(192.71485139939,-22.448582402081,216.214316383534));
#1863=CARTESIAN_POINT('Origin',(192.64174816449,-0.789070227830298,206.981422875406));
#1864=CARTESIAN_POINT('Ctrl Pts',(192.49950471952,-3.311721382065,200.48765892911));
#1865=CARTESIAN_POINT('Ctrl Pts',(192.71485144424,-3.48653463076,200.36669616448));
#1866=CARTESIAN_POINT('Ctrl Pts',(192.49950471952,0.86605413099,193.89897512908));
#1867=CARTESIAN_POINT('Ctrl Pts',(192.71485144424,0.911124003711,193.43123921797));
#1868=CARTESIAN_POINT('Ctrl Pts',(192.49950471952,3.703016704849,201.22527097921));
#1869=CARTESIAN_POINT('Ctrl Pts',(192.71485144424,3.897400532839,201.14312993669));
#1870=CARTESIAN_POINT('Ctrl Pts',(192.49950471952,6.539979278708,208.55156682934));
#1871=CARTESIAN_POINT('Ctrl Pts',(192.71485144424,6.883677061966,208.8550206554));
#1872=CARTESIAN_POINT('Ctrl Pts',(192.49950471952,-0.847946906754,206.85021756151));
#1873=CARTESIAN_POINT('Ctrl Pts',(192.71485144424,-0.893087696887,207.06412660795));
#1874=CARTESIAN_POINT('',(192.714851379535,-3.44978333912419,200.309712141668));
#1875=CARTESIAN_POINT('Origin',(192.638757180187,-3.35564846106969,200.353453889721));
#1876=CARTESIAN_POINT('Origin',(192.71485131174,0.00972724473984277,202.785949180923));
#1877=CARTESIAN_POINT('Ctrl Pts',(194.79653457134,-0.828746413109,207.07839154724));
#1878=CARTESIAN_POINT('Ctrl Pts',(190.479956164233,-0.828746413109,207.07839154724));
#1879=CARTESIAN_POINT('Ctrl Pts',(194.79653457134,6.82770642084496,208.7104792323));
#1880=CARTESIAN_POINT('Ctrl Pts',(190.479956164233,6.82770642084496,208.7104792323));
#1881=CARTESIAN_POINT('Ctrl Pts',(194.79653457134,3.897400278599,201.14312965287));
#1882=CARTESIAN_POINT('Ctrl Pts',(190.479956164233,3.897400278599,201.14312965287));
#1883=CARTESIAN_POINT('Ctrl Pts',(194.79653457134,0.967094136353043,193.57578007344));
#1884=CARTESIAN_POINT('Ctrl Pts',(190.479956164233,0.967094136353043,193.57578007344));
#1885=CARTESIAN_POINT('Ctrl Pts',(194.79653457134,-3.449783359588,200.30971214249));
#1886=CARTESIAN_POINT('Ctrl Pts',(190.479956164233,-3.449783359588,200.30971214249));
#1887=CARTESIAN_POINT('',(194.796534538596,-0.82874641943405,207.07839156756));
#1888=CARTESIAN_POINT('',(192.714851342028,-0.82874640617503,207.078391548718));
#1889=CARTESIAN_POINT('',(194.796534494827,-3.44978335802102,200.309712131918));
#1890=CARTESIAN_POINT('Origin',(194.79653445802,0.00972724473984304,202.785949180923));
#1891=CARTESIAN_POINT('',(192.714851409888,-3.44978335333701,200.30971213296));
#1892=CARTESIAN_POINT('Origin',(193.755692956675,-25.06961933961,209.44563696707));
#1893=CARTESIAN_POINT('',(194.79653453805,-25.0696193272058,209.44563694447));
#1894=CARTESIAN_POINT('',(194.796534557688,-25.0696193290741,209.445636963976));
#1895=CARTESIAN_POINT('',(192.714851286502,-25.0696193046174,209.445636954576));
#1896=CARTESIAN_POINT('',(192.714851342025,-25.06961933961,209.44563696707));
#1897=CARTESIAN_POINT('',(192.71485139939,-3.44978334796821,200.309712129653));
#1898=CARTESIAN_POINT('Origin',(192.499504833,-14.1810701913825,205.080734947575));
#1899=CARTESIAN_POINT('Origin',(192.641748095655,-25.1092955021667,209.542605706272));
#1900=CARTESIAN_POINT('Ctrl Pts',(192.49950471952,-22.58664436799,216.03636958408));
#1901=CARTESIAN_POINT('Ctrl Pts',(192.71485144424,-22.4118311193,216.1573323487));
#1902=CARTESIAN_POINT('Ctrl Pts',(192.49950471952,-26.76441988104,222.62505338411));
#1903=CARTESIAN_POINT('Ctrl Pts',(192.71485144424,-26.80948975376,223.09278929521));
#1904=CARTESIAN_POINT('Ctrl Pts',(192.49950471952,-29.60138245491,215.29875753398));
#1905=CARTESIAN_POINT('Ctrl Pts',(192.71485144424,-29.79576628289,215.3808985765));
#1906=CARTESIAN_POINT('Ctrl Pts',(192.49950471952,-32.43834502877,207.97246168385));
#1907=CARTESIAN_POINT('Ctrl Pts',(192.71485144424,-32.78204281202,207.66900785778));
#1908=CARTESIAN_POINT('Ctrl Pts',(192.49950471952,-25.0504188433,209.67381095167));
#1909=CARTESIAN_POINT('Ctrl Pts',(192.71485144424,-25.00527805317,209.45990190523));
#1910=CARTESIAN_POINT('Origin',(192.71485131174,-25.9080929947928,213.738079332261));
#1911=CARTESIAN_POINT('Ctrl Pts',(194.79653457134,-25.06961933696,209.44563696594));
#1912=CARTESIAN_POINT('Ctrl Pts',(190.479956164233,-25.06961933696,209.44563696594));
#1913=CARTESIAN_POINT('Ctrl Pts',(194.79653457134,-32.72607217089,207.81354928091));
#1914=CARTESIAN_POINT('Ctrl Pts',(190.479956164233,-32.72607217089,207.81354928091));
#1915=CARTESIAN_POINT('Ctrl Pts',(194.79653457134,-29.79576602865,215.38089886032));
#1916=CARTESIAN_POINT('Ctrl Pts',(190.479956164233,-29.79576602865,215.38089886032));
#1917=CARTESIAN_POINT('Ctrl Pts',(194.79653457134,-26.86545988641,222.94824843972));
#1918=CARTESIAN_POINT('Ctrl Pts',(190.479956164233,-26.86545988641,222.94824843972));
#1919=CARTESIAN_POINT('Ctrl Pts',(194.79653457134,-22.44858239047,216.2143163707));
#1920=CARTESIAN_POINT('Ctrl Pts',(190.479956164233,-22.44858239047,216.2143163707));
#1921=CARTESIAN_POINT('',(194.796534494826,-22.4485823920413,216.214316381274));
#1922=CARTESIAN_POINT('Origin',(194.79653445802,-25.9080929947928,213.738079332261));
#1923=CARTESIAN_POINT('',(192.714851409889,-22.4485823967229,216.214316380233));
#1924=CARTESIAN_POINT('Origin',(192.71485134201,-11.6386644064465,211.64635396438));
#1925=CARTESIAN_POINT('',(194.796534557688,-0.828746420985425,207.078391549212));
#1926=CARTESIAN_POINT('Origin',(194.90420781416,-0.808631352039,206.951747686435));
#1927=CARTESIAN_POINT('Origin',(186.855178453498,-67.0672798468661,243.766069938623));
#1928=CARTESIAN_POINT('Origin',(194.86964068513,-0.789077091297987,206.981420489975));
#1929=CARTESIAN_POINT('Ctrl Pts',(195.01188113714,-0.84794690941,206.85021752925));
#1930=CARTESIAN_POINT('Ctrl Pts',(194.79653441149,-0.893087698788,207.06412657683));
#1931=CARTESIAN_POINT('Ctrl Pts',(195.01188113714,6.539979107324,208.55156672067));
#1932=CARTESIAN_POINT('Ctrl Pts',(194.79653441149,6.883676890582,208.85502054572));
#1933=CARTESIAN_POINT('Ctrl Pts',(195.01188113714,3.703016610715,201.22527104132));
#1934=CARTESIAN_POINT('Ctrl Pts',(194.79653441149,3.897400439651,201.14312999871));
#1935=CARTESIAN_POINT('Ctrl Pts',(195.01188113714,0.866054114106,193.89897536196));
#1936=CARTESIAN_POINT('Ctrl Pts',(194.79653441149,0.911123988719,193.43123945171));
#1937=CARTESIAN_POINT('Ctrl Pts',(195.01188113714,-3.311721345718,200.48765897263));
#1938=CARTESIAN_POINT('Ctrl Pts',(194.79653441149,-3.486534594314,200.36669620614));
#1939=CARTESIAN_POINT('Origin',(186.855302569707,41.1682512837805,172.758372704796));
#1940=CARTESIAN_POINT('Origin',(195.01188109174,-14.181070202391,205.080734919155));
#1941=CARTESIAN_POINT('Origin',(194.869640714151,-25.1092886423558,209.542608051241));
#1942=CARTESIAN_POINT('Ctrl Pts',(195.01188113714,-25.05041884064,209.67381098394));
#1943=CARTESIAN_POINT('Ctrl Pts',(194.79653441149,-25.00527805126,209.45990193636));
#1944=CARTESIAN_POINT('Ctrl Pts',(195.01188113714,-32.43834485736,207.97246179251));
#1945=CARTESIAN_POINT('Ctrl Pts',(194.79653441149,-32.78204264061,207.66900796746));
#1946=CARTESIAN_POINT('Ctrl Pts',(195.01188113714,-29.60138236077,215.29875747186));
#1947=CARTESIAN_POINT('Ctrl Pts',(194.79653441149,-29.79576618971,215.38089851446));
#1948=CARTESIAN_POINT('Ctrl Pts',(195.01188113714,-26.76441986419,222.62505315121));
#1949=CARTESIAN_POINT('Ctrl Pts',(194.79653441149,-26.8094897388,223.09278906146));
#1950=CARTESIAN_POINT('Ctrl Pts',(195.01188113714,-22.58664440435,216.03636954057));
#1951=CARTESIAN_POINT('Ctrl Pts',(194.79653441149,-22.41183115575,216.15733230706));
#1952=CARTESIAN_POINT('Ctrl Pts',(195.01188109003,-22.55488486624,213.62476535926));
#1953=CARTESIAN_POINT('Ctrl Pts',(193.523405849864,-22.55488486624,213.62476535926));
#1954=CARTESIAN_POINT('Ctrl Pts',(195.01188109003,-22.59473308382,212.33794812339));
#1955=CARTESIAN_POINT('Ctrl Pts',(193.523405849864,-22.59473308382,212.33794812339));
#1956=CARTESIAN_POINT('Ctrl Pts',(195.01188109003,-23.42253847405,211.38409907038));
#1957=CARTESIAN_POINT('Ctrl Pts',(193.523405849864,-23.42253847405,211.38409907038));
#1958=CARTESIAN_POINT('',(194.29405931141,-22.55488486624,213.62476535925));
#1959=CARTESIAN_POINT('',(194.29405931141,-23.42253847404,211.38409907038));
#1960=CARTESIAN_POINT('Origin',(194.294059311401,-25.9080929947888,213.73807933225));
#1961=CARTESIAN_POINT('',(194.29405931141,-22.55488486625,213.62476535926));
#1962=CARTESIAN_POINT('',(194.29405931141,-23.42253847405,211.38409907038));
#1963=CARTESIAN_POINT('Ctrl Pts',(194.2940593114,-23.42253847404,211.38409907038));
#1964=CARTESIAN_POINT('Ctrl Pts',(195.782534551566,-23.42253847404,211.38409907038));
#1965=CARTESIAN_POINT('Ctrl Pts',(194.2940593114,-24.09513035359,210.60909671482));
#1966=CARTESIAN_POINT('Ctrl Pts',(195.782534551566,-24.09513035359,210.60909671482));
#1967=CARTESIAN_POINT('Ctrl Pts',(194.2940593114,-23.16681830958,210.2168185744));
#1968=CARTESIAN_POINT('Ctrl Pts',(195.782534551566,-23.16681830958,210.2168185744));
#1969=CARTESIAN_POINT('',(194.29405931141,-23.16681830957,210.2168185744));
#1970=CARTESIAN_POINT('',(194.29405931141,-23.16681830958,210.21681857439));
#1971=CARTESIAN_POINT('Origin',(194.2940593114,-22.9047146155648,210.893686515824));
#1972=CARTESIAN_POINT('Origin',(194.29405931141,-12.162871792957,210.292618080895));
#1973=CARTESIAN_POINT('',(194.29405931141,-21.59419614544,214.27802622296));
#1974=CARTESIAN_POINT('',(194.29405931141,-2.731547440478,206.30720993879));
#1975=CARTESIAN_POINT('',(194.2940593114,-21.59419614543,214.27802622297));
#1976=CARTESIAN_POINT('Origin',(194.2940593114,-21.8562998394645,213.601158281545));
#1977=CARTESIAN_POINT('',(194.29405931141,-4.304169604617,202.24600229022));
#1978=CARTESIAN_POINT('',(194.2940593114,-4.30416960462,202.24600229021));
#1979=CARTESIAN_POINT('',(194.29405931141,-3.343480883812,202.89926315394));
#1980=CARTESIAN_POINT('Origin',(194.2940593114,-4.04206591060332,202.922870231645));
#1981=CARTESIAN_POINT('',(194.29405931141,-2.475827276011,205.1399294428));
#1982=CARTESIAN_POINT('Origin',(194.294059311401,0.00972724472707465,202.785949180958));
#1983=CARTESIAN_POINT('Origin',(194.2940593114,-2.993651134505,205.630341997365));
#1984=CARTESIAN_POINT('Ctrl Pts',(194.2940593114,-2.475827276011,205.1399294428));
#1985=CARTESIAN_POINT('Ctrl Pts',(195.782534551566,-2.475827276011,205.1399294428));
#1986=CARTESIAN_POINT('Ctrl Pts',(194.2940593114,-1.803235396447,205.91493179838));
#1987=CARTESIAN_POINT('Ctrl Pts',(195.782534551566,-1.803235396447,205.91493179838));
#1988=CARTESIAN_POINT('Ctrl Pts',(194.2940593114,-2.731547440485,206.30720993879));
#1989=CARTESIAN_POINT('Ctrl Pts',(195.782534551566,-2.731547440485,206.30720993879));
#1990=CARTESIAN_POINT('',(194.29405931141,-2.731547440482,206.3072099388));
#1991=CARTESIAN_POINT('',(194.29405931141,-2.475827276015,205.13992944281));
#1992=CARTESIAN_POINT('Ctrl Pts',(195.01188109003,-3.343480883812,202.89926315393));
#1993=CARTESIAN_POINT('Ctrl Pts',(193.523405849864,-3.343480883812,202.89926315393));
#1994=CARTESIAN_POINT('Ctrl Pts',(195.01188109003,-3.30363266623604,204.18608038979));
#1995=CARTESIAN_POINT('Ctrl Pts',(193.523405849864,-3.30363266623604,204.18608038979));
#1996=CARTESIAN_POINT('Ctrl Pts',(195.01188109003,-2.475827276009,205.1399294428));
#1997=CARTESIAN_POINT('Ctrl Pts',(193.523405849864,-2.475827276009,205.1399294428));
#1998=CARTESIAN_POINT('',(194.29405931141,-3.343480883821,202.89926315393));
#1999=CARTESIAN_POINT('Ctrl Pts',(194.2940593114,-4.304169604617,202.24600229022));
#2000=CARTESIAN_POINT('Ctrl Pts',(195.782534551566,-4.304169604617,202.24600229022));
#2001=CARTESIAN_POINT('Ctrl Pts',(194.2940593114,-3.375857560588,201.8537241498));
#2002=CARTESIAN_POINT('Ctrl Pts',(195.782534551566,-3.375857560588,201.8537241498));
#2003=CARTESIAN_POINT('Ctrl Pts',(194.2940593114,-3.343480883812,202.89926315394));
#2004=CARTESIAN_POINT('Ctrl Pts',(195.782534551566,-3.343480883812,202.89926315394));
#2005=CARTESIAN_POINT('',(194.29405931141,-4.304169604626,202.24600229022));
#2006=CARTESIAN_POINT('Origin',(194.652970200715,-23.16681830958,210.2168185744));
#2007=CARTESIAN_POINT('Origin',(194.2940593114,-12.162871792959,210.29261808088));
#2008=CARTESIAN_POINT('',(194.29405931141,-21.59419614544,214.27802622297));
#2009=CARTESIAN_POINT('Ctrl Pts',(194.2940593114,-21.59419614544,214.27802622296));
#2010=CARTESIAN_POINT('Ctrl Pts',(195.782534551566,-21.59419614544,214.27802622296));
#2011=CARTESIAN_POINT('Ctrl Pts',(194.2940593114,-22.52250818947,214.67030436339));
#2012=CARTESIAN_POINT('Ctrl Pts',(195.782534551566,-22.52250818947,214.67030436339));
#2013=CARTESIAN_POINT('Ctrl Pts',(194.2940593114,-22.55488486624,213.62476535924));
#2014=CARTESIAN_POINT('Ctrl Pts',(195.782534551566,-22.55488486624,213.62476535924));
#2015=UNCERTAINTY_MEASURE_WITH_UNIT(LENGTH_MEASURE(0.01),#2019,
'DISTANCE_ACCURACY_VALUE',
'Maximum model space distance between geometric entities at asserted c
onnectivities');
#2016=UNCERTAINTY_MEASURE_WITH_UNIT(LENGTH_MEASURE(0.01),#2019,
'DISTANCE_ACCURACY_VALUE',
'Maximum model space distance between geometric entities at asserted c
onnectivities');
#2017=(
GEOMETRIC_REPRESENTATION_CONTEXT(3)
GLOBAL_UNCERTAINTY_ASSIGNED_CONTEXT((#2015))
GLOBAL_UNIT_ASSIGNED_CONTEXT((#2019,#2021,#2022))
REPRESENTATION_CONTEXT('','3D')
);
#2018=(
GEOMETRIC_REPRESENTATION_CONTEXT(3)
GLOBAL_UNCERTAINTY_ASSIGNED_CONTEXT((#2016))
GLOBAL_UNIT_ASSIGNED_CONTEXT((#2019,#2021,#2022))
REPRESENTATION_CONTEXT('','3D')
);
#2019=(
LENGTH_UNIT()
NAMED_UNIT(*)
SI_UNIT(.MILLI.,.METRE.)
);
#2020=(
LENGTH_UNIT()
NAMED_UNIT(*)
SI_UNIT($,.METRE.)
);
#2021=(
NAMED_UNIT(*)
PLANE_ANGLE_UNIT()
SI_UNIT($,.RADIAN.)
);
#2022=(
NAMED_UNIT(*)
SI_UNIT($,.STERADIAN.)
SOLID_ANGLE_UNIT()
);
#2023=SHAPE_DEFINITION_REPRESENTATION(#2024,#2025);
#2024=PRODUCT_DEFINITION_SHAPE('',$,#2027);
#2025=SHAPE_REPRESENTATION('',(#746),#2017);
#2026=PRODUCT_DEFINITION_CONTEXT('part definition',#2031,'design');
#2027=PRODUCT_DEFINITION('2026-07-27-14-14-44-306',
'scaled_gripper_part_150',#2028,#2026);
#2028=PRODUCT_DEFINITION_FORMATION('',$,#2033);
#2029=PRODUCT_RELATED_PRODUCT_CATEGORY('scaled_gripper_part_150',
'scaled_gripper_part_150',(#2033));
#2030=APPLICATION_PROTOCOL_DEFINITION('international standard',
'automotive_design',2009,#2031);
#2031=APPLICATION_CONTEXT(
'Core Data for Automotive Mechanical Design Process');
#2032=PRODUCT_CONTEXT('part definition',#2031,'mechanical');
#2033=PRODUCT('2026-07-27-14-14-44-306','scaled_gripper_part_150',$,(#2032));
#2034=PRESENTATION_STYLE_ASSIGNMENT((#2036));
#2035=PRESENTATION_STYLE_ASSIGNMENT((#2037));
#2036=SURFACE_STYLE_USAGE(.BOTH.,#2038);
#2037=SURFACE_STYLE_USAGE(.BOTH.,#2039);
#2038=SURFACE_SIDE_STYLE('',(#2040));
#2039=SURFACE_SIDE_STYLE('',(#2041));
#2040=SURFACE_STYLE_FILL_AREA(#2042);
#2041=SURFACE_STYLE_FILL_AREA(#2043);
#2042=FILL_AREA_STYLE('\X2\AC15CCA0\X0\ - \X2\C0C8D2F4\X0\',(#2044));
#2043=FILL_AREA_STYLE('Opaque(160,160,160)',(#2045));
#2044=FILL_AREA_STYLE_COLOUR('\X2\AC15CCA0\X0\ - \X2\C0C8D2F4\X0\',#2046);
#2045=FILL_AREA_STYLE_COLOUR('Opaque(160,160,160)',#2047);
#2046=COLOUR_RGB('\X2\AC15CCA0\X0\ - \X2\C0C8D2F4\X0\',0.627450980392157,
0.627450980392157,0.627450980392157);
#2047=COLOUR_RGB('Opaque(160,160,160)',0.627450980392157,0.627450980392157,
0.627450980392157);
ENDSEC;
END-ISO-10303-21;
