ISO-10303-21;
HEADER;
/* Generated by software containing ST-Developer
 * from STEP Tools, Inc. (www.steptools.com) 
 */

FILE_DESCRIPTION(
/* description */ (''),
/* implementation_level */ '2;1');

FILE_NAME(
/* name */ 'gripper_body_with_camera.step',
/* time_stamp */ '2026-07-16T11:19:51+09:00',
/* author */ (''),
/* organization */ (''),
/* preprocessor_version */ 'ST-DEVELOPER v20.1',
/* originating_system */ 'Autodesk Translation Framework v15.8.0.0',
/* authorisation */ '');

FILE_SCHEMA (('AUTOMOTIVE_DESIGN { 1 0 10303 214 3 1 1 }'));
ENDSEC;

DATA;
#10=MECHANICAL_DESIGN_GEOMETRIC_PRESENTATION_REPRESENTATION('',(#13),#7306);
#11=SHAPE_REPRESENTATION_RELATIONSHIP('SRR','None',#7313,#12);
#12=ADVANCED_BREP_SHAPE_REPRESENTATION('',(#14),#7305);
#13=STYLED_ITEM('',(#7323),#14);
#14=MANIFOLD_SOLID_BREP('\X2\BCF8CCB4\X0\1',#4152);
#15=B_SPLINE_SURFACE_WITH_KNOTS('',3,1,((#5861,#5862),(#5863,#5864),(#5865,
#5866),(#5867,#5868),(#5869,#5870),(#5871,#5872),(#5873,#5874),(#5875,#5876),
(#5877,#5878),(#5879,#5880),(#5881,#5882),(#5883,#5884),(#5885,#5886),(#5887,
#5888),(#5889,#5890),(#5891,#5892),(#5893,#5894),(#5895,#5896),(#5897,#5898),
(#5899,#5900),(#5901,#5902),(#5903,#5904),(#5905,#5906),(#5907,#5908),(#5909,
#5910),(#5911,#5912),(#5913,#5914),(#5915,#5916),(#5917,#5918),(#5919,#5920),
(#5921,#5922),(#5923,#5924),(#5925,#5926),(#5927,#5928)),.UNSPECIFIED.,
 .F.,.F.,.F.,(4,3,3,3,3,3,3,3,3,3,3,4),(2,2),(4.68451324559971,4.712388980383,
4.71579161118638,5.29341504143737,5.86231674594943,6.21046306072024,6.51514026176286,
7.08804513615538,7.66496028730764,7.84362816985335,7.853981633975,7.87490653544002),
(0.,0.215346533588398),.UNSPECIFIED.);
#16=B_SPLINE_SURFACE_WITH_KNOTS('',3,1,((#5975,#5976),(#5977,#5978),(#5979,
#5980),(#5981,#5982),(#5983,#5984),(#5985,#5986),(#5987,#5988)),
 .UNSPECIFIED.,.F.,.F.,.F.,(4,3,4),(2,2),(7.66159758662439,7.85057900317254,
7.85263711490531),(0.,0.0861386134355996),.UNSPECIFIED.);
#17=B_SPLINE_SURFACE_WITH_KNOTS('',3,1,((#7231,#7232),(#7233,#7234),(#7235,
#7236),(#7237,#7238),(#7239,#7240),(#7241,#7242),(#7243,#7244),(#7245,#7246),
(#7247,#7248),(#7249,#7250),(#7251,#7252),(#7253,#7254),(#7255,#7256),(#7257,
#7258),(#7259,#7260),(#7261,#7262),(#7263,#7264),(#7265,#7266),(#7267,#7268),
(#7269,#7270),(#7271,#7272),(#7273,#7274),(#7275,#7276),(#7277,#7278),(#7279,
#7280),(#7281,#7282),(#7283,#7284),(#7285,#7286),(#7287,#7288),(#7289,#7290),
(#7291,#7292),(#7293,#7294),(#7295,#7296),(#7297,#7298)),.UNSPECIFIED.,
 .F.,.F.,.F.,(4,3,3,3,3,3,3,3,3,3,3,4),(2,2),(4.69174793223901,4.712388980383,
4.72302072518085,5.3001464485024,5.86940346334512,6.2256308745374,6.53673839993097,
7.10855231540497,7.68587643466749,7.85030001936466,7.853981633975,7.8815728123065),
(0.,0.215346533588398),.UNSPECIFIED.);
#18=FACE_BOUND('',#379,.T.);
#19=FACE_BOUND('',#380,.T.);
#20=FACE_BOUND('',#381,.T.);
#21=FACE_BOUND('',#382,.T.);
#22=FACE_BOUND('',#386,.T.);
#23=FACE_BOUND('',#387,.T.);
#24=FACE_BOUND('',#388,.T.);
#25=FACE_BOUND('',#395,.T.);
#26=FACE_BOUND('',#396,.T.);
#27=FACE_BOUND('',#397,.T.);
#28=FACE_BOUND('',#398,.T.);
#29=FACE_BOUND('',#400,.T.);
#30=FACE_BOUND('',#401,.T.);
#31=FACE_BOUND('',#402,.T.);
#32=FACE_BOUND('',#403,.T.);
#33=FACE_BOUND('',#404,.T.);
#34=FACE_BOUND('',#406,.T.);
#35=FACE_BOUND('',#407,.T.);
#36=FACE_BOUND('',#408,.T.);
#37=FACE_BOUND('',#409,.T.);
#38=FACE_BOUND('',#418,.T.);
#39=FACE_BOUND('',#424,.T.);
#40=FACE_BOUND('',#434,.T.);
#41=FACE_BOUND('',#437,.T.);
#42=FACE_BOUND('',#449,.T.);
#43=FACE_BOUND('',#452,.T.);
#44=FACE_BOUND('',#479,.T.);
#45=FACE_BOUND('',#481,.T.);
#46=FACE_BOUND('',#501,.T.);
#47=FACE_BOUND('',#502,.T.);
#48=FACE_BOUND('',#504,.T.);
#49=FACE_BOUND('',#505,.T.);
#50=FACE_BOUND('',#555,.T.);
#51=FACE_BOUND('',#557,.T.);
#52=FACE_BOUND('',#565,.T.);
#53=FACE_BOUND('',#573,.T.);
#54=FACE_BOUND('',#590,.T.);
#55=FACE_BOUND('',#591,.T.);
#56=FACE_BOUND('',#601,.T.);
#57=FACE_BOUND('',#602,.T.);
#58=FACE_BOUND('',#603,.T.);
#59=FACE_BOUND('',#604,.T.);
#60=FACE_BOUND('',#605,.T.);
#61=FACE_BOUND('',#610,.T.);
#62=FACE_BOUND('',#611,.T.);
#63=CONICAL_SURFACE('',#4198,1.249999998959,0.785398163397448);
#64=CIRCLE('',#4187,2.);
#65=CIRCLE('',#4188,2.);
#66=CIRCLE('',#4191,3.);
#67=CIRCLE('',#4192,3.);
#68=CIRCLE('',#4194,4.);
#69=CIRCLE('',#4195,4.);
#70=CIRCLE('',#4197,1.);
#71=CIRCLE('',#4199,1.5);
#72=CIRCLE('',#4201,1.5);
#73=CIRCLE('',#4203,0.9);
#74=CIRCLE('',#4204,0.9);
#75=CIRCLE('',#4206,0.9);
#76=CIRCLE('',#4207,0.9);
#77=CIRCLE('',#4209,2.);
#78=CIRCLE('',#4210,3.);
#79=CIRCLE('',#4211,0.9);
#80=CIRCLE('',#4213,0.9);
#81=CIRCLE('',#4215,1.5);
#82=CIRCLE('',#4217,3.);
#83=CIRCLE('',#4218,2.);
#84=CIRCLE('',#4220,1.5);
#85=CYLINDRICAL_SURFACE('',#4186,2.);
#86=CYLINDRICAL_SURFACE('',#4190,3.);
#87=CYLINDRICAL_SURFACE('',#4193,4.);
#88=CYLINDRICAL_SURFACE('',#4200,1.5);
#89=CYLINDRICAL_SURFACE('',#4202,0.9);
#90=CYLINDRICAL_SURFACE('',#4205,0.9);
#91=CYLINDRICAL_SURFACE('',#4212,0.9);
#92=CYLINDRICAL_SURFACE('',#4221,2.);
#93=CYLINDRICAL_SURFACE('',#4222,3.);
#94=CYLINDRICAL_SURFACE('',#4224,1.5);
#95=(
BOUNDED_SURFACE()
B_SPLINE_SURFACE(1,2,((#5528,#5529,#5530,#5531,#5532),(#5533,#5534,#5535,
#5536,#5537)),.UNSPECIFIED.,.F.,.F.,.F.)
B_SPLINE_SURFACE_WITH_KNOTS((2,2),(3,2,3),(-1.07494265520321E-11,0.642970825467549),
(-7.7671708549331E-5,0.785359327556369,1.57079632682129),.UNSPECIFIED.)
GEOMETRIC_REPRESENTATION_ITEM()
RATIONAL_B_SPLINE_SURFACE(((1.,0.923872101415579,1.,0.923872101415579,1.),
(1.,0.923872101415579,1.,0.923872101415579,1.)))
REPRESENTATION_ITEM('')
SURFACE()
);
#96=(
BOUNDED_SURFACE()
B_SPLINE_SURFACE(1,2,((#5556,#5557,#5558,#5559,#5560),(#5561,#5562,#5563,
#5564,#5565)),.UNSPECIFIED.,.F.,.F.,.F.)
B_SPLINE_SURFACE_WITH_KNOTS((2,2),(3,2,3),(-1.31445370374117E-11,0.642970825462174),
(-7.76722070296723E-5,0.78535932727983,1.57079632676669),.UNSPECIFIED.)
GEOMETRIC_REPRESENTATION_ITEM()
RATIONAL_B_SPLINE_SURFACE(((1.,0.92387210137311,1.,0.92387210137311,1.),
(1.,0.92387210137311,1.,0.92387210137311,1.)))
REPRESENTATION_ITEM('')
SURFACE()
);
#97=(
BOUNDED_SURFACE()
B_SPLINE_SURFACE(2,1,((#5590,#5591),(#5592,#5593),(#5594,#5595),(#5596,
#5597),(#5598,#5599)),.UNSPECIFIED.,.F.,.F.,.F.)
B_SPLINE_SURFACE_WITH_KNOTS((3,2,3),(2,2),(0.,1.570796326799,3.141592653597),
(-140.4995823758,-137.9995823758),.UNSPECIFIED.)
GEOMETRIC_REPRESENTATION_ITEM()
RATIONAL_B_SPLINE_SURFACE(((1.,1.),(0.707106781185,0.707106781185),(1.,
1.),(0.707106781185,0.707106781185),(1.,1.)))
REPRESENTATION_ITEM('')
SURFACE()
);
#98=(
BOUNDED_SURFACE()
B_SPLINE_SURFACE(2,1,((#6009,#6010),(#6011,#6012),(#6013,#6014),(#6015,
#6016),(#6017,#6018)),.UNSPECIFIED.,.F.,.F.,.F.)
B_SPLINE_SURFACE_WITH_KNOTS((3,2,3),(2,2),(1.570796326793,3.14159265359,
4.712388980386),(0.,0.446542572048959),.UNSPECIFIED.)
GEOMETRIC_REPRESENTATION_ITEM()
RATIONAL_B_SPLINE_SURFACE(((1.,1.),(0.707106781186,0.707106781186),(1.,
1.),(0.707106781186,0.707106781186),(1.,1.)))
REPRESENTATION_ITEM('')
SURFACE()
);
#99=(
BOUNDED_SURFACE()
B_SPLINE_SURFACE(2,1,((#6033,#6034),(#6035,#6036),(#6037,#6038),(#6039,
#6040),(#6041,#6042)),.UNSPECIFIED.,.F.,.F.,.F.)
B_SPLINE_SURFACE_WITH_KNOTS((3,2,3),(2,2),(4.712388980382,6.28318530718,
7.853981633978),(0.,0.446542572048959),.UNSPECIFIED.)
GEOMETRIC_REPRESENTATION_ITEM()
RATIONAL_B_SPLINE_SURFACE(((1.,1.),(0.707106781185,0.707106781185),(1.,
1.),(0.707106781185,0.707106781185),(1.,1.)))
REPRESENTATION_ITEM('')
SURFACE()
);
#100=(
BOUNDED_SURFACE()
B_SPLINE_SURFACE(2,1,((#6071,#6072),(#6073,#6074),(#6075,#6076),(#6077,
#6078),(#6079,#6080)),.UNSPECIFIED.,.F.,.F.,.F.)
B_SPLINE_SURFACE_WITH_KNOTS((3,2,3),(2,2),(4.712388980383,6.28318530718,
7.853981633976),(0.,0.35723405764008),.UNSPECIFIED.)
GEOMETRIC_REPRESENTATION_ITEM()
RATIONAL_B_SPLINE_SURFACE(((1.,1.),(0.707106781186,0.707106781186),(1.,
1.),(0.707106781186,0.707106781186),(1.,1.)))
REPRESENTATION_ITEM('')
SURFACE()
);
#101=(
BOUNDED_SURFACE()
B_SPLINE_SURFACE(2,1,((#6088,#6089),(#6090,#6091),(#6092,#6093),(#6094,
#6095),(#6096,#6097)),.UNSPECIFIED.,.F.,.F.,.F.)
B_SPLINE_SURFACE_WITH_KNOTS((3,2,3),(2,2),(1.570796326791,3.14159265359,
4.712388980389),(0.,0.35723405764008),.UNSPECIFIED.)
GEOMETRIC_REPRESENTATION_ITEM()
RATIONAL_B_SPLINE_SURFACE(((1.,1.),(0.707106781185,0.707106781185),(1.,
1.),(0.707106781185,0.707106781185),(1.,1.)))
REPRESENTATION_ITEM('')
SURFACE()
);
#102=(
BOUNDED_SURFACE()
B_SPLINE_SURFACE(2,1,((#6103,#6104),(#6105,#6106),(#6107,#6108),(#6109,
#6110),(#6111,#6112)),.UNSPECIFIED.,.F.,.F.,.F.)
B_SPLINE_SURFACE_WITH_KNOTS((3,2,3),(2,2),(1.570796326793,3.14159265359,
4.712388980386),(0.,0.446542572048959),.UNSPECIFIED.)
GEOMETRIC_REPRESENTATION_ITEM()
RATIONAL_B_SPLINE_SURFACE(((1.,1.),(0.707106781186,0.707106781186),(1.,
1.),(0.707106781186,0.707106781186),(1.,1.)))
REPRESENTATION_ITEM('')
SURFACE()
);
#103=(
BOUNDED_SURFACE()
B_SPLINE_SURFACE(2,1,((#6127,#6128),(#6129,#6130),(#6131,#6132),(#6133,
#6134),(#6135,#6136)),.UNSPECIFIED.,.F.,.F.,.F.)
B_SPLINE_SURFACE_WITH_KNOTS((3,2,3),(2,2),(-1.570796326798,2.22044604925E-16,
1.570796326798),(0.,0.446542572048959),.UNSPECIFIED.)
GEOMETRIC_REPRESENTATION_ITEM()
RATIONAL_B_SPLINE_SURFACE(((1.,1.),(0.707106781185,0.707106781185),(1.,
1.),(0.707106781185,0.707106781185),(1.,1.)))
REPRESENTATION_ITEM('')
SURFACE()
);
#104=(
BOUNDED_SURFACE()
B_SPLINE_SURFACE(2,1,((#6154,#6155),(#6156,#6157),(#6158,#6159),(#6160,
#6161),(#6162,#6163)),.UNSPECIFIED.,.F.,.F.,.F.)
B_SPLINE_SURFACE_WITH_KNOTS((3,2,3),(2,2),(4.712388980383,6.28318530718,
7.853981633976),(0.,0.35723405764008),.UNSPECIFIED.)
GEOMETRIC_REPRESENTATION_ITEM()
RATIONAL_B_SPLINE_SURFACE(((1.,1.),(0.707106781186,0.707106781186),(1.,
1.),(0.707106781186,0.707106781186),(1.,1.)))
REPRESENTATION_ITEM('')
SURFACE()
);
#105=(
BOUNDED_SURFACE()
B_SPLINE_SURFACE(2,1,((#6177,#6178),(#6179,#6180),(#6181,#6182),(#6183,
#6184),(#6185,#6186)),.UNSPECIFIED.,.F.,.F.,.F.)
B_SPLINE_SURFACE_WITH_KNOTS((3,2,3),(2,2),(1.570796326791,3.14159265359,
4.712388980389),(0.,0.35723405764008),.UNSPECIFIED.)
GEOMETRIC_REPRESENTATION_ITEM()
RATIONAL_B_SPLINE_SURFACE(((1.,1.),(0.707106781185,0.707106781185),(1.,
1.),(0.707106781185,0.707106781185),(1.,1.)))
REPRESENTATION_ITEM('')
SURFACE()
);
#106=(
BOUNDED_SURFACE()
B_SPLINE_SURFACE(2,1,((#6249,#6250),(#6251,#6252),(#6253,#6254),(#6255,
#6256),(#6257,#6258),(#6259,#6260),(#6261,#6262)),.UNSPECIFIED.,.T.,.F.,
 .F.)
B_SPLINE_SURFACE_WITH_KNOTS((3,2,2,3),(2,2),(0.,2.094395102393,4.188790204786,
6.28318530718),(0.,0.44654257204632),.UNSPECIFIED.)
GEOMETRIC_REPRESENTATION_ITEM()
RATIONAL_B_SPLINE_SURFACE(((1.,1.),(0.5,0.5),(1.,1.),(0.5,0.5),(1.,1.),
(0.5,0.5),(1.,1.)))
REPRESENTATION_ITEM('')
SURFACE()
);
#107=(
BOUNDED_SURFACE()
B_SPLINE_SURFACE(2,1,((#6346,#6347),(#6348,#6349),(#6350,#6351),(#6352,
#6353),(#6354,#6355)),.UNSPECIFIED.,.F.,.F.,.F.)
B_SPLINE_SURFACE_WITH_KNOTS((3,2,3),(2,2),(0.,1.570796326799,3.141592653597),
(137.9995823758,140.49958237581),.UNSPECIFIED.)
GEOMETRIC_REPRESENTATION_ITEM()
RATIONAL_B_SPLINE_SURFACE(((1.,1.),(0.707106781185,0.707106781185),(1.,
1.),(0.707106781185,0.707106781185),(1.,1.)))
REPRESENTATION_ITEM('')
SURFACE()
);
#108=(
BOUNDED_SURFACE()
B_SPLINE_SURFACE(2,1,((#6395,#6396),(#6397,#6398),(#6399,#6400),(#6401,
#6402),(#6403,#6404),(#6405,#6406),(#6407,#6408),(#6409,#6410),(#6411,#6412)),
 .UNSPECIFIED.,.T.,.F.,.F.)
B_SPLINE_SURFACE_WITH_KNOTS((3,2,2,2,3),(2,2),(3.141592653597,4.188790204786,
6.28318530718,8.377580409573,9.424777960777),(34.88525,37.38525000001),
 .UNSPECIFIED.)
GEOMETRIC_REPRESENTATION_ITEM()
RATIONAL_B_SPLINE_SURFACE(((0.75,0.75),(0.750000000002,0.750000000002),
(1.,1.),(0.5,0.5),(1.,1.),(0.5,0.5),(1.,1.),(0.749999999998,0.749999999998),
(0.75,0.75)))
REPRESENTATION_ITEM('')
SURFACE()
);
#109=(
BOUNDED_SURFACE()
B_SPLINE_SURFACE(2,1,((#6416,#6417),(#6418,#6419),(#6420,#6421),(#6422,
#6423),(#6424,#6425),(#6426,#6427),(#6428,#6429),(#6430,#6431),(#6432,#6433)),
 .UNSPECIFIED.,.T.,.F.,.F.)
B_SPLINE_SURFACE_WITH_KNOTS((3,2,2,2,3),(2,2),(3.141592653597,4.188790204786,
6.28318530718,8.377580409573,9.424777960777),(34.88525,37.38525000001),
 .UNSPECIFIED.)
GEOMETRIC_REPRESENTATION_ITEM()
RATIONAL_B_SPLINE_SURFACE(((0.75,0.75),(0.750000000002,0.750000000002),
(1.,1.),(0.5,0.5),(1.,1.),(0.5,0.5),(1.,1.),(0.749999999998,0.749999999998),
(0.75,0.75)))
REPRESENTATION_ITEM('')
SURFACE()
);
#110=(
BOUNDED_SURFACE()
B_SPLINE_SURFACE(2,1,((#6549,#6550),(#6551,#6552),(#6553,#6554),(#6555,
#6556),(#6557,#6558),(#6559,#6560),(#6561,#6562)),.UNSPECIFIED.,.T.,.F.,
 .F.)
B_SPLINE_SURFACE_WITH_KNOTS((3,2,2,3),(2,2),(0.,2.094395102393,4.188790204786,
6.28318530718),(0.,0.44654257204632),.UNSPECIFIED.)
GEOMETRIC_REPRESENTATION_ITEM()
RATIONAL_B_SPLINE_SURFACE(((1.,1.),(0.5,0.5),(1.,1.),(0.5,0.5),(1.,1.),
(0.5,0.5),(1.,1.)))
REPRESENTATION_ITEM('')
SURFACE()
);
#111=(
BOUNDED_SURFACE()
B_SPLINE_SURFACE(2,1,((#6575,#6576),(#6577,#6578),(#6579,#6580),(#6581,
#6582),(#6583,#6584),(#6585,#6586),(#6587,#6588),(#6589,#6590),(#6591,#6592)),
 .UNSPECIFIED.,.T.,.F.,.F.)
B_SPLINE_SURFACE_WITH_KNOTS((3,2,2,2,3),(2,2),(3.141592653597,4.188790204786,
6.28318530718,8.377580409573,9.424777960777),(0.,0.44654257204632),
 .UNSPECIFIED.)
GEOMETRIC_REPRESENTATION_ITEM()
RATIONAL_B_SPLINE_SURFACE(((0.75,0.75),(0.750000000002,0.750000000002),
(1.,1.),(0.5,0.5),(1.,1.),(0.5,0.5),(1.,1.),(0.749999999998,0.749999999998),
(0.75,0.75)))
REPRESENTATION_ITEM('')
SURFACE()
);
#112=(
BOUNDED_SURFACE()
B_SPLINE_SURFACE(2,1,((#6737,#6738),(#6739,#6740),(#6741,#6742),(#6743,
#6744),(#6745,#6746),(#6747,#6748),(#6749,#6750),(#6751,#6752),(#6753,#6754)),
 .UNSPECIFIED.,.T.,.F.,.F.)
B_SPLINE_SURFACE_WITH_KNOTS((3,2,2,2,3),(2,2),(3.141592653597,4.188790204786,
6.28318530718,8.377580409573,9.424777960777),(-37.38525000001,-34.88525),
 .UNSPECIFIED.)
GEOMETRIC_REPRESENTATION_ITEM()
RATIONAL_B_SPLINE_SURFACE(((0.75,0.75),(0.750000000002,0.750000000002),
(1.,1.),(0.5,0.5),(1.,1.),(0.5,0.5),(1.,1.),(0.749999999998,0.749999999998),
(0.75,0.75)))
REPRESENTATION_ITEM('')
SURFACE()
);
#113=(
BOUNDED_SURFACE()
B_SPLINE_SURFACE(2,1,((#6756,#6757),(#6758,#6759),(#6760,#6761),(#6762,
#6763),(#6764,#6765),(#6766,#6767),(#6768,#6769),(#6770,#6771),(#6772,#6773)),
 .UNSPECIFIED.,.T.,.F.,.F.)
B_SPLINE_SURFACE_WITH_KNOTS((3,2,2,2,3),(2,2),(3.141592653597,4.188790204786,
6.28318530718,8.377580409573,9.424777960777),(-37.38525000001,-34.88525),
 .UNSPECIFIED.)
GEOMETRIC_REPRESENTATION_ITEM()
RATIONAL_B_SPLINE_SURFACE(((0.75,0.75),(0.750000000002,0.750000000002),
(1.,1.),(0.5,0.5),(1.,1.),(0.5,0.5),(1.,1.),(0.749999999998,0.749999999998),
(0.75,0.75)))
REPRESENTATION_ITEM('')
SURFACE()
);
#114=(
BOUNDED_SURFACE()
B_SPLINE_SURFACE(2,1,((#6775,#6776),(#6777,#6778),(#6779,#6780),(#6781,
#6782),(#6783,#6784),(#6785,#6786),(#6787,#6788),(#6789,#6790),(#6791,#6792)),
 .UNSPECIFIED.,.T.,.F.,.F.)
B_SPLINE_SURFACE_WITH_KNOTS((3,2,2,2,3),(2,2),(3.141592653597,4.188790204786,
6.28318530718,8.377580409573,9.424777960777),(-37.38525000001,-34.88525),
 .UNSPECIFIED.)
GEOMETRIC_REPRESENTATION_ITEM()
RATIONAL_B_SPLINE_SURFACE(((0.75,0.75),(0.750000000002,0.750000000002),
(1.,1.),(0.5,0.5),(1.,1.),(0.5,0.5),(1.,1.),(0.749999999998,0.749999999998),
(0.75,0.75)))
REPRESENTATION_ITEM('')
SURFACE()
);
#115=(
BOUNDED_SURFACE()
B_SPLINE_SURFACE(2,1,((#6794,#6795),(#6796,#6797),(#6798,#6799),(#6800,
#6801),(#6802,#6803),(#6804,#6805),(#6806,#6807),(#6808,#6809),(#6810,#6811)),
 .UNSPECIFIED.,.T.,.F.,.F.)
B_SPLINE_SURFACE_WITH_KNOTS((3,2,2,2,3),(2,2),(3.141592653597,4.188790204786,
6.28318530718,8.377580409573,9.424777960777),(-37.38525000001,-34.88525),
 .UNSPECIFIED.)
GEOMETRIC_REPRESENTATION_ITEM()
RATIONAL_B_SPLINE_SURFACE(((0.75,0.75),(0.750000000002,0.750000000002),
(1.,1.),(0.5,0.5),(1.,1.),(0.5,0.5),(1.,1.),(0.749999999998,0.749999999998),
(0.75,0.75)))
REPRESENTATION_ITEM('')
SURFACE()
);
#116=(
BOUNDED_SURFACE()
B_SPLINE_SURFACE(2,1,((#6845,#6846),(#6847,#6848),(#6849,#6850),(#6851,
#6852),(#6853,#6854)),.UNSPECIFIED.,.F.,.F.,.F.)
B_SPLINE_SURFACE_WITH_KNOTS((3,2,3),(2,2),(0.,1.570796326793,3.141592653586),
(0.,0.535851086457599),.UNSPECIFIED.)
GEOMETRIC_REPRESENTATION_ITEM()
RATIONAL_B_SPLINE_SURFACE(((1.,1.),(0.707106781187,0.707106781187),(1.,
1.),(0.707106781187,0.707106781187),(1.,1.)))
REPRESENTATION_ITEM('')
SURFACE()
);
#117=(
BOUNDED_SURFACE()
B_SPLINE_SURFACE(2,1,((#6858,#6859),(#6860,#6861),(#6862,#6863)),
 .UNSPECIFIED.,.F.,.F.,.F.)
B_SPLINE_SURFACE_WITH_KNOTS((3,3),(2,2),(0.,0.785398163398),(0.,1.07170217291292),
 .UNSPECIFIED.)
GEOMETRIC_REPRESENTATION_ITEM()
RATIONAL_B_SPLINE_SURFACE(((1.,1.),(0.923879532511,0.923879532511),(1.,
1.)))
REPRESENTATION_ITEM('')
SURFACE()
);
#118=(
BOUNDED_SURFACE()
B_SPLINE_SURFACE(2,1,((#6873,#6874),(#6875,#6876),(#6877,#6878)),
 .UNSPECIFIED.,.F.,.F.,.F.)
B_SPLINE_SURFACE_WITH_KNOTS((3,3),(2,2),(0.,0.785398163398),(0.,1.07170217291292),
 .UNSPECIFIED.)
GEOMETRIC_REPRESENTATION_ITEM()
RATIONAL_B_SPLINE_SURFACE(((1.,1.),(0.923879532511,0.923879532511),(1.,
1.)))
REPRESENTATION_ITEM('')
SURFACE()
);
#119=(
BOUNDED_SURFACE()
B_SPLINE_SURFACE(2,1,((#6894,#6895),(#6896,#6897),(#6898,#6899)),
 .UNSPECIFIED.,.F.,.F.,.F.)
B_SPLINE_SURFACE_WITH_KNOTS((3,3),(2,2),(0.,0.785398163398),(0.,1.07170217291292),
 .UNSPECIFIED.)
GEOMETRIC_REPRESENTATION_ITEM()
RATIONAL_B_SPLINE_SURFACE(((1.,1.),(0.923879532511,0.923879532511),(1.,
1.)))
REPRESENTATION_ITEM('')
SURFACE()
);
#120=(
BOUNDED_SURFACE()
B_SPLINE_SURFACE(2,1,((#6907,#6908),(#6909,#6910),(#6911,#6912)),
 .UNSPECIFIED.,.F.,.F.,.F.)
B_SPLINE_SURFACE_WITH_KNOTS((3,3),(2,2),(0.,0.785398163397),(0.,1.07170217291292),
 .UNSPECIFIED.)
GEOMETRIC_REPRESENTATION_ITEM()
RATIONAL_B_SPLINE_SURFACE(((1.,1.),(0.923879532511,0.923879532511),(1.,
1.)))
REPRESENTATION_ITEM('')
SURFACE()
);
#121=(
BOUNDED_SURFACE()
B_SPLINE_SURFACE(2,1,((#6937,#6938),(#6939,#6940),(#6941,#6942)),
 .UNSPECIFIED.,.F.,.F.,.F.)
B_SPLINE_SURFACE_WITH_KNOTS((3,3),(2,2),(5.609287683837,5.926855219651),
(0.,0.0893085144112788),.UNSPECIFIED.)
GEOMETRIC_REPRESENTATION_ITEM()
RATIONAL_B_SPLINE_SURFACE(((1.,1.),(0.98742032108,0.98742032108),(1.,1.)))
REPRESENTATION_ITEM('')
SURFACE()
);
#122=(
BOUNDED_SURFACE()
B_SPLINE_SURFACE(2,1,((#6947,#6948),(#6949,#6950),(#6951,#6952)),
 .UNSPECIFIED.,.F.,.F.,.F.)
B_SPLINE_SURFACE_WITH_KNOTS((3,3),(2,2),(0.356330087529,0.673897623343),
(0.,0.0893085144112788),.UNSPECIFIED.)
GEOMETRIC_REPRESENTATION_ITEM()
RATIONAL_B_SPLINE_SURFACE(((1.,1.),(0.98742032108,0.98742032108),(1.,1.)))
REPRESENTATION_ITEM('')
SURFACE()
);
#123=(
BOUNDED_SURFACE()
B_SPLINE_SURFACE(2,1,((#6965,#6966),(#6967,#6968),(#6969,#6970),(#6971,
#6972),(#6973,#6974)),.UNSPECIFIED.,.F.,.F.,.F.)
B_SPLINE_SURFACE_WITH_KNOTS((3,2,3),(2,2),(0.,1.570796326797,3.141592653593),
(0.,0.535851086457599),.UNSPECIFIED.)
GEOMETRIC_REPRESENTATION_ITEM()
RATIONAL_B_SPLINE_SURFACE(((1.,1.),(0.707106781186,0.707106781186),(1.,
1.),(0.707106781186,0.707106781186),(1.,1.)))
REPRESENTATION_ITEM('')
SURFACE()
);
#124=(
BOUNDED_SURFACE()
B_SPLINE_SURFACE(2,1,((#7006,#7007),(#7008,#7009),(#7010,#7011)),
 .UNSPECIFIED.,.F.,.F.,.F.)
B_SPLINE_SURFACE_WITH_KNOTS((3,3),(2,2),(0.,0.785398163397),(0.,1.07170217291292),
 .UNSPECIFIED.)
GEOMETRIC_REPRESENTATION_ITEM()
RATIONAL_B_SPLINE_SURFACE(((1.,1.),(0.923879532511,0.923879532511),(1.,
1.)))
REPRESENTATION_ITEM('')
SURFACE()
);
#125=(
BOUNDED_SURFACE()
B_SPLINE_SURFACE(2,1,((#7026,#7027),(#7028,#7029),(#7030,#7031)),
 .UNSPECIFIED.,.F.,.F.,.F.)
B_SPLINE_SURFACE_WITH_KNOTS((3,3),(2,2),(5.609287683837,5.926855219651),
(0.,0.0893085144112831),.UNSPECIFIED.)
GEOMETRIC_REPRESENTATION_ITEM()
RATIONAL_B_SPLINE_SURFACE(((1.,1.),(0.98742032108,0.98742032108),(1.,1.)))
REPRESENTATION_ITEM('')
SURFACE()
);
#126=(
BOUNDED_SURFACE()
B_SPLINE_SURFACE(2,1,((#7045,#7046),(#7047,#7048),(#7049,#7050),(#7051,
#7052),(#7053,#7054)),.UNSPECIFIED.,.F.,.F.,.F.)
B_SPLINE_SURFACE_WITH_KNOTS((3,2,3),(2,2),(0.,1.570796326793,3.141592653586),
(0.,0.535851086457599),.UNSPECIFIED.)
GEOMETRIC_REPRESENTATION_ITEM()
RATIONAL_B_SPLINE_SURFACE(((1.,1.),(0.707106781187,0.707106781187),(1.,
1.),(0.707106781187,0.707106781187),(1.,1.)))
REPRESENTATION_ITEM('')
SURFACE()
);
#127=(
BOUNDED_SURFACE()
B_SPLINE_SURFACE(2,1,((#7072,#7073),(#7074,#7075),(#7076,#7077)),
 .UNSPECIFIED.,.F.,.F.,.F.)
B_SPLINE_SURFACE_WITH_KNOTS((3,3),(2,2),(0.,0.785398163398),(0.,1.07170217291292),
 .UNSPECIFIED.)
GEOMETRIC_REPRESENTATION_ITEM()
RATIONAL_B_SPLINE_SURFACE(((1.,1.),(0.923879532511,0.923879532511),(1.,
1.)))
REPRESENTATION_ITEM('')
SURFACE()
);
#128=(
BOUNDED_SURFACE()
B_SPLINE_SURFACE(2,1,((#7085,#7086),(#7087,#7088),(#7089,#7090)),
 .UNSPECIFIED.,.F.,.F.,.F.)
B_SPLINE_SURFACE_WITH_KNOTS((3,3),(2,2),(0.,0.785398163398),(0.,1.07170217291292),
 .UNSPECIFIED.)
GEOMETRIC_REPRESENTATION_ITEM()
RATIONAL_B_SPLINE_SURFACE(((1.,1.),(0.923879532511,0.923879532511),(1.,
1.)))
REPRESENTATION_ITEM('')
SURFACE()
);
#129=(
BOUNDED_SURFACE()
B_SPLINE_SURFACE(2,1,((#7094,#7095),(#7096,#7097),(#7098,#7099)),
 .UNSPECIFIED.,.F.,.F.,.F.)
B_SPLINE_SURFACE_WITH_KNOTS((3,3),(2,2),(0.,0.785398163398),(0.,1.07170217291292),
 .UNSPECIFIED.)
GEOMETRIC_REPRESENTATION_ITEM()
RATIONAL_B_SPLINE_SURFACE(((1.,1.),(0.923879532511,0.923879532511),(1.,
1.)))
REPRESENTATION_ITEM('')
SURFACE()
);
#130=(
BOUNDED_SURFACE()
B_SPLINE_SURFACE(2,1,((#7103,#7104),(#7105,#7106),(#7107,#7108),(#7109,
#7110),(#7111,#7112)),.UNSPECIFIED.,.F.,.F.,.F.)
B_SPLINE_SURFACE_WITH_KNOTS((3,2,3),(2,2),(0.,1.570796326797,3.141592653593),
(0.,0.535851086457599),.UNSPECIFIED.)
GEOMETRIC_REPRESENTATION_ITEM()
RATIONAL_B_SPLINE_SURFACE(((1.,1.),(0.707106781186,0.707106781186),(1.,
1.),(0.707106781186,0.707106781186),(1.,1.)))
REPRESENTATION_ITEM('')
SURFACE()
);
#131=(
BOUNDED_SURFACE()
B_SPLINE_SURFACE(2,1,((#7115,#7116),(#7117,#7118),(#7119,#7120)),
 .UNSPECIFIED.,.F.,.F.,.F.)
B_SPLINE_SURFACE_WITH_KNOTS((3,3),(2,2),(0.356330087529,0.673897623343),
(0.,0.0893085144112831),.UNSPECIFIED.)
GEOMETRIC_REPRESENTATION_ITEM()
RATIONAL_B_SPLINE_SURFACE(((1.,1.),(0.98742032108,0.98742032108),(1.,1.)))
REPRESENTATION_ITEM('')
SURFACE()
);
#132=(
BOUNDED_SURFACE()
B_SPLINE_SURFACE(2,1,((#7126,#7127),(#7128,#7129),(#7130,#7131),(#7132,
#7133),(#7134,#7135),(#7136,#7137),(#7138,#7139),(#7140,#7141),(#7142,#7143)),
 .UNSPECIFIED.,.T.,.F.,.F.)
B_SPLINE_SURFACE_WITH_KNOTS((3,2,2,2,3),(2,2),(3.141592653597,4.188790204786,
6.28318530718,8.377580409573,9.424777960777),(0.,0.44654257204632),
 .UNSPECIFIED.)
GEOMETRIC_REPRESENTATION_ITEM()
RATIONAL_B_SPLINE_SURFACE(((0.75,0.75),(0.750000000002,0.750000000002),
(1.,1.),(0.5,0.5),(1.,1.),(0.5,0.5),(1.,1.),(0.749999999998,0.749999999998),
(0.75,0.75)))
REPRESENTATION_ITEM('')
SURFACE()
);
#133=(
BOUNDED_SURFACE()
B_SPLINE_SURFACE(2,1,((#7168,#7169),(#7170,#7171),(#7172,#7173),(#7174,
#7175),(#7176,#7177),(#7178,#7179),(#7180,#7181),(#7182,#7183),(#7184,#7185)),
 .UNSPECIFIED.,.T.,.F.,.F.)
B_SPLINE_SURFACE_WITH_KNOTS((3,2,2,2,3),(2,2),(3.141592653597,4.188790204786,
6.28318530718,8.377580409573,9.424777960777),(34.88525,37.38525000001),
 .UNSPECIFIED.)
GEOMETRIC_REPRESENTATION_ITEM()
RATIONAL_B_SPLINE_SURFACE(((0.75,0.75),(0.750000000002,0.750000000002),
(1.,1.),(0.5,0.5),(1.,1.),(0.5,0.5),(1.,1.),(0.749999999998,0.749999999998),
(0.75,0.75)))
REPRESENTATION_ITEM('')
SURFACE()
);
#134=(
BOUNDED_SURFACE()
B_SPLINE_SURFACE(2,1,((#7187,#7188),(#7189,#7190),(#7191,#7192),(#7193,
#7194),(#7195,#7196),(#7197,#7198),(#7199,#7200),(#7201,#7202),(#7203,#7204)),
 .UNSPECIFIED.,.T.,.F.,.F.)
B_SPLINE_SURFACE_WITH_KNOTS((3,2,2,2,3),(2,2),(3.141592653597,4.188790204786,
6.28318530718,8.377580409573,9.424777960777),(34.88525,37.38525000001),
 .UNSPECIFIED.)
GEOMETRIC_REPRESENTATION_ITEM()
RATIONAL_B_SPLINE_SURFACE(((0.75,0.75),(0.750000000002,0.750000000002),
(1.,1.),(0.5,0.5),(1.,1.),(0.5,0.5),(1.,1.),(0.749999999998,0.749999999998),
(0.75,0.75)))
REPRESENTATION_ITEM('')
SURFACE()
);
#135=FACE_OUTER_BOUND('',#351,.T.);
#136=FACE_OUTER_BOUND('',#352,.T.);
#137=FACE_OUTER_BOUND('',#353,.T.);
#138=FACE_OUTER_BOUND('',#354,.T.);
#139=FACE_OUTER_BOUND('',#355,.T.);
#140=FACE_OUTER_BOUND('',#356,.T.);
#141=FACE_OUTER_BOUND('',#357,.T.);
#142=FACE_OUTER_BOUND('',#358,.T.);
#143=FACE_OUTER_BOUND('',#359,.T.);
#144=FACE_OUTER_BOUND('',#360,.T.);
#145=FACE_OUTER_BOUND('',#361,.T.);
#146=FACE_OUTER_BOUND('',#362,.T.);
#147=FACE_OUTER_BOUND('',#363,.T.);
#148=FACE_OUTER_BOUND('',#364,.T.);
#149=FACE_OUTER_BOUND('',#365,.T.);
#150=FACE_OUTER_BOUND('',#366,.T.);
#151=FACE_OUTER_BOUND('',#367,.T.);
#152=FACE_OUTER_BOUND('',#368,.T.);
#153=FACE_OUTER_BOUND('',#369,.T.);
#154=FACE_OUTER_BOUND('',#370,.T.);
#155=FACE_OUTER_BOUND('',#371,.T.);
#156=FACE_OUTER_BOUND('',#372,.T.);
#157=FACE_OUTER_BOUND('',#373,.T.);
#158=FACE_OUTER_BOUND('',#374,.T.);
#159=FACE_OUTER_BOUND('',#375,.T.);
#160=FACE_OUTER_BOUND('',#376,.T.);
#161=FACE_OUTER_BOUND('',#377,.T.);
#162=FACE_OUTER_BOUND('',#378,.T.);
#163=FACE_OUTER_BOUND('',#383,.T.);
#164=FACE_OUTER_BOUND('',#384,.T.);
#165=FACE_OUTER_BOUND('',#385,.T.);
#166=FACE_OUTER_BOUND('',#389,.T.);
#167=FACE_OUTER_BOUND('',#390,.T.);
#168=FACE_OUTER_BOUND('',#391,.T.);
#169=FACE_OUTER_BOUND('',#392,.T.);
#170=FACE_OUTER_BOUND('',#393,.T.);
#171=FACE_OUTER_BOUND('',#394,.T.);
#172=FACE_OUTER_BOUND('',#399,.T.);
#173=FACE_OUTER_BOUND('',#405,.T.);
#174=FACE_OUTER_BOUND('',#410,.T.);
#175=FACE_OUTER_BOUND('',#411,.T.);
#176=FACE_OUTER_BOUND('',#412,.T.);
#177=FACE_OUTER_BOUND('',#413,.T.);
#178=FACE_OUTER_BOUND('',#414,.T.);
#179=FACE_OUTER_BOUND('',#415,.T.);
#180=FACE_OUTER_BOUND('',#416,.T.);
#181=FACE_OUTER_BOUND('',#417,.T.);
#182=FACE_OUTER_BOUND('',#419,.T.);
#183=FACE_OUTER_BOUND('',#420,.T.);
#184=FACE_OUTER_BOUND('',#421,.T.);
#185=FACE_OUTER_BOUND('',#422,.T.);
#186=FACE_OUTER_BOUND('',#423,.T.);
#187=FACE_OUTER_BOUND('',#425,.T.);
#188=FACE_OUTER_BOUND('',#426,.T.);
#189=FACE_OUTER_BOUND('',#427,.T.);
#190=FACE_OUTER_BOUND('',#428,.T.);
#191=FACE_OUTER_BOUND('',#429,.T.);
#192=FACE_OUTER_BOUND('',#430,.T.);
#193=FACE_OUTER_BOUND('',#431,.T.);
#194=FACE_OUTER_BOUND('',#432,.T.);
#195=FACE_OUTER_BOUND('',#433,.T.);
#196=FACE_OUTER_BOUND('',#435,.T.);
#197=FACE_OUTER_BOUND('',#436,.T.);
#198=FACE_OUTER_BOUND('',#438,.T.);
#199=FACE_OUTER_BOUND('',#439,.T.);
#200=FACE_OUTER_BOUND('',#440,.T.);
#201=FACE_OUTER_BOUND('',#441,.T.);
#202=FACE_OUTER_BOUND('',#442,.T.);
#203=FACE_OUTER_BOUND('',#443,.T.);
#204=FACE_OUTER_BOUND('',#444,.T.);
#205=FACE_OUTER_BOUND('',#445,.T.);
#206=FACE_OUTER_BOUND('',#446,.T.);
#207=FACE_OUTER_BOUND('',#447,.T.);
#208=FACE_OUTER_BOUND('',#448,.T.);
#209=FACE_OUTER_BOUND('',#450,.T.);
#210=FACE_OUTER_BOUND('',#451,.T.);
#211=FACE_OUTER_BOUND('',#453,.T.);
#212=FACE_OUTER_BOUND('',#454,.T.);
#213=FACE_OUTER_BOUND('',#455,.T.);
#214=FACE_OUTER_BOUND('',#456,.T.);
#215=FACE_OUTER_BOUND('',#457,.T.);
#216=FACE_OUTER_BOUND('',#458,.T.);
#217=FACE_OUTER_BOUND('',#459,.T.);
#218=FACE_OUTER_BOUND('',#460,.T.);
#219=FACE_OUTER_BOUND('',#461,.T.);
#220=FACE_OUTER_BOUND('',#462,.T.);
#221=FACE_OUTER_BOUND('',#463,.T.);
#222=FACE_OUTER_BOUND('',#464,.T.);
#223=FACE_OUTER_BOUND('',#465,.T.);
#224=FACE_OUTER_BOUND('',#466,.T.);
#225=FACE_OUTER_BOUND('',#467,.T.);
#226=FACE_OUTER_BOUND('',#468,.T.);
#227=FACE_OUTER_BOUND('',#469,.T.);
#228=FACE_OUTER_BOUND('',#470,.T.);
#229=FACE_OUTER_BOUND('',#471,.T.);
#230=FACE_OUTER_BOUND('',#472,.T.);
#231=FACE_OUTER_BOUND('',#473,.T.);
#232=FACE_OUTER_BOUND('',#474,.T.);
#233=FACE_OUTER_BOUND('',#475,.T.);
#234=FACE_OUTER_BOUND('',#476,.T.);
#235=FACE_OUTER_BOUND('',#477,.T.);
#236=FACE_OUTER_BOUND('',#478,.T.);
#237=FACE_OUTER_BOUND('',#480,.T.);
#238=FACE_OUTER_BOUND('',#482,.T.);
#239=FACE_OUTER_BOUND('',#483,.T.);
#240=FACE_OUTER_BOUND('',#484,.T.);
#241=FACE_OUTER_BOUND('',#485,.T.);
#242=FACE_OUTER_BOUND('',#486,.T.);
#243=FACE_OUTER_BOUND('',#487,.T.);
#244=FACE_OUTER_BOUND('',#488,.T.);
#245=FACE_OUTER_BOUND('',#489,.T.);
#246=FACE_OUTER_BOUND('',#490,.T.);
#247=FACE_OUTER_BOUND('',#491,.T.);
#248=FACE_OUTER_BOUND('',#492,.T.);
#249=FACE_OUTER_BOUND('',#493,.T.);
#250=FACE_OUTER_BOUND('',#494,.T.);
#251=FACE_OUTER_BOUND('',#495,.T.);
#252=FACE_OUTER_BOUND('',#496,.T.);
#253=FACE_OUTER_BOUND('',#497,.T.);
#254=FACE_OUTER_BOUND('',#498,.T.);
#255=FACE_OUTER_BOUND('',#499,.T.);
#256=FACE_OUTER_BOUND('',#500,.T.);
#257=FACE_OUTER_BOUND('',#503,.T.);
#258=FACE_OUTER_BOUND('',#506,.T.);
#259=FACE_OUTER_BOUND('',#507,.T.);
#260=FACE_OUTER_BOUND('',#508,.T.);
#261=FACE_OUTER_BOUND('',#509,.T.);
#262=FACE_OUTER_BOUND('',#510,.T.);
#263=FACE_OUTER_BOUND('',#511,.T.);
#264=FACE_OUTER_BOUND('',#512,.T.);
#265=FACE_OUTER_BOUND('',#513,.T.);
#266=FACE_OUTER_BOUND('',#514,.T.);
#267=FACE_OUTER_BOUND('',#515,.T.);
#268=FACE_OUTER_BOUND('',#516,.T.);
#269=FACE_OUTER_BOUND('',#517,.T.);
#270=FACE_OUTER_BOUND('',#518,.T.);
#271=FACE_OUTER_BOUND('',#519,.T.);
#272=FACE_OUTER_BOUND('',#520,.T.);
#273=FACE_OUTER_BOUND('',#521,.T.);
#274=FACE_OUTER_BOUND('',#522,.T.);
#275=FACE_OUTER_BOUND('',#523,.T.);
#276=FACE_OUTER_BOUND('',#524,.T.);
#277=FACE_OUTER_BOUND('',#525,.T.);
#278=FACE_OUTER_BOUND('',#526,.T.);
#279=FACE_OUTER_BOUND('',#527,.T.);
#280=FACE_OUTER_BOUND('',#528,.T.);
#281=FACE_OUTER_BOUND('',#529,.T.);
#282=FACE_OUTER_BOUND('',#530,.T.);
#283=FACE_OUTER_BOUND('',#531,.T.);
#284=FACE_OUTER_BOUND('',#532,.T.);
#285=FACE_OUTER_BOUND('',#533,.T.);
#286=FACE_OUTER_BOUND('',#534,.T.);
#287=FACE_OUTER_BOUND('',#535,.T.);
#288=FACE_OUTER_BOUND('',#536,.T.);
#289=FACE_OUTER_BOUND('',#537,.T.);
#290=FACE_OUTER_BOUND('',#538,.T.);
#291=FACE_OUTER_BOUND('',#539,.T.);
#292=FACE_OUTER_BOUND('',#540,.T.);
#293=FACE_OUTER_BOUND('',#541,.T.);
#294=FACE_OUTER_BOUND('',#542,.T.);
#295=FACE_OUTER_BOUND('',#543,.T.);
#296=FACE_OUTER_BOUND('',#544,.T.);
#297=FACE_OUTER_BOUND('',#545,.T.);
#298=FACE_OUTER_BOUND('',#546,.T.);
#299=FACE_OUTER_BOUND('',#547,.T.);
#300=FACE_OUTER_BOUND('',#548,.T.);
#301=FACE_OUTER_BOUND('',#549,.T.);
#302=FACE_OUTER_BOUND('',#550,.T.);
#303=FACE_OUTER_BOUND('',#551,.T.);
#304=FACE_OUTER_BOUND('',#552,.T.);
#305=FACE_OUTER_BOUND('',#553,.T.);
#306=FACE_OUTER_BOUND('',#554,.T.);
#307=FACE_OUTER_BOUND('',#556,.T.);
#308=FACE_OUTER_BOUND('',#558,.T.);
#309=FACE_OUTER_BOUND('',#559,.T.);
#310=FACE_OUTER_BOUND('',#560,.T.);
#311=FACE_OUTER_BOUND('',#561,.T.);
#312=FACE_OUTER_BOUND('',#562,.T.);
#313=FACE_OUTER_BOUND('',#563,.T.);
#314=FACE_OUTER_BOUND('',#564,.T.);
#315=FACE_OUTER_BOUND('',#566,.T.);
#316=FACE_OUTER_BOUND('',#567,.T.);
#317=FACE_OUTER_BOUND('',#568,.T.);
#318=FACE_OUTER_BOUND('',#569,.T.);
#319=FACE_OUTER_BOUND('',#570,.T.);
#320=FACE_OUTER_BOUND('',#571,.T.);
#321=FACE_OUTER_BOUND('',#572,.T.);
#322=FACE_OUTER_BOUND('',#574,.T.);
#323=FACE_OUTER_BOUND('',#575,.T.);
#324=FACE_OUTER_BOUND('',#576,.T.);
#325=FACE_OUTER_BOUND('',#577,.T.);
#326=FACE_OUTER_BOUND('',#578,.T.);
#327=FACE_OUTER_BOUND('',#579,.T.);
#328=FACE_OUTER_BOUND('',#580,.T.);
#329=FACE_OUTER_BOUND('',#581,.T.);
#330=FACE_OUTER_BOUND('',#582,.T.);
#331=FACE_OUTER_BOUND('',#583,.T.);
#332=FACE_OUTER_BOUND('',#584,.T.);
#333=FACE_OUTER_BOUND('',#585,.T.);
#334=FACE_OUTER_BOUND('',#586,.T.);
#335=FACE_OUTER_BOUND('',#587,.T.);
#336=FACE_OUTER_BOUND('',#588,.T.);
#337=FACE_OUTER_BOUND('',#589,.T.);
#338=FACE_OUTER_BOUND('',#592,.T.);
#339=FACE_OUTER_BOUND('',#593,.T.);
#340=FACE_OUTER_BOUND('',#594,.T.);
#341=FACE_OUTER_BOUND('',#595,.T.);
#342=FACE_OUTER_BOUND('',#596,.T.);
#343=FACE_OUTER_BOUND('',#597,.T.);
#344=FACE_OUTER_BOUND('',#598,.T.);
#345=FACE_OUTER_BOUND('',#599,.T.);
#346=FACE_OUTER_BOUND('',#600,.T.);
#347=FACE_OUTER_BOUND('',#606,.T.);
#348=FACE_OUTER_BOUND('',#607,.T.);
#349=FACE_OUTER_BOUND('',#608,.T.);
#350=FACE_OUTER_BOUND('',#609,.T.);
#351=EDGE_LOOP('',(#2606,#2607,#2608,#2609,#2610,#2611,#2612,#2613,#2614,
#2615,#2616,#2617,#2618,#2619,#2620,#2621,#2622,#2623));
#352=EDGE_LOOP('',(#2624,#2625,#2626,#2627));
#353=EDGE_LOOP('',(#2628,#2629,#2630,#2631));
#354=EDGE_LOOP('',(#2632,#2633,#2634,#2635));
#355=EDGE_LOOP('',(#2636,#2637,#2638,#2639));
#356=EDGE_LOOP('',(#2640,#2641,#2642,#2643));
#357=EDGE_LOOP('',(#2644,#2645,#2646,#2647));
#358=EDGE_LOOP('',(#2648,#2649,#2650,#2651));
#359=EDGE_LOOP('',(#2652,#2653,#2654,#2655));
#360=EDGE_LOOP('',(#2656,#2657,#2658,#2659,#2660,#2661));
#361=EDGE_LOOP('',(#2662,#2663,#2664,#2665));
#362=EDGE_LOOP('',(#2666,#2667,#2668,#2669));
#363=EDGE_LOOP('',(#2670,#2671,#2672,#2673,#2674,#2675,#2676,#2677,#2678,
#2679,#2680,#2681,#2682,#2683,#2684,#2685,#2686,#2687,#2688,#2689,#2690,
#2691,#2692,#2693,#2694,#2695,#2696,#2697,#2698,#2699,#2700,#2701,#2702,
#2703,#2704));
#364=EDGE_LOOP('',(#2705,#2706,#2707,#2708));
#365=EDGE_LOOP('',(#2709,#2710,#2711,#2712));
#366=EDGE_LOOP('',(#2713,#2714,#2715,#2716));
#367=EDGE_LOOP('',(#2717,#2718,#2719,#2720,#2721));
#368=EDGE_LOOP('',(#2722,#2723,#2724,#2725));
#369=EDGE_LOOP('',(#2726,#2727,#2728,#2729));
#370=EDGE_LOOP('',(#2730,#2731,#2732,#2733));
#371=EDGE_LOOP('',(#2734,#2735,#2736,#2737));
#372=EDGE_LOOP('',(#2738,#2739,#2740,#2741));
#373=EDGE_LOOP('',(#2742));
#374=EDGE_LOOP('',(#2743,#2744,#2745,#2746));
#375=EDGE_LOOP('',(#2747,#2748,#2749,#2750));
#376=EDGE_LOOP('',(#2751,#2752,#2753,#2754));
#377=EDGE_LOOP('',(#2755,#2756,#2757,#2758));
#378=EDGE_LOOP('',(#2759,#2760,#2761,#2762,#2763,#2764,#2765,#2766,#2767,
#2768,#2769));
#379=EDGE_LOOP('',(#2770));
#380=EDGE_LOOP('',(#2771));
#381=EDGE_LOOP('',(#2772));
#382=EDGE_LOOP('',(#2773));
#383=EDGE_LOOP('',(#2774,#2775,#2776,#2777));
#384=EDGE_LOOP('',(#2778,#2779,#2780,#2781,#2782,#2783));
#385=EDGE_LOOP('',(#2784,#2785,#2786,#2787,#2788,#2789,#2790,#2791,#2792,
#2793));
#386=EDGE_LOOP('',(#2794));
#387=EDGE_LOOP('',(#2795));
#388=EDGE_LOOP('',(#2796));
#389=EDGE_LOOP('',(#2797,#2798,#2799,#2800,#2801,#2802));
#390=EDGE_LOOP('',(#2803,#2804,#2805,#2806));
#391=EDGE_LOOP('',(#2807,#2808,#2809,#2810));
#392=EDGE_LOOP('',(#2811,#2812,#2813,#2814));
#393=EDGE_LOOP('',(#2815,#2816,#2817,#2818));
#394=EDGE_LOOP('',(#2819,#2820,#2821,#2822));
#395=EDGE_LOOP('',(#2823));
#396=EDGE_LOOP('',(#2824));
#397=EDGE_LOOP('',(#2825));
#398=EDGE_LOOP('',(#2826));
#399=EDGE_LOOP('',(#2827,#2828,#2829,#2830,#2831,#2832,#2833,#2834));
#400=EDGE_LOOP('',(#2835));
#401=EDGE_LOOP('',(#2836,#2837,#2838));
#402=EDGE_LOOP('',(#2839));
#403=EDGE_LOOP('',(#2840));
#404=EDGE_LOOP('',(#2841));
#405=EDGE_LOOP('',(#2842,#2843,#2844,#2845));
#406=EDGE_LOOP('',(#2846));
#407=EDGE_LOOP('',(#2847));
#408=EDGE_LOOP('',(#2848));
#409=EDGE_LOOP('',(#2849));
#410=EDGE_LOOP('',(#2850,#2851,#2852,#2853,#2854,#2855,#2856,#2857));
#411=EDGE_LOOP('',(#2858,#2859,#2860,#2861,#2862));
#412=EDGE_LOOP('',(#2863,#2864,#2865,#2866,#2867));
#413=EDGE_LOOP('',(#2868,#2869,#2870,#2871));
#414=EDGE_LOOP('',(#2872,#2873,#2874,#2875));
#415=EDGE_LOOP('',(#2876,#2877,#2878,#2879));
#416=EDGE_LOOP('',(#2880,#2881,#2882,#2883));
#417=EDGE_LOOP('',(#2884,#2885,#2886,#2887));
#418=EDGE_LOOP('',(#2888,#2889,#2890,#2891));
#419=EDGE_LOOP('',(#2892,#2893,#2894,#2895));
#420=EDGE_LOOP('',(#2896,#2897,#2898,#2899));
#421=EDGE_LOOP('',(#2900,#2901,#2902,#2903));
#422=EDGE_LOOP('',(#2904,#2905,#2906,#2907));
#423=EDGE_LOOP('',(#2908,#2909,#2910,#2911));
#424=EDGE_LOOP('',(#2912,#2913,#2914,#2915));
#425=EDGE_LOOP('',(#2916,#2917,#2918,#2919));
#426=EDGE_LOOP('',(#2920,#2921,#2922,#2923));
#427=EDGE_LOOP('',(#2924,#2925,#2926,#2927));
#428=EDGE_LOOP('',(#2928,#2929,#2930,#2931));
#429=EDGE_LOOP('',(#2932,#2933,#2934,#2935));
#430=EDGE_LOOP('',(#2936,#2937,#2938,#2939));
#431=EDGE_LOOP('',(#2940,#2941,#2942,#2943));
#432=EDGE_LOOP('',(#2944,#2945,#2946,#2947));
#433=EDGE_LOOP('',(#2948,#2949,#2950,#2951));
#434=EDGE_LOOP('',(#2952,#2953,#2954,#2955));
#435=EDGE_LOOP('',(#2956,#2957,#2958,#2959));
#436=EDGE_LOOP('',(#2960,#2961,#2962,#2963));
#437=EDGE_LOOP('',(#2964,#2965,#2966,#2967));
#438=EDGE_LOOP('',(#2968,#2969,#2970,#2971));
#439=EDGE_LOOP('',(#2972,#2973,#2974,#2975,#2976,#2977));
#440=EDGE_LOOP('',(#2978,#2979,#2980,#2981,#2982,#2983,#2984));
#441=EDGE_LOOP('',(#2985,#2986,#2987,#2988,#2989,#2990,#2991));
#442=EDGE_LOOP('',(#2992,#2993,#2994,#2995));
#443=EDGE_LOOP('',(#2996,#2997,#2998,#2999));
#444=EDGE_LOOP('',(#3000,#3001,#3002,#3003));
#445=EDGE_LOOP('',(#3004,#3005,#3006,#3007,#3008,#3009));
#446=EDGE_LOOP('',(#3010,#3011,#3012,#3013));
#447=EDGE_LOOP('',(#3014,#3015,#3016,#3017));
#448=EDGE_LOOP('',(#3018,#3019,#3020,#3021,#3022,#3023,#3024,#3025));
#449=EDGE_LOOP('',(#3026,#3027,#3028,#3029));
#450=EDGE_LOOP('',(#3030,#3031,#3032,#3033));
#451=EDGE_LOOP('',(#3034,#3035,#3036,#3037,#3038,#3039,#3040,#3041,#3042,
#3043,#3044,#3045,#3046,#3047,#3048,#3049));
#452=EDGE_LOOP('',(#3050,#3051,#3052,#3053));
#453=EDGE_LOOP('',(#3054,#3055,#3056,#3057));
#454=EDGE_LOOP('',(#3058,#3059,#3060,#3061));
#455=EDGE_LOOP('',(#3062,#3063,#3064,#3065,#3066,#3067));
#456=EDGE_LOOP('',(#3068,#3069,#3070,#3071));
#457=EDGE_LOOP('',(#3072,#3073,#3074,#3075));
#458=EDGE_LOOP('',(#3076,#3077,#3078,#3079,#3080,#3081,#3082,#3083,#3084));
#459=EDGE_LOOP('',(#3085,#3086,#3087,#3088));
#460=EDGE_LOOP('',(#3089,#3090,#3091));
#461=EDGE_LOOP('',(#3092,#3093,#3094));
#462=EDGE_LOOP('',(#3095,#3096,#3097,#3098));
#463=EDGE_LOOP('',(#3099,#3100,#3101,#3102));
#464=EDGE_LOOP('',(#3103,#3104,#3105,#3106));
#465=EDGE_LOOP('',(#3107,#3108,#3109,#3110));
#466=EDGE_LOOP('',(#3111,#3112,#3113));
#467=EDGE_LOOP('',(#3114,#3115,#3116,#3117));
#468=EDGE_LOOP('',(#3118,#3119,#3120,#3121));
#469=EDGE_LOOP('',(#3122,#3123,#3124));
#470=EDGE_LOOP('',(#3125,#3126,#3127,#3128));
#471=EDGE_LOOP('',(#3129,#3130,#3131,#3132,#3133));
#472=EDGE_LOOP('',(#3134,#3135,#3136,#3137));
#473=EDGE_LOOP('',(#3138,#3139,#3140,#3141));
#474=EDGE_LOOP('',(#3142,#3143,#3144,#3145,#3146,#3147));
#475=EDGE_LOOP('',(#3148,#3149,#3150,#3151));
#476=EDGE_LOOP('',(#3152,#3153,#3154,#3155));
#477=EDGE_LOOP('',(#3156,#3157,#3158,#3159));
#478=EDGE_LOOP('',(#3160,#3161,#3162,#3163,#3164));
#479=EDGE_LOOP('',(#3165,#3166,#3167,#3168));
#480=EDGE_LOOP('',(#3169,#3170,#3171,#3172));
#481=EDGE_LOOP('',(#3173,#3174,#3175,#3176));
#482=EDGE_LOOP('',(#3177,#3178,#3179,#3180));
#483=EDGE_LOOP('',(#3181,#3182,#3183,#3184,#3185,#3186,#3187,#3188));
#484=EDGE_LOOP('',(#3189,#3190,#3191,#3192));
#485=EDGE_LOOP('',(#3193,#3194,#3195,#3196));
#486=EDGE_LOOP('',(#3197,#3198,#3199,#3200,#3201,#3202,#3203));
#487=EDGE_LOOP('',(#3204,#3205,#3206,#3207,#3208,#3209,#3210));
#488=EDGE_LOOP('',(#3211,#3212,#3213,#3214));
#489=EDGE_LOOP('',(#3215,#3216,#3217,#3218));
#490=EDGE_LOOP('',(#3219,#3220,#3221,#3222));
#491=EDGE_LOOP('',(#3223,#3224,#3225,#3226));
#492=EDGE_LOOP('',(#3227,#3228,#3229,#3230));
#493=EDGE_LOOP('',(#3231,#3232,#3233,#3234,#3235,#3236));
#494=EDGE_LOOP('',(#3237,#3238,#3239,#3240));
#495=EDGE_LOOP('',(#3241,#3242,#3243,#3244));
#496=EDGE_LOOP('',(#3245,#3246,#3247,#3248));
#497=EDGE_LOOP('',(#3249,#3250,#3251,#3252));
#498=EDGE_LOOP('',(#3253,#3254,#3255));
#499=EDGE_LOOP('',(#3256,#3257,#3258,#3259));
#500=EDGE_LOOP('',(#3260,#3261,#3262,#3263));
#501=EDGE_LOOP('',(#3264));
#502=EDGE_LOOP('',(#3265));
#503=EDGE_LOOP('',(#3266,#3267,#3268,#3269,#3270,#3271,#3272,#3273));
#504=EDGE_LOOP('',(#3274));
#505=EDGE_LOOP('',(#3275));
#506=EDGE_LOOP('',(#3276,#3277,#3278,#3279,#3280,#3281,#3282,#3283,#3284));
#507=EDGE_LOOP('',(#3285,#3286,#3287));
#508=EDGE_LOOP('',(#3288,#3289,#3290,#3291));
#509=EDGE_LOOP('',(#3292,#3293,#3294,#3295,#3296,#3297));
#510=EDGE_LOOP('',(#3298,#3299,#3300,#3301));
#511=EDGE_LOOP('',(#3302,#3303,#3304,#3305));
#512=EDGE_LOOP('',(#3306,#3307,#3308));
#513=EDGE_LOOP('',(#3309,#3310,#3311,#3312));
#514=EDGE_LOOP('',(#3313,#3314,#3315));
#515=EDGE_LOOP('',(#3316,#3317,#3318));
#516=EDGE_LOOP('',(#3319,#3320,#3321,#3322));
#517=EDGE_LOOP('',(#3323,#3324,#3325,#3326));
#518=EDGE_LOOP('',(#3327,#3328,#3329,#3330));
#519=EDGE_LOOP('',(#3331,#3332,#3333,#3334));
#520=EDGE_LOOP('',(#3335,#3336,#3337));
#521=EDGE_LOOP('',(#3338,#3339,#3340,#3341));
#522=EDGE_LOOP('',(#3342,#3343,#3344,#3345));
#523=EDGE_LOOP('',(#3346,#3347,#3348,#3349));
#524=EDGE_LOOP('',(#3350,#3351,#3352,#3353,#3354,#3355));
#525=EDGE_LOOP('',(#3356,#3357,#3358,#3359));
#526=EDGE_LOOP('',(#3360,#3361,#3362,#3363,#3364));
#527=EDGE_LOOP('',(#3365,#3366,#3367,#3368));
#528=EDGE_LOOP('',(#3369,#3370,#3371,#3372));
#529=EDGE_LOOP('',(#3373,#3374,#3375,#3376));
#530=EDGE_LOOP('',(#3377,#3378,#3379,#3380));
#531=EDGE_LOOP('',(#3381,#3382,#3383,#3384));
#532=EDGE_LOOP('',(#3385,#3386,#3387,#3388));
#533=EDGE_LOOP('',(#3389,#3390,#3391,#3392,#3393,#3394,#3395,#3396));
#534=EDGE_LOOP('',(#3397,#3398,#3399,#3400));
#535=EDGE_LOOP('',(#3401,#3402,#3403,#3404,#3405,#3406,#3407,#3408));
#536=EDGE_LOOP('',(#3409,#3410,#3411,#3412,#3413));
#537=EDGE_LOOP('',(#3414,#3415,#3416,#3417,#3418));
#538=EDGE_LOOP('',(#3419,#3420,#3421,#3422,#3423,#3424));
#539=EDGE_LOOP('',(#3425,#3426,#3427,#3428));
#540=EDGE_LOOP('',(#3429,#3430,#3431,#3432));
#541=EDGE_LOOP('',(#3433,#3434,#3435,#3436));
#542=EDGE_LOOP('',(#3437,#3438,#3439,#3440));
#543=EDGE_LOOP('',(#3441,#3442,#3443,#3444));
#544=EDGE_LOOP('',(#3445,#3446,#3447,#3448,#3449,#3450,#3451,#3452,#3453,
#3454,#3455,#3456,#3457,#3458,#3459,#3460));
#545=EDGE_LOOP('',(#3461,#3462,#3463,#3464));
#546=EDGE_LOOP('',(#3465,#3466,#3467,#3468));
#547=EDGE_LOOP('',(#3469,#3470,#3471,#3472));
#548=EDGE_LOOP('',(#3473,#3474,#3475,#3476,#3477,#3478,#3479,#3480));
#549=EDGE_LOOP('',(#3481,#3482,#3483,#3484,#3485,#3486,#3487,#3488));
#550=EDGE_LOOP('',(#3489,#3490,#3491,#3492,#3493,#3494,#3495,#3496));
#551=EDGE_LOOP('',(#3497,#3498,#3499,#3500));
#552=EDGE_LOOP('',(#3501,#3502,#3503,#3504));
#553=EDGE_LOOP('',(#3505,#3506,#3507,#3508));
#554=EDGE_LOOP('',(#3509,#3510,#3511,#3512,#3513,#3514));
#555=EDGE_LOOP('',(#3515,#3516,#3517,#3518));
#556=EDGE_LOOP('',(#3519,#3520,#3521,#3522));
#557=EDGE_LOOP('',(#3523,#3524,#3525,#3526));
#558=EDGE_LOOP('',(#3527,#3528,#3529,#3530));
#559=EDGE_LOOP('',(#3531,#3532,#3533,#3534));
#560=EDGE_LOOP('',(#3535,#3536,#3537,#3538));
#561=EDGE_LOOP('',(#3539,#3540,#3541,#3542));
#562=EDGE_LOOP('',(#3543,#3544,#3545,#3546));
#563=EDGE_LOOP('',(#3547,#3548,#3549,#3550,#3551,#3552,#3553,#3554));
#564=EDGE_LOOP('',(#3555,#3556,#3557,#3558));
#565=EDGE_LOOP('',(#3559,#3560,#3561,#3562));
#566=EDGE_LOOP('',(#3563,#3564,#3565,#3566,#3567));
#567=EDGE_LOOP('',(#3568,#3569,#3570,#3571,#3572));
#568=EDGE_LOOP('',(#3573,#3574,#3575,#3576));
#569=EDGE_LOOP('',(#3577,#3578,#3579,#3580));
#570=EDGE_LOOP('',(#3581,#3582,#3583,#3584));
#571=EDGE_LOOP('',(#3585,#3586,#3587,#3588));
#572=EDGE_LOOP('',(#3589,#3590,#3591,#3592,#3593,#3594));
#573=EDGE_LOOP('',(#3595,#3596,#3597,#3598));
#574=EDGE_LOOP('',(#3599,#3600,#3601,#3602));
#575=EDGE_LOOP('',(#3603,#3604,#3605,#3606));
#576=EDGE_LOOP('',(#3607,#3608,#3609,#3610,#3611,#3612,#3613,#3614));
#577=EDGE_LOOP('',(#3615,#3616,#3617,#3618,#3619,#3620,#3621,#3622));
#578=EDGE_LOOP('',(#3623,#3624,#3625,#3626));
#579=EDGE_LOOP('',(#3627,#3628,#3629,#3630));
#580=EDGE_LOOP('',(#3631,#3632,#3633,#3634));
#581=EDGE_LOOP('',(#3635,#3636,#3637,#3638));
#582=EDGE_LOOP('',(#3639,#3640,#3641,#3642));
#583=EDGE_LOOP('',(#3643,#3644,#3645,#3646));
#584=EDGE_LOOP('',(#3647,#3648,#3649,#3650));
#585=EDGE_LOOP('',(#3651,#3652,#3653,#3654));
#586=EDGE_LOOP('',(#3655,#3656,#3657,#3658,#3659,#3660,#3661,#3662));
#587=EDGE_LOOP('',(#3663,#3664,#3665,#3666,#3667,#3668,#3669,#3670));
#588=EDGE_LOOP('',(#3671,#3672,#3673,#3674));
#589=EDGE_LOOP('',(#3675,#3676,#3677,#3678));
#590=EDGE_LOOP('',(#3679));
#591=EDGE_LOOP('',(#3680));
#592=EDGE_LOOP('',(#3681,#3682,#3683));
#593=EDGE_LOOP('',(#3684,#3685,#3686,#3687));
#594=EDGE_LOOP('',(#3688,#3689,#3690,#3691,#3692,#3693));
#595=EDGE_LOOP('',(#3694,#3695,#3696,#3697));
#596=EDGE_LOOP('',(#3698,#3699,#3700));
#597=EDGE_LOOP('',(#3701,#3702,#3703,#3704));
#598=EDGE_LOOP('',(#3705,#3706,#3707,#3708));
#599=EDGE_LOOP('',(#3709,#3710,#3711,#3712,#3713,#3714,#3715,#3716,#3717,
#3718));
#600=EDGE_LOOP('',(#3719,#3720,#3721,#3722,#3723,#3724,#3725,#3726,#3727,
#3728,#3729,#3730));
#601=EDGE_LOOP('',(#3731,#3732,#3733));
#602=EDGE_LOOP('',(#3734));
#603=EDGE_LOOP('',(#3735));
#604=EDGE_LOOP('',(#3736));
#605=EDGE_LOOP('',(#3737));
#606=EDGE_LOOP('',(#3738,#3739,#3740,#3741,#3742,#3743));
#607=EDGE_LOOP('',(#3744,#3745,#3746,#3747));
#608=EDGE_LOOP('',(#3748,#3749,#3750,#3751,#3752,#3753,#3754,#3755,#3756,
#3757,#3758,#3759,#3760,#3761,#3762,#3763));
#609=EDGE_LOOP('',(#3764,#3765,#3766,#3767,#3768,#3769,#3770,#3771));
#610=EDGE_LOOP('',(#3772));
#611=EDGE_LOOP('',(#3773));
#612=LINE('',#5481,#1084);
#613=LINE('',#5483,#1085);
#614=LINE('',#5485,#1086);
#615=LINE('',#5487,#1087);
#616=LINE('',#5489,#1088);
#617=LINE('',#5506,#1089);
#618=LINE('',#5508,#1090);
#619=LINE('',#5510,#1091);
#620=LINE('',#5512,#1092);
#621=LINE('',#5514,#1093);
#622=LINE('',#5516,#1094);
#623=LINE('',#5518,#1095);
#624=LINE('',#5520,#1096);
#625=LINE('',#5521,#1097);
#626=LINE('',#5525,#1098);
#627=LINE('',#5526,#1099);
#628=LINE('',#5527,#1100);
#629=LINE('',#5547,#1101);
#630=LINE('',#5550,#1102);
#631=LINE('',#5551,#1103);
#632=LINE('',#5554,#1104);
#633=LINE('',#5555,#1105);
#634=LINE('',#5575,#1106);
#635=LINE('',#5578,#1107);
#636=LINE('',#5579,#1108);
#637=LINE('',#5582,#1109);
#638=LINE('',#5583,#1110);
#639=LINE('',#5587,#1111);
#640=LINE('',#5588,#1112);
#641=LINE('',#5589,#1113);
#642=LINE('',#5601,#1114);
#643=LINE('',#5604,#1115);
#644=LINE('',#5607,#1116);
#645=LINE('',#5608,#1117);
#646=LINE('',#5611,#1118);
#647=LINE('',#5612,#1119);
#648=LINE('',#5615,#1120);
#649=LINE('',#5617,#1121);
#650=LINE('',#5619,#1122);
#651=LINE('',#5621,#1123);
#652=LINE('',#5622,#1124);
#653=LINE('',#5624,#1125);
#654=LINE('',#5626,#1126);
#655=LINE('',#5628,#1127);
#656=LINE('',#5630,#1128);
#657=LINE('',#5632,#1129);
#658=LINE('',#5634,#1130);
#659=LINE('',#5636,#1131);
#660=LINE('',#5638,#1132);
#661=LINE('',#5640,#1133);
#662=LINE('',#5642,#1134);
#663=LINE('',#5644,#1135);
#664=LINE('',#5646,#1136);
#665=LINE('',#5648,#1137);
#666=LINE('',#5650,#1138);
#667=LINE('',#5652,#1139);
#668=LINE('',#5654,#1140);
#669=LINE('',#5656,#1141);
#670=LINE('',#5658,#1142);
#671=LINE('',#5660,#1143);
#672=LINE('',#5662,#1144);
#673=LINE('',#5664,#1145);
#674=LINE('',#5666,#1146);
#675=LINE('',#5668,#1147);
#676=LINE('',#5669,#1148);
#677=LINE('',#5672,#1149);
#678=LINE('',#5674,#1150);
#679=LINE('',#5675,#1151);
#680=LINE('',#5678,#1152);
#681=LINE('',#5680,#1153);
#682=LINE('',#5681,#1154);
#683=LINE('',#5683,#1155);
#684=LINE('',#5687,#1156);
#685=LINE('',#5689,#1157);
#686=LINE('',#5691,#1158);
#687=LINE('',#5693,#1159);
#688=LINE('',#5694,#1160);
#689=LINE('',#5697,#1161);
#690=LINE('',#5699,#1162);
#691=LINE('',#5700,#1163);
#692=LINE('',#5704,#1164);
#693=LINE('',#5708,#1165);
#694=LINE('',#5713,#1166);
#695=LINE('',#5714,#1167);
#696=LINE('',#5715,#1168);
#697=LINE('',#5719,#1169);
#698=LINE('',#5725,#1170);
#699=LINE('',#5734,#1171);
#700=LINE('',#5737,#1172);
#701=LINE('',#5743,#1173);
#702=LINE('',#5749,#1174);
#703=LINE('',#5753,#1175);
#704=LINE('',#5755,#1176);
#705=LINE('',#5759,#1177);
#706=LINE('',#5761,#1178);
#707=LINE('',#5767,#1179);
#708=LINE('',#5770,#1180);
#709=LINE('',#5776,#1181);
#710=LINE('',#5780,#1182);
#711=LINE('',#5781,#1183);
#712=LINE('',#5783,#1184);
#713=LINE('',#5785,#1185);
#714=LINE('',#5787,#1186);
#715=LINE('',#5789,#1187);
#716=LINE('',#5793,#1188);
#717=LINE('',#5803,#1189);
#718=LINE('',#5946,#1190);
#719=LINE('',#5968,#1191);
#720=LINE('',#5970,#1192);
#721=LINE('',#5990,#1193);
#722=LINE('',#5993,#1194);
#723=LINE('',#5996,#1195);
#724=LINE('',#5998,#1196);
#725=LINE('',#5999,#1197);
#726=LINE('',#6003,#1198);
#727=LINE('',#6005,#1199);
#728=LINE('',#6007,#1200);
#729=LINE('',#6008,#1201);
#730=LINE('',#6021,#1202);
#731=LINE('',#6025,#1203);
#732=LINE('',#6029,#1204);
#733=LINE('',#6031,#1205);
#734=LINE('',#6032,#1206);
#735=LINE('',#6046,#1207);
#736=LINE('',#6051,#1208);
#737=LINE('',#6055,#1209);
#738=LINE('',#6061,#1210);
#739=LINE('',#6064,#1211);
#740=LINE('',#6067,#1212);
#741=LINE('',#6069,#1213);
#742=LINE('',#6070,#1214);
#743=LINE('',#6083,#1215);
#744=LINE('',#6086,#1216);
#745=LINE('',#6087,#1217);
#746=LINE('',#6100,#1218);
#747=LINE('',#6102,#1219);
#748=LINE('',#6115,#1220);
#749=LINE('',#6119,#1221);
#750=LINE('',#6124,#1222);
#751=LINE('',#6125,#1223);
#752=LINE('',#6126,#1224);
#753=LINE('',#6139,#1225);
#754=LINE('',#6143,#1226);
#755=LINE('',#6144,#1227);
#756=LINE('',#6148,#1228);
#757=LINE('',#6150,#1229);
#758=LINE('',#6152,#1230);
#759=LINE('',#6153,#1231);
#760=LINE('',#6168,#1232);
#761=LINE('',#6171,#1233);
#762=LINE('',#6173,#1234);
#763=LINE('',#6174,#1235);
#764=LINE('',#6193,#1236);
#765=LINE('',#6196,#1237);
#766=LINE('',#6200,#1238);
#767=LINE('',#6202,#1239);
#768=LINE('',#6204,#1240);
#769=LINE('',#6205,#1241);
#770=LINE('',#6208,#1242);
#771=LINE('',#6210,#1243);
#772=LINE('',#6211,#1244);
#773=LINE('',#6212,#1245);
#774=LINE('',#6216,#1246);
#775=LINE('',#6220,#1247);
#776=LINE('',#6222,#1248);
#777=LINE('',#6224,#1249);
#778=LINE('',#6226,#1250);
#779=LINE('',#6231,#1251);
#780=LINE('',#6235,#1252);
#781=LINE('',#6237,#1253);
#782=LINE('',#6239,#1254);
#783=LINE('',#6241,#1255);
#784=LINE('',#6245,#1256);
#785=LINE('',#6247,#1257);
#786=LINE('',#6248,#1258);
#787=LINE('',#6265,#1259);
#788=LINE('',#6269,#1260);
#789=LINE('',#6271,#1261);
#790=LINE('',#6273,#1262);
#791=LINE('',#6274,#1263);
#792=LINE('',#6276,#1264);
#793=LINE('',#6278,#1265);
#794=LINE('',#6280,#1266);
#795=LINE('',#6281,#1267);
#796=LINE('',#6285,#1268);
#797=LINE('',#6287,#1269);
#798=LINE('',#6289,#1270);
#799=LINE('',#6290,#1271);
#800=LINE('',#6293,#1272);
#801=LINE('',#6295,#1273);
#802=LINE('',#6296,#1274);
#803=LINE('',#6300,#1275);
#804=LINE('',#6301,#1276);
#805=LINE('',#6303,#1277);
#806=LINE('',#6305,#1278);
#807=LINE('',#6307,#1279);
#808=LINE('',#6309,#1280);
#809=LINE('',#6311,#1281);
#810=LINE('',#6312,#1282);
#811=LINE('',#6315,#1283);
#812=LINE('',#6316,#1284);
#813=LINE('',#6317,#1285);
#814=LINE('',#6320,#1286);
#815=LINE('',#6321,#1287);
#816=LINE('',#6325,#1288);
#817=LINE('',#6326,#1289);
#818=LINE('',#6328,#1290);
#819=LINE('',#6332,#1291);
#820=LINE('',#6334,#1292);
#821=LINE('',#6336,#1293);
#822=LINE('',#6338,#1294);
#823=LINE('',#6339,#1295);
#824=LINE('',#6340,#1296);
#825=LINE('',#6342,#1297);
#826=LINE('',#6343,#1298);
#827=LINE('',#6345,#1299);
#828=LINE('',#6356,#1300);
#829=LINE('',#6360,#1301);
#830=LINE('',#6361,#1302);
#831=LINE('',#6365,#1303);
#832=LINE('',#6366,#1304);
#833=LINE('',#6368,#1305);
#834=LINE('',#6370,#1306);
#835=LINE('',#6371,#1307);
#836=LINE('',#6373,#1308);
#837=LINE('',#6374,#1309);
#838=LINE('',#6377,#1310);
#839=LINE('',#6379,#1311);
#840=LINE('',#6380,#1312);
#841=LINE('',#6383,#1313);
#842=LINE('',#6384,#1314);
#843=LINE('',#6386,#1315);
#844=LINE('',#6389,#1316);
#845=LINE('',#6391,#1317);
#846=LINE('',#6393,#1318);
#847=LINE('',#6394,#1319);
#848=LINE('',#6415,#1320);
#849=LINE('',#6436,#1321);
#850=LINE('',#6440,#1322);
#851=LINE('',#6441,#1323);
#852=LINE('',#6443,#1324);
#853=LINE('',#6444,#1325);
#854=LINE('',#6446,#1326);
#855=LINE('',#6449,#1327);
#856=LINE('',#6450,#1328);
#857=LINE('',#6453,#1329);
#858=LINE('',#6455,#1330);
#859=LINE('',#6456,#1331);
#860=LINE('',#6458,#1332);
#861=LINE('',#6459,#1333);
#862=LINE('',#6461,#1334);
#863=LINE('',#6465,#1335);
#864=LINE('',#6466,#1336);
#865=LINE('',#6468,#1337);
#866=LINE('',#6469,#1338);
#867=LINE('',#6471,#1339);
#868=LINE('',#6473,#1340);
#869=LINE('',#6474,#1341);
#870=LINE('',#6476,#1342);
#871=LINE('',#6480,#1343);
#872=LINE('',#6483,#1344);
#873=LINE('',#6485,#1345);
#874=LINE('',#6487,#1346);
#875=LINE('',#6488,#1347);
#876=LINE('',#6491,#1348);
#877=LINE('',#6492,#1349);
#878=LINE('',#6495,#1350);
#879=LINE('',#6497,#1351);
#880=LINE('',#6499,#1352);
#881=LINE('',#6500,#1353);
#882=LINE('',#6502,#1354);
#883=LINE('',#6503,#1355);
#884=LINE('',#6506,#1356);
#885=LINE('',#6508,#1357);
#886=LINE('',#6509,#1358);
#887=LINE('',#6512,#1359);
#888=LINE('',#6514,#1360);
#889=LINE('',#6515,#1361);
#890=LINE('',#6517,#1362);
#891=LINE('',#6518,#1363);
#892=LINE('',#6522,#1364);
#893=LINE('',#6524,#1365);
#894=LINE('',#6526,#1366);
#895=LINE('',#6528,#1367);
#896=LINE('',#6532,#1368);
#897=LINE('',#6537,#1369);
#898=LINE('',#6539,#1370);
#899=LINE('',#6541,#1371);
#900=LINE('',#6543,#1372);
#901=LINE('',#6547,#1373);
#902=LINE('',#6565,#1374);
#903=LINE('',#6569,#1375);
#904=LINE('',#6571,#1376);
#905=LINE('',#6573,#1377);
#906=LINE('',#6574,#1378);
#907=LINE('',#6595,#1379);
#908=LINE('',#6598,#1380);
#909=LINE('',#6600,#1381);
#910=LINE('',#6601,#1382);
#911=LINE('',#6603,#1383);
#912=LINE('',#6604,#1384);
#913=LINE('',#6606,#1385);
#914=LINE('',#6607,#1386);
#915=LINE('',#6609,#1387);
#916=LINE('',#6614,#1388);
#917=LINE('',#6616,#1389);
#918=LINE('',#6618,#1390);
#919=LINE('',#6619,#1391);
#920=LINE('',#6621,#1392);
#921=LINE('',#6622,#1393);
#922=LINE('',#6625,#1394);
#923=LINE('',#6626,#1395);
#924=LINE('',#6628,#1396);
#925=LINE('',#6631,#1397);
#926=LINE('',#6633,#1398);
#927=LINE('',#6634,#1399);
#928=LINE('',#6641,#1400);
#929=LINE('',#6643,#1401);
#930=LINE('',#6644,#1402);
#931=LINE('',#6646,#1403);
#932=LINE('',#6647,#1404);
#933=LINE('',#6654,#1405);
#934=LINE('',#6656,#1406);
#935=LINE('',#6658,#1407);
#936=LINE('',#6659,#1408);
#937=LINE('',#6661,#1409);
#938=LINE('',#6663,#1410);
#939=LINE('',#6664,#1411);
#940=LINE('',#6667,#1412);
#941=LINE('',#6668,#1413);
#942=LINE('',#6671,#1414);
#943=LINE('',#6672,#1415);
#944=LINE('',#6675,#1416);
#945=LINE('',#6677,#1417);
#946=LINE('',#6679,#1418);
#947=LINE('',#6681,#1419);
#948=LINE('',#6682,#1420);
#949=LINE('',#6685,#1421);
#950=LINE('',#6687,#1422);
#951=LINE('',#6688,#1423);
#952=LINE('',#6691,#1424);
#953=LINE('',#6692,#1425);
#954=LINE('',#6694,#1426);
#955=LINE('',#6695,#1427);
#956=LINE('',#6697,#1428);
#957=LINE('',#6699,#1429);
#958=LINE('',#6701,#1430);
#959=LINE('',#6704,#1431);
#960=LINE('',#6705,#1432);
#961=LINE('',#6708,#1433);
#962=LINE('',#6709,#1434);
#963=LINE('',#6712,#1435);
#964=LINE('',#6713,#1436);
#965=LINE('',#6715,#1437);
#966=LINE('',#6717,#1438);
#967=LINE('',#6718,#1439);
#968=LINE('',#6720,#1440);
#969=LINE('',#6723,#1441);
#970=LINE('',#6724,#1442);
#971=LINE('',#6727,#1443);
#972=LINE('',#6728,#1444);
#973=LINE('',#6730,#1445);
#974=LINE('',#6732,#1446);
#975=LINE('',#6735,#1447);
#976=LINE('',#6755,#1448);
#977=LINE('',#6774,#1449);
#978=LINE('',#6793,#1450);
#979=LINE('',#6812,#1451);
#980=LINE('',#6815,#1452);
#981=LINE('',#6816,#1453);
#982=LINE('',#6818,#1454);
#983=LINE('',#6820,#1455);
#984=LINE('',#6823,#1456);
#985=LINE('',#6825,#1457);
#986=LINE('',#6829,#1458);
#987=LINE('',#6831,#1459);
#988=LINE('',#6833,#1460);
#989=LINE('',#6835,#1461);
#990=LINE('',#6837,#1462);
#991=LINE('',#6838,#1463);
#992=LINE('',#6841,#1464);
#993=LINE('',#6843,#1465);
#994=LINE('',#6844,#1466);
#995=LINE('',#6856,#1467);
#996=LINE('',#6865,#1468);
#997=LINE('',#6868,#1469);
#998=LINE('',#6871,#1470);
#999=LINE('',#6872,#1471);
#1000=LINE('',#6880,#1472);
#1001=LINE('',#6884,#1473);
#1002=LINE('',#6886,#1474);
#1003=LINE('',#6888,#1475);
#1004=LINE('',#6890,#1476);
#1005=LINE('',#6892,#1477);
#1006=LINE('',#6893,#1478);
#1007=LINE('',#6901,#1479);
#1008=LINE('',#6905,#1480);
#1009=LINE('',#6906,#1481);
#1010=LINE('',#6914,#1482);
#1011=LINE('',#6917,#1483);
#1012=LINE('',#6919,#1484);
#1013=LINE('',#6920,#1485);
#1014=LINE('',#6923,#1486);
#1015=LINE('',#6926,#1487);
#1016=LINE('',#6929,#1488);
#1017=LINE('',#6931,#1489);
#1018=LINE('',#6934,#1490);
#1019=LINE('',#6936,#1491);
#1020=LINE('',#6945,#1492);
#1021=LINE('',#6946,#1493);
#1022=LINE('',#6955,#1494);
#1023=LINE('',#6957,#1495);
#1024=LINE('',#6958,#1496);
#1025=LINE('',#6960,#1497);
#1026=LINE('',#6964,#1498);
#1027=LINE('',#6978,#1499);
#1028=LINE('',#6980,#1500);
#1029=LINE('',#6983,#1501);
#1030=LINE('',#6985,#1502);
#1031=LINE('',#6986,#1503);
#1032=LINE('',#6988,#1504);
#1033=LINE('',#6991,#1505);
#1034=LINE('',#6993,#1506);
#1035=LINE('',#6995,#1507);
#1036=LINE('',#6996,#1508);
#1037=LINE('',#7000,#1509);
#1038=LINE('',#7002,#1510);
#1039=LINE('',#7004,#1511);
#1040=LINE('',#7005,#1512);
#1041=LINE('',#7013,#1513);
#1042=LINE('',#7016,#1514);
#1043=LINE('',#7020,#1515);
#1044=LINE('',#7022,#1516);
#1045=LINE('',#7024,#1517);
#1046=LINE('',#7025,#1518);
#1047=LINE('',#7035,#1519);
#1048=LINE('',#7041,#1520);
#1049=LINE('',#7044,#1521);
#1050=LINE('',#7055,#1522);
#1051=LINE('',#7056,#1523);
#1052=LINE('',#7058,#1524);
#1053=LINE('',#7060,#1525);
#1054=LINE('',#7062,#1526);
#1055=LINE('',#7065,#1527);
#1056=LINE('',#7068,#1528);
#1057=LINE('',#7069,#1529);
#1058=LINE('',#7070,#1530);
#1059=LINE('',#7071,#1531);
#1060=LINE('',#7080,#1532);
#1061=LINE('',#7083,#1533);
#1062=LINE('',#7084,#1534);
#1063=LINE('',#7093,#1535);
#1064=LINE('',#7100,#1536);
#1065=LINE('',#7101,#1537);
#1066=LINE('',#7113,#1538);
#1067=LINE('',#7123,#1539);
#1068=LINE('',#7125,#1540);
#1069=LINE('',#7146,#1541);
#1070=LINE('',#7148,#1542);
#1071=LINE('',#7154,#1543);
#1072=LINE('',#7156,#1544);
#1073=LINE('',#7157,#1545);
#1074=LINE('',#7160,#1546);
#1075=LINE('',#7161,#1547);
#1076=LINE('',#7164,#1548);
#1077=LINE('',#7165,#1549);
#1078=LINE('',#7167,#1550);
#1079=LINE('',#7186,#1551);
#1080=LINE('',#7205,#1552);
#1081=LINE('',#7208,#1553);
#1082=LINE('',#7209,#1554);
#1083=LINE('',#7300,#1555);
#1084=VECTOR('',#4446,10.);
#1085=VECTOR('',#4447,10.);
#1086=VECTOR('',#4448,10.);
#1087=VECTOR('',#4449,10.);
#1088=VECTOR('',#4450,10.);
#1089=VECTOR('',#4453,10.);
#1090=VECTOR('',#4454,10.);
#1091=VECTOR('',#4455,10.);
#1092=VECTOR('',#4456,10.);
#1093=VECTOR('',#4457,10.);
#1094=VECTOR('',#4458,10.);
#1095=VECTOR('',#4459,10.);
#1096=VECTOR('',#4460,10.);
#1097=VECTOR('',#4461,10.);
#1098=VECTOR('',#4464,10.);
#1099=VECTOR('',#4465,10.);
#1100=VECTOR('',#4466,10.);
#1101=VECTOR('',#4469,10.);
#1102=VECTOR('',#4472,10.);
#1103=VECTOR('',#4473,10.);
#1104=VECTOR('',#4476,10.);
#1105=VECTOR('',#4477,10.);
#1106=VECTOR('',#4480,10.);
#1107=VECTOR('',#4483,10.);
#1108=VECTOR('',#4484,10.);
#1109=VECTOR('',#4487,10.);
#1110=VECTOR('',#4488,10.);
#1111=VECTOR('',#4491,10.);
#1112=VECTOR('',#4492,10.);
#1113=VECTOR('',#4493,10.);
#1114=VECTOR('',#4494,10.);
#1115=VECTOR('',#4497,10.);
#1116=VECTOR('',#4500,10.);
#1117=VECTOR('',#4501,10.);
#1118=VECTOR('',#4504,10.);
#1119=VECTOR('',#4505,10.);
#1120=VECTOR('',#4508,10.);
#1121=VECTOR('',#4509,10.);
#1122=VECTOR('',#4510,10.);
#1123=VECTOR('',#4511,10.);
#1124=VECTOR('',#4512,10.);
#1125=VECTOR('',#4513,10.);
#1126=VECTOR('',#4514,10.);
#1127=VECTOR('',#4515,10.);
#1128=VECTOR('',#4516,10.);
#1129=VECTOR('',#4517,10.);
#1130=VECTOR('',#4518,10.);
#1131=VECTOR('',#4519,10.);
#1132=VECTOR('',#4520,10.);
#1133=VECTOR('',#4521,10.);
#1134=VECTOR('',#4522,10.);
#1135=VECTOR('',#4523,9.99999999999998);
#1136=VECTOR('',#4524,10.);
#1137=VECTOR('',#4525,10.);
#1138=VECTOR('',#4526,10.);
#1139=VECTOR('',#4527,9.99999999999998);
#1140=VECTOR('',#4528,10.);
#1141=VECTOR('',#4529,10.);
#1142=VECTOR('',#4530,10.);
#1143=VECTOR('',#4531,10.);
#1144=VECTOR('',#4532,10.);
#1145=VECTOR('',#4533,10.);
#1146=VECTOR('',#4534,9.99999999999998);
#1147=VECTOR('',#4535,10.);
#1148=VECTOR('',#4536,10.);
#1149=VECTOR('',#4539,10.);
#1150=VECTOR('',#4540,10.);
#1151=VECTOR('',#4541,10.);
#1152=VECTOR('',#4544,10.);
#1153=VECTOR('',#4545,10.);
#1154=VECTOR('',#4546,10.);
#1155=VECTOR('',#4549,10.);
#1156=VECTOR('',#4552,10.);
#1157=VECTOR('',#4553,10.);
#1158=VECTOR('',#4554,10.);
#1159=VECTOR('',#4555,10.);
#1160=VECTOR('',#4556,10.);
#1161=VECTOR('',#4559,10.);
#1162=VECTOR('',#4560,10.);
#1163=VECTOR('',#4561,10.);
#1164=VECTOR('',#4564,3.50000000000012);
#1165=VECTOR('',#4567,3.50000000000012);
#1166=VECTOR('',#4572,3.50000000000012);
#1167=VECTOR('',#4573,1.675444679663);
#1168=VECTOR('',#4574,1.675444679663);
#1169=VECTOR('',#4577,3.50000000000007);
#1170=VECTOR('',#4584,3.50000000000007);
#1171=VECTOR('',#4597,1.249999998959);
#1172=VECTOR('',#4600,1.5);
#1173=VECTOR('',#4607,0.9);
#1174=VECTOR('',#4614,0.9);
#1175=VECTOR('',#4619,10.);
#1176=VECTOR('',#4620,14.1572411603005);
#1177=VECTOR('',#4623,1.675444679663);
#1178=VECTOR('',#4626,14.1572411603005);
#1179=VECTOR('',#4633,0.9);
#1180=VECTOR('',#4636,10.9299680554904);
#1181=VECTOR('',#4643,1.675444679663);
#1182=VECTOR('',#4646,10.9299680554904);
#1183=VECTOR('',#4647,20.);
#1184=VECTOR('',#4650,10.);
#1185=VECTOR('',#4653,3.50000000000012);
#1186=VECTOR('',#4656,3.50000000000012);
#1187=VECTOR('',#4659,3.50000000000012);
#1188=VECTOR('',#4666,10.);
#1189=VECTOR('',#4677,10.);
#1190=VECTOR('',#4698,10.);
#1191=VECTOR('',#4699,10.);
#1192=VECTOR('',#4700,10.);
#1193=VECTOR('',#4701,10.);
#1194=VECTOR('',#4704,10.);
#1195=VECTOR('',#4707,10.);
#1196=VECTOR('',#4708,10.);
#1197=VECTOR('',#4709,10.);
#1198=VECTOR('',#4712,10.);
#1199=VECTOR('',#4713,10.);
#1200=VECTOR('',#4714,10.);
#1201=VECTOR('',#4715,10.);
#1202=VECTOR('',#4716,10.);
#1203=VECTOR('',#4719,10.);
#1204=VECTOR('',#4724,10.);
#1205=VECTOR('',#4725,10.);
#1206=VECTOR('',#4726,10.);
#1207=VECTOR('',#4729,10.);
#1208=VECTOR('',#4734,10.);
#1209=VECTOR('',#4737,10.);
#1210=VECTOR('',#4742,10.);
#1211=VECTOR('',#4745,10.);
#1212=VECTOR('',#4748,10.);
#1213=VECTOR('',#4749,10.);
#1214=VECTOR('',#4750,10.);
#1215=VECTOR('',#4753,10.);
#1216=VECTOR('',#4756,10.);
#1217=VECTOR('',#4757,10.);
#1218=VECTOR('',#4762,10.);
#1219=VECTOR('',#4765,10.);
#1220=VECTOR('',#4766,10.);
#1221=VECTOR('',#4769,10.);
#1222=VECTOR('',#4774,10.);
#1223=VECTOR('',#4775,10.);
#1224=VECTOR('',#4776,10.);
#1225=VECTOR('',#4777,10.);
#1226=VECTOR('',#4784,10.);
#1227=VECTOR('',#4785,10.);
#1228=VECTOR('',#4788,10.);
#1229=VECTOR('',#4789,10.);
#1230=VECTOR('',#4790,10.);
#1231=VECTOR('',#4791,10.);
#1232=VECTOR('',#4796,10.);
#1233=VECTOR('',#4799,10.);
#1234=VECTOR('',#4800,10.);
#1235=VECTOR('',#4801,10.);
#1236=VECTOR('',#4812,10.);
#1237=VECTOR('',#4815,10.);
#1238=VECTOR('',#4818,10.);
#1239=VECTOR('',#4819,10.);
#1240=VECTOR('',#4820,10.);
#1241=VECTOR('',#4821,10.);
#1242=VECTOR('',#4824,10.);
#1243=VECTOR('',#4825,10.);
#1244=VECTOR('',#4826,10.);
#1245=VECTOR('',#4827,10.);
#1246=VECTOR('',#4830,10.);
#1247=VECTOR('',#4833,10.);
#1248=VECTOR('',#4834,10.);
#1249=VECTOR('',#4835,10.);
#1250=VECTOR('',#4836,10.);
#1251=VECTOR('',#4841,10.);
#1252=VECTOR('',#4844,10.);
#1253=VECTOR('',#4845,10.);
#1254=VECTOR('',#4846,10.);
#1255=VECTOR('',#4847,10.);
#1256=VECTOR('',#4852,10.);
#1257=VECTOR('',#4853,10.);
#1258=VECTOR('',#4854,10.);
#1259=VECTOR('',#4857,10.);
#1260=VECTOR('',#4860,10.);
#1261=VECTOR('',#4861,9.99999999999996);
#1262=VECTOR('',#4862,10.);
#1263=VECTOR('',#4863,9.99999999999998);
#1264=VECTOR('',#4866,10.);
#1265=VECTOR('',#4867,10.);
#1266=VECTOR('',#4868,10.);
#1267=VECTOR('',#4869,10.);
#1268=VECTOR('',#4872,10.);
#1269=VECTOR('',#4873,10.);
#1270=VECTOR('',#4874,10.);
#1271=VECTOR('',#4875,10.);
#1272=VECTOR('',#4878,10.);
#1273=VECTOR('',#4879,10.);
#1274=VECTOR('',#4880,10.);
#1275=VECTOR('',#4883,10.);
#1276=VECTOR('',#4884,9.99999999999998);
#1277=VECTOR('',#4885,10.);
#1278=VECTOR('',#4886,10.);
#1279=VECTOR('',#4887,10.);
#1280=VECTOR('',#4888,10.);
#1281=VECTOR('',#4889,10.);
#1282=VECTOR('',#4890,9.99999999999998);
#1283=VECTOR('',#4891,10.);
#1284=VECTOR('',#4892,10.);
#1285=VECTOR('',#4893,10.);
#1286=VECTOR('',#4896,10.);
#1287=VECTOR('',#4897,10.);
#1288=VECTOR('',#4900,10.);
#1289=VECTOR('',#4901,10.);
#1290=VECTOR('',#4902,10.);
#1291=VECTOR('',#4905,10.);
#1292=VECTOR('',#4906,9.99999999999999);
#1293=VECTOR('',#4907,10.);
#1294=VECTOR('',#4908,10.);
#1295=VECTOR('',#4909,10.);
#1296=VECTOR('',#4910,10.);
#1297=VECTOR('',#4913,10.);
#1298=VECTOR('',#4914,10.);
#1299=VECTOR('',#4917,10.);
#1300=VECTOR('',#4918,10.);
#1301=VECTOR('',#4923,10.);
#1302=VECTOR('',#4924,10.);
#1303=VECTOR('',#4927,10.);
#1304=VECTOR('',#4928,10.);
#1305=VECTOR('',#4929,10.);
#1306=VECTOR('',#4930,10.);
#1307=VECTOR('',#4931,10.);
#1308=VECTOR('',#4932,10.);
#1309=VECTOR('',#4933,10.);
#1310=VECTOR('',#4936,10.);
#1311=VECTOR('',#4937,10.);
#1312=VECTOR('',#4938,10.);
#1313=VECTOR('',#4941,10.);
#1314=VECTOR('',#4942,10.);
#1315=VECTOR('',#4945,10.);
#1316=VECTOR('',#4948,10.);
#1317=VECTOR('',#4949,10.);
#1318=VECTOR('',#4950,10.);
#1319=VECTOR('',#4951,10.);
#1320=VECTOR('',#4954,10.);
#1321=VECTOR('',#4957,10.);
#1322=VECTOR('',#4960,9.99999999999999);
#1323=VECTOR('',#4961,10.);
#1324=VECTOR('',#4962,10.);
#1325=VECTOR('',#4963,10.);
#1326=VECTOR('',#4966,10.);
#1327=VECTOR('',#4969,10.);
#1328=VECTOR('',#4970,10.);
#1329=VECTOR('',#4973,10.);
#1330=VECTOR('',#4974,10.);
#1331=VECTOR('',#4975,9.99999999999999);
#1332=VECTOR('',#4978,10.);
#1333=VECTOR('',#4979,10.);
#1334=VECTOR('',#4982,10.);
#1335=VECTOR('',#4987,10.);
#1336=VECTOR('',#4988,10.);
#1337=VECTOR('',#4991,10.);
#1338=VECTOR('',#4992,10.);
#1339=VECTOR('',#4995,10.);
#1340=VECTOR('',#4996,10.);
#1341=VECTOR('',#4997,10.);
#1342=VECTOR('',#5000,9.99999999999998);
#1343=VECTOR('',#5007,10.);
#1344=VECTOR('',#5008,10.);
#1345=VECTOR('',#5009,10.);
#1346=VECTOR('',#5010,10.);
#1347=VECTOR('',#5011,10.);
#1348=VECTOR('',#5014,10.);
#1349=VECTOR('',#5015,10.);
#1350=VECTOR('',#5016,10.);
#1351=VECTOR('',#5017,10.);
#1352=VECTOR('',#5018,10.);
#1353=VECTOR('',#5019,10.);
#1354=VECTOR('',#5022,10.);
#1355=VECTOR('',#5023,10.);
#1356=VECTOR('',#5026,10.);
#1357=VECTOR('',#5027,10.);
#1358=VECTOR('',#5028,10.);
#1359=VECTOR('',#5031,10.);
#1360=VECTOR('',#5032,10.);
#1361=VECTOR('',#5033,10.);
#1362=VECTOR('',#5036,10.);
#1363=VECTOR('',#5037,10.);
#1364=VECTOR('',#5040,10.);
#1365=VECTOR('',#5041,10.);
#1366=VECTOR('',#5042,10.);
#1367=VECTOR('',#5043,10.);
#1368=VECTOR('',#5046,10.);
#1369=VECTOR('',#5051,10.);
#1370=VECTOR('',#5052,10.);
#1371=VECTOR('',#5053,10.);
#1372=VECTOR('',#5054,10.);
#1373=VECTOR('',#5057,10.);
#1374=VECTOR('',#5062,10.);
#1375=VECTOR('',#5065,10.);
#1376=VECTOR('',#5066,9.99999999999998);
#1377=VECTOR('',#5067,10.);
#1378=VECTOR('',#5068,9.99999999999998);
#1379=VECTOR('',#5071,10.);
#1380=VECTOR('',#5074,10.);
#1381=VECTOR('',#5075,10.);
#1382=VECTOR('',#5076,9.99999999999998);
#1383=VECTOR('',#5079,10.);
#1384=VECTOR('',#5080,10.);
#1385=VECTOR('',#5083,10.);
#1386=VECTOR('',#5084,10.);
#1387=VECTOR('',#5087,10.);
#1388=VECTOR('',#5092,10.);
#1389=VECTOR('',#5093,10.);
#1390=VECTOR('',#5094,10.);
#1391=VECTOR('',#5095,10.);
#1392=VECTOR('',#5098,10.);
#1393=VECTOR('',#5099,10.);
#1394=VECTOR('',#5102,10.);
#1395=VECTOR('',#5103,10.);
#1396=VECTOR('',#5106,10.);
#1397=VECTOR('',#5109,10.);
#1398=VECTOR('',#5110,10.);
#1399=VECTOR('',#5111,10.);
#1400=VECTOR('',#5118,10.);
#1401=VECTOR('',#5119,10.);
#1402=VECTOR('',#5120,10.);
#1403=VECTOR('',#5121,10.);
#1404=VECTOR('',#5122,10.);
#1405=VECTOR('',#5129,10.);
#1406=VECTOR('',#5130,10.);
#1407=VECTOR('',#5131,10.);
#1408=VECTOR('',#5132,10.);
#1409=VECTOR('',#5133,10.);
#1410=VECTOR('',#5134,10.);
#1411=VECTOR('',#5135,10.);
#1412=VECTOR('',#5138,10.);
#1413=VECTOR('',#5139,10.);
#1414=VECTOR('',#5142,9.99999999999999);
#1415=VECTOR('',#5143,10.);
#1416=VECTOR('',#5146,10.);
#1417=VECTOR('',#5147,10.);
#1418=VECTOR('',#5148,10.);
#1419=VECTOR('',#5149,10.);
#1420=VECTOR('',#5150,10.);
#1421=VECTOR('',#5153,10.);
#1422=VECTOR('',#5154,10.);
#1423=VECTOR('',#5155,10.);
#1424=VECTOR('',#5158,10.);
#1425=VECTOR('',#5159,10.);
#1426=VECTOR('',#5162,10.);
#1427=VECTOR('',#5163,10.);
#1428=VECTOR('',#5166,10.);
#1429=VECTOR('',#5169,10.);
#1430=VECTOR('',#5172,10.);
#1431=VECTOR('',#5175,10.);
#1432=VECTOR('',#5176,10.);
#1433=VECTOR('',#5179,10.);
#1434=VECTOR('',#5180,10.);
#1435=VECTOR('',#5183,10.);
#1436=VECTOR('',#5184,10.);
#1437=VECTOR('',#5187,10.);
#1438=VECTOR('',#5188,10.);
#1439=VECTOR('',#5189,10.);
#1440=VECTOR('',#5192,10.);
#1441=VECTOR('',#5195,10.);
#1442=VECTOR('',#5196,10.);
#1443=VECTOR('',#5199,10.);
#1444=VECTOR('',#5200,10.);
#1445=VECTOR('',#5203,10.);
#1446=VECTOR('',#5206,10.);
#1447=VECTOR('',#5211,10.);
#1448=VECTOR('',#5214,10.);
#1449=VECTOR('',#5215,10.);
#1450=VECTOR('',#5216,10.);
#1451=VECTOR('',#5217,10.);
#1452=VECTOR('',#5220,10.);
#1453=VECTOR('',#5221,10.);
#1454=VECTOR('',#5224,10.);
#1455=VECTOR('',#5227,10.);
#1456=VECTOR('',#5232,10.);
#1457=VECTOR('',#5235,10.);
#1458=VECTOR('',#5238,10.);
#1459=VECTOR('',#5239,10.);
#1460=VECTOR('',#5240,10.);
#1461=VECTOR('',#5241,10.);
#1462=VECTOR('',#5242,10.);
#1463=VECTOR('',#5243,10.);
#1464=VECTOR('',#5246,10.);
#1465=VECTOR('',#5247,10.);
#1466=VECTOR('',#5248,10.);
#1467=VECTOR('',#5249,10.);
#1468=VECTOR('',#5252,10.);
#1469=VECTOR('',#5255,10.);
#1470=VECTOR('',#5258,10.);
#1471=VECTOR('',#5259,10.);
#1472=VECTOR('',#5260,10.);
#1473=VECTOR('',#5265,10.);
#1474=VECTOR('',#5266,10.);
#1475=VECTOR('',#5267,10.);
#1476=VECTOR('',#5268,10.);
#1477=VECTOR('',#5269,10.);
#1478=VECTOR('',#5270,10.);
#1479=VECTOR('',#5271,10.);
#1480=VECTOR('',#5276,10.);
#1481=VECTOR('',#5277,10.);
#1482=VECTOR('',#5278,10.);
#1483=VECTOR('',#5283,10.);
#1484=VECTOR('',#5284,10.);
#1485=VECTOR('',#5285,10.);
#1486=VECTOR('',#5288,9.99999999999998);
#1487=VECTOR('',#5291,10.);
#1488=VECTOR('',#5294,10.);
#1489=VECTOR('',#5295,10.);
#1490=VECTOR('',#5298,9.99999999999998);
#1491=VECTOR('',#5301,10.);
#1492=VECTOR('',#5304,10.);
#1493=VECTOR('',#5305,10.);
#1494=VECTOR('',#5308,10.);
#1495=VECTOR('',#5311,9.99999999999998);
#1496=VECTOR('',#5312,9.99999999999998);
#1497=VECTOR('',#5313,10.);
#1498=VECTOR('',#5320,10.);
#1499=VECTOR('',#5327,10.);
#1500=VECTOR('',#5330,10.);
#1501=VECTOR('',#5333,10.);
#1502=VECTOR('',#5334,10.);
#1503=VECTOR('',#5335,10.);
#1504=VECTOR('',#5338,10.);
#1505=VECTOR('',#5341,10.);
#1506=VECTOR('',#5342,10.);
#1507=VECTOR('',#5343,10.);
#1508=VECTOR('',#5344,9.99999999999998);
#1509=VECTOR('',#5347,10.);
#1510=VECTOR('',#5348,9.99999999999998);
#1511=VECTOR('',#5349,10.);
#1512=VECTOR('',#5350,9.99999999999998);
#1513=VECTOR('',#5351,10.);
#1514=VECTOR('',#5354,10.);
#1515=VECTOR('',#5357,10.);
#1516=VECTOR('',#5358,9.99999999999998);
#1517=VECTOR('',#5359,10.);
#1518=VECTOR('',#5360,9.99999999999998);
#1519=VECTOR('',#5367,10.);
#1520=VECTOR('',#5372,10.);
#1521=VECTOR('',#5375,10.);
#1522=VECTOR('',#5376,10.);
#1523=VECTOR('',#5377,10.);
#1524=VECTOR('',#5380,10.);
#1525=VECTOR('',#5383,10.);
#1526=VECTOR('',#5384,10.);
#1527=VECTOR('',#5387,10.);
#1528=VECTOR('',#5390,10.);
#1529=VECTOR('',#5391,10.);
#1530=VECTOR('',#5392,10.);
#1531=VECTOR('',#5393,10.);
#1532=VECTOR('',#5396,10.);
#1533=VECTOR('',#5399,10.);
#1534=VECTOR('',#5400,10.);
#1535=VECTOR('',#5403,10.);
#1536=VECTOR('',#5404,10.);
#1537=VECTOR('',#5405,10.);
#1538=VECTOR('',#5408,10.);
#1539=VECTOR('',#5415,10.);
#1540=VECTOR('',#5418,10.);
#1541=VECTOR('',#5421,10.);
#1542=VECTOR('',#5424,10.);
#1543=VECTOR('',#5431,9.99999999999999);
#1544=VECTOR('',#5434,10.);
#1545=VECTOR('',#5435,10.);
#1546=VECTOR('',#5438,10.);
#1547=VECTOR('',#5439,10.);
#1548=VECTOR('',#5442,10.);
#1549=VECTOR('',#5443,10.);
#1550=VECTOR('',#5446,10.);
#1551=VECTOR('',#5447,10.);
#1552=VECTOR('',#5448,10.);
#1553=VECTOR('',#5451,10.);
#1554=VECTOR('',#5452,10.);
#1555=VECTOR('',#5457,10.);
#1556=ELLIPSE('',#4167,0.933168312211424,0.90863587966876);
#1557=ELLIPSE('',#4168,0.933168312211489,0.908635879668775);
#1558=ELLIPSE('',#4170,0.933168312211424,0.90863587966876);
#1559=ELLIPSE('',#4173,0.933168312211489,0.908635879668775);
#1560=ELLIPSE('',#4177,0.933168312211429,0.90863587966876);
#1561=ELLIPSE('',#4226,0.985701655182577,0.969059401141823);
#1562=ELLIPSE('',#4227,0.985701655182873,0.96905940114316);
#1563=ELLIPSE('',#4228,0.985701655182583,0.969059401141827);
#1564=ELLIPSE('',#4229,0.985701655182871,0.969059401143155);
#1565=ELLIPSE('',#4231,0.9857019540244,0.943583101314886);
#1566=ELLIPSE('',#4232,6.938678547644,5.62549072569063);
#1567=ELLIPSE('',#4233,0.985701954029072,0.943583101322556);
#1568=ELLIPSE('',#4234,0.985701954023283,0.943583101315683);
#1569=ELLIPSE('',#4235,0.985701954030704,0.943583101322223);
#1570=ELLIPSE('',#4237,0.98570165518256,0.969059401141815);
#1571=ELLIPSE('',#4238,0.985701655183138,0.969059401140204);
#1572=ELLIPSE('',#4239,0.985701655182878,0.969059401143142);
#1573=ELLIPSE('',#4240,0.985701655183426,0.969059401141529);
#1574=ELLIPSE('',#4241,6.94109941680981,5.62942799793107);
#1575=ELLIPSE('',#4244,4.81898733077983,4.61307293976235);
#1576=ELLIPSE('',#4245,4.81898733078482,4.61307293976711);
#1577=ELLIPSE('',#4247,4.81898733077983,4.6130729397669);
#1578=ELLIPSE('',#4248,4.81898733078983,4.61307293977747);
#1579=ELLIPSE('',#4250,3.72376293742988,3.56464727164519);
#1580=ELLIPSE('',#4251,3.72376293742987,3.56464727164949);
#1581=ELLIPSE('',#4252,2.00791138783075,1.9221137249116);
#1582=ELLIPSE('',#4253,2.00791138783075,1.92211372490695);
#1583=ELLIPSE('',#4255,3.72376293742991,3.56464727164527);
#1584=ELLIPSE('',#4257,3.72376293742985,3.56464727164958);
#1585=ELLIPSE('',#4260,4.81898733077985,4.61307293975275);
#1586=ELLIPSE('',#4261,4.81898733078483,4.61307293975366);
#1587=ELLIPSE('',#4263,4.81898733078482,4.61307293977806);
#1588=ELLIPSE('',#4264,4.81898733078483,4.61307293976762);
#1589=ELLIPSE('',#4267,3.72376293742985,3.56464727164023);
#1590=ELLIPSE('',#4268,3.72376293742985,3.56464727163314);
#1591=ELLIPSE('',#4271,3.72376293742988,3.56464727164767);
#1592=ELLIPSE('',#4272,3.72376293742986,3.5646472716408);
#1593=ELLIPSE('',#4274,2.00791138783074,1.92211372489377);
#1594=ELLIPSE('',#4275,2.00791138783078,1.92211372490546);
#1595=ELLIPSE('',#4279,1.09522439339619,1.0484256681764);
#1596=ELLIPSE('',#4280,1.09522439325195,1.04842566808815);
#1597=ELLIPSE('',#4282,1.09522439327055,1.04842566810449);
#1598=ELLIPSE('',#4283,1.09522439334811,1.04842566811699);
#1599=ELLIPSE('',#4285,0.985701954025307,0.943583101315722);
#1600=ELLIPSE('',#4293,0.933168312211493,0.908635879668775);
#1601=ELLIPSE('',#4303,0.985701655183399,0.969059401141545);
#1602=ELLIPSE('',#4304,0.985701655183112,0.969059401140212);
#1603=ELLIPSE('',#4325,1.09522439338002,1.04842566817695);
#1604=ELLIPSE('',#4326,1.09522439326377,1.04842566808598);
#1605=ELLIPSE('',#4328,1.09522439336166,1.04842566811518);
#1606=ELLIPSE('',#4329,1.09522439334712,1.04842566810394);
#1607=ELLIPSE('',#4330,0.985701954021181,0.943583101315389);
#1608=ELLIPSE('',#4332,0.985701954023283,0.943583101315683);
#1609=ELLIPSE('',#4343,0.98570165518285,0.969059401143169);
#1610=ELLIPSE('',#4344,0.985701655182558,0.969059401141829);
#1611=ELLIPSE('',#4346,0.985701655183422,0.969059401141532);
#1612=ELLIPSE('',#4347,0.985701655183134,0.969059401140203);
#1613=ELLIPSE('',#4378,2.00791138783074,1.92211372489375);
#1614=ELLIPSE('',#4379,1.09522439342526,1.04842566816978);
#1615=ELLIPSE('',#4381,1.09522439335318,1.0484256680758);
#1616=ELLIPSE('',#4383,1.09522439336018,1.048425668121);
#1617=ELLIPSE('',#4385,1.09522439339067,1.04842566813311);
#1618=ELLIPSE('',#4388,15.6982163050341,15.0274345768141);
#1619=ELLIPSE('',#4390,15.6982163041376,15.0274345756087);
#1620=ELLIPSE('',#4392,15.6982163041376,15.0274345756087);
#1621=ELLIPSE('',#4393,15.6982163050341,15.0274345768141);
#1622=ELLIPSE('',#4395,2.00791138783078,1.92211372490546);
#1623=ELLIPSE('',#4406,1.09522439347028,1.04842566817397);
#1624=ELLIPSE('',#4408,15.6982163041148,15.0274345755621);
#1625=ELLIPSE('',#4409,15.6982163041148,15.0274345755621);
#1626=ELLIPSE('',#4411,15.698216305658,15.0274345776496);
#1627=ELLIPSE('',#4412,2.00791138783075,1.9221137249116);
#1628=ELLIPSE('',#4413,2.00791138783075,1.92211372490693);
#1629=ELLIPSE('',#4416,1.09522439337801,1.0484256681467);
#1630=ELLIPSE('',#4418,1.09522439341538,1.04842566816263);
#1631=ELLIPSE('',#4420,1.09522439333689,1.04842566809906);
#1632=ELLIPSE('',#4423,15.698216305658,15.0274345776496);
#1633=ELLIPSE('',#4426,0.9857019540244,0.943583101314886);
#1634=ELLIPSE('',#4428,0.985701655182921,0.969059401143115);
#1635=ELLIPSE('',#4429,0.985701655182612,0.969059401141819);
#1636=B_SPLINE_CURVE_WITH_KNOTS('',3,(#5466,#5467,#5468,#5469,#5470,#5471,
#5472,#5473,#5474,#5475,#5476,#5477),.UNSPECIFIED.,.F.,.F.,(4,2,2,2,2,4),
(-0.14519831115236,-0.1434040777264,-0.110167168502941,-0.0748710637988651,
-0.0377685558444155,0.),.UNSPECIFIED.);
#1637=B_SPLINE_CURVE_WITH_KNOTS('',3,(#5491,#5492,#5493,#5494,#5495,#5496,
#5497,#5498,#5499,#5500,#5501,#5502),.UNSPECIFIED.,.F.,.F.,(4,2,2,2,2,4),
(-0.145198311105169,-0.143404077725772,-0.110167168502454,-0.0748710637985844,
-0.0377685558443439,0.),.UNSPECIFIED.);
#1638=B_SPLINE_CURVE_WITH_KNOTS('',3,(#5539,#5540,#5541,#5542,#5543,#5544),
 .UNSPECIFIED.,.F.,.F.,(4,2,4),(-0.0127801506880249,-0.0119327795495671,
-0.000373604886610449),.UNSPECIFIED.);
#1639=B_SPLINE_CURVE_WITH_KNOTS('',3,(#5567,#5568,#5569,#5570,#5571,#5572),
 .UNSPECIFIED.,.F.,.F.,(4,2,4),(-0.0127801534676349,-0.0119327779958868,
-0.000373604903360027),.UNSPECIFIED.);
#1640=B_SPLINE_CURVE_WITH_KNOTS('',3,(#5808,#5809,#5810,#5811,#5812,#5813,
#5814,#5815,#5816,#5817,#5818,#5819,#5820,#5821,#5822,#5823,#5824,#5825,
#5826,#5827),.UNSPECIFIED.,.F.,.F.,(4,2,2,2,2,2,2,2,2,4),(-7.844171053663,
-7.84362816985335,-7.66496028730764,-7.08804513615538,-6.51514026176286,
-6.21046306072024,-5.86231674594943,-5.29341504143737,-4.71579161118638,
-4.71496824245584),.UNSPECIFIED.);
#1641=B_SPLINE_CURVE_WITH_KNOTS('',3,(#5829,#5830,#5831,#5832,#5833,#5834,
#5835,#5836,#5837,#5838,#5839,#5840,#5841,#5842,#5843,#5844),
 .UNSPECIFIED.,.F.,.F.,(4,2,2,2,2,2,2,4),(4.72219956059438,4.72302072518085,
5.3001464485024,5.86940346334512,6.2256308745374,6.53673839993097,7.10855231540497,
7.66159758661927),.UNSPECIFIED.);
#1642=B_SPLINE_CURVE_WITH_KNOTS('',3,(#5931,#5932,#5933,#5934,#5935,#5936),
 .UNSPECIFIED.,.F.,.F.,(4,2,4),(4.60503925125977E-6,0.00359371393324182,
0.00718282282624471),.UNSPECIFIED.);
#1643=B_SPLINE_CURVE_WITH_KNOTS('',3,(#5938,#5939,#5940,#5941,#5942,#5943,
#5944),.UNSPECIFIED.,.F.,.F.,(4,3,4),(4.24970852227014E-6,0.0759936455562822,
0.0769611525783547),.UNSPECIFIED.);
#1644=B_SPLINE_CURVE_WITH_KNOTS('',3,(#5948,#5949,#5950,#5951,#5952,#5953,
#5954,#5955,#5956,#5957,#5958,#5959,#5960,#5961,#5962,#5963,#5964,#5965,
#5966,#5967),.UNSPECIFIED.,.F.,.F.,(4,2,2,2,2,2,2,2,2,4),(4.71496824245529,
4.71579161118638,5.29341504143737,5.86231674594943,6.21046306072024,6.51514026176286,
7.08804513615538,7.66496028730764,7.84362816985335,7.84481107824476),
 .UNSPECIFIED.);
#1645=B_SPLINE_CURVE_WITH_KNOTS('',3,(#5971,#5972,#5973,#5974),
 .UNSPECIFIED.,.F.,.F.,(4,4),(4.24970880770349E-6,0.076441313352052),
 .UNSPECIFIED.);
#1646=B_SPLINE_CURVE_WITH_KNOTS('',3,(#7211,#7212,#7213,#7214,#7215,#7216,
#7217,#7218,#7219,#7220,#7221,#7222,#7223,#7224,#7225,#7226,#7227,#7228,
#7229,#7230),.UNSPECIFIED.,.F.,.F.,(4,2,2,2,2,2,2,2,2,4),(-7.85076079965425,
-7.85030001936466,-7.68587643466749,-7.10855231540497,-6.53673839993097,
-6.2256308745374,-5.86940346334512,-5.3001464485024,-4.72302072518085,-4.72219956059427),
 .UNSPECIFIED.);
#1647=VERTEX_POINT('',#5464);
#1648=VERTEX_POINT('',#5465);
#1649=VERTEX_POINT('',#5478);
#1650=VERTEX_POINT('',#5480);
#1651=VERTEX_POINT('',#5482);
#1652=VERTEX_POINT('',#5484);
#1653=VERTEX_POINT('',#5486);
#1654=VERTEX_POINT('',#5488);
#1655=VERTEX_POINT('',#5490);
#1656=VERTEX_POINT('',#5503);
#1657=VERTEX_POINT('',#5505);
#1658=VERTEX_POINT('',#5507);
#1659=VERTEX_POINT('',#5509);
#1660=VERTEX_POINT('',#5511);
#1661=VERTEX_POINT('',#5513);
#1662=VERTEX_POINT('',#5515);
#1663=VERTEX_POINT('',#5517);
#1664=VERTEX_POINT('',#5519);
#1665=VERTEX_POINT('',#5523);
#1666=VERTEX_POINT('',#5524);
#1667=VERTEX_POINT('',#5538);
#1668=VERTEX_POINT('',#5545);
#1669=VERTEX_POINT('',#5549);
#1670=VERTEX_POINT('',#5553);
#1671=VERTEX_POINT('',#5566);
#1672=VERTEX_POINT('',#5573);
#1673=VERTEX_POINT('',#5577);
#1674=VERTEX_POINT('',#5581);
#1675=VERTEX_POINT('',#5585);
#1676=VERTEX_POINT('',#5586);
#1677=VERTEX_POINT('',#5600);
#1678=VERTEX_POINT('',#5602);
#1679=VERTEX_POINT('',#5606);
#1680=VERTEX_POINT('',#5610);
#1681=VERTEX_POINT('',#5614);
#1682=VERTEX_POINT('',#5616);
#1683=VERTEX_POINT('',#5618);
#1684=VERTEX_POINT('',#5620);
#1685=VERTEX_POINT('',#5623);
#1686=VERTEX_POINT('',#5625);
#1687=VERTEX_POINT('',#5627);
#1688=VERTEX_POINT('',#5629);
#1689=VERTEX_POINT('',#5631);
#1690=VERTEX_POINT('',#5633);
#1691=VERTEX_POINT('',#5635);
#1692=VERTEX_POINT('',#5637);
#1693=VERTEX_POINT('',#5639);
#1694=VERTEX_POINT('',#5641);
#1695=VERTEX_POINT('',#5643);
#1696=VERTEX_POINT('',#5645);
#1697=VERTEX_POINT('',#5647);
#1698=VERTEX_POINT('',#5649);
#1699=VERTEX_POINT('',#5651);
#1700=VERTEX_POINT('',#5653);
#1701=VERTEX_POINT('',#5655);
#1702=VERTEX_POINT('',#5657);
#1703=VERTEX_POINT('',#5659);
#1704=VERTEX_POINT('',#5661);
#1705=VERTEX_POINT('',#5663);
#1706=VERTEX_POINT('',#5665);
#1707=VERTEX_POINT('',#5667);
#1708=VERTEX_POINT('',#5671);
#1709=VERTEX_POINT('',#5673);
#1710=VERTEX_POINT('',#5677);
#1711=VERTEX_POINT('',#5679);
#1712=VERTEX_POINT('',#5685);
#1713=VERTEX_POINT('',#5686);
#1714=VERTEX_POINT('',#5688);
#1715=VERTEX_POINT('',#5690);
#1716=VERTEX_POINT('',#5692);
#1717=VERTEX_POINT('',#5696);
#1718=VERTEX_POINT('',#5698);
#1719=VERTEX_POINT('',#5702);
#1720=VERTEX_POINT('',#5703);
#1721=VERTEX_POINT('',#5705);
#1722=VERTEX_POINT('',#5707);
#1723=VERTEX_POINT('',#5711);
#1724=VERTEX_POINT('',#5712);
#1725=VERTEX_POINT('',#5717);
#1726=VERTEX_POINT('',#5718);
#1727=VERTEX_POINT('',#5723);
#1728=VERTEX_POINT('',#5724);
#1729=VERTEX_POINT('',#5729);
#1730=VERTEX_POINT('',#5732);
#1731=VERTEX_POINT('',#5736);
#1732=VERTEX_POINT('',#5740);
#1733=VERTEX_POINT('',#5742);
#1734=VERTEX_POINT('',#5746);
#1735=VERTEX_POINT('',#5748);
#1736=VERTEX_POINT('',#5752);
#1737=VERTEX_POINT('',#5754);
#1738=VERTEX_POINT('',#5756);
#1739=VERTEX_POINT('',#5758);
#1740=VERTEX_POINT('',#5762);
#1741=VERTEX_POINT('',#5765);
#1742=VERTEX_POINT('',#5769);
#1743=VERTEX_POINT('',#5773);
#1744=VERTEX_POINT('',#5775);
#1745=VERTEX_POINT('',#5777);
#1746=VERTEX_POINT('',#5779);
#1747=VERTEX_POINT('',#5794);
#1748=VERTEX_POINT('',#5796);
#1749=VERTEX_POINT('',#5798);
#1750=VERTEX_POINT('',#5800);
#1751=VERTEX_POINT('',#5804);
#1752=VERTEX_POINT('',#5806);
#1753=VERTEX_POINT('',#5807);
#1754=VERTEX_POINT('',#5828);
#1755=VERTEX_POINT('',#5846);
#1756=VERTEX_POINT('',#5848);
#1757=VERTEX_POINT('',#5850);
#1758=VERTEX_POINT('',#5853);
#1759=VERTEX_POINT('',#5855);
#1760=VERTEX_POINT('',#5857);
#1761=VERTEX_POINT('',#5859);
#1762=VERTEX_POINT('',#5929);
#1763=VERTEX_POINT('',#5930);
#1764=VERTEX_POINT('',#5937);
#1765=VERTEX_POINT('',#5945);
#1766=VERTEX_POINT('',#5947);
#1767=VERTEX_POINT('',#5969);
#1768=VERTEX_POINT('',#5989);
#1769=VERTEX_POINT('',#5991);
#1770=VERTEX_POINT('',#5995);
#1771=VERTEX_POINT('',#5997);
#1772=VERTEX_POINT('',#6001);
#1773=VERTEX_POINT('',#6002);
#1774=VERTEX_POINT('',#6004);
#1775=VERTEX_POINT('',#6006);
#1776=VERTEX_POINT('',#6019);
#1777=VERTEX_POINT('',#6020);
#1778=VERTEX_POINT('',#6022);
#1779=VERTEX_POINT('',#6024);
#1780=VERTEX_POINT('',#6028);
#1781=VERTEX_POINT('',#6030);
#1782=VERTEX_POINT('',#6043);
#1783=VERTEX_POINT('',#6045);
#1784=VERTEX_POINT('',#6049);
#1785=VERTEX_POINT('',#6050);
#1786=VERTEX_POINT('',#6052);
#1787=VERTEX_POINT('',#6054);
#1788=VERTEX_POINT('',#6057);
#1789=VERTEX_POINT('',#6058);
#1790=VERTEX_POINT('',#6060);
#1791=VERTEX_POINT('',#6062);
#1792=VERTEX_POINT('',#6066);
#1793=VERTEX_POINT('',#6068);
#1794=VERTEX_POINT('',#6081);
#1795=VERTEX_POINT('',#6085);
#1796=VERTEX_POINT('',#6113);
#1797=VERTEX_POINT('',#6114);
#1798=VERTEX_POINT('',#6116);
#1799=VERTEX_POINT('',#6118);
#1800=VERTEX_POINT('',#6122);
#1801=VERTEX_POINT('',#6123);
#1802=VERTEX_POINT('',#6137);
#1803=VERTEX_POINT('',#6138);
#1804=VERTEX_POINT('',#6146);
#1805=VERTEX_POINT('',#6147);
#1806=VERTEX_POINT('',#6149);
#1807=VERTEX_POINT('',#6151);
#1808=VERTEX_POINT('',#6164);
#1809=VERTEX_POINT('',#6166);
#1810=VERTEX_POINT('',#6170);
#1811=VERTEX_POINT('',#6172);
#1812=VERTEX_POINT('',#6189);
#1813=VERTEX_POINT('',#6190);
#1814=VERTEX_POINT('',#6192);
#1815=VERTEX_POINT('',#6194);
#1816=VERTEX_POINT('',#6198);
#1817=VERTEX_POINT('',#6199);
#1818=VERTEX_POINT('',#6201);
#1819=VERTEX_POINT('',#6203);
#1820=VERTEX_POINT('',#6207);
#1821=VERTEX_POINT('',#6209);
#1822=VERTEX_POINT('',#6214);
#1823=VERTEX_POINT('',#6215);
#1824=VERTEX_POINT('',#6217);
#1825=VERTEX_POINT('',#6219);
#1826=VERTEX_POINT('',#6221);
#1827=VERTEX_POINT('',#6223);
#1828=VERTEX_POINT('',#6225);
#1829=VERTEX_POINT('',#6229);
#1830=VERTEX_POINT('',#6230);
#1831=VERTEX_POINT('',#6232);
#1832=VERTEX_POINT('',#6234);
#1833=VERTEX_POINT('',#6236);
#1834=VERTEX_POINT('',#6238);
#1835=VERTEX_POINT('',#6240);
#1836=VERTEX_POINT('',#6244);
#1837=VERTEX_POINT('',#6246);
#1838=VERTEX_POINT('',#6263);
#1839=VERTEX_POINT('',#6267);
#1840=VERTEX_POINT('',#6268);
#1841=VERTEX_POINT('',#6270);
#1842=VERTEX_POINT('',#6272);
#1843=VERTEX_POINT('',#6277);
#1844=VERTEX_POINT('',#6279);
#1845=VERTEX_POINT('',#6283);
#1846=VERTEX_POINT('',#6284);
#1847=VERTEX_POINT('',#6286);
#1848=VERTEX_POINT('',#6288);
#1849=VERTEX_POINT('',#6292);
#1850=VERTEX_POINT('',#6294);
#1851=VERTEX_POINT('',#6298);
#1852=VERTEX_POINT('',#6299);
#1853=VERTEX_POINT('',#6302);
#1854=VERTEX_POINT('',#6304);
#1855=VERTEX_POINT('',#6306);
#1856=VERTEX_POINT('',#6308);
#1857=VERTEX_POINT('',#6310);
#1858=VERTEX_POINT('',#6313);
#1859=VERTEX_POINT('',#6314);
#1860=VERTEX_POINT('',#6319);
#1861=VERTEX_POINT('',#6323);
#1862=VERTEX_POINT('',#6324);
#1863=VERTEX_POINT('',#6327);
#1864=VERTEX_POINT('',#6329);
#1865=VERTEX_POINT('',#6331);
#1866=VERTEX_POINT('',#6333);
#1867=VERTEX_POINT('',#6335);
#1868=VERTEX_POINT('',#6337);
#1869=VERTEX_POINT('',#6359);
#1870=VERTEX_POINT('',#6363);
#1871=VERTEX_POINT('',#6364);
#1872=VERTEX_POINT('',#6367);
#1873=VERTEX_POINT('',#6369);
#1874=VERTEX_POINT('',#6372);
#1875=VERTEX_POINT('',#6376);
#1876=VERTEX_POINT('',#6378);
#1877=VERTEX_POINT('',#6382);
#1878=VERTEX_POINT('',#6388);
#1879=VERTEX_POINT('',#6390);
#1880=VERTEX_POINT('',#6392);
#1881=VERTEX_POINT('',#6413);
#1882=VERTEX_POINT('',#6434);
#1883=VERTEX_POINT('',#6438);
#1884=VERTEX_POINT('',#6439);
#1885=VERTEX_POINT('',#6442);
#1886=VERTEX_POINT('',#6448);
#1887=VERTEX_POINT('',#6452);
#1888=VERTEX_POINT('',#6454);
#1889=VERTEX_POINT('',#6464);
#1890=VERTEX_POINT('',#6472);
#1891=VERTEX_POINT('',#6481);
#1892=VERTEX_POINT('',#6482);
#1893=VERTEX_POINT('',#6484);
#1894=VERTEX_POINT('',#6486);
#1895=VERTEX_POINT('',#6490);
#1896=VERTEX_POINT('',#6493);
#1897=VERTEX_POINT('',#6494);
#1898=VERTEX_POINT('',#6496);
#1899=VERTEX_POINT('',#6498);
#1900=VERTEX_POINT('',#6505);
#1901=VERTEX_POINT('',#6507);
#1902=VERTEX_POINT('',#6511);
#1903=VERTEX_POINT('',#6513);
#1904=VERTEX_POINT('',#6520);
#1905=VERTEX_POINT('',#6521);
#1906=VERTEX_POINT('',#6523);
#1907=VERTEX_POINT('',#6525);
#1908=VERTEX_POINT('',#6527);
#1909=VERTEX_POINT('',#6529);
#1910=VERTEX_POINT('',#6531);
#1911=VERTEX_POINT('',#6535);
#1912=VERTEX_POINT('',#6536);
#1913=VERTEX_POINT('',#6538);
#1914=VERTEX_POINT('',#6540);
#1915=VERTEX_POINT('',#6542);
#1916=VERTEX_POINT('',#6544);
#1917=VERTEX_POINT('',#6546);
#1918=VERTEX_POINT('',#6563);
#1919=VERTEX_POINT('',#6567);
#1920=VERTEX_POINT('',#6568);
#1921=VERTEX_POINT('',#6570);
#1922=VERTEX_POINT('',#6572);
#1923=VERTEX_POINT('',#6593);
#1924=VERTEX_POINT('',#6597);
#1925=VERTEX_POINT('',#6599);
#1926=VERTEX_POINT('',#6612);
#1927=VERTEX_POINT('',#6613);
#1928=VERTEX_POINT('',#6615);
#1929=VERTEX_POINT('',#6617);
#1930=VERTEX_POINT('',#6624);
#1931=VERTEX_POINT('',#6630);
#1932=VERTEX_POINT('',#6632);
#1933=VERTEX_POINT('',#6635);
#1934=VERTEX_POINT('',#6637);
#1935=VERTEX_POINT('',#6640);
#1936=VERTEX_POINT('',#6642);
#1937=VERTEX_POINT('',#6645);
#1938=VERTEX_POINT('',#6648);
#1939=VERTEX_POINT('',#6650);
#1940=VERTEX_POINT('',#6653);
#1941=VERTEX_POINT('',#6655);
#1942=VERTEX_POINT('',#6657);
#1943=VERTEX_POINT('',#6660);
#1944=VERTEX_POINT('',#6662);
#1945=VERTEX_POINT('',#6666);
#1946=VERTEX_POINT('',#6670);
#1947=VERTEX_POINT('',#6674);
#1948=VERTEX_POINT('',#6676);
#1949=VERTEX_POINT('',#6678);
#1950=VERTEX_POINT('',#6680);
#1951=VERTEX_POINT('',#6684);
#1952=VERTEX_POINT('',#6686);
#1953=VERTEX_POINT('',#6690);
#1954=VERTEX_POINT('',#6703);
#1955=VERTEX_POINT('',#6707);
#1956=VERTEX_POINT('',#6711);
#1957=VERTEX_POINT('',#6716);
#1958=VERTEX_POINT('',#6722);
#1959=VERTEX_POINT('',#6726);
#1960=VERTEX_POINT('',#6814);
#1961=VERTEX_POINT('',#6827);
#1962=VERTEX_POINT('',#6828);
#1963=VERTEX_POINT('',#6830);
#1964=VERTEX_POINT('',#6832);
#1965=VERTEX_POINT('',#6834);
#1966=VERTEX_POINT('',#6836);
#1967=VERTEX_POINT('',#6840);
#1968=VERTEX_POINT('',#6842);
#1969=VERTEX_POINT('',#6855);
#1970=VERTEX_POINT('',#6864);
#1971=VERTEX_POINT('',#6866);
#1972=VERTEX_POINT('',#6870);
#1973=VERTEX_POINT('',#6879);
#1974=VERTEX_POINT('',#6883);
#1975=VERTEX_POINT('',#6885);
#1976=VERTEX_POINT('',#6887);
#1977=VERTEX_POINT('',#6889);
#1978=VERTEX_POINT('',#6891);
#1979=VERTEX_POINT('',#6900);
#1980=VERTEX_POINT('',#6904);
#1981=VERTEX_POINT('',#6913);
#1982=VERTEX_POINT('',#6918);
#1983=VERTEX_POINT('',#6922);
#1984=VERTEX_POINT('',#6924);
#1985=VERTEX_POINT('',#6928);
#1986=VERTEX_POINT('',#6930);
#1987=VERTEX_POINT('',#6932);
#1988=VERTEX_POINT('',#6943);
#1989=VERTEX_POINT('',#6953);
#1990=VERTEX_POINT('',#6959);
#1991=VERTEX_POINT('',#6982);
#1992=VERTEX_POINT('',#6984);
#1993=VERTEX_POINT('',#6990);
#1994=VERTEX_POINT('',#6992);
#1995=VERTEX_POINT('',#6994);
#1996=VERTEX_POINT('',#6998);
#1997=VERTEX_POINT('',#6999);
#1998=VERTEX_POINT('',#7001);
#1999=VERTEX_POINT('',#7003);
#2000=VERTEX_POINT('',#7012);
#2001=VERTEX_POINT('',#7014);
#2002=VERTEX_POINT('',#7018);
#2003=VERTEX_POINT('',#7019);
#2004=VERTEX_POINT('',#7021);
#2005=VERTEX_POINT('',#7023);
#2006=VERTEX_POINT('',#7037);
#2007=VERTEX_POINT('',#7038);
#2008=VERTEX_POINT('',#7040);
#2009=VERTEX_POINT('',#7042);
#2010=VERTEX_POINT('',#7061);
#2011=VERTEX_POINT('',#7063);
#2012=VERTEX_POINT('',#7067);
#2013=VERTEX_POINT('',#7078);
#2014=VERTEX_POINT('',#7082);
#2015=VERTEX_POINT('',#7091);
#2016=VERTEX_POINT('',#7144);
#2017=VERTEX_POINT('',#7149);
#2018=VERTEX_POINT('',#7151);
#2019=VERTEX_POINT('',#7159);
#2020=VERTEX_POINT('',#7163);
#2021=VERTEX_POINT('',#7207);
#2022=EDGE_CURVE('',#1647,#1648,#1636,.T.);
#2023=EDGE_CURVE('',#1649,#1647,#1556,.T.);
#2024=EDGE_CURVE('',#1650,#1649,#612,.T.);
#2025=EDGE_CURVE('',#1651,#1650,#613,.T.);
#2026=EDGE_CURVE('',#1652,#1651,#614,.T.);
#2027=EDGE_CURVE('',#1653,#1652,#615,.T.);
#2028=EDGE_CURVE('',#1654,#1653,#616,.T.);
#2029=EDGE_CURVE('',#1655,#1654,#1637,.T.);
#2030=EDGE_CURVE('',#1656,#1655,#1557,.T.);
#2031=EDGE_CURVE('',#1657,#1656,#617,.T.);
#2032=EDGE_CURVE('',#1658,#1657,#618,.T.);
#2033=EDGE_CURVE('',#1659,#1658,#619,.T.);
#2034=EDGE_CURVE('',#1660,#1659,#620,.T.);
#2035=EDGE_CURVE('',#1661,#1660,#621,.T.);
#2036=EDGE_CURVE('',#1662,#1661,#622,.T.);
#2037=EDGE_CURVE('',#1663,#1662,#623,.T.);
#2038=EDGE_CURVE('',#1664,#1663,#624,.T.);
#2039=EDGE_CURVE('',#1648,#1664,#625,.T.);
#2040=EDGE_CURVE('',#1665,#1666,#626,.T.);
#2041=EDGE_CURVE('',#1662,#1666,#627,.T.);
#2042=EDGE_CURVE('',#1665,#1661,#628,.T.);
#2043=EDGE_CURVE('',#1667,#1647,#1638,.T.);
#2044=EDGE_CURVE('',#1668,#1667,#1558,.T.);
#2045=EDGE_CURVE('',#1668,#1649,#629,.T.);
#2046=EDGE_CURVE('',#1669,#1668,#630,.T.);
#2047=EDGE_CURVE('',#1669,#1650,#631,.T.);
#2048=EDGE_CURVE('',#1670,#1669,#632,.T.);
#2049=EDGE_CURVE('',#1651,#1670,#633,.T.);
#2050=EDGE_CURVE('',#1671,#1655,#1639,.T.);
#2051=EDGE_CURVE('',#1671,#1672,#1559,.T.);
#2052=EDGE_CURVE('',#1672,#1656,#634,.T.);
#2053=EDGE_CURVE('',#1673,#1672,#635,.T.);
#2054=EDGE_CURVE('',#1673,#1657,#636,.T.);
#2055=EDGE_CURVE('',#1673,#1674,#637,.T.);
#2056=EDGE_CURVE('',#1658,#1674,#638,.T.);
#2057=EDGE_CURVE('',#1675,#1676,#639,.T.);
#2058=EDGE_CURVE('',#1675,#1660,#640,.T.);
#2059=EDGE_CURVE('',#1676,#1659,#641,.T.);
#2060=EDGE_CURVE('',#1648,#1677,#642,.T.);
#2061=EDGE_CURVE('',#1677,#1678,#1560,.T.);
#2062=EDGE_CURVE('',#1668,#1678,#643,.T.);
#2063=EDGE_CURVE('',#1664,#1679,#644,.T.);
#2064=EDGE_CURVE('',#1679,#1677,#645,.T.);
#2065=EDGE_CURVE('',#1663,#1680,#646,.T.);
#2066=EDGE_CURVE('',#1680,#1679,#647,.T.);
#2067=EDGE_CURVE('',#1666,#1681,#648,.T.);
#2068=EDGE_CURVE('',#1681,#1682,#649,.T.);
#2069=EDGE_CURVE('',#1682,#1683,#650,.T.);
#2070=EDGE_CURVE('',#1683,#1684,#651,.T.);
#2071=EDGE_CURVE('',#1676,#1684,#652,.T.);
#2072=EDGE_CURVE('',#1674,#1685,#653,.T.);
#2073=EDGE_CURVE('',#1686,#1685,#654,.T.);
#2074=EDGE_CURVE('',#1686,#1687,#655,.T.);
#2075=EDGE_CURVE('',#1687,#1688,#656,.T.);
#2076=EDGE_CURVE('',#1689,#1688,#657,.T.);
#2077=EDGE_CURVE('',#1689,#1690,#658,.T.);
#2078=EDGE_CURVE('',#1690,#1691,#659,.T.);
#2079=EDGE_CURVE('',#1691,#1692,#660,.T.);
#2080=EDGE_CURVE('',#1693,#1692,#661,.T.);
#2081=EDGE_CURVE('',#1694,#1693,#662,.T.);
#2082=EDGE_CURVE('',#1694,#1695,#663,.T.);
#2083=EDGE_CURVE('',#1695,#1696,#664,.T.);
#2084=EDGE_CURVE('',#1696,#1697,#665,.T.);
#2085=EDGE_CURVE('',#1698,#1697,#666,.T.);
#2086=EDGE_CURVE('',#1699,#1698,#667,.T.);
#2087=EDGE_CURVE('',#1699,#1700,#668,.T.);
#2088=EDGE_CURVE('',#1700,#1701,#669,.T.);
#2089=EDGE_CURVE('',#1702,#1701,#670,.T.);
#2090=EDGE_CURVE('',#1703,#1702,#671,.T.);
#2091=EDGE_CURVE('',#1704,#1703,#672,.T.);
#2092=EDGE_CURVE('',#1704,#1705,#673,.T.);
#2093=EDGE_CURVE('',#1706,#1705,#674,.T.);
#2094=EDGE_CURVE('',#1707,#1706,#675,.T.);
#2095=EDGE_CURVE('',#1707,#1680,#676,.T.);
#2096=EDGE_CURVE('',#1684,#1708,#677,.T.);
#2097=EDGE_CURVE('',#1683,#1709,#678,.T.);
#2098=EDGE_CURVE('',#1708,#1709,#679,.T.);
#2099=EDGE_CURVE('',#1710,#1681,#680,.T.);
#2100=EDGE_CURVE('',#1710,#1711,#681,.T.);
#2101=EDGE_CURVE('',#1711,#1682,#682,.T.);
#2102=EDGE_CURVE('',#1709,#1711,#683,.T.);
#2103=EDGE_CURVE('',#1712,#1713,#684,.T.);
#2104=EDGE_CURVE('',#1712,#1714,#685,.T.);
#2105=EDGE_CURVE('',#1714,#1715,#686,.T.);
#2106=EDGE_CURVE('',#1715,#1716,#687,.T.);
#2107=EDGE_CURVE('',#1716,#1713,#688,.T.);
#2108=EDGE_CURVE('',#1717,#1712,#689,.T.);
#2109=EDGE_CURVE('',#1718,#1717,#690,.T.);
#2110=EDGE_CURVE('',#1714,#1718,#691,.T.);
#2111=EDGE_CURVE('',#1719,#1720,#692,.T.);
#2112=EDGE_CURVE('',#1721,#1720,#64,.T.);
#2113=EDGE_CURVE('',#1722,#1721,#693,.T.);
#2114=EDGE_CURVE('',#1719,#1722,#65,.T.);
#2115=EDGE_CURVE('',#1723,#1724,#694,.T.);
#2116=EDGE_CURVE('',#1723,#1720,#695,.T.);
#2117=EDGE_CURVE('',#1724,#1719,#696,.T.);
#2118=EDGE_CURVE('',#1725,#1726,#697,.T.);
#2119=EDGE_CURVE('',#1723,#1725,#66,.T.);
#2120=EDGE_CURVE('',#1726,#1724,#67,.T.);
#2121=EDGE_CURVE('',#1727,#1728,#698,.T.);
#2122=EDGE_CURVE('',#1728,#1725,#68,.T.);
#2123=EDGE_CURVE('',#1727,#1726,#69,.T.);
#2124=EDGE_CURVE('',#1729,#1729,#70,.T.);
#2125=EDGE_CURVE('',#1730,#1730,#71,.T.);
#2126=EDGE_CURVE('',#1730,#1729,#699,.T.);
#2127=EDGE_CURVE('',#1730,#1731,#700,.T.);
#2128=EDGE_CURVE('',#1731,#1731,#72,.T.);
#2129=EDGE_CURVE('',#1732,#1732,#73,.T.);
#2130=EDGE_CURVE('',#1732,#1733,#701,.T.);
#2131=EDGE_CURVE('',#1733,#1733,#74,.T.);
#2132=EDGE_CURVE('',#1734,#1734,#75,.T.);
#2133=EDGE_CURVE('',#1734,#1735,#702,.T.);
#2134=EDGE_CURVE('',#1735,#1735,#76,.T.);
#2135=EDGE_CURVE('',#1736,#1717,#703,.T.);
#2136=EDGE_CURVE('',#1736,#1737,#704,.T.);
#2137=EDGE_CURVE('',#1737,#1738,#77,.T.);
#2138=EDGE_CURVE('',#1738,#1739,#705,.T.);
#2139=EDGE_CURVE('',#1739,#1727,#78,.T.);
#2140=EDGE_CURVE('',#1718,#1722,#706,.T.);
#2141=EDGE_CURVE('',#1740,#1740,#79,.T.);
#2142=EDGE_CURVE('',#1741,#1741,#80,.T.);
#2143=EDGE_CURVE('',#1741,#1740,#707,.T.);
#2144=EDGE_CURVE('',#1721,#1742,#708,.T.);
#2145=EDGE_CURVE('',#1742,#1715,#81,.T.);
#2146=EDGE_CURVE('',#1728,#1743,#82,.T.);
#2147=EDGE_CURVE('',#1744,#1743,#709,.T.);
#2148=EDGE_CURVE('',#1744,#1745,#83,.T.);
#2149=EDGE_CURVE('',#1745,#1746,#710,.T.);
#2150=EDGE_CURVE('',#1746,#1742,#711,.T.);
#2151=EDGE_CURVE('',#1713,#1736,#712,.T.);
#2152=EDGE_CURVE('',#1716,#1746,#84,.T.);
#2153=EDGE_CURVE('',#1745,#1737,#713,.T.);
#2154=EDGE_CURVE('',#1744,#1738,#714,.T.);
#2155=EDGE_CURVE('',#1739,#1743,#715,.T.);
#2156=EDGE_CURVE('',#1675,#1708,#716,.T.);
#2157=EDGE_CURVE('',#1747,#1747,#1561,.T.);
#2158=EDGE_CURVE('',#1748,#1748,#1562,.T.);
#2159=EDGE_CURVE('',#1749,#1749,#1563,.T.);
#2160=EDGE_CURVE('',#1750,#1750,#1564,.T.);
#2161=EDGE_CURVE('',#1665,#1710,#717,.T.);
#2162=EDGE_CURVE('',#1751,#1751,#1565,.T.);
#2163=EDGE_CURVE('',#1752,#1753,#1640,.F.);
#2164=EDGE_CURVE('',#1752,#1754,#1641,.T.);
#2165=EDGE_CURVE('',#1753,#1754,#1566,.F.);
#2166=EDGE_CURVE('',#1755,#1755,#1567,.T.);
#2167=EDGE_CURVE('',#1756,#1756,#1568,.T.);
#2168=EDGE_CURVE('',#1757,#1757,#1569,.T.);
#2169=EDGE_CURVE('',#1758,#1758,#1570,.T.);
#2170=EDGE_CURVE('',#1759,#1759,#1571,.T.);
#2171=EDGE_CURVE('',#1760,#1760,#1572,.T.);
#2172=EDGE_CURVE('',#1761,#1761,#1573,.T.);
#2173=EDGE_CURVE('',#1762,#1763,#1642,.F.);
#2174=EDGE_CURVE('',#1763,#1764,#1643,.T.);
#2175=EDGE_CURVE('',#1765,#1764,#718,.F.);
#2176=EDGE_CURVE('',#1766,#1765,#1644,.T.);
#2177=EDGE_CURVE('',#1752,#1766,#719,.T.);
#2178=EDGE_CURVE('',#1753,#1767,#720,.F.);
#2179=EDGE_CURVE('',#1762,#1767,#1645,.T.);
#2180=EDGE_CURVE('',#1754,#1768,#721,.T.);
#2181=EDGE_CURVE('',#1768,#1769,#1574,.T.);
#2182=EDGE_CURVE('',#1769,#1767,#722,.F.);
#2183=EDGE_CURVE('',#1769,#1770,#723,.T.);
#2184=EDGE_CURVE('',#1771,#1770,#724,.T.);
#2185=EDGE_CURVE('',#1771,#1762,#725,.T.);
#2186=EDGE_CURVE('',#1772,#1773,#726,.T.);
#2187=EDGE_CURVE('',#1774,#1772,#727,.T.);
#2188=EDGE_CURVE('',#1774,#1775,#728,.T.);
#2189=EDGE_CURVE('',#1773,#1775,#729,.T.);
#2190=EDGE_CURVE('',#1776,#1777,#730,.T.);
#2191=EDGE_CURVE('',#1778,#1777,#1575,.T.);
#2192=EDGE_CURVE('',#1779,#1778,#731,.T.);
#2193=EDGE_CURVE('',#1776,#1779,#1576,.T.);
#2194=EDGE_CURVE('',#1780,#1778,#732,.T.);
#2195=EDGE_CURVE('',#1781,#1780,#733,.T.);
#2196=EDGE_CURVE('',#1781,#1779,#734,.T.);
#2197=EDGE_CURVE('',#1782,#1780,#1577,.T.);
#2198=EDGE_CURVE('',#1783,#1782,#735,.T.);
#2199=EDGE_CURVE('',#1781,#1783,#1578,.T.);
#2200=EDGE_CURVE('',#1784,#1785,#736,.T.);
#2201=EDGE_CURVE('',#1785,#1786,#1579,.T.);
#2202=EDGE_CURVE('',#1786,#1787,#737,.T.);
#2203=EDGE_CURVE('',#1787,#1784,#1580,.T.);
#2204=EDGE_CURVE('',#1788,#1789,#1581,.T.);
#2205=EDGE_CURVE('',#1788,#1790,#738,.T.);
#2206=EDGE_CURVE('',#1791,#1790,#1582,.T.);
#2207=EDGE_CURVE('',#1791,#1789,#739,.T.);
#2208=EDGE_CURVE('',#1785,#1792,#740,.T.);
#2209=EDGE_CURVE('',#1784,#1793,#741,.T.);
#2210=EDGE_CURVE('',#1792,#1793,#742,.T.);
#2211=EDGE_CURVE('',#1794,#1792,#1583,.T.);
#2212=EDGE_CURVE('',#1786,#1794,#743,.T.);
#2213=EDGE_CURVE('',#1787,#1795,#744,.T.);
#2214=EDGE_CURVE('',#1795,#1794,#745,.T.);
#2215=EDGE_CURVE('',#1793,#1795,#1584,.T.);
#2216=EDGE_CURVE('',#1776,#1783,#746,.T.);
#2217=EDGE_CURVE('',#1777,#1782,#747,.T.);
#2218=EDGE_CURVE('',#1796,#1797,#748,.T.);
#2219=EDGE_CURVE('',#1798,#1797,#1585,.T.);
#2220=EDGE_CURVE('',#1799,#1798,#749,.T.);
#2221=EDGE_CURVE('',#1799,#1796,#1586,.T.);
#2222=EDGE_CURVE('',#1800,#1801,#750,.T.);
#2223=EDGE_CURVE('',#1797,#1801,#751,.T.);
#2224=EDGE_CURVE('',#1800,#1796,#752,.T.);
#2225=EDGE_CURVE('',#1802,#1803,#753,.T.);
#2226=EDGE_CURVE('',#1801,#1803,#1587,.T.);
#2227=EDGE_CURVE('',#1800,#1802,#1588,.T.);
#2228=EDGE_CURVE('',#1803,#1798,#754,.T.);
#2229=EDGE_CURVE('',#1799,#1802,#755,.T.);
#2230=EDGE_CURVE('',#1804,#1805,#756,.T.);
#2231=EDGE_CURVE('',#1804,#1806,#757,.T.);
#2232=EDGE_CURVE('',#1806,#1807,#758,.T.);
#2233=EDGE_CURVE('',#1807,#1805,#759,.T.);
#2234=EDGE_CURVE('',#1808,#1807,#1589,.T.);
#2235=EDGE_CURVE('',#1806,#1809,#1590,.T.);
#2236=EDGE_CURVE('',#1809,#1808,#760,.T.);
#2237=EDGE_CURVE('',#1809,#1810,#761,.T.);
#2238=EDGE_CURVE('',#1810,#1811,#762,.T.);
#2239=EDGE_CURVE('',#1811,#1808,#763,.T.);
#2240=EDGE_CURVE('',#1805,#1811,#1591,.T.);
#2241=EDGE_CURVE('',#1810,#1804,#1592,.T.);
#2242=EDGE_CURVE('',#1812,#1813,#1593,.T.);
#2243=EDGE_CURVE('',#1814,#1813,#764,.T.);
#2244=EDGE_CURVE('',#1814,#1815,#1594,.T.);
#2245=EDGE_CURVE('',#1812,#1815,#765,.T.);
#2246=EDGE_CURVE('',#1816,#1817,#766,.T.);
#2247=EDGE_CURVE('',#1816,#1818,#767,.T.);
#2248=EDGE_CURVE('',#1818,#1819,#768,.T.);
#2249=EDGE_CURVE('',#1817,#1819,#769,.T.);
#2250=EDGE_CURVE('',#1775,#1820,#770,.T.);
#2251=EDGE_CURVE('',#1820,#1821,#771,.T.);
#2252=EDGE_CURVE('',#1821,#1817,#772,.T.);
#2253=EDGE_CURVE('',#1773,#1819,#773,.T.);
#2254=EDGE_CURVE('',#1822,#1823,#774,.T.);
#2255=EDGE_CURVE('',#1823,#1824,#1595,.T.);
#2256=EDGE_CURVE('',#1825,#1824,#775,.T.);
#2257=EDGE_CURVE('',#1826,#1825,#776,.T.);
#2258=EDGE_CURVE('',#1826,#1827,#777,.T.);
#2259=EDGE_CURVE('',#1827,#1828,#778,.T.);
#2260=EDGE_CURVE('',#1828,#1822,#1596,.T.);
#2261=EDGE_CURVE('',#1829,#1830,#779,.T.);
#2262=EDGE_CURVE('',#1830,#1831,#1597,.T.);
#2263=EDGE_CURVE('',#1832,#1831,#780,.T.);
#2264=EDGE_CURVE('',#1832,#1833,#781,.T.);
#2265=EDGE_CURVE('',#1833,#1834,#782,.T.);
#2266=EDGE_CURVE('',#1835,#1834,#783,.T.);
#2267=EDGE_CURVE('',#1835,#1829,#1598,.T.);
#2268=EDGE_CURVE('',#1826,#1836,#784,.T.);
#2269=EDGE_CURVE('',#1837,#1825,#785,.T.);
#2270=EDGE_CURVE('',#1836,#1837,#786,.T.);
#2271=EDGE_CURVE('',#1838,#1838,#1599,.T.);
#2272=EDGE_CURVE('',#1757,#1838,#787,.T.);
#2273=EDGE_CURVE('',#1839,#1840,#788,.T.);
#2274=EDGE_CURVE('',#1841,#1840,#789,.T.);
#2275=EDGE_CURVE('',#1841,#1842,#790,.T.);
#2276=EDGE_CURVE('',#1842,#1839,#791,.T.);
#2277=EDGE_CURVE('',#1694,#1841,#792,.T.);
#2278=EDGE_CURVE('',#1693,#1843,#793,.T.);
#2279=EDGE_CURVE('',#1843,#1844,#794,.T.);
#2280=EDGE_CURVE('',#1844,#1842,#795,.T.);
#2281=EDGE_CURVE('',#1845,#1846,#796,.T.);
#2282=EDGE_CURVE('',#1847,#1846,#797,.T.);
#2283=EDGE_CURVE('',#1848,#1847,#798,.T.);
#2284=EDGE_CURVE('',#1848,#1845,#799,.T.);
#2285=EDGE_CURVE('',#1846,#1849,#800,.T.);
#2286=EDGE_CURVE('',#1850,#1849,#801,.T.);
#2287=EDGE_CURVE('',#1850,#1847,#802,.T.);
#2288=EDGE_CURVE('',#1851,#1852,#803,.T.);
#2289=EDGE_CURVE('',#1852,#1843,#804,.T.);
#2290=EDGE_CURVE('',#1843,#1853,#805,.T.);
#2291=EDGE_CURVE('',#1854,#1853,#806,.T.);
#2292=EDGE_CURVE('',#1854,#1855,#807,.T.);
#2293=EDGE_CURVE('',#1855,#1856,#808,.T.);
#2294=EDGE_CURVE('',#1857,#1856,#809,.T.);
#2295=EDGE_CURVE('',#1851,#1857,#810,.T.);
#2296=EDGE_CURVE('',#1858,#1859,#811,.T.);
#2297=EDGE_CURVE('',#1858,#1845,#812,.T.);
#2298=EDGE_CURVE('',#1859,#1848,#813,.T.);
#2299=EDGE_CURVE('',#1673,#1860,#814,.T.);
#2300=EDGE_CURVE('',#1685,#1860,#815,.T.);
#2301=EDGE_CURVE('',#1861,#1862,#816,.T.);
#2302=EDGE_CURVE('',#1686,#1861,#817,.T.);
#2303=EDGE_CURVE('',#1860,#1863,#818,.T.);
#2304=EDGE_CURVE('',#1863,#1864,#1600,.T.);
#2305=EDGE_CURVE('',#1865,#1864,#819,.T.);
#2306=EDGE_CURVE('',#1865,#1866,#820,.T.);
#2307=EDGE_CURVE('',#1867,#1866,#821,.T.);
#2308=EDGE_CURVE('',#1868,#1867,#822,.T.);
#2309=EDGE_CURVE('',#1868,#1678,#823,.T.);
#2310=EDGE_CURVE('',#1707,#1862,#824,.T.);
#2311=EDGE_CURVE('',#1866,#1652,#825,.T.);
#2312=EDGE_CURVE('',#1865,#1653,#826,.T.);
#2313=EDGE_CURVE('',#1654,#1864,#827,.T.);
#2314=EDGE_CURVE('',#1672,#1863,#828,.T.);
#2315=EDGE_CURVE('',#1869,#1861,#829,.T.);
#2316=EDGE_CURVE('',#1687,#1869,#830,.T.);
#2317=EDGE_CURVE('',#1870,#1871,#831,.T.);
#2318=EDGE_CURVE('',#1871,#1692,#832,.T.);
#2319=EDGE_CURVE('',#1691,#1872,#833,.T.);
#2320=EDGE_CURVE('',#1873,#1872,#834,.T.);
#2321=EDGE_CURVE('',#1873,#1833,#835,.T.);
#2322=EDGE_CURVE('',#1832,#1874,#836,.T.);
#2323=EDGE_CURVE('',#1874,#1870,#837,.T.);
#2324=EDGE_CURVE('',#1875,#1691,#838,.T.);
#2325=EDGE_CURVE('',#1876,#1690,#839,.T.);
#2326=EDGE_CURVE('',#1875,#1876,#840,.T.);
#2327=EDGE_CURVE('',#1690,#1877,#841,.T.);
#2328=EDGE_CURVE('',#1876,#1877,#842,.T.);
#2329=EDGE_CURVE('',#1872,#1875,#843,.T.);
#2330=EDGE_CURVE('',#1875,#1878,#844,.T.);
#2331=EDGE_CURVE('',#1875,#1879,#845,.T.);
#2332=EDGE_CURVE('',#1880,#1879,#846,.T.);
#2333=EDGE_CURVE('',#1880,#1878,#847,.T.);
#2334=EDGE_CURVE('',#1881,#1881,#1601,.T.);
#2335=EDGE_CURVE('',#1748,#1881,#848,.T.);
#2336=EDGE_CURVE('',#1882,#1882,#1602,.T.);
#2337=EDGE_CURVE('',#1747,#1882,#849,.T.);
#2338=EDGE_CURVE('',#1883,#1884,#850,.T.);
#2339=EDGE_CURVE('',#1869,#1883,#851,.T.);
#2340=EDGE_CURVE('',#1885,#1869,#852,.T.);
#2341=EDGE_CURVE('',#1885,#1884,#853,.T.);
#2342=EDGE_CURVE('',#1861,#1885,#854,.T.);
#2343=EDGE_CURVE('',#1886,#1885,#855,.T.);
#2344=EDGE_CURVE('',#1862,#1886,#856,.T.);
#2345=EDGE_CURVE('',#1887,#1874,#857,.T.);
#2346=EDGE_CURVE('',#1887,#1888,#858,.T.);
#2347=EDGE_CURVE('',#1870,#1888,#859,.T.);
#2348=EDGE_CURVE('',#1888,#1854,#860,.T.);
#2349=EDGE_CURVE('',#1854,#1870,#861,.T.);
#2350=EDGE_CURVE('',#1871,#1853,#862,.T.);
#2351=EDGE_CURVE('',#1889,#1873,#863,.T.);
#2352=EDGE_CURVE('',#1834,#1889,#864,.T.);
#2353=EDGE_CURVE('',#1696,#1852,#865,.T.);
#2354=EDGE_CURVE('',#1697,#1851,#866,.T.);
#2355=EDGE_CURVE('',#1840,#1695,#867,.T.);
#2356=EDGE_CURVE('',#1839,#1890,#868,.T.);
#2357=EDGE_CURVE('',#1852,#1890,#869,.T.);
#2358=EDGE_CURVE('',#1844,#1890,#870,.T.);
#2359=EDGE_CURVE('',#1867,#1670,#871,.T.);
#2360=EDGE_CURVE('',#1891,#1892,#872,.T.);
#2361=EDGE_CURVE('',#1893,#1891,#873,.T.);
#2362=EDGE_CURVE('',#1894,#1893,#874,.T.);
#2363=EDGE_CURVE('',#1892,#1894,#875,.T.);
#2364=EDGE_CURVE('',#1895,#1888,#876,.T.);
#2365=EDGE_CURVE('',#1895,#1855,#877,.T.);
#2366=EDGE_CURVE('',#1896,#1897,#878,.T.);
#2367=EDGE_CURVE('',#1896,#1898,#879,.T.);
#2368=EDGE_CURVE('',#1898,#1899,#880,.T.);
#2369=EDGE_CURVE('',#1899,#1897,#881,.T.);
#2370=EDGE_CURVE('',#1849,#1898,#882,.T.);
#2371=EDGE_CURVE('',#1896,#1850,#883,.T.);
#2372=EDGE_CURVE('',#1897,#1900,#884,.T.);
#2373=EDGE_CURVE('',#1900,#1901,#885,.T.);
#2374=EDGE_CURVE('',#1901,#1859,#886,.T.);
#2375=EDGE_CURVE('',#1902,#1771,#887,.T.);
#2376=EDGE_CURVE('',#1903,#1770,#888,.T.);
#2377=EDGE_CURVE('',#1902,#1903,#889,.T.);
#2378=EDGE_CURVE('',#1892,#1902,#890,.T.);
#2379=EDGE_CURVE('',#1891,#1903,#891,.T.);
#2380=EDGE_CURVE('',#1904,#1905,#892,.T.);
#2381=EDGE_CURVE('',#1906,#1904,#893,.T.);
#2382=EDGE_CURVE('',#1906,#1907,#894,.T.);
#2383=EDGE_CURVE('',#1907,#1908,#895,.T.);
#2384=EDGE_CURVE('',#1909,#1908,#1603,.T.);
#2385=EDGE_CURVE('',#1910,#1909,#896,.T.);
#2386=EDGE_CURVE('',#1905,#1910,#1604,.T.);
#2387=EDGE_CURVE('',#1911,#1912,#897,.T.);
#2388=EDGE_CURVE('',#1913,#1912,#898,.T.);
#2389=EDGE_CURVE('',#1914,#1913,#899,.T.);
#2390=EDGE_CURVE('',#1914,#1915,#900,.T.);
#2391=EDGE_CURVE('',#1916,#1915,#1605,.T.);
#2392=EDGE_CURVE('',#1917,#1916,#901,.T.);
#2393=EDGE_CURVE('',#1911,#1917,#1606,.T.);
#2394=EDGE_CURVE('',#1918,#1918,#1607,.T.);
#2395=EDGE_CURVE('',#1918,#1755,#902,.T.);
#2396=EDGE_CURVE('',#1919,#1920,#903,.T.);
#2397=EDGE_CURVE('',#1919,#1921,#904,.T.);
#2398=EDGE_CURVE('',#1922,#1921,#905,.T.);
#2399=EDGE_CURVE('',#1920,#1922,#906,.T.);
#2400=EDGE_CURVE('',#1923,#1923,#1608,.T.);
#2401=EDGE_CURVE('',#1923,#1756,#907,.T.);
#2402=EDGE_CURVE('',#1924,#1920,#908,.T.);
#2403=EDGE_CURVE('',#1922,#1925,#909,.T.);
#2404=EDGE_CURVE('',#1924,#1925,#910,.T.);
#2405=EDGE_CURVE('',#1851,#1925,#911,.T.);
#2406=EDGE_CURVE('',#1857,#1924,#912,.T.);
#2407=EDGE_CURVE('',#1700,#1857,#913,.T.);
#2408=EDGE_CURVE('',#1699,#1919,#914,.T.);
#2409=EDGE_CURVE('',#1868,#1669,#915,.T.);
#2410=EDGE_CURVE('',#1926,#1927,#916,.T.);
#2411=EDGE_CURVE('',#1926,#1928,#917,.T.);
#2412=EDGE_CURVE('',#1929,#1928,#918,.T.);
#2413=EDGE_CURVE('',#1927,#1929,#919,.T.);
#2414=EDGE_CURVE('',#1927,#1893,#920,.T.);
#2415=EDGE_CURVE('',#1894,#1929,#921,.T.);
#2416=EDGE_CURVE('',#1886,#1930,#922,.T.);
#2417=EDGE_CURVE('',#1930,#1862,#923,.T.);
#2418=EDGE_CURVE('',#1706,#1930,#924,.T.);
#2419=EDGE_CURVE('',#1703,#1931,#925,.T.);
#2420=EDGE_CURVE('',#1932,#1931,#926,.T.);
#2421=EDGE_CURVE('',#1704,#1932,#927,.T.);
#2422=EDGE_CURVE('',#1933,#1933,#1609,.T.);
#2423=EDGE_CURVE('',#1934,#1934,#1610,.T.);
#2424=EDGE_CURVE('',#1705,#1935,#928,.T.);
#2425=EDGE_CURVE('',#1936,#1935,#929,.T.);
#2426=EDGE_CURVE('',#1906,#1936,#930,.T.);
#2427=EDGE_CURVE('',#1904,#1937,#931,.T.);
#2428=EDGE_CURVE('',#1930,#1937,#932,.T.);
#2429=EDGE_CURVE('',#1938,#1938,#1611,.T.);
#2430=EDGE_CURVE('',#1939,#1939,#1612,.T.);
#2431=EDGE_CURVE('',#1914,#1940,#933,.T.);
#2432=EDGE_CURVE('',#1941,#1913,#934,.T.);
#2433=EDGE_CURVE('',#1942,#1941,#935,.T.);
#2434=EDGE_CURVE('',#1702,#1942,#936,.T.);
#2435=EDGE_CURVE('',#1943,#1701,#937,.T.);
#2436=EDGE_CURVE('',#1944,#1943,#938,.T.);
#2437=EDGE_CURVE('',#1940,#1944,#939,.T.);
#2438=EDGE_CURVE('',#1945,#1932,#940,.T.);
#2439=EDGE_CURVE('',#1704,#1945,#941,.T.);
#2440=EDGE_CURVE('',#1705,#1946,#942,.T.);
#2441=EDGE_CURVE('',#1946,#1945,#943,.T.);
#2442=EDGE_CURVE('',#1947,#1945,#944,.T.);
#2443=EDGE_CURVE('',#1948,#1947,#945,.T.);
#2444=EDGE_CURVE('',#1948,#1949,#946,.T.);
#2445=EDGE_CURVE('',#1950,#1949,#947,.T.);
#2446=EDGE_CURVE('',#1946,#1950,#948,.T.);
#2447=EDGE_CURVE('',#1946,#1951,#949,.T.);
#2448=EDGE_CURVE('',#1952,#1950,#950,.T.);
#2449=EDGE_CURVE('',#1952,#1951,#951,.T.);
#2450=EDGE_CURVE('',#1953,#1949,#952,.T.);
#2451=EDGE_CURVE('',#1952,#1953,#953,.T.);
#2452=EDGE_CURVE('',#1947,#1703,#954,.T.);
#2453=EDGE_CURVE('',#1931,#1947,#955,.T.);
#2454=EDGE_CURVE('',#1948,#1702,#956,.T.);
#2455=EDGE_CURVE('',#1948,#1942,#957,.T.);
#2456=EDGE_CURVE('',#1935,#1946,#958,.T.);
#2457=EDGE_CURVE('',#1954,#1907,#959,.T.);
#2458=EDGE_CURVE('',#1954,#1936,#960,.T.);
#2459=EDGE_CURVE('',#1941,#1955,#961,.T.);
#2460=EDGE_CURVE('',#1912,#1955,#962,.T.);
#2461=EDGE_CURVE('',#1956,#1948,#963,.T.);
#2462=EDGE_CURVE('',#1953,#1956,#964,.T.);
#2463=EDGE_CURVE('',#1944,#1895,#965,.T.);
#2464=EDGE_CURVE('',#1957,#1895,#966,.T.);
#2465=EDGE_CURVE('',#1957,#1940,#967,.T.);
#2466=EDGE_CURVE('',#1855,#1944,#968,.T.);
#2467=EDGE_CURVE('',#1901,#1958,#969,.T.);
#2468=EDGE_CURVE('',#1858,#1958,#970,.T.);
#2469=EDGE_CURVE('',#1900,#1959,#971,.T.);
#2470=EDGE_CURVE('',#1958,#1959,#972,.T.);
#2471=EDGE_CURVE('',#1959,#1899,#973,.T.);
#2472=EDGE_CURVE('',#1921,#1698,#974,.T.);
#2473=EDGE_CURVE('',#1943,#1856,#975,.T.);
#2474=EDGE_CURVE('',#1933,#1761,#976,.T.);
#2475=EDGE_CURVE('',#1934,#1759,#977,.T.);
#2476=EDGE_CURVE('',#1938,#1760,#978,.T.);
#2477=EDGE_CURVE('',#1939,#1758,#979,.T.);
#2478=EDGE_CURVE('',#1937,#1960,#980,.T.);
#2479=EDGE_CURVE('',#1886,#1960,#981,.T.);
#2480=EDGE_CURVE('',#1928,#1763,#982,.T.);
#2481=EDGE_CURVE('',#1764,#1926,#983,.T.);
#2482=EDGE_CURVE('',#1956,#1955,#984,.T.);
#2483=EDGE_CURVE('',#1954,#1951,#985,.T.);
#2484=EDGE_CURVE('',#1961,#1962,#986,.T.);
#2485=EDGE_CURVE('',#1961,#1963,#987,.T.);
#2486=EDGE_CURVE('',#1963,#1964,#988,.T.);
#2487=EDGE_CURVE('',#1964,#1965,#989,.T.);
#2488=EDGE_CURVE('',#1965,#1966,#990,.T.);
#2489=EDGE_CURVE('',#1966,#1962,#991,.T.);
#2490=EDGE_CURVE('',#1813,#1967,#992,.T.);
#2491=EDGE_CURVE('',#1967,#1968,#993,.T.);
#2492=EDGE_CURVE('',#1814,#1968,#994,.T.);
#2493=EDGE_CURVE('',#1812,#1969,#995,.T.);
#2494=EDGE_CURVE('',#1969,#1967,#1613,.T.);
#2495=EDGE_CURVE('',#1970,#1910,#996,.T.);
#2496=EDGE_CURVE('',#1970,#1971,#1614,.T.);
#2497=EDGE_CURVE('',#1971,#1905,#997,.T.);
#2498=EDGE_CURVE('',#1909,#1972,#998,.T.);
#2499=EDGE_CURVE('',#1972,#1970,#999,.T.);
#2500=EDGE_CURVE('',#1908,#1973,#1000,.T.);
#2501=EDGE_CURVE('',#1973,#1972,#1615,.T.);
#2502=EDGE_CURVE('',#1974,#1911,#1001,.T.);
#2503=EDGE_CURVE('',#1975,#1974,#1002,.T.);
#2504=EDGE_CURVE('',#1975,#1976,#1003,.T.);
#2505=EDGE_CURVE('',#1976,#1977,#1004,.T.);
#2506=EDGE_CURVE('',#1978,#1977,#1005,.T.);
#2507=EDGE_CURVE('',#1973,#1978,#1006,.T.);
#2508=EDGE_CURVE('',#1979,#1917,#1007,.T.);
#2509=EDGE_CURVE('',#1979,#1974,#1616,.T.);
#2510=EDGE_CURVE('',#1916,#1980,#1008,.T.);
#2511=EDGE_CURVE('',#1980,#1979,#1009,.T.);
#2512=EDGE_CURVE('',#1915,#1981,#1010,.T.);
#2513=EDGE_CURVE('',#1981,#1980,#1617,.T.);
#2514=EDGE_CURVE('',#1961,#1960,#1011,.T.);
#2515=EDGE_CURVE('',#1982,#1971,#1012,.T.);
#2516=EDGE_CURVE('',#1982,#1963,#1013,.T.);
#2517=EDGE_CURVE('',#1983,#1978,#1014,.T.);
#2518=EDGE_CURVE('',#1983,#1984,#1618,.T.);
#2519=EDGE_CURVE('',#1982,#1984,#1015,.T.);
#2520=EDGE_CURVE('',#1985,#1981,#1016,.T.);
#2521=EDGE_CURVE('',#1985,#1986,#1017,.T.);
#2522=EDGE_CURVE('',#1986,#1987,#1619,.T.);
#2523=EDGE_CURVE('',#1987,#1975,#1018,.T.);
#2524=EDGE_CURVE('',#1984,#1964,#1019,.T.);
#2525=EDGE_CURVE('',#1965,#1988,#1620,.T.);
#2526=EDGE_CURVE('',#1988,#1987,#1020,.T.);
#2527=EDGE_CURVE('',#1986,#1965,#1021,.T.);
#2528=EDGE_CURVE('',#1989,#1964,#1621,.T.);
#2529=EDGE_CURVE('',#1989,#1983,#1022,.T.);
#2530=EDGE_CURVE('',#1977,#1989,#1023,.T.);
#2531=EDGE_CURVE('',#1976,#1988,#1024,.T.);
#2532=EDGE_CURVE('',#1990,#1969,#1025,.T.);
#2533=EDGE_CURVE('',#1968,#1990,#1622,.T.);
#2534=EDGE_CURVE('',#1815,#1990,#1026,.T.);
#2535=EDGE_CURVE('',#1985,#1966,#1027,.T.);
#2536=EDGE_CURVE('',#1957,#1962,#1028,.T.);
#2537=EDGE_CURVE('',#1991,#1876,#1029,.T.);
#2538=EDGE_CURVE('',#1877,#1992,#1030,.T.);
#2539=EDGE_CURVE('',#1991,#1992,#1031,.T.);
#2540=EDGE_CURVE('',#1889,#1878,#1032,.T.);
#2541=EDGE_CURVE('',#1993,#1837,#1033,.T.);
#2542=EDGE_CURVE('',#1993,#1994,#1034,.T.);
#2543=EDGE_CURVE('',#1994,#1995,#1035,.T.);
#2544=EDGE_CURVE('',#1995,#1836,#1036,.T.);
#2545=EDGE_CURVE('',#1996,#1997,#1037,.T.);
#2546=EDGE_CURVE('',#1998,#1996,#1038,.T.);
#2547=EDGE_CURVE('',#1999,#1998,#1039,.T.);
#2548=EDGE_CURVE('',#1997,#1999,#1040,.T.);
#2549=EDGE_CURVE('',#1830,#2000,#1041,.T.);
#2550=EDGE_CURVE('',#2001,#2000,#1623,.T.);
#2551=EDGE_CURVE('',#1831,#2001,#1042,.T.);
#2552=EDGE_CURVE('',#2002,#2003,#1043,.T.);
#2553=EDGE_CURVE('',#2003,#2004,#1044,.T.);
#2554=EDGE_CURVE('',#2004,#2005,#1045,.T.);
#2555=EDGE_CURVE('',#2005,#2002,#1046,.T.);
#2556=EDGE_CURVE('',#1818,#2005,#1624,.T.);
#2557=EDGE_CURVE('',#1819,#2004,#1625,.T.);
#2558=EDGE_CURVE('',#2003,#1998,#1047,.T.);
#2559=EDGE_CURVE('',#1996,#1773,#1626,.T.);
#2560=EDGE_CURVE('',#2006,#2007,#1627,.T.);
#2561=EDGE_CURVE('',#2007,#2008,#1048,.T.);
#2562=EDGE_CURVE('',#2008,#2009,#1628,.T.);
#2563=EDGE_CURVE('',#2009,#2006,#1049,.T.);
#2564=EDGE_CURVE('',#1790,#2009,#1050,.T.);
#2565=EDGE_CURVE('',#1791,#2008,#1051,.T.);
#2566=EDGE_CURVE('',#1789,#2007,#1052,.T.);
#2567=EDGE_CURVE('',#1816,#2001,#1053,.T.);
#2568=EDGE_CURVE('',#2000,#2010,#1054,.T.);
#2569=EDGE_CURVE('',#2010,#2011,#1629,.T.);
#2570=EDGE_CURVE('',#2002,#2011,#1055,.T.);
#2571=EDGE_CURVE('',#1774,#2012,#1056,.T.);
#2572=EDGE_CURVE('',#2012,#1828,#1057,.T.);
#2573=EDGE_CURVE('',#1827,#1883,#1058,.T.);
#2574=EDGE_CURVE('',#1884,#1820,#1059,.T.);
#2575=EDGE_CURVE('',#2013,#2012,#1630,.T.);
#2576=EDGE_CURVE('',#2013,#1822,#1060,.T.);
#2577=EDGE_CURVE('',#2014,#2013,#1061,.T.);
#2578=EDGE_CURVE('',#1823,#2014,#1062,.T.);
#2579=EDGE_CURVE('',#2015,#2014,#1631,.T.);
#2580=EDGE_CURVE('',#1824,#2015,#1063,.T.);
#2581=EDGE_CURVE('',#2011,#1835,#1064,.T.);
#2582=EDGE_CURVE('',#2010,#1829,#1065,.T.);
#2583=EDGE_CURVE('',#1788,#2006,#1066,.T.);
#2584=EDGE_CURVE('',#1997,#1772,#1632,.T.);
#2585=EDGE_CURVE('',#2015,#1999,#1067,.T.);
#2586=EDGE_CURVE('',#1821,#1887,#1068,.T.);
#2587=EDGE_CURVE('',#2016,#2016,#1633,.T.);
#2588=EDGE_CURVE('',#1751,#2016,#1069,.T.);
#2589=EDGE_CURVE('',#1689,#1992,#1070,.T.);
#2590=EDGE_CURVE('',#2017,#2017,#1634,.T.);
#2591=EDGE_CURVE('',#2018,#2018,#1635,.T.);
#2592=EDGE_CURVE('',#1689,#1991,#1071,.T.);
#2593=EDGE_CURVE('',#1688,#1994,#1072,.T.);
#2594=EDGE_CURVE('',#1991,#1994,#1073,.T.);
#2595=EDGE_CURVE('',#1994,#2019,#1074,.T.);
#2596=EDGE_CURVE('',#2019,#1879,#1075,.T.);
#2597=EDGE_CURVE('',#2020,#2019,#1076,.T.);
#2598=EDGE_CURVE('',#2020,#1993,#1077,.T.);
#2599=EDGE_CURVE('',#1688,#1995,#1078,.T.);
#2600=EDGE_CURVE('',#1750,#2017,#1079,.T.);
#2601=EDGE_CURVE('',#1749,#2018,#1080,.T.);
#2602=EDGE_CURVE('',#1769,#2021,#1081,.T.);
#2603=EDGE_CURVE('',#2021,#1765,#1082,.T.);
#2604=EDGE_CURVE('',#2021,#1766,#1646,.T.);
#2605=EDGE_CURVE('',#2020,#1880,#1083,.T.);
#2606=ORIENTED_EDGE('',*,*,#2022,.F.);
#2607=ORIENTED_EDGE('',*,*,#2023,.F.);
#2608=ORIENTED_EDGE('',*,*,#2024,.F.);
#2609=ORIENTED_EDGE('',*,*,#2025,.F.);
#2610=ORIENTED_EDGE('',*,*,#2026,.F.);
#2611=ORIENTED_EDGE('',*,*,#2027,.F.);
#2612=ORIENTED_EDGE('',*,*,#2028,.F.);
#2613=ORIENTED_EDGE('',*,*,#2029,.F.);
#2614=ORIENTED_EDGE('',*,*,#2030,.F.);
#2615=ORIENTED_EDGE('',*,*,#2031,.F.);
#2616=ORIENTED_EDGE('',*,*,#2032,.F.);
#2617=ORIENTED_EDGE('',*,*,#2033,.F.);
#2618=ORIENTED_EDGE('',*,*,#2034,.F.);
#2619=ORIENTED_EDGE('',*,*,#2035,.F.);
#2620=ORIENTED_EDGE('',*,*,#2036,.F.);
#2621=ORIENTED_EDGE('',*,*,#2037,.F.);
#2622=ORIENTED_EDGE('',*,*,#2038,.F.);
#2623=ORIENTED_EDGE('',*,*,#2039,.F.);
#2624=ORIENTED_EDGE('',*,*,#2040,.T.);
#2625=ORIENTED_EDGE('',*,*,#2041,.F.);
#2626=ORIENTED_EDGE('',*,*,#2036,.T.);
#2627=ORIENTED_EDGE('',*,*,#2042,.F.);
#2628=ORIENTED_EDGE('',*,*,#2043,.F.);
#2629=ORIENTED_EDGE('',*,*,#2044,.F.);
#2630=ORIENTED_EDGE('',*,*,#2045,.T.);
#2631=ORIENTED_EDGE('',*,*,#2023,.T.);
#2632=ORIENTED_EDGE('',*,*,#2046,.F.);
#2633=ORIENTED_EDGE('',*,*,#2047,.T.);
#2634=ORIENTED_EDGE('',*,*,#2024,.T.);
#2635=ORIENTED_EDGE('',*,*,#2045,.F.);
#2636=ORIENTED_EDGE('',*,*,#2048,.F.);
#2637=ORIENTED_EDGE('',*,*,#2049,.F.);
#2638=ORIENTED_EDGE('',*,*,#2025,.T.);
#2639=ORIENTED_EDGE('',*,*,#2047,.F.);
#2640=ORIENTED_EDGE('',*,*,#2050,.F.);
#2641=ORIENTED_EDGE('',*,*,#2051,.T.);
#2642=ORIENTED_EDGE('',*,*,#2052,.T.);
#2643=ORIENTED_EDGE('',*,*,#2030,.T.);
#2644=ORIENTED_EDGE('',*,*,#2053,.F.);
#2645=ORIENTED_EDGE('',*,*,#2054,.T.);
#2646=ORIENTED_EDGE('',*,*,#2031,.T.);
#2647=ORIENTED_EDGE('',*,*,#2052,.F.);
#2648=ORIENTED_EDGE('',*,*,#2055,.T.);
#2649=ORIENTED_EDGE('',*,*,#2056,.F.);
#2650=ORIENTED_EDGE('',*,*,#2032,.T.);
#2651=ORIENTED_EDGE('',*,*,#2054,.F.);
#2652=ORIENTED_EDGE('',*,*,#2057,.F.);
#2653=ORIENTED_EDGE('',*,*,#2058,.T.);
#2654=ORIENTED_EDGE('',*,*,#2034,.T.);
#2655=ORIENTED_EDGE('',*,*,#2059,.F.);
#2656=ORIENTED_EDGE('',*,*,#2043,.T.);
#2657=ORIENTED_EDGE('',*,*,#2022,.T.);
#2658=ORIENTED_EDGE('',*,*,#2060,.T.);
#2659=ORIENTED_EDGE('',*,*,#2061,.T.);
#2660=ORIENTED_EDGE('',*,*,#2062,.F.);
#2661=ORIENTED_EDGE('',*,*,#2044,.T.);
#2662=ORIENTED_EDGE('',*,*,#2039,.T.);
#2663=ORIENTED_EDGE('',*,*,#2063,.T.);
#2664=ORIENTED_EDGE('',*,*,#2064,.T.);
#2665=ORIENTED_EDGE('',*,*,#2060,.F.);
#2666=ORIENTED_EDGE('',*,*,#2038,.T.);
#2667=ORIENTED_EDGE('',*,*,#2065,.T.);
#2668=ORIENTED_EDGE('',*,*,#2066,.T.);
#2669=ORIENTED_EDGE('',*,*,#2063,.F.);
#2670=ORIENTED_EDGE('',*,*,#2037,.T.);
#2671=ORIENTED_EDGE('',*,*,#2041,.T.);
#2672=ORIENTED_EDGE('',*,*,#2067,.T.);
#2673=ORIENTED_EDGE('',*,*,#2068,.T.);
#2674=ORIENTED_EDGE('',*,*,#2069,.T.);
#2675=ORIENTED_EDGE('',*,*,#2070,.T.);
#2676=ORIENTED_EDGE('',*,*,#2071,.F.);
#2677=ORIENTED_EDGE('',*,*,#2059,.T.);
#2678=ORIENTED_EDGE('',*,*,#2033,.T.);
#2679=ORIENTED_EDGE('',*,*,#2056,.T.);
#2680=ORIENTED_EDGE('',*,*,#2072,.T.);
#2681=ORIENTED_EDGE('',*,*,#2073,.F.);
#2682=ORIENTED_EDGE('',*,*,#2074,.T.);
#2683=ORIENTED_EDGE('',*,*,#2075,.T.);
#2684=ORIENTED_EDGE('',*,*,#2076,.F.);
#2685=ORIENTED_EDGE('',*,*,#2077,.T.);
#2686=ORIENTED_EDGE('',*,*,#2078,.T.);
#2687=ORIENTED_EDGE('',*,*,#2079,.T.);
#2688=ORIENTED_EDGE('',*,*,#2080,.F.);
#2689=ORIENTED_EDGE('',*,*,#2081,.F.);
#2690=ORIENTED_EDGE('',*,*,#2082,.T.);
#2691=ORIENTED_EDGE('',*,*,#2083,.T.);
#2692=ORIENTED_EDGE('',*,*,#2084,.T.);
#2693=ORIENTED_EDGE('',*,*,#2085,.F.);
#2694=ORIENTED_EDGE('',*,*,#2086,.F.);
#2695=ORIENTED_EDGE('',*,*,#2087,.T.);
#2696=ORIENTED_EDGE('',*,*,#2088,.T.);
#2697=ORIENTED_EDGE('',*,*,#2089,.F.);
#2698=ORIENTED_EDGE('',*,*,#2090,.F.);
#2699=ORIENTED_EDGE('',*,*,#2091,.F.);
#2700=ORIENTED_EDGE('',*,*,#2092,.T.);
#2701=ORIENTED_EDGE('',*,*,#2093,.F.);
#2702=ORIENTED_EDGE('',*,*,#2094,.F.);
#2703=ORIENTED_EDGE('',*,*,#2095,.T.);
#2704=ORIENTED_EDGE('',*,*,#2065,.F.);
#2705=ORIENTED_EDGE('',*,*,#2096,.F.);
#2706=ORIENTED_EDGE('',*,*,#2070,.F.);
#2707=ORIENTED_EDGE('',*,*,#2097,.T.);
#2708=ORIENTED_EDGE('',*,*,#2098,.F.);
#2709=ORIENTED_EDGE('',*,*,#2099,.F.);
#2710=ORIENTED_EDGE('',*,*,#2100,.T.);
#2711=ORIENTED_EDGE('',*,*,#2101,.T.);
#2712=ORIENTED_EDGE('',*,*,#2068,.F.);
#2713=ORIENTED_EDGE('',*,*,#2101,.F.);
#2714=ORIENTED_EDGE('',*,*,#2102,.F.);
#2715=ORIENTED_EDGE('',*,*,#2097,.F.);
#2716=ORIENTED_EDGE('',*,*,#2069,.F.);
#2717=ORIENTED_EDGE('',*,*,#2103,.F.);
#2718=ORIENTED_EDGE('',*,*,#2104,.T.);
#2719=ORIENTED_EDGE('',*,*,#2105,.T.);
#2720=ORIENTED_EDGE('',*,*,#2106,.T.);
#2721=ORIENTED_EDGE('',*,*,#2107,.T.);
#2722=ORIENTED_EDGE('',*,*,#2108,.F.);
#2723=ORIENTED_EDGE('',*,*,#2109,.F.);
#2724=ORIENTED_EDGE('',*,*,#2110,.F.);
#2725=ORIENTED_EDGE('',*,*,#2104,.F.);
#2726=ORIENTED_EDGE('',*,*,#2111,.T.);
#2727=ORIENTED_EDGE('',*,*,#2112,.F.);
#2728=ORIENTED_EDGE('',*,*,#2113,.F.);
#2729=ORIENTED_EDGE('',*,*,#2114,.F.);
#2730=ORIENTED_EDGE('',*,*,#2115,.F.);
#2731=ORIENTED_EDGE('',*,*,#2116,.T.);
#2732=ORIENTED_EDGE('',*,*,#2111,.F.);
#2733=ORIENTED_EDGE('',*,*,#2117,.F.);
#2734=ORIENTED_EDGE('',*,*,#2118,.F.);
#2735=ORIENTED_EDGE('',*,*,#2119,.F.);
#2736=ORIENTED_EDGE('',*,*,#2115,.T.);
#2737=ORIENTED_EDGE('',*,*,#2120,.F.);
#2738=ORIENTED_EDGE('',*,*,#2121,.T.);
#2739=ORIENTED_EDGE('',*,*,#2122,.T.);
#2740=ORIENTED_EDGE('',*,*,#2118,.T.);
#2741=ORIENTED_EDGE('',*,*,#2123,.F.);
#2742=ORIENTED_EDGE('',*,*,#2124,.T.);
#2743=ORIENTED_EDGE('',*,*,#2125,.T.);
#2744=ORIENTED_EDGE('',*,*,#2126,.T.);
#2745=ORIENTED_EDGE('',*,*,#2124,.F.);
#2746=ORIENTED_EDGE('',*,*,#2126,.F.);
#2747=ORIENTED_EDGE('',*,*,#2125,.F.);
#2748=ORIENTED_EDGE('',*,*,#2127,.T.);
#2749=ORIENTED_EDGE('',*,*,#2128,.T.);
#2750=ORIENTED_EDGE('',*,*,#2127,.F.);
#2751=ORIENTED_EDGE('',*,*,#2129,.F.);
#2752=ORIENTED_EDGE('',*,*,#2130,.T.);
#2753=ORIENTED_EDGE('',*,*,#2131,.T.);
#2754=ORIENTED_EDGE('',*,*,#2130,.F.);
#2755=ORIENTED_EDGE('',*,*,#2132,.F.);
#2756=ORIENTED_EDGE('',*,*,#2133,.T.);
#2757=ORIENTED_EDGE('',*,*,#2134,.T.);
#2758=ORIENTED_EDGE('',*,*,#2133,.F.);
#2759=ORIENTED_EDGE('',*,*,#2135,.F.);
#2760=ORIENTED_EDGE('',*,*,#2136,.T.);
#2761=ORIENTED_EDGE('',*,*,#2137,.T.);
#2762=ORIENTED_EDGE('',*,*,#2138,.T.);
#2763=ORIENTED_EDGE('',*,*,#2139,.T.);
#2764=ORIENTED_EDGE('',*,*,#2123,.T.);
#2765=ORIENTED_EDGE('',*,*,#2120,.T.);
#2766=ORIENTED_EDGE('',*,*,#2117,.T.);
#2767=ORIENTED_EDGE('',*,*,#2114,.T.);
#2768=ORIENTED_EDGE('',*,*,#2140,.F.);
#2769=ORIENTED_EDGE('',*,*,#2109,.T.);
#2770=ORIENTED_EDGE('',*,*,#2134,.F.);
#2771=ORIENTED_EDGE('',*,*,#2131,.F.);
#2772=ORIENTED_EDGE('',*,*,#2128,.F.);
#2773=ORIENTED_EDGE('',*,*,#2141,.F.);
#2774=ORIENTED_EDGE('',*,*,#2142,.F.);
#2775=ORIENTED_EDGE('',*,*,#2143,.T.);
#2776=ORIENTED_EDGE('',*,*,#2141,.T.);
#2777=ORIENTED_EDGE('',*,*,#2143,.F.);
#2778=ORIENTED_EDGE('',*,*,#2110,.T.);
#2779=ORIENTED_EDGE('',*,*,#2140,.T.);
#2780=ORIENTED_EDGE('',*,*,#2113,.T.);
#2781=ORIENTED_EDGE('',*,*,#2144,.T.);
#2782=ORIENTED_EDGE('',*,*,#2145,.T.);
#2783=ORIENTED_EDGE('',*,*,#2105,.F.);
#2784=ORIENTED_EDGE('',*,*,#2144,.F.);
#2785=ORIENTED_EDGE('',*,*,#2112,.T.);
#2786=ORIENTED_EDGE('',*,*,#2116,.F.);
#2787=ORIENTED_EDGE('',*,*,#2119,.T.);
#2788=ORIENTED_EDGE('',*,*,#2122,.F.);
#2789=ORIENTED_EDGE('',*,*,#2146,.T.);
#2790=ORIENTED_EDGE('',*,*,#2147,.F.);
#2791=ORIENTED_EDGE('',*,*,#2148,.T.);
#2792=ORIENTED_EDGE('',*,*,#2149,.T.);
#2793=ORIENTED_EDGE('',*,*,#2150,.T.);
#2794=ORIENTED_EDGE('',*,*,#2132,.T.);
#2795=ORIENTED_EDGE('',*,*,#2129,.T.);
#2796=ORIENTED_EDGE('',*,*,#2142,.T.);
#2797=ORIENTED_EDGE('',*,*,#2151,.F.);
#2798=ORIENTED_EDGE('',*,*,#2107,.F.);
#2799=ORIENTED_EDGE('',*,*,#2152,.T.);
#2800=ORIENTED_EDGE('',*,*,#2149,.F.);
#2801=ORIENTED_EDGE('',*,*,#2153,.T.);
#2802=ORIENTED_EDGE('',*,*,#2136,.F.);
#2803=ORIENTED_EDGE('',*,*,#2153,.F.);
#2804=ORIENTED_EDGE('',*,*,#2148,.F.);
#2805=ORIENTED_EDGE('',*,*,#2154,.T.);
#2806=ORIENTED_EDGE('',*,*,#2137,.F.);
#2807=ORIENTED_EDGE('',*,*,#2155,.T.);
#2808=ORIENTED_EDGE('',*,*,#2146,.F.);
#2809=ORIENTED_EDGE('',*,*,#2121,.F.);
#2810=ORIENTED_EDGE('',*,*,#2139,.F.);
#2811=ORIENTED_EDGE('',*,*,#2147,.T.);
#2812=ORIENTED_EDGE('',*,*,#2155,.F.);
#2813=ORIENTED_EDGE('',*,*,#2138,.F.);
#2814=ORIENTED_EDGE('',*,*,#2154,.F.);
#2815=ORIENTED_EDGE('',*,*,#2150,.F.);
#2816=ORIENTED_EDGE('',*,*,#2152,.F.);
#2817=ORIENTED_EDGE('',*,*,#2106,.F.);
#2818=ORIENTED_EDGE('',*,*,#2145,.F.);
#2819=ORIENTED_EDGE('',*,*,#2156,.F.);
#2820=ORIENTED_EDGE('',*,*,#2057,.T.);
#2821=ORIENTED_EDGE('',*,*,#2071,.T.);
#2822=ORIENTED_EDGE('',*,*,#2096,.T.);
#2823=ORIENTED_EDGE('',*,*,#2157,.T.);
#2824=ORIENTED_EDGE('',*,*,#2158,.T.);
#2825=ORIENTED_EDGE('',*,*,#2159,.T.);
#2826=ORIENTED_EDGE('',*,*,#2160,.T.);
#2827=ORIENTED_EDGE('',*,*,#2156,.T.);
#2828=ORIENTED_EDGE('',*,*,#2098,.T.);
#2829=ORIENTED_EDGE('',*,*,#2102,.T.);
#2830=ORIENTED_EDGE('',*,*,#2100,.F.);
#2831=ORIENTED_EDGE('',*,*,#2161,.F.);
#2832=ORIENTED_EDGE('',*,*,#2042,.T.);
#2833=ORIENTED_EDGE('',*,*,#2035,.T.);
#2834=ORIENTED_EDGE('',*,*,#2058,.F.);
#2835=ORIENTED_EDGE('',*,*,#2162,.T.);
#2836=ORIENTED_EDGE('',*,*,#2163,.F.);
#2837=ORIENTED_EDGE('',*,*,#2164,.T.);
#2838=ORIENTED_EDGE('',*,*,#2165,.F.);
#2839=ORIENTED_EDGE('',*,*,#2166,.F.);
#2840=ORIENTED_EDGE('',*,*,#2167,.F.);
#2841=ORIENTED_EDGE('',*,*,#2168,.T.);
#2842=ORIENTED_EDGE('',*,*,#2161,.T.);
#2843=ORIENTED_EDGE('',*,*,#2099,.T.);
#2844=ORIENTED_EDGE('',*,*,#2067,.F.);
#2845=ORIENTED_EDGE('',*,*,#2040,.F.);
#2846=ORIENTED_EDGE('',*,*,#2169,.F.);
#2847=ORIENTED_EDGE('',*,*,#2170,.F.);
#2848=ORIENTED_EDGE('',*,*,#2171,.F.);
#2849=ORIENTED_EDGE('',*,*,#2172,.F.);
#2850=ORIENTED_EDGE('',*,*,#2173,.T.);
#2851=ORIENTED_EDGE('',*,*,#2174,.T.);
#2852=ORIENTED_EDGE('',*,*,#2175,.F.);
#2853=ORIENTED_EDGE('',*,*,#2176,.F.);
#2854=ORIENTED_EDGE('',*,*,#2177,.F.);
#2855=ORIENTED_EDGE('',*,*,#2163,.T.);
#2856=ORIENTED_EDGE('',*,*,#2178,.T.);
#2857=ORIENTED_EDGE('',*,*,#2179,.F.);
#2858=ORIENTED_EDGE('',*,*,#2178,.F.);
#2859=ORIENTED_EDGE('',*,*,#2165,.T.);
#2860=ORIENTED_EDGE('',*,*,#2180,.T.);
#2861=ORIENTED_EDGE('',*,*,#2181,.T.);
#2862=ORIENTED_EDGE('',*,*,#2182,.T.);
#2863=ORIENTED_EDGE('',*,*,#2182,.F.);
#2864=ORIENTED_EDGE('',*,*,#2183,.T.);
#2865=ORIENTED_EDGE('',*,*,#2184,.F.);
#2866=ORIENTED_EDGE('',*,*,#2185,.T.);
#2867=ORIENTED_EDGE('',*,*,#2179,.T.);
#2868=ORIENTED_EDGE('',*,*,#2186,.F.);
#2869=ORIENTED_EDGE('',*,*,#2187,.F.);
#2870=ORIENTED_EDGE('',*,*,#2188,.T.);
#2871=ORIENTED_EDGE('',*,*,#2189,.F.);
#2872=ORIENTED_EDGE('',*,*,#2190,.T.);
#2873=ORIENTED_EDGE('',*,*,#2191,.F.);
#2874=ORIENTED_EDGE('',*,*,#2192,.F.);
#2875=ORIENTED_EDGE('',*,*,#2193,.F.);
#2876=ORIENTED_EDGE('',*,*,#2192,.T.);
#2877=ORIENTED_EDGE('',*,*,#2194,.F.);
#2878=ORIENTED_EDGE('',*,*,#2195,.F.);
#2879=ORIENTED_EDGE('',*,*,#2196,.T.);
#2880=ORIENTED_EDGE('',*,*,#2195,.T.);
#2881=ORIENTED_EDGE('',*,*,#2197,.F.);
#2882=ORIENTED_EDGE('',*,*,#2198,.F.);
#2883=ORIENTED_EDGE('',*,*,#2199,.F.);
#2884=ORIENTED_EDGE('',*,*,#2200,.T.);
#2885=ORIENTED_EDGE('',*,*,#2201,.T.);
#2886=ORIENTED_EDGE('',*,*,#2202,.T.);
#2887=ORIENTED_EDGE('',*,*,#2203,.T.);
#2888=ORIENTED_EDGE('',*,*,#2204,.F.);
#2889=ORIENTED_EDGE('',*,*,#2205,.T.);
#2890=ORIENTED_EDGE('',*,*,#2206,.F.);
#2891=ORIENTED_EDGE('',*,*,#2207,.T.);
#2892=ORIENTED_EDGE('',*,*,#2208,.F.);
#2893=ORIENTED_EDGE('',*,*,#2200,.F.);
#2894=ORIENTED_EDGE('',*,*,#2209,.T.);
#2895=ORIENTED_EDGE('',*,*,#2210,.F.);
#2896=ORIENTED_EDGE('',*,*,#2211,.F.);
#2897=ORIENTED_EDGE('',*,*,#2212,.F.);
#2898=ORIENTED_EDGE('',*,*,#2201,.F.);
#2899=ORIENTED_EDGE('',*,*,#2208,.T.);
#2900=ORIENTED_EDGE('',*,*,#2213,.F.);
#2901=ORIENTED_EDGE('',*,*,#2202,.F.);
#2902=ORIENTED_EDGE('',*,*,#2212,.T.);
#2903=ORIENTED_EDGE('',*,*,#2214,.F.);
#2904=ORIENTED_EDGE('',*,*,#2215,.F.);
#2905=ORIENTED_EDGE('',*,*,#2209,.F.);
#2906=ORIENTED_EDGE('',*,*,#2203,.F.);
#2907=ORIENTED_EDGE('',*,*,#2213,.T.);
#2908=ORIENTED_EDGE('',*,*,#2193,.T.);
#2909=ORIENTED_EDGE('',*,*,#2196,.F.);
#2910=ORIENTED_EDGE('',*,*,#2199,.T.);
#2911=ORIENTED_EDGE('',*,*,#2216,.F.);
#2912=ORIENTED_EDGE('',*,*,#2214,.T.);
#2913=ORIENTED_EDGE('',*,*,#2211,.T.);
#2914=ORIENTED_EDGE('',*,*,#2210,.T.);
#2915=ORIENTED_EDGE('',*,*,#2215,.T.);
#2916=ORIENTED_EDGE('',*,*,#2198,.T.);
#2917=ORIENTED_EDGE('',*,*,#2217,.F.);
#2918=ORIENTED_EDGE('',*,*,#2190,.F.);
#2919=ORIENTED_EDGE('',*,*,#2216,.T.);
#2920=ORIENTED_EDGE('',*,*,#2218,.T.);
#2921=ORIENTED_EDGE('',*,*,#2219,.F.);
#2922=ORIENTED_EDGE('',*,*,#2220,.F.);
#2923=ORIENTED_EDGE('',*,*,#2221,.T.);
#2924=ORIENTED_EDGE('',*,*,#2222,.T.);
#2925=ORIENTED_EDGE('',*,*,#2223,.F.);
#2926=ORIENTED_EDGE('',*,*,#2218,.F.);
#2927=ORIENTED_EDGE('',*,*,#2224,.F.);
#2928=ORIENTED_EDGE('',*,*,#2225,.T.);
#2929=ORIENTED_EDGE('',*,*,#2226,.F.);
#2930=ORIENTED_EDGE('',*,*,#2222,.F.);
#2931=ORIENTED_EDGE('',*,*,#2227,.T.);
#2932=ORIENTED_EDGE('',*,*,#2220,.T.);
#2933=ORIENTED_EDGE('',*,*,#2228,.F.);
#2934=ORIENTED_EDGE('',*,*,#2225,.F.);
#2935=ORIENTED_EDGE('',*,*,#2229,.F.);
#2936=ORIENTED_EDGE('',*,*,#2230,.F.);
#2937=ORIENTED_EDGE('',*,*,#2231,.T.);
#2938=ORIENTED_EDGE('',*,*,#2232,.T.);
#2939=ORIENTED_EDGE('',*,*,#2233,.T.);
#2940=ORIENTED_EDGE('',*,*,#2234,.T.);
#2941=ORIENTED_EDGE('',*,*,#2232,.F.);
#2942=ORIENTED_EDGE('',*,*,#2235,.T.);
#2943=ORIENTED_EDGE('',*,*,#2236,.T.);
#2944=ORIENTED_EDGE('',*,*,#2236,.F.);
#2945=ORIENTED_EDGE('',*,*,#2237,.T.);
#2946=ORIENTED_EDGE('',*,*,#2238,.T.);
#2947=ORIENTED_EDGE('',*,*,#2239,.T.);
#2948=ORIENTED_EDGE('',*,*,#2227,.F.);
#2949=ORIENTED_EDGE('',*,*,#2224,.T.);
#2950=ORIENTED_EDGE('',*,*,#2221,.F.);
#2951=ORIENTED_EDGE('',*,*,#2229,.T.);
#2952=ORIENTED_EDGE('',*,*,#2233,.F.);
#2953=ORIENTED_EDGE('',*,*,#2234,.F.);
#2954=ORIENTED_EDGE('',*,*,#2239,.F.);
#2955=ORIENTED_EDGE('',*,*,#2240,.F.);
#2956=ORIENTED_EDGE('',*,*,#2240,.T.);
#2957=ORIENTED_EDGE('',*,*,#2238,.F.);
#2958=ORIENTED_EDGE('',*,*,#2241,.T.);
#2959=ORIENTED_EDGE('',*,*,#2230,.T.);
#2960=ORIENTED_EDGE('',*,*,#2237,.F.);
#2961=ORIENTED_EDGE('',*,*,#2235,.F.);
#2962=ORIENTED_EDGE('',*,*,#2231,.F.);
#2963=ORIENTED_EDGE('',*,*,#2241,.F.);
#2964=ORIENTED_EDGE('',*,*,#2242,.T.);
#2965=ORIENTED_EDGE('',*,*,#2243,.F.);
#2966=ORIENTED_EDGE('',*,*,#2244,.T.);
#2967=ORIENTED_EDGE('',*,*,#2245,.F.);
#2968=ORIENTED_EDGE('',*,*,#2246,.F.);
#2969=ORIENTED_EDGE('',*,*,#2247,.T.);
#2970=ORIENTED_EDGE('',*,*,#2248,.T.);
#2971=ORIENTED_EDGE('',*,*,#2249,.F.);
#2972=ORIENTED_EDGE('',*,*,#2189,.T.);
#2973=ORIENTED_EDGE('',*,*,#2250,.T.);
#2974=ORIENTED_EDGE('',*,*,#2251,.T.);
#2975=ORIENTED_EDGE('',*,*,#2252,.T.);
#2976=ORIENTED_EDGE('',*,*,#2249,.T.);
#2977=ORIENTED_EDGE('',*,*,#2253,.F.);
#2978=ORIENTED_EDGE('',*,*,#2254,.T.);
#2979=ORIENTED_EDGE('',*,*,#2255,.T.);
#2980=ORIENTED_EDGE('',*,*,#2256,.F.);
#2981=ORIENTED_EDGE('',*,*,#2257,.F.);
#2982=ORIENTED_EDGE('',*,*,#2258,.T.);
#2983=ORIENTED_EDGE('',*,*,#2259,.T.);
#2984=ORIENTED_EDGE('',*,*,#2260,.T.);
#2985=ORIENTED_EDGE('',*,*,#2261,.T.);
#2986=ORIENTED_EDGE('',*,*,#2262,.T.);
#2987=ORIENTED_EDGE('',*,*,#2263,.F.);
#2988=ORIENTED_EDGE('',*,*,#2264,.T.);
#2989=ORIENTED_EDGE('',*,*,#2265,.T.);
#2990=ORIENTED_EDGE('',*,*,#2266,.F.);
#2991=ORIENTED_EDGE('',*,*,#2267,.T.);
#2992=ORIENTED_EDGE('',*,*,#2268,.F.);
#2993=ORIENTED_EDGE('',*,*,#2257,.T.);
#2994=ORIENTED_EDGE('',*,*,#2269,.F.);
#2995=ORIENTED_EDGE('',*,*,#2270,.F.);
#2996=ORIENTED_EDGE('',*,*,#2271,.T.);
#2997=ORIENTED_EDGE('',*,*,#2272,.F.);
#2998=ORIENTED_EDGE('',*,*,#2168,.F.);
#2999=ORIENTED_EDGE('',*,*,#2272,.T.);
#3000=ORIENTED_EDGE('',*,*,#2273,.T.);
#3001=ORIENTED_EDGE('',*,*,#2274,.F.);
#3002=ORIENTED_EDGE('',*,*,#2275,.T.);
#3003=ORIENTED_EDGE('',*,*,#2276,.T.);
#3004=ORIENTED_EDGE('',*,*,#2277,.F.);
#3005=ORIENTED_EDGE('',*,*,#2081,.T.);
#3006=ORIENTED_EDGE('',*,*,#2278,.T.);
#3007=ORIENTED_EDGE('',*,*,#2279,.T.);
#3008=ORIENTED_EDGE('',*,*,#2280,.T.);
#3009=ORIENTED_EDGE('',*,*,#2275,.F.);
#3010=ORIENTED_EDGE('',*,*,#2281,.T.);
#3011=ORIENTED_EDGE('',*,*,#2282,.F.);
#3012=ORIENTED_EDGE('',*,*,#2283,.F.);
#3013=ORIENTED_EDGE('',*,*,#2284,.T.);
#3014=ORIENTED_EDGE('',*,*,#2285,.T.);
#3015=ORIENTED_EDGE('',*,*,#2286,.F.);
#3016=ORIENTED_EDGE('',*,*,#2287,.T.);
#3017=ORIENTED_EDGE('',*,*,#2282,.T.);
#3018=ORIENTED_EDGE('',*,*,#2288,.T.);
#3019=ORIENTED_EDGE('',*,*,#2289,.T.);
#3020=ORIENTED_EDGE('',*,*,#2290,.T.);
#3021=ORIENTED_EDGE('',*,*,#2291,.F.);
#3022=ORIENTED_EDGE('',*,*,#2292,.T.);
#3023=ORIENTED_EDGE('',*,*,#2293,.T.);
#3024=ORIENTED_EDGE('',*,*,#2294,.F.);
#3025=ORIENTED_EDGE('',*,*,#2295,.F.);
#3026=ORIENTED_EDGE('',*,*,#2296,.F.);
#3027=ORIENTED_EDGE('',*,*,#2297,.T.);
#3028=ORIENTED_EDGE('',*,*,#2284,.F.);
#3029=ORIENTED_EDGE('',*,*,#2298,.F.);
#3030=ORIENTED_EDGE('',*,*,#2072,.F.);
#3031=ORIENTED_EDGE('',*,*,#2055,.F.);
#3032=ORIENTED_EDGE('',*,*,#2299,.T.);
#3033=ORIENTED_EDGE('',*,*,#2300,.F.);
#3034=ORIENTED_EDGE('',*,*,#2301,.F.);
#3035=ORIENTED_EDGE('',*,*,#2302,.F.);
#3036=ORIENTED_EDGE('',*,*,#2073,.T.);
#3037=ORIENTED_EDGE('',*,*,#2300,.T.);
#3038=ORIENTED_EDGE('',*,*,#2303,.T.);
#3039=ORIENTED_EDGE('',*,*,#2304,.T.);
#3040=ORIENTED_EDGE('',*,*,#2305,.F.);
#3041=ORIENTED_EDGE('',*,*,#2306,.T.);
#3042=ORIENTED_EDGE('',*,*,#2307,.F.);
#3043=ORIENTED_EDGE('',*,*,#2308,.F.);
#3044=ORIENTED_EDGE('',*,*,#2309,.T.);
#3045=ORIENTED_EDGE('',*,*,#2061,.F.);
#3046=ORIENTED_EDGE('',*,*,#2064,.F.);
#3047=ORIENTED_EDGE('',*,*,#2066,.F.);
#3048=ORIENTED_EDGE('',*,*,#2095,.F.);
#3049=ORIENTED_EDGE('',*,*,#2310,.T.);
#3050=ORIENTED_EDGE('',*,*,#2108,.T.);
#3051=ORIENTED_EDGE('',*,*,#2103,.T.);
#3052=ORIENTED_EDGE('',*,*,#2151,.T.);
#3053=ORIENTED_EDGE('',*,*,#2135,.T.);
#3054=ORIENTED_EDGE('',*,*,#2027,.T.);
#3055=ORIENTED_EDGE('',*,*,#2311,.F.);
#3056=ORIENTED_EDGE('',*,*,#2306,.F.);
#3057=ORIENTED_EDGE('',*,*,#2312,.T.);
#3058=ORIENTED_EDGE('',*,*,#2028,.T.);
#3059=ORIENTED_EDGE('',*,*,#2312,.F.);
#3060=ORIENTED_EDGE('',*,*,#2305,.T.);
#3061=ORIENTED_EDGE('',*,*,#2313,.F.);
#3062=ORIENTED_EDGE('',*,*,#2029,.T.);
#3063=ORIENTED_EDGE('',*,*,#2313,.T.);
#3064=ORIENTED_EDGE('',*,*,#2304,.F.);
#3065=ORIENTED_EDGE('',*,*,#2314,.F.);
#3066=ORIENTED_EDGE('',*,*,#2051,.F.);
#3067=ORIENTED_EDGE('',*,*,#2050,.T.);
#3068=ORIENTED_EDGE('',*,*,#2053,.T.);
#3069=ORIENTED_EDGE('',*,*,#2314,.T.);
#3070=ORIENTED_EDGE('',*,*,#2303,.F.);
#3071=ORIENTED_EDGE('',*,*,#2299,.F.);
#3072=ORIENTED_EDGE('',*,*,#2302,.T.);
#3073=ORIENTED_EDGE('',*,*,#2315,.F.);
#3074=ORIENTED_EDGE('',*,*,#2316,.F.);
#3075=ORIENTED_EDGE('',*,*,#2074,.F.);
#3076=ORIENTED_EDGE('',*,*,#2317,.T.);
#3077=ORIENTED_EDGE('',*,*,#2318,.T.);
#3078=ORIENTED_EDGE('',*,*,#2079,.F.);
#3079=ORIENTED_EDGE('',*,*,#2319,.T.);
#3080=ORIENTED_EDGE('',*,*,#2320,.F.);
#3081=ORIENTED_EDGE('',*,*,#2321,.T.);
#3082=ORIENTED_EDGE('',*,*,#2264,.F.);
#3083=ORIENTED_EDGE('',*,*,#2322,.T.);
#3084=ORIENTED_EDGE('',*,*,#2323,.T.);
#3085=ORIENTED_EDGE('',*,*,#2324,.T.);
#3086=ORIENTED_EDGE('',*,*,#2078,.F.);
#3087=ORIENTED_EDGE('',*,*,#2325,.F.);
#3088=ORIENTED_EDGE('',*,*,#2326,.F.);
#3089=ORIENTED_EDGE('',*,*,#2325,.T.);
#3090=ORIENTED_EDGE('',*,*,#2327,.T.);
#3091=ORIENTED_EDGE('',*,*,#2328,.F.);
#3092=ORIENTED_EDGE('',*,*,#2319,.F.);
#3093=ORIENTED_EDGE('',*,*,#2324,.F.);
#3094=ORIENTED_EDGE('',*,*,#2329,.F.);
#3095=ORIENTED_EDGE('',*,*,#2330,.F.);
#3096=ORIENTED_EDGE('',*,*,#2331,.T.);
#3097=ORIENTED_EDGE('',*,*,#2332,.F.);
#3098=ORIENTED_EDGE('',*,*,#2333,.T.);
#3099=ORIENTED_EDGE('',*,*,#2334,.T.);
#3100=ORIENTED_EDGE('',*,*,#2335,.F.);
#3101=ORIENTED_EDGE('',*,*,#2158,.F.);
#3102=ORIENTED_EDGE('',*,*,#2335,.T.);
#3103=ORIENTED_EDGE('',*,*,#2336,.T.);
#3104=ORIENTED_EDGE('',*,*,#2337,.F.);
#3105=ORIENTED_EDGE('',*,*,#2157,.F.);
#3106=ORIENTED_EDGE('',*,*,#2337,.T.);
#3107=ORIENTED_EDGE('',*,*,#2338,.F.);
#3108=ORIENTED_EDGE('',*,*,#2339,.F.);
#3109=ORIENTED_EDGE('',*,*,#2340,.F.);
#3110=ORIENTED_EDGE('',*,*,#2341,.T.);
#3111=ORIENTED_EDGE('',*,*,#2342,.T.);
#3112=ORIENTED_EDGE('',*,*,#2340,.T.);
#3113=ORIENTED_EDGE('',*,*,#2315,.T.);
#3114=ORIENTED_EDGE('',*,*,#2343,.T.);
#3115=ORIENTED_EDGE('',*,*,#2342,.F.);
#3116=ORIENTED_EDGE('',*,*,#2301,.T.);
#3117=ORIENTED_EDGE('',*,*,#2344,.T.);
#3118=ORIENTED_EDGE('',*,*,#2345,.F.);
#3119=ORIENTED_EDGE('',*,*,#2346,.T.);
#3120=ORIENTED_EDGE('',*,*,#2347,.F.);
#3121=ORIENTED_EDGE('',*,*,#2323,.F.);
#3122=ORIENTED_EDGE('',*,*,#2348,.T.);
#3123=ORIENTED_EDGE('',*,*,#2349,.T.);
#3124=ORIENTED_EDGE('',*,*,#2347,.T.);
#3125=ORIENTED_EDGE('',*,*,#2317,.F.);
#3126=ORIENTED_EDGE('',*,*,#2349,.F.);
#3127=ORIENTED_EDGE('',*,*,#2291,.T.);
#3128=ORIENTED_EDGE('',*,*,#2350,.F.);
#3129=ORIENTED_EDGE('',*,*,#2080,.T.);
#3130=ORIENTED_EDGE('',*,*,#2318,.F.);
#3131=ORIENTED_EDGE('',*,*,#2350,.T.);
#3132=ORIENTED_EDGE('',*,*,#2290,.F.);
#3133=ORIENTED_EDGE('',*,*,#2278,.F.);
#3134=ORIENTED_EDGE('',*,*,#2265,.F.);
#3135=ORIENTED_EDGE('',*,*,#2321,.F.);
#3136=ORIENTED_EDGE('',*,*,#2351,.F.);
#3137=ORIENTED_EDGE('',*,*,#2352,.F.);
#3138=ORIENTED_EDGE('',*,*,#2084,.F.);
#3139=ORIENTED_EDGE('',*,*,#2353,.T.);
#3140=ORIENTED_EDGE('',*,*,#2288,.F.);
#3141=ORIENTED_EDGE('',*,*,#2354,.F.);
#3142=ORIENTED_EDGE('',*,*,#2353,.F.);
#3143=ORIENTED_EDGE('',*,*,#2083,.F.);
#3144=ORIENTED_EDGE('',*,*,#2355,.F.);
#3145=ORIENTED_EDGE('',*,*,#2273,.F.);
#3146=ORIENTED_EDGE('',*,*,#2356,.T.);
#3147=ORIENTED_EDGE('',*,*,#2357,.F.);
#3148=ORIENTED_EDGE('',*,*,#2279,.F.);
#3149=ORIENTED_EDGE('',*,*,#2289,.F.);
#3150=ORIENTED_EDGE('',*,*,#2357,.T.);
#3151=ORIENTED_EDGE('',*,*,#2358,.F.);
#3152=ORIENTED_EDGE('',*,*,#2356,.F.);
#3153=ORIENTED_EDGE('',*,*,#2276,.F.);
#3154=ORIENTED_EDGE('',*,*,#2280,.F.);
#3155=ORIENTED_EDGE('',*,*,#2358,.T.);
#3156=ORIENTED_EDGE('',*,*,#2082,.F.);
#3157=ORIENTED_EDGE('',*,*,#2277,.T.);
#3158=ORIENTED_EDGE('',*,*,#2274,.T.);
#3159=ORIENTED_EDGE('',*,*,#2355,.T.);
#3160=ORIENTED_EDGE('',*,*,#2049,.T.);
#3161=ORIENTED_EDGE('',*,*,#2359,.F.);
#3162=ORIENTED_EDGE('',*,*,#2307,.T.);
#3163=ORIENTED_EDGE('',*,*,#2311,.T.);
#3164=ORIENTED_EDGE('',*,*,#2026,.T.);
#3165=ORIENTED_EDGE('',*,*,#2360,.F.);
#3166=ORIENTED_EDGE('',*,*,#2361,.F.);
#3167=ORIENTED_EDGE('',*,*,#2362,.F.);
#3168=ORIENTED_EDGE('',*,*,#2363,.F.);
#3169=ORIENTED_EDGE('',*,*,#2364,.F.);
#3170=ORIENTED_EDGE('',*,*,#2365,.T.);
#3171=ORIENTED_EDGE('',*,*,#2292,.F.);
#3172=ORIENTED_EDGE('',*,*,#2348,.F.);
#3173=ORIENTED_EDGE('',*,*,#2366,.F.);
#3174=ORIENTED_EDGE('',*,*,#2367,.T.);
#3175=ORIENTED_EDGE('',*,*,#2368,.T.);
#3176=ORIENTED_EDGE('',*,*,#2369,.T.);
#3177=ORIENTED_EDGE('',*,*,#2370,.T.);
#3178=ORIENTED_EDGE('',*,*,#2367,.F.);
#3179=ORIENTED_EDGE('',*,*,#2371,.T.);
#3180=ORIENTED_EDGE('',*,*,#2286,.T.);
#3181=ORIENTED_EDGE('',*,*,#2372,.T.);
#3182=ORIENTED_EDGE('',*,*,#2373,.T.);
#3183=ORIENTED_EDGE('',*,*,#2374,.T.);
#3184=ORIENTED_EDGE('',*,*,#2298,.T.);
#3185=ORIENTED_EDGE('',*,*,#2283,.T.);
#3186=ORIENTED_EDGE('',*,*,#2287,.F.);
#3187=ORIENTED_EDGE('',*,*,#2371,.F.);
#3188=ORIENTED_EDGE('',*,*,#2366,.T.);
#3189=ORIENTED_EDGE('',*,*,#2375,.T.);
#3190=ORIENTED_EDGE('',*,*,#2184,.T.);
#3191=ORIENTED_EDGE('',*,*,#2376,.F.);
#3192=ORIENTED_EDGE('',*,*,#2377,.F.);
#3193=ORIENTED_EDGE('',*,*,#2378,.T.);
#3194=ORIENTED_EDGE('',*,*,#2377,.T.);
#3195=ORIENTED_EDGE('',*,*,#2379,.F.);
#3196=ORIENTED_EDGE('',*,*,#2360,.T.);
#3197=ORIENTED_EDGE('',*,*,#2380,.F.);
#3198=ORIENTED_EDGE('',*,*,#2381,.F.);
#3199=ORIENTED_EDGE('',*,*,#2382,.T.);
#3200=ORIENTED_EDGE('',*,*,#2383,.T.);
#3201=ORIENTED_EDGE('',*,*,#2384,.F.);
#3202=ORIENTED_EDGE('',*,*,#2385,.F.);
#3203=ORIENTED_EDGE('',*,*,#2386,.F.);
#3204=ORIENTED_EDGE('',*,*,#2387,.T.);
#3205=ORIENTED_EDGE('',*,*,#2388,.F.);
#3206=ORIENTED_EDGE('',*,*,#2389,.F.);
#3207=ORIENTED_EDGE('',*,*,#2390,.T.);
#3208=ORIENTED_EDGE('',*,*,#2391,.F.);
#3209=ORIENTED_EDGE('',*,*,#2392,.F.);
#3210=ORIENTED_EDGE('',*,*,#2393,.F.);
#3211=ORIENTED_EDGE('',*,*,#2394,.F.);
#3212=ORIENTED_EDGE('',*,*,#2395,.T.);
#3213=ORIENTED_EDGE('',*,*,#2166,.T.);
#3214=ORIENTED_EDGE('',*,*,#2395,.F.);
#3215=ORIENTED_EDGE('',*,*,#2396,.F.);
#3216=ORIENTED_EDGE('',*,*,#2397,.T.);
#3217=ORIENTED_EDGE('',*,*,#2398,.F.);
#3218=ORIENTED_EDGE('',*,*,#2399,.F.);
#3219=ORIENTED_EDGE('',*,*,#2400,.F.);
#3220=ORIENTED_EDGE('',*,*,#2401,.T.);
#3221=ORIENTED_EDGE('',*,*,#2167,.T.);
#3222=ORIENTED_EDGE('',*,*,#2401,.F.);
#3223=ORIENTED_EDGE('',*,*,#2402,.T.);
#3224=ORIENTED_EDGE('',*,*,#2399,.T.);
#3225=ORIENTED_EDGE('',*,*,#2403,.T.);
#3226=ORIENTED_EDGE('',*,*,#2404,.F.);
#3227=ORIENTED_EDGE('',*,*,#2405,.F.);
#3228=ORIENTED_EDGE('',*,*,#2295,.T.);
#3229=ORIENTED_EDGE('',*,*,#2406,.T.);
#3230=ORIENTED_EDGE('',*,*,#2404,.T.);
#3231=ORIENTED_EDGE('',*,*,#2402,.F.);
#3232=ORIENTED_EDGE('',*,*,#2406,.F.);
#3233=ORIENTED_EDGE('',*,*,#2407,.F.);
#3234=ORIENTED_EDGE('',*,*,#2087,.F.);
#3235=ORIENTED_EDGE('',*,*,#2408,.T.);
#3236=ORIENTED_EDGE('',*,*,#2396,.T.);
#3237=ORIENTED_EDGE('',*,*,#2409,.F.);
#3238=ORIENTED_EDGE('',*,*,#2308,.T.);
#3239=ORIENTED_EDGE('',*,*,#2359,.T.);
#3240=ORIENTED_EDGE('',*,*,#2048,.T.);
#3241=ORIENTED_EDGE('',*,*,#2046,.T.);
#3242=ORIENTED_EDGE('',*,*,#2062,.T.);
#3243=ORIENTED_EDGE('',*,*,#2309,.F.);
#3244=ORIENTED_EDGE('',*,*,#2409,.T.);
#3245=ORIENTED_EDGE('',*,*,#2410,.F.);
#3246=ORIENTED_EDGE('',*,*,#2411,.T.);
#3247=ORIENTED_EDGE('',*,*,#2412,.F.);
#3248=ORIENTED_EDGE('',*,*,#2413,.F.);
#3249=ORIENTED_EDGE('',*,*,#2414,.F.);
#3250=ORIENTED_EDGE('',*,*,#2413,.T.);
#3251=ORIENTED_EDGE('',*,*,#2415,.F.);
#3252=ORIENTED_EDGE('',*,*,#2362,.T.);
#3253=ORIENTED_EDGE('',*,*,#2416,.F.);
#3254=ORIENTED_EDGE('',*,*,#2344,.F.);
#3255=ORIENTED_EDGE('',*,*,#2417,.F.);
#3256=ORIENTED_EDGE('',*,*,#2418,.T.);
#3257=ORIENTED_EDGE('',*,*,#2417,.T.);
#3258=ORIENTED_EDGE('',*,*,#2310,.F.);
#3259=ORIENTED_EDGE('',*,*,#2094,.T.);
#3260=ORIENTED_EDGE('',*,*,#2091,.T.);
#3261=ORIENTED_EDGE('',*,*,#2419,.T.);
#3262=ORIENTED_EDGE('',*,*,#2420,.F.);
#3263=ORIENTED_EDGE('',*,*,#2421,.F.);
#3264=ORIENTED_EDGE('',*,*,#2422,.T.);
#3265=ORIENTED_EDGE('',*,*,#2423,.T.);
#3266=ORIENTED_EDGE('',*,*,#2418,.F.);
#3267=ORIENTED_EDGE('',*,*,#2093,.T.);
#3268=ORIENTED_EDGE('',*,*,#2424,.T.);
#3269=ORIENTED_EDGE('',*,*,#2425,.F.);
#3270=ORIENTED_EDGE('',*,*,#2426,.F.);
#3271=ORIENTED_EDGE('',*,*,#2381,.T.);
#3272=ORIENTED_EDGE('',*,*,#2427,.T.);
#3273=ORIENTED_EDGE('',*,*,#2428,.F.);
#3274=ORIENTED_EDGE('',*,*,#2429,.T.);
#3275=ORIENTED_EDGE('',*,*,#2430,.T.);
#3276=ORIENTED_EDGE('',*,*,#2431,.F.);
#3277=ORIENTED_EDGE('',*,*,#2389,.T.);
#3278=ORIENTED_EDGE('',*,*,#2432,.F.);
#3279=ORIENTED_EDGE('',*,*,#2433,.F.);
#3280=ORIENTED_EDGE('',*,*,#2434,.F.);
#3281=ORIENTED_EDGE('',*,*,#2089,.T.);
#3282=ORIENTED_EDGE('',*,*,#2435,.F.);
#3283=ORIENTED_EDGE('',*,*,#2436,.F.);
#3284=ORIENTED_EDGE('',*,*,#2437,.F.);
#3285=ORIENTED_EDGE('',*,*,#2421,.T.);
#3286=ORIENTED_EDGE('',*,*,#2438,.F.);
#3287=ORIENTED_EDGE('',*,*,#2439,.F.);
#3288=ORIENTED_EDGE('',*,*,#2440,.F.);
#3289=ORIENTED_EDGE('',*,*,#2092,.F.);
#3290=ORIENTED_EDGE('',*,*,#2439,.T.);
#3291=ORIENTED_EDGE('',*,*,#2441,.F.);
#3292=ORIENTED_EDGE('',*,*,#2441,.T.);
#3293=ORIENTED_EDGE('',*,*,#2442,.F.);
#3294=ORIENTED_EDGE('',*,*,#2443,.F.);
#3295=ORIENTED_EDGE('',*,*,#2444,.T.);
#3296=ORIENTED_EDGE('',*,*,#2445,.F.);
#3297=ORIENTED_EDGE('',*,*,#2446,.F.);
#3298=ORIENTED_EDGE('',*,*,#2447,.F.);
#3299=ORIENTED_EDGE('',*,*,#2446,.T.);
#3300=ORIENTED_EDGE('',*,*,#2448,.F.);
#3301=ORIENTED_EDGE('',*,*,#2449,.T.);
#3302=ORIENTED_EDGE('',*,*,#2445,.T.);
#3303=ORIENTED_EDGE('',*,*,#2450,.F.);
#3304=ORIENTED_EDGE('',*,*,#2451,.F.);
#3305=ORIENTED_EDGE('',*,*,#2448,.T.);
#3306=ORIENTED_EDGE('',*,*,#2419,.F.);
#3307=ORIENTED_EDGE('',*,*,#2452,.F.);
#3308=ORIENTED_EDGE('',*,*,#2453,.F.);
#3309=ORIENTED_EDGE('',*,*,#2452,.T.);
#3310=ORIENTED_EDGE('',*,*,#2090,.T.);
#3311=ORIENTED_EDGE('',*,*,#2454,.F.);
#3312=ORIENTED_EDGE('',*,*,#2443,.T.);
#3313=ORIENTED_EDGE('',*,*,#2454,.T.);
#3314=ORIENTED_EDGE('',*,*,#2434,.T.);
#3315=ORIENTED_EDGE('',*,*,#2455,.F.);
#3316=ORIENTED_EDGE('',*,*,#2424,.F.);
#3317=ORIENTED_EDGE('',*,*,#2440,.T.);
#3318=ORIENTED_EDGE('',*,*,#2456,.F.);
#3319=ORIENTED_EDGE('',*,*,#2457,.T.);
#3320=ORIENTED_EDGE('',*,*,#2382,.F.);
#3321=ORIENTED_EDGE('',*,*,#2426,.T.);
#3322=ORIENTED_EDGE('',*,*,#2458,.F.);
#3323=ORIENTED_EDGE('',*,*,#2459,.F.);
#3324=ORIENTED_EDGE('',*,*,#2432,.T.);
#3325=ORIENTED_EDGE('',*,*,#2388,.T.);
#3326=ORIENTED_EDGE('',*,*,#2460,.T.);
#3327=ORIENTED_EDGE('',*,*,#2450,.T.);
#3328=ORIENTED_EDGE('',*,*,#2444,.F.);
#3329=ORIENTED_EDGE('',*,*,#2461,.F.);
#3330=ORIENTED_EDGE('',*,*,#2462,.F.);
#3331=ORIENTED_EDGE('',*,*,#2463,.T.);
#3332=ORIENTED_EDGE('',*,*,#2464,.F.);
#3333=ORIENTED_EDGE('',*,*,#2465,.T.);
#3334=ORIENTED_EDGE('',*,*,#2437,.T.);
#3335=ORIENTED_EDGE('',*,*,#2466,.F.);
#3336=ORIENTED_EDGE('',*,*,#2365,.F.);
#3337=ORIENTED_EDGE('',*,*,#2463,.F.);
#3338=ORIENTED_EDGE('',*,*,#2374,.F.);
#3339=ORIENTED_EDGE('',*,*,#2467,.T.);
#3340=ORIENTED_EDGE('',*,*,#2468,.F.);
#3341=ORIENTED_EDGE('',*,*,#2296,.T.);
#3342=ORIENTED_EDGE('',*,*,#2373,.F.);
#3343=ORIENTED_EDGE('',*,*,#2469,.T.);
#3344=ORIENTED_EDGE('',*,*,#2470,.F.);
#3345=ORIENTED_EDGE('',*,*,#2467,.F.);
#3346=ORIENTED_EDGE('',*,*,#2372,.F.);
#3347=ORIENTED_EDGE('',*,*,#2369,.F.);
#3348=ORIENTED_EDGE('',*,*,#2471,.F.);
#3349=ORIENTED_EDGE('',*,*,#2469,.F.);
#3350=ORIENTED_EDGE('',*,*,#2403,.F.);
#3351=ORIENTED_EDGE('',*,*,#2398,.T.);
#3352=ORIENTED_EDGE('',*,*,#2472,.T.);
#3353=ORIENTED_EDGE('',*,*,#2085,.T.);
#3354=ORIENTED_EDGE('',*,*,#2354,.T.);
#3355=ORIENTED_EDGE('',*,*,#2405,.T.);
#3356=ORIENTED_EDGE('',*,*,#2397,.F.);
#3357=ORIENTED_EDGE('',*,*,#2408,.F.);
#3358=ORIENTED_EDGE('',*,*,#2086,.T.);
#3359=ORIENTED_EDGE('',*,*,#2472,.F.);
#3360=ORIENTED_EDGE('',*,*,#2294,.T.);
#3361=ORIENTED_EDGE('',*,*,#2473,.F.);
#3362=ORIENTED_EDGE('',*,*,#2435,.T.);
#3363=ORIENTED_EDGE('',*,*,#2088,.F.);
#3364=ORIENTED_EDGE('',*,*,#2407,.T.);
#3365=ORIENTED_EDGE('',*,*,#2293,.F.);
#3366=ORIENTED_EDGE('',*,*,#2466,.T.);
#3367=ORIENTED_EDGE('',*,*,#2436,.T.);
#3368=ORIENTED_EDGE('',*,*,#2473,.T.);
#3369=ORIENTED_EDGE('',*,*,#2422,.F.);
#3370=ORIENTED_EDGE('',*,*,#2474,.T.);
#3371=ORIENTED_EDGE('',*,*,#2172,.T.);
#3372=ORIENTED_EDGE('',*,*,#2474,.F.);
#3373=ORIENTED_EDGE('',*,*,#2423,.F.);
#3374=ORIENTED_EDGE('',*,*,#2475,.T.);
#3375=ORIENTED_EDGE('',*,*,#2170,.T.);
#3376=ORIENTED_EDGE('',*,*,#2475,.F.);
#3377=ORIENTED_EDGE('',*,*,#2429,.F.);
#3378=ORIENTED_EDGE('',*,*,#2476,.T.);
#3379=ORIENTED_EDGE('',*,*,#2171,.T.);
#3380=ORIENTED_EDGE('',*,*,#2476,.F.);
#3381=ORIENTED_EDGE('',*,*,#2430,.F.);
#3382=ORIENTED_EDGE('',*,*,#2477,.T.);
#3383=ORIENTED_EDGE('',*,*,#2169,.T.);
#3384=ORIENTED_EDGE('',*,*,#2477,.F.);
#3385=ORIENTED_EDGE('',*,*,#2416,.T.);
#3386=ORIENTED_EDGE('',*,*,#2428,.T.);
#3387=ORIENTED_EDGE('',*,*,#2478,.T.);
#3388=ORIENTED_EDGE('',*,*,#2479,.F.);
#3389=ORIENTED_EDGE('',*,*,#2480,.T.);
#3390=ORIENTED_EDGE('',*,*,#2173,.F.);
#3391=ORIENTED_EDGE('',*,*,#2185,.F.);
#3392=ORIENTED_EDGE('',*,*,#2375,.F.);
#3393=ORIENTED_EDGE('',*,*,#2378,.F.);
#3394=ORIENTED_EDGE('',*,*,#2363,.T.);
#3395=ORIENTED_EDGE('',*,*,#2415,.T.);
#3396=ORIENTED_EDGE('',*,*,#2412,.T.);
#3397=ORIENTED_EDGE('',*,*,#2481,.F.);
#3398=ORIENTED_EDGE('',*,*,#2174,.F.);
#3399=ORIENTED_EDGE('',*,*,#2480,.F.);
#3400=ORIENTED_EDGE('',*,*,#2411,.F.);
#3401=ORIENTED_EDGE('',*,*,#2370,.F.);
#3402=ORIENTED_EDGE('',*,*,#2285,.F.);
#3403=ORIENTED_EDGE('',*,*,#2281,.F.);
#3404=ORIENTED_EDGE('',*,*,#2297,.F.);
#3405=ORIENTED_EDGE('',*,*,#2468,.T.);
#3406=ORIENTED_EDGE('',*,*,#2470,.T.);
#3407=ORIENTED_EDGE('',*,*,#2471,.T.);
#3408=ORIENTED_EDGE('',*,*,#2368,.F.);
#3409=ORIENTED_EDGE('',*,*,#2461,.T.);
#3410=ORIENTED_EDGE('',*,*,#2455,.T.);
#3411=ORIENTED_EDGE('',*,*,#2433,.T.);
#3412=ORIENTED_EDGE('',*,*,#2459,.T.);
#3413=ORIENTED_EDGE('',*,*,#2482,.F.);
#3414=ORIENTED_EDGE('',*,*,#2447,.T.);
#3415=ORIENTED_EDGE('',*,*,#2483,.F.);
#3416=ORIENTED_EDGE('',*,*,#2458,.T.);
#3417=ORIENTED_EDGE('',*,*,#2425,.T.);
#3418=ORIENTED_EDGE('',*,*,#2456,.T.);
#3419=ORIENTED_EDGE('',*,*,#2484,.F.);
#3420=ORIENTED_EDGE('',*,*,#2485,.T.);
#3421=ORIENTED_EDGE('',*,*,#2486,.T.);
#3422=ORIENTED_EDGE('',*,*,#2487,.T.);
#3423=ORIENTED_EDGE('',*,*,#2488,.T.);
#3424=ORIENTED_EDGE('',*,*,#2489,.T.);
#3425=ORIENTED_EDGE('',*,*,#2490,.T.);
#3426=ORIENTED_EDGE('',*,*,#2491,.T.);
#3427=ORIENTED_EDGE('',*,*,#2492,.F.);
#3428=ORIENTED_EDGE('',*,*,#2243,.T.);
#3429=ORIENTED_EDGE('',*,*,#2493,.T.);
#3430=ORIENTED_EDGE('',*,*,#2494,.T.);
#3431=ORIENTED_EDGE('',*,*,#2490,.F.);
#3432=ORIENTED_EDGE('',*,*,#2242,.F.);
#3433=ORIENTED_EDGE('',*,*,#2495,.F.);
#3434=ORIENTED_EDGE('',*,*,#2496,.T.);
#3435=ORIENTED_EDGE('',*,*,#2497,.T.);
#3436=ORIENTED_EDGE('',*,*,#2386,.T.);
#3437=ORIENTED_EDGE('',*,*,#2498,.T.);
#3438=ORIENTED_EDGE('',*,*,#2499,.T.);
#3439=ORIENTED_EDGE('',*,*,#2495,.T.);
#3440=ORIENTED_EDGE('',*,*,#2385,.T.);
#3441=ORIENTED_EDGE('',*,*,#2500,.T.);
#3442=ORIENTED_EDGE('',*,*,#2501,.T.);
#3443=ORIENTED_EDGE('',*,*,#2498,.F.);
#3444=ORIENTED_EDGE('',*,*,#2384,.T.);
#3445=ORIENTED_EDGE('',*,*,#2483,.T.);
#3446=ORIENTED_EDGE('',*,*,#2449,.F.);
#3447=ORIENTED_EDGE('',*,*,#2451,.T.);
#3448=ORIENTED_EDGE('',*,*,#2462,.T.);
#3449=ORIENTED_EDGE('',*,*,#2482,.T.);
#3450=ORIENTED_EDGE('',*,*,#2460,.F.);
#3451=ORIENTED_EDGE('',*,*,#2387,.F.);
#3452=ORIENTED_EDGE('',*,*,#2502,.F.);
#3453=ORIENTED_EDGE('',*,*,#2503,.F.);
#3454=ORIENTED_EDGE('',*,*,#2504,.T.);
#3455=ORIENTED_EDGE('',*,*,#2505,.T.);
#3456=ORIENTED_EDGE('',*,*,#2506,.F.);
#3457=ORIENTED_EDGE('',*,*,#2507,.F.);
#3458=ORIENTED_EDGE('',*,*,#2500,.F.);
#3459=ORIENTED_EDGE('',*,*,#2383,.F.);
#3460=ORIENTED_EDGE('',*,*,#2457,.F.);
#3461=ORIENTED_EDGE('',*,*,#2508,.F.);
#3462=ORIENTED_EDGE('',*,*,#2509,.T.);
#3463=ORIENTED_EDGE('',*,*,#2502,.T.);
#3464=ORIENTED_EDGE('',*,*,#2393,.T.);
#3465=ORIENTED_EDGE('',*,*,#2510,.T.);
#3466=ORIENTED_EDGE('',*,*,#2511,.T.);
#3467=ORIENTED_EDGE('',*,*,#2508,.T.);
#3468=ORIENTED_EDGE('',*,*,#2392,.T.);
#3469=ORIENTED_EDGE('',*,*,#2512,.T.);
#3470=ORIENTED_EDGE('',*,*,#2513,.T.);
#3471=ORIENTED_EDGE('',*,*,#2510,.F.);
#3472=ORIENTED_EDGE('',*,*,#2391,.T.);
#3473=ORIENTED_EDGE('',*,*,#2514,.T.);
#3474=ORIENTED_EDGE('',*,*,#2478,.F.);
#3475=ORIENTED_EDGE('',*,*,#2427,.F.);
#3476=ORIENTED_EDGE('',*,*,#2380,.T.);
#3477=ORIENTED_EDGE('',*,*,#2497,.F.);
#3478=ORIENTED_EDGE('',*,*,#2515,.F.);
#3479=ORIENTED_EDGE('',*,*,#2516,.T.);
#3480=ORIENTED_EDGE('',*,*,#2485,.F.);
#3481=ORIENTED_EDGE('',*,*,#2499,.F.);
#3482=ORIENTED_EDGE('',*,*,#2501,.F.);
#3483=ORIENTED_EDGE('',*,*,#2507,.T.);
#3484=ORIENTED_EDGE('',*,*,#2517,.F.);
#3485=ORIENTED_EDGE('',*,*,#2518,.T.);
#3486=ORIENTED_EDGE('',*,*,#2519,.F.);
#3487=ORIENTED_EDGE('',*,*,#2515,.T.);
#3488=ORIENTED_EDGE('',*,*,#2496,.F.);
#3489=ORIENTED_EDGE('',*,*,#2511,.F.);
#3490=ORIENTED_EDGE('',*,*,#2513,.F.);
#3491=ORIENTED_EDGE('',*,*,#2520,.F.);
#3492=ORIENTED_EDGE('',*,*,#2521,.T.);
#3493=ORIENTED_EDGE('',*,*,#2522,.T.);
#3494=ORIENTED_EDGE('',*,*,#2523,.T.);
#3495=ORIENTED_EDGE('',*,*,#2503,.T.);
#3496=ORIENTED_EDGE('',*,*,#2509,.F.);
#3497=ORIENTED_EDGE('',*,*,#2516,.F.);
#3498=ORIENTED_EDGE('',*,*,#2519,.T.);
#3499=ORIENTED_EDGE('',*,*,#2524,.T.);
#3500=ORIENTED_EDGE('',*,*,#2486,.F.);
#3501=ORIENTED_EDGE('',*,*,#2525,.T.);
#3502=ORIENTED_EDGE('',*,*,#2526,.T.);
#3503=ORIENTED_EDGE('',*,*,#2522,.F.);
#3504=ORIENTED_EDGE('',*,*,#2527,.T.);
#3505=ORIENTED_EDGE('',*,*,#2528,.T.);
#3506=ORIENTED_EDGE('',*,*,#2524,.F.);
#3507=ORIENTED_EDGE('',*,*,#2518,.F.);
#3508=ORIENTED_EDGE('',*,*,#2529,.F.);
#3509=ORIENTED_EDGE('',*,*,#2528,.F.);
#3510=ORIENTED_EDGE('',*,*,#2530,.F.);
#3511=ORIENTED_EDGE('',*,*,#2505,.F.);
#3512=ORIENTED_EDGE('',*,*,#2531,.T.);
#3513=ORIENTED_EDGE('',*,*,#2525,.F.);
#3514=ORIENTED_EDGE('',*,*,#2487,.F.);
#3515=ORIENTED_EDGE('',*,*,#2494,.F.);
#3516=ORIENTED_EDGE('',*,*,#2532,.F.);
#3517=ORIENTED_EDGE('',*,*,#2533,.F.);
#3518=ORIENTED_EDGE('',*,*,#2491,.F.);
#3519=ORIENTED_EDGE('',*,*,#2442,.T.);
#3520=ORIENTED_EDGE('',*,*,#2438,.T.);
#3521=ORIENTED_EDGE('',*,*,#2420,.T.);
#3522=ORIENTED_EDGE('',*,*,#2453,.T.);
#3523=ORIENTED_EDGE('',*,*,#2219,.T.);
#3524=ORIENTED_EDGE('',*,*,#2223,.T.);
#3525=ORIENTED_EDGE('',*,*,#2226,.T.);
#3526=ORIENTED_EDGE('',*,*,#2228,.T.);
#3527=ORIENTED_EDGE('',*,*,#2534,.T.);
#3528=ORIENTED_EDGE('',*,*,#2532,.T.);
#3529=ORIENTED_EDGE('',*,*,#2493,.F.);
#3530=ORIENTED_EDGE('',*,*,#2245,.T.);
#3531=ORIENTED_EDGE('',*,*,#2492,.T.);
#3532=ORIENTED_EDGE('',*,*,#2533,.T.);
#3533=ORIENTED_EDGE('',*,*,#2534,.F.);
#3534=ORIENTED_EDGE('',*,*,#2244,.F.);
#3535=ORIENTED_EDGE('',*,*,#2526,.F.);
#3536=ORIENTED_EDGE('',*,*,#2531,.F.);
#3537=ORIENTED_EDGE('',*,*,#2504,.F.);
#3538=ORIENTED_EDGE('',*,*,#2523,.F.);
#3539=ORIENTED_EDGE('',*,*,#2506,.T.);
#3540=ORIENTED_EDGE('',*,*,#2530,.T.);
#3541=ORIENTED_EDGE('',*,*,#2529,.T.);
#3542=ORIENTED_EDGE('',*,*,#2517,.T.);
#3543=ORIENTED_EDGE('',*,*,#2527,.F.);
#3544=ORIENTED_EDGE('',*,*,#2521,.F.);
#3545=ORIENTED_EDGE('',*,*,#2535,.T.);
#3546=ORIENTED_EDGE('',*,*,#2488,.F.);
#3547=ORIENTED_EDGE('',*,*,#2536,.T.);
#3548=ORIENTED_EDGE('',*,*,#2489,.F.);
#3549=ORIENTED_EDGE('',*,*,#2535,.F.);
#3550=ORIENTED_EDGE('',*,*,#2520,.T.);
#3551=ORIENTED_EDGE('',*,*,#2512,.F.);
#3552=ORIENTED_EDGE('',*,*,#2390,.F.);
#3553=ORIENTED_EDGE('',*,*,#2431,.T.);
#3554=ORIENTED_EDGE('',*,*,#2465,.F.);
#3555=ORIENTED_EDGE('',*,*,#2537,.T.);
#3556=ORIENTED_EDGE('',*,*,#2328,.T.);
#3557=ORIENTED_EDGE('',*,*,#2538,.T.);
#3558=ORIENTED_EDGE('',*,*,#2539,.F.);
#3559=ORIENTED_EDGE('',*,*,#2191,.T.);
#3560=ORIENTED_EDGE('',*,*,#2217,.T.);
#3561=ORIENTED_EDGE('',*,*,#2197,.T.);
#3562=ORIENTED_EDGE('',*,*,#2194,.T.);
#3563=ORIENTED_EDGE('',*,*,#2351,.T.);
#3564=ORIENTED_EDGE('',*,*,#2320,.T.);
#3565=ORIENTED_EDGE('',*,*,#2329,.T.);
#3566=ORIENTED_EDGE('',*,*,#2330,.T.);
#3567=ORIENTED_EDGE('',*,*,#2540,.F.);
#3568=ORIENTED_EDGE('',*,*,#2270,.T.);
#3569=ORIENTED_EDGE('',*,*,#2541,.F.);
#3570=ORIENTED_EDGE('',*,*,#2542,.T.);
#3571=ORIENTED_EDGE('',*,*,#2543,.T.);
#3572=ORIENTED_EDGE('',*,*,#2544,.T.);
#3573=ORIENTED_EDGE('',*,*,#2545,.F.);
#3574=ORIENTED_EDGE('',*,*,#2546,.F.);
#3575=ORIENTED_EDGE('',*,*,#2547,.F.);
#3576=ORIENTED_EDGE('',*,*,#2548,.F.);
#3577=ORIENTED_EDGE('',*,*,#2549,.T.);
#3578=ORIENTED_EDGE('',*,*,#2550,.F.);
#3579=ORIENTED_EDGE('',*,*,#2551,.F.);
#3580=ORIENTED_EDGE('',*,*,#2262,.F.);
#3581=ORIENTED_EDGE('',*,*,#2552,.T.);
#3582=ORIENTED_EDGE('',*,*,#2553,.T.);
#3583=ORIENTED_EDGE('',*,*,#2554,.T.);
#3584=ORIENTED_EDGE('',*,*,#2555,.T.);
#3585=ORIENTED_EDGE('',*,*,#2556,.T.);
#3586=ORIENTED_EDGE('',*,*,#2554,.F.);
#3587=ORIENTED_EDGE('',*,*,#2557,.F.);
#3588=ORIENTED_EDGE('',*,*,#2248,.F.);
#3589=ORIENTED_EDGE('',*,*,#2557,.T.);
#3590=ORIENTED_EDGE('',*,*,#2553,.F.);
#3591=ORIENTED_EDGE('',*,*,#2558,.T.);
#3592=ORIENTED_EDGE('',*,*,#2546,.T.);
#3593=ORIENTED_EDGE('',*,*,#2559,.T.);
#3594=ORIENTED_EDGE('',*,*,#2253,.T.);
#3595=ORIENTED_EDGE('',*,*,#2560,.T.);
#3596=ORIENTED_EDGE('',*,*,#2561,.T.);
#3597=ORIENTED_EDGE('',*,*,#2562,.T.);
#3598=ORIENTED_EDGE('',*,*,#2563,.T.);
#3599=ORIENTED_EDGE('',*,*,#2564,.T.);
#3600=ORIENTED_EDGE('',*,*,#2562,.F.);
#3601=ORIENTED_EDGE('',*,*,#2565,.F.);
#3602=ORIENTED_EDGE('',*,*,#2206,.T.);
#3603=ORIENTED_EDGE('',*,*,#2565,.T.);
#3604=ORIENTED_EDGE('',*,*,#2561,.F.);
#3605=ORIENTED_EDGE('',*,*,#2566,.F.);
#3606=ORIENTED_EDGE('',*,*,#2207,.F.);
#3607=ORIENTED_EDGE('',*,*,#2567,.T.);
#3608=ORIENTED_EDGE('',*,*,#2550,.T.);
#3609=ORIENTED_EDGE('',*,*,#2568,.T.);
#3610=ORIENTED_EDGE('',*,*,#2569,.T.);
#3611=ORIENTED_EDGE('',*,*,#2570,.F.);
#3612=ORIENTED_EDGE('',*,*,#2555,.F.);
#3613=ORIENTED_EDGE('',*,*,#2556,.F.);
#3614=ORIENTED_EDGE('',*,*,#2247,.F.);
#3615=ORIENTED_EDGE('',*,*,#2571,.T.);
#3616=ORIENTED_EDGE('',*,*,#2572,.T.);
#3617=ORIENTED_EDGE('',*,*,#2259,.F.);
#3618=ORIENTED_EDGE('',*,*,#2573,.T.);
#3619=ORIENTED_EDGE('',*,*,#2338,.T.);
#3620=ORIENTED_EDGE('',*,*,#2574,.T.);
#3621=ORIENTED_EDGE('',*,*,#2250,.F.);
#3622=ORIENTED_EDGE('',*,*,#2188,.F.);
#3623=ORIENTED_EDGE('',*,*,#2572,.F.);
#3624=ORIENTED_EDGE('',*,*,#2575,.F.);
#3625=ORIENTED_EDGE('',*,*,#2576,.T.);
#3626=ORIENTED_EDGE('',*,*,#2260,.F.);
#3627=ORIENTED_EDGE('',*,*,#2576,.F.);
#3628=ORIENTED_EDGE('',*,*,#2577,.F.);
#3629=ORIENTED_EDGE('',*,*,#2578,.F.);
#3630=ORIENTED_EDGE('',*,*,#2254,.F.);
#3631=ORIENTED_EDGE('',*,*,#2578,.T.);
#3632=ORIENTED_EDGE('',*,*,#2579,.F.);
#3633=ORIENTED_EDGE('',*,*,#2580,.F.);
#3634=ORIENTED_EDGE('',*,*,#2255,.F.);
#3635=ORIENTED_EDGE('',*,*,#2581,.F.);
#3636=ORIENTED_EDGE('',*,*,#2569,.F.);
#3637=ORIENTED_EDGE('',*,*,#2582,.T.);
#3638=ORIENTED_EDGE('',*,*,#2267,.F.);
#3639=ORIENTED_EDGE('',*,*,#2582,.F.);
#3640=ORIENTED_EDGE('',*,*,#2568,.F.);
#3641=ORIENTED_EDGE('',*,*,#2549,.F.);
#3642=ORIENTED_EDGE('',*,*,#2261,.F.);
#3643=ORIENTED_EDGE('',*,*,#2566,.T.);
#3644=ORIENTED_EDGE('',*,*,#2560,.F.);
#3645=ORIENTED_EDGE('',*,*,#2583,.F.);
#3646=ORIENTED_EDGE('',*,*,#2204,.T.);
#3647=ORIENTED_EDGE('',*,*,#2583,.T.);
#3648=ORIENTED_EDGE('',*,*,#2563,.F.);
#3649=ORIENTED_EDGE('',*,*,#2564,.F.);
#3650=ORIENTED_EDGE('',*,*,#2205,.F.);
#3651=ORIENTED_EDGE('',*,*,#2559,.F.);
#3652=ORIENTED_EDGE('',*,*,#2545,.T.);
#3653=ORIENTED_EDGE('',*,*,#2584,.T.);
#3654=ORIENTED_EDGE('',*,*,#2186,.T.);
#3655=ORIENTED_EDGE('',*,*,#2584,.F.);
#3656=ORIENTED_EDGE('',*,*,#2548,.T.);
#3657=ORIENTED_EDGE('',*,*,#2585,.F.);
#3658=ORIENTED_EDGE('',*,*,#2579,.T.);
#3659=ORIENTED_EDGE('',*,*,#2577,.T.);
#3660=ORIENTED_EDGE('',*,*,#2575,.T.);
#3661=ORIENTED_EDGE('',*,*,#2571,.F.);
#3662=ORIENTED_EDGE('',*,*,#2187,.T.);
#3663=ORIENTED_EDGE('',*,*,#2252,.F.);
#3664=ORIENTED_EDGE('',*,*,#2586,.T.);
#3665=ORIENTED_EDGE('',*,*,#2345,.T.);
#3666=ORIENTED_EDGE('',*,*,#2322,.F.);
#3667=ORIENTED_EDGE('',*,*,#2263,.T.);
#3668=ORIENTED_EDGE('',*,*,#2551,.T.);
#3669=ORIENTED_EDGE('',*,*,#2567,.F.);
#3670=ORIENTED_EDGE('',*,*,#2246,.T.);
#3671=ORIENTED_EDGE('',*,*,#2587,.T.);
#3672=ORIENTED_EDGE('',*,*,#2588,.F.);
#3673=ORIENTED_EDGE('',*,*,#2162,.F.);
#3674=ORIENTED_EDGE('',*,*,#2588,.T.);
#3675=ORIENTED_EDGE('',*,*,#2077,.F.);
#3676=ORIENTED_EDGE('',*,*,#2589,.T.);
#3677=ORIENTED_EDGE('',*,*,#2538,.F.);
#3678=ORIENTED_EDGE('',*,*,#2327,.F.);
#3679=ORIENTED_EDGE('',*,*,#2590,.F.);
#3680=ORIENTED_EDGE('',*,*,#2591,.F.);
#3681=ORIENTED_EDGE('',*,*,#2539,.T.);
#3682=ORIENTED_EDGE('',*,*,#2589,.F.);
#3683=ORIENTED_EDGE('',*,*,#2592,.T.);
#3684=ORIENTED_EDGE('',*,*,#2592,.F.);
#3685=ORIENTED_EDGE('',*,*,#2076,.T.);
#3686=ORIENTED_EDGE('',*,*,#2593,.T.);
#3687=ORIENTED_EDGE('',*,*,#2594,.F.);
#3688=ORIENTED_EDGE('',*,*,#2537,.F.);
#3689=ORIENTED_EDGE('',*,*,#2594,.T.);
#3690=ORIENTED_EDGE('',*,*,#2595,.T.);
#3691=ORIENTED_EDGE('',*,*,#2596,.T.);
#3692=ORIENTED_EDGE('',*,*,#2331,.F.);
#3693=ORIENTED_EDGE('',*,*,#2326,.T.);
#3694=ORIENTED_EDGE('',*,*,#2597,.T.);
#3695=ORIENTED_EDGE('',*,*,#2595,.F.);
#3696=ORIENTED_EDGE('',*,*,#2542,.F.);
#3697=ORIENTED_EDGE('',*,*,#2598,.F.);
#3698=ORIENTED_EDGE('',*,*,#2593,.F.);
#3699=ORIENTED_EDGE('',*,*,#2599,.T.);
#3700=ORIENTED_EDGE('',*,*,#2543,.F.);
#3701=ORIENTED_EDGE('',*,*,#2590,.T.);
#3702=ORIENTED_EDGE('',*,*,#2600,.F.);
#3703=ORIENTED_EDGE('',*,*,#2160,.F.);
#3704=ORIENTED_EDGE('',*,*,#2600,.T.);
#3705=ORIENTED_EDGE('',*,*,#2591,.T.);
#3706=ORIENTED_EDGE('',*,*,#2601,.F.);
#3707=ORIENTED_EDGE('',*,*,#2159,.F.);
#3708=ORIENTED_EDGE('',*,*,#2601,.T.);
#3709=ORIENTED_EDGE('',*,*,#2183,.F.);
#3710=ORIENTED_EDGE('',*,*,#2602,.T.);
#3711=ORIENTED_EDGE('',*,*,#2603,.T.);
#3712=ORIENTED_EDGE('',*,*,#2175,.T.);
#3713=ORIENTED_EDGE('',*,*,#2481,.T.);
#3714=ORIENTED_EDGE('',*,*,#2410,.T.);
#3715=ORIENTED_EDGE('',*,*,#2414,.T.);
#3716=ORIENTED_EDGE('',*,*,#2361,.T.);
#3717=ORIENTED_EDGE('',*,*,#2379,.T.);
#3718=ORIENTED_EDGE('',*,*,#2376,.T.);
#3719=ORIENTED_EDGE('',*,*,#2251,.F.);
#3720=ORIENTED_EDGE('',*,*,#2574,.F.);
#3721=ORIENTED_EDGE('',*,*,#2341,.F.);
#3722=ORIENTED_EDGE('',*,*,#2343,.F.);
#3723=ORIENTED_EDGE('',*,*,#2479,.T.);
#3724=ORIENTED_EDGE('',*,*,#2514,.F.);
#3725=ORIENTED_EDGE('',*,*,#2484,.T.);
#3726=ORIENTED_EDGE('',*,*,#2536,.F.);
#3727=ORIENTED_EDGE('',*,*,#2464,.T.);
#3728=ORIENTED_EDGE('',*,*,#2364,.T.);
#3729=ORIENTED_EDGE('',*,*,#2346,.F.);
#3730=ORIENTED_EDGE('',*,*,#2586,.F.);
#3731=ORIENTED_EDGE('',*,*,#2603,.F.);
#3732=ORIENTED_EDGE('',*,*,#2604,.T.);
#3733=ORIENTED_EDGE('',*,*,#2176,.T.);
#3734=ORIENTED_EDGE('',*,*,#2394,.T.);
#3735=ORIENTED_EDGE('',*,*,#2400,.T.);
#3736=ORIENTED_EDGE('',*,*,#2271,.F.);
#3737=ORIENTED_EDGE('',*,*,#2587,.F.);
#3738=ORIENTED_EDGE('',*,*,#2177,.T.);
#3739=ORIENTED_EDGE('',*,*,#2604,.F.);
#3740=ORIENTED_EDGE('',*,*,#2602,.F.);
#3741=ORIENTED_EDGE('',*,*,#2181,.F.);
#3742=ORIENTED_EDGE('',*,*,#2180,.F.);
#3743=ORIENTED_EDGE('',*,*,#2164,.F.);
#3744=ORIENTED_EDGE('',*,*,#2596,.F.);
#3745=ORIENTED_EDGE('',*,*,#2597,.F.);
#3746=ORIENTED_EDGE('',*,*,#2605,.T.);
#3747=ORIENTED_EDGE('',*,*,#2332,.T.);
#3748=ORIENTED_EDGE('',*,*,#2605,.F.);
#3749=ORIENTED_EDGE('',*,*,#2598,.T.);
#3750=ORIENTED_EDGE('',*,*,#2541,.T.);
#3751=ORIENTED_EDGE('',*,*,#2269,.T.);
#3752=ORIENTED_EDGE('',*,*,#2256,.T.);
#3753=ORIENTED_EDGE('',*,*,#2580,.T.);
#3754=ORIENTED_EDGE('',*,*,#2585,.T.);
#3755=ORIENTED_EDGE('',*,*,#2547,.T.);
#3756=ORIENTED_EDGE('',*,*,#2558,.F.);
#3757=ORIENTED_EDGE('',*,*,#2552,.F.);
#3758=ORIENTED_EDGE('',*,*,#2570,.T.);
#3759=ORIENTED_EDGE('',*,*,#2581,.T.);
#3760=ORIENTED_EDGE('',*,*,#2266,.T.);
#3761=ORIENTED_EDGE('',*,*,#2352,.T.);
#3762=ORIENTED_EDGE('',*,*,#2540,.T.);
#3763=ORIENTED_EDGE('',*,*,#2333,.F.);
#3764=ORIENTED_EDGE('',*,*,#2544,.F.);
#3765=ORIENTED_EDGE('',*,*,#2599,.F.);
#3766=ORIENTED_EDGE('',*,*,#2075,.F.);
#3767=ORIENTED_EDGE('',*,*,#2316,.T.);
#3768=ORIENTED_EDGE('',*,*,#2339,.T.);
#3769=ORIENTED_EDGE('',*,*,#2573,.F.);
#3770=ORIENTED_EDGE('',*,*,#2258,.F.);
#3771=ORIENTED_EDGE('',*,*,#2268,.T.);
#3772=ORIENTED_EDGE('',*,*,#2336,.F.);
#3773=ORIENTED_EDGE('',*,*,#2334,.F.);
#3774=PLANE('',#4166);
#3775=PLANE('',#4169);
#3776=PLANE('',#4171);
#3777=PLANE('',#4172);
#3778=PLANE('',#4174);
#3779=PLANE('',#4175);
#3780=PLANE('',#4176);
#3781=PLANE('',#4178);
#3782=PLANE('',#4179);
#3783=PLANE('',#4180);
#3784=PLANE('',#4181);
#3785=PLANE('',#4182);
#3786=PLANE('',#4183);
#3787=PLANE('',#4184);
#3788=PLANE('',#4185);
#3789=PLANE('',#4189);
#3790=PLANE('',#4196);
#3791=PLANE('',#4208);
#3792=PLANE('',#4214);
#3793=PLANE('',#4216);
#3794=PLANE('',#4219);
#3795=PLANE('',#4223);
#3796=PLANE('',#4225);
#3797=PLANE('',#4230);
#3798=PLANE('',#4236);
#3799=PLANE('',#4242);
#3800=PLANE('',#4243);
#3801=PLANE('',#4246);
#3802=PLANE('',#4249);
#3803=PLANE('',#4254);
#3804=PLANE('',#4256);
#3805=PLANE('',#4258);
#3806=PLANE('',#4259);
#3807=PLANE('',#4262);
#3808=PLANE('',#4265);
#3809=PLANE('',#4266);
#3810=PLANE('',#4269);
#3811=PLANE('',#4270);
#3812=PLANE('',#4273);
#3813=PLANE('',#4276);
#3814=PLANE('',#4277);
#3815=PLANE('',#4278);
#3816=PLANE('',#4281);
#3817=PLANE('',#4284);
#3818=PLANE('',#4286);
#3819=PLANE('',#4287);
#3820=PLANE('',#4288);
#3821=PLANE('',#4289);
#3822=PLANE('',#4290);
#3823=PLANE('',#4291);
#3824=PLANE('',#4292);
#3825=PLANE('',#4294);
#3826=PLANE('',#4295);
#3827=PLANE('',#4296);
#3828=PLANE('',#4297);
#3829=PLANE('',#4298);
#3830=PLANE('',#4299);
#3831=PLANE('',#4300);
#3832=PLANE('',#4301);
#3833=PLANE('',#4302);
#3834=PLANE('',#4305);
#3835=PLANE('',#4306);
#3836=PLANE('',#4307);
#3837=PLANE('',#4308);
#3838=PLANE('',#4309);
#3839=PLANE('',#4310);
#3840=PLANE('',#4311);
#3841=PLANE('',#4312);
#3842=PLANE('',#4313);
#3843=PLANE('',#4314);
#3844=PLANE('',#4315);
#3845=PLANE('',#4316);
#3846=PLANE('',#4317);
#3847=PLANE('',#4318);
#3848=PLANE('',#4319);
#3849=PLANE('',#4320);
#3850=PLANE('',#4321);
#3851=PLANE('',#4322);
#3852=PLANE('',#4323);
#3853=PLANE('',#4324);
#3854=PLANE('',#4327);
#3855=PLANE('',#4331);
#3856=PLANE('',#4333);
#3857=PLANE('',#4334);
#3858=PLANE('',#4335);
#3859=PLANE('',#4336);
#3860=PLANE('',#4337);
#3861=PLANE('',#4338);
#3862=PLANE('',#4339);
#3863=PLANE('',#4340);
#3864=PLANE('',#4341);
#3865=PLANE('',#4342);
#3866=PLANE('',#4345);
#3867=PLANE('',#4348);
#3868=PLANE('',#4349);
#3869=PLANE('',#4350);
#3870=PLANE('',#4351);
#3871=PLANE('',#4352);
#3872=PLANE('',#4353);
#3873=PLANE('',#4354);
#3874=PLANE('',#4355);
#3875=PLANE('',#4356);
#3876=PLANE('',#4357);
#3877=PLANE('',#4358);
#3878=PLANE('',#4359);
#3879=PLANE('',#4360);
#3880=PLANE('',#4361);
#3881=PLANE('',#4362);
#3882=PLANE('',#4363);
#3883=PLANE('',#4364);
#3884=PLANE('',#4365);
#3885=PLANE('',#4366);
#3886=PLANE('',#4367);
#3887=PLANE('',#4368);
#3888=PLANE('',#4369);
#3889=PLANE('',#4370);
#3890=PLANE('',#4371);
#3891=PLANE('',#4372);
#3892=PLANE('',#4373);
#3893=PLANE('',#4374);
#3894=PLANE('',#4375);
#3895=PLANE('',#4376);
#3896=PLANE('',#4377);
#3897=PLANE('',#4380);
#3898=PLANE('',#4382);
#3899=PLANE('',#4384);
#3900=PLANE('',#4386);
#3901=PLANE('',#4387);
#3902=PLANE('',#4389);
#3903=PLANE('',#4391);
#3904=PLANE('',#4394);
#3905=PLANE('',#4396);
#3906=PLANE('',#4397);
#3907=PLANE('',#4398);
#3908=PLANE('',#4399);
#3909=PLANE('',#4400);
#3910=PLANE('',#4401);
#3911=PLANE('',#4402);
#3912=PLANE('',#4403);
#3913=PLANE('',#4404);
#3914=PLANE('',#4405);
#3915=PLANE('',#4407);
#3916=PLANE('',#4410);
#3917=PLANE('',#4414);
#3918=PLANE('',#4415);
#3919=PLANE('',#4417);
#3920=PLANE('',#4419);
#3921=PLANE('',#4421);
#3922=PLANE('',#4422);
#3923=PLANE('',#4424);
#3924=PLANE('',#4425);
#3925=PLANE('',#4427);
#3926=PLANE('',#4430);
#3927=PLANE('',#4431);
#3928=PLANE('',#4432);
#3929=PLANE('',#4433);
#3930=PLANE('',#4434);
#3931=PLANE('',#4435);
#3932=PLANE('',#4436);
#3933=PLANE('',#4437);
#3934=PLANE('',#4438);
#3935=PLANE('',#4439);
#3936=ADVANCED_FACE('',(#135),#3774,.T.);
#3937=ADVANCED_FACE('',(#136),#3775,.F.);
#3938=ADVANCED_FACE('',(#137),#95,.F.);
#3939=ADVANCED_FACE('',(#138),#3776,.F.);
#3940=ADVANCED_FACE('',(#139),#3777,.F.);
#3941=ADVANCED_FACE('',(#140),#96,.F.);
#3942=ADVANCED_FACE('',(#141),#3778,.F.);
#3943=ADVANCED_FACE('',(#142),#3779,.F.);
#3944=ADVANCED_FACE('',(#143),#3780,.F.);
#3945=ADVANCED_FACE('',(#144),#97,.F.);
#3946=ADVANCED_FACE('',(#145),#3781,.T.);
#3947=ADVANCED_FACE('',(#146),#3782,.F.);
#3948=ADVANCED_FACE('',(#147),#3783,.T.);
#3949=ADVANCED_FACE('',(#148),#3784,.F.);
#3950=ADVANCED_FACE('',(#149),#3785,.F.);
#3951=ADVANCED_FACE('',(#150),#3786,.F.);
#3952=ADVANCED_FACE('',(#151),#3787,.F.);
#3953=ADVANCED_FACE('',(#152),#3788,.F.);
#3954=ADVANCED_FACE('',(#153),#85,.T.);
#3955=ADVANCED_FACE('',(#154),#3789,.T.);
#3956=ADVANCED_FACE('',(#155),#86,.F.);
#3957=ADVANCED_FACE('',(#156),#87,.T.);
#3958=ADVANCED_FACE('',(#157),#3790,.T.);
#3959=ADVANCED_FACE('',(#158),#63,.T.);
#3960=ADVANCED_FACE('',(#159),#88,.T.);
#3961=ADVANCED_FACE('',(#160),#89,.F.);
#3962=ADVANCED_FACE('',(#161),#90,.F.);
#3963=ADVANCED_FACE('',(#162,#18,#19,#20,#21),#3791,.T.);
#3964=ADVANCED_FACE('',(#163),#91,.F.);
#3965=ADVANCED_FACE('',(#164),#3792,.T.);
#3966=ADVANCED_FACE('',(#165,#22,#23,#24),#3793,.T.);
#3967=ADVANCED_FACE('',(#166),#3794,.F.);
#3968=ADVANCED_FACE('',(#167),#92,.T.);
#3969=ADVANCED_FACE('',(#168),#93,.F.);
#3970=ADVANCED_FACE('',(#169),#3795,.T.);
#3971=ADVANCED_FACE('',(#170),#94,.F.);
#3972=ADVANCED_FACE('',(#171,#25,#26,#27,#28),#3796,.F.);
#3973=ADVANCED_FACE('',(#172,#29,#30,#31,#32,#33),#3797,.T.);
#3974=ADVANCED_FACE('',(#173,#34,#35,#36,#37),#3798,.T.);
#3975=ADVANCED_FACE('',(#174),#15,.F.);
#3976=ADVANCED_FACE('',(#175),#16,.F.);
#3977=ADVANCED_FACE('',(#176),#3799,.T.);
#3978=ADVANCED_FACE('',(#177),#3800,.F.);
#3979=ADVANCED_FACE('',(#178),#98,.T.);
#3980=ADVANCED_FACE('',(#179),#3801,.F.);
#3981=ADVANCED_FACE('',(#180),#99,.T.);
#3982=ADVANCED_FACE('',(#181,#38),#3802,.F.);
#3983=ADVANCED_FACE('',(#182),#3803,.F.);
#3984=ADVANCED_FACE('',(#183),#100,.F.);
#3985=ADVANCED_FACE('',(#184),#3804,.F.);
#3986=ADVANCED_FACE('',(#185),#101,.F.);
#3987=ADVANCED_FACE('',(#186,#39),#3805,.T.);
#3988=ADVANCED_FACE('',(#187),#3806,.F.);
#3989=ADVANCED_FACE('',(#188),#102,.T.);
#3990=ADVANCED_FACE('',(#189),#3807,.T.);
#3991=ADVANCED_FACE('',(#190),#103,.T.);
#3992=ADVANCED_FACE('',(#191),#3808,.T.);
#3993=ADVANCED_FACE('',(#192),#3809,.T.);
#3994=ADVANCED_FACE('',(#193),#104,.F.);
#3995=ADVANCED_FACE('',(#194),#3810,.T.);
#3996=ADVANCED_FACE('',(#195,#40),#3811,.F.);
#3997=ADVANCED_FACE('',(#196),#105,.F.);
#3998=ADVANCED_FACE('',(#197,#41),#3812,.T.);
#3999=ADVANCED_FACE('',(#198),#3813,.F.);
#4000=ADVANCED_FACE('',(#199),#3814,.T.);
#4001=ADVANCED_FACE('',(#200),#3815,.T.);
#4002=ADVANCED_FACE('',(#201),#3816,.T.);
#4003=ADVANCED_FACE('',(#202),#3817,.F.);
#4004=ADVANCED_FACE('',(#203),#106,.F.);
#4005=ADVANCED_FACE('',(#204),#3818,.T.);
#4006=ADVANCED_FACE('',(#205),#3819,.F.);
#4007=ADVANCED_FACE('',(#206),#3820,.T.);
#4008=ADVANCED_FACE('',(#207),#3821,.T.);
#4009=ADVANCED_FACE('',(#208,#42),#3822,.T.);
#4010=ADVANCED_FACE('',(#209),#3823,.T.);
#4011=ADVANCED_FACE('',(#210,#43),#3824,.T.);
#4012=ADVANCED_FACE('',(#211),#3825,.T.);
#4013=ADVANCED_FACE('',(#212),#3826,.F.);
#4014=ADVANCED_FACE('',(#213),#107,.F.);
#4015=ADVANCED_FACE('',(#214),#3827,.F.);
#4016=ADVANCED_FACE('',(#215),#3828,.T.);
#4017=ADVANCED_FACE('',(#216),#3829,.F.);
#4018=ADVANCED_FACE('',(#217),#3830,.T.);
#4019=ADVANCED_FACE('',(#218),#3831,.T.);
#4020=ADVANCED_FACE('',(#219),#3832,.F.);
#4021=ADVANCED_FACE('',(#220),#3833,.F.);
#4022=ADVANCED_FACE('',(#221),#108,.F.);
#4023=ADVANCED_FACE('',(#222),#109,.F.);
#4024=ADVANCED_FACE('',(#223),#3834,.T.);
#4025=ADVANCED_FACE('',(#224),#3835,.T.);
#4026=ADVANCED_FACE('',(#225),#3836,.T.);
#4027=ADVANCED_FACE('',(#226),#3837,.T.);
#4028=ADVANCED_FACE('',(#227),#3838,.T.);
#4029=ADVANCED_FACE('',(#228),#3839,.T.);
#4030=ADVANCED_FACE('',(#229),#3840,.T.);
#4031=ADVANCED_FACE('',(#230),#3841,.F.);
#4032=ADVANCED_FACE('',(#231),#3842,.T.);
#4033=ADVANCED_FACE('',(#232),#3843,.F.);
#4034=ADVANCED_FACE('',(#233),#3844,.T.);
#4035=ADVANCED_FACE('',(#234),#3845,.T.);
#4036=ADVANCED_FACE('',(#235),#3846,.T.);
#4037=ADVANCED_FACE('',(#236,#44),#3847,.T.);
#4038=ADVANCED_FACE('',(#237,#45),#3848,.T.);
#4039=ADVANCED_FACE('',(#238),#3849,.T.);
#4040=ADVANCED_FACE('',(#239),#3850,.T.);
#4041=ADVANCED_FACE('',(#240),#3851,.T.);
#4042=ADVANCED_FACE('',(#241),#3852,.T.);
#4043=ADVANCED_FACE('',(#242),#3853,.F.);
#4044=ADVANCED_FACE('',(#243),#3854,.F.);
#4045=ADVANCED_FACE('',(#244),#110,.F.);
#4046=ADVANCED_FACE('',(#245),#3855,.F.);
#4047=ADVANCED_FACE('',(#246),#111,.F.);
#4048=ADVANCED_FACE('',(#247),#3856,.F.);
#4049=ADVANCED_FACE('',(#248),#3857,.F.);
#4050=ADVANCED_FACE('',(#249),#3858,.T.);
#4051=ADVANCED_FACE('',(#250),#3859,.F.);
#4052=ADVANCED_FACE('',(#251),#3860,.T.);
#4053=ADVANCED_FACE('',(#252),#3861,.F.);
#4054=ADVANCED_FACE('',(#253),#3862,.F.);
#4055=ADVANCED_FACE('',(#254),#3863,.F.);
#4056=ADVANCED_FACE('',(#255),#3864,.F.);
#4057=ADVANCED_FACE('',(#256,#46,#47),#3865,.T.);
#4058=ADVANCED_FACE('',(#257,#48,#49),#3866,.T.);
#4059=ADVANCED_FACE('',(#258),#3867,.T.);
#4060=ADVANCED_FACE('',(#259),#3868,.T.);
#4061=ADVANCED_FACE('',(#260),#3869,.T.);
#4062=ADVANCED_FACE('',(#261),#3870,.T.);
#4063=ADVANCED_FACE('',(#262),#3871,.T.);
#4064=ADVANCED_FACE('',(#263),#3872,.F.);
#4065=ADVANCED_FACE('',(#264),#3873,.F.);
#4066=ADVANCED_FACE('',(#265),#3874,.F.);
#4067=ADVANCED_FACE('',(#266),#3875,.T.);
#4068=ADVANCED_FACE('',(#267),#3876,.F.);
#4069=ADVANCED_FACE('',(#268),#3877,.T.);
#4070=ADVANCED_FACE('',(#269),#3878,.T.);
#4071=ADVANCED_FACE('',(#270),#3879,.T.);
#4072=ADVANCED_FACE('',(#271),#3880,.F.);
#4073=ADVANCED_FACE('',(#272),#3881,.F.);
#4074=ADVANCED_FACE('',(#273),#3882,.F.);
#4075=ADVANCED_FACE('',(#274),#3883,.F.);
#4076=ADVANCED_FACE('',(#275),#3884,.F.);
#4077=ADVANCED_FACE('',(#276),#3885,.T.);
#4078=ADVANCED_FACE('',(#277),#3886,.F.);
#4079=ADVANCED_FACE('',(#278),#3887,.F.);
#4080=ADVANCED_FACE('',(#279),#3888,.F.);
#4081=ADVANCED_FACE('',(#280),#112,.F.);
#4082=ADVANCED_FACE('',(#281),#113,.F.);
#4083=ADVANCED_FACE('',(#282),#114,.F.);
#4084=ADVANCED_FACE('',(#283),#115,.F.);
#4085=ADVANCED_FACE('',(#284),#3889,.F.);
#4086=ADVANCED_FACE('',(#285),#3890,.T.);
#4087=ADVANCED_FACE('',(#286),#3891,.F.);
#4088=ADVANCED_FACE('',(#287),#3892,.T.);
#4089=ADVANCED_FACE('',(#288),#3893,.F.);
#4090=ADVANCED_FACE('',(#289),#3894,.F.);
#4091=ADVANCED_FACE('',(#290),#3895,.F.);
#4092=ADVANCED_FACE('',(#291),#3896,.T.);
#4093=ADVANCED_FACE('',(#292),#116,.F.);
#4094=ADVANCED_FACE('',(#293),#117,.T.);
#4095=ADVANCED_FACE('',(#294),#3897,.F.);
#4096=ADVANCED_FACE('',(#295),#118,.T.);
#4097=ADVANCED_FACE('',(#296),#3898,.F.);
#4098=ADVANCED_FACE('',(#297),#119,.T.);
#4099=ADVANCED_FACE('',(#298),#3899,.F.);
#4100=ADVANCED_FACE('',(#299),#120,.T.);
#4101=ADVANCED_FACE('',(#300),#3900,.F.);
#4102=ADVANCED_FACE('',(#301),#3901,.F.);
#4103=ADVANCED_FACE('',(#302),#3902,.F.);
#4104=ADVANCED_FACE('',(#303),#3903,.T.);
#4105=ADVANCED_FACE('',(#304),#121,.F.);
#4106=ADVANCED_FACE('',(#305),#122,.F.);
#4107=ADVANCED_FACE('',(#306,#50),#3904,.T.);
#4108=ADVANCED_FACE('',(#307,#51),#3905,.F.);
#4109=ADVANCED_FACE('',(#308),#3906,.T.);
#4110=ADVANCED_FACE('',(#309),#123,.F.);
#4111=ADVANCED_FACE('',(#310),#3907,.T.);
#4112=ADVANCED_FACE('',(#311),#3908,.T.);
#4113=ADVANCED_FACE('',(#312),#3909,.T.);
#4114=ADVANCED_FACE('',(#313),#3910,.F.);
#4115=ADVANCED_FACE('',(#314,#52),#3911,.T.);
#4116=ADVANCED_FACE('',(#315),#3912,.T.);
#4117=ADVANCED_FACE('',(#316),#3913,.T.);
#4118=ADVANCED_FACE('',(#317),#3914,.F.);
#4119=ADVANCED_FACE('',(#318),#124,.T.);
#4120=ADVANCED_FACE('',(#319),#3915,.F.);
#4121=ADVANCED_FACE('',(#320),#125,.F.);
#4122=ADVANCED_FACE('',(#321,#53),#3916,.F.);
#4123=ADVANCED_FACE('',(#322),#126,.F.);
#4124=ADVANCED_FACE('',(#323),#3917,.F.);
#4125=ADVANCED_FACE('',(#324),#3918,.T.);
#4126=ADVANCED_FACE('',(#325),#3919,.T.);
#4127=ADVANCED_FACE('',(#326),#127,.T.);
#4128=ADVANCED_FACE('',(#327),#3920,.T.);
#4129=ADVANCED_FACE('',(#328),#128,.T.);
#4130=ADVANCED_FACE('',(#329),#129,.T.);
#4131=ADVANCED_FACE('',(#330),#3921,.T.);
#4132=ADVANCED_FACE('',(#331),#130,.F.);
#4133=ADVANCED_FACE('',(#332),#3922,.F.);
#4134=ADVANCED_FACE('',(#333),#131,.F.);
#4135=ADVANCED_FACE('',(#334),#3923,.T.);
#4136=ADVANCED_FACE('',(#335),#3924,.T.);
#4137=ADVANCED_FACE('',(#336),#132,.F.);
#4138=ADVANCED_FACE('',(#337,#54,#55),#3925,.F.);
#4139=ADVANCED_FACE('',(#338),#3926,.F.);
#4140=ADVANCED_FACE('',(#339),#3927,.F.);
#4141=ADVANCED_FACE('',(#340),#3928,.F.);
#4142=ADVANCED_FACE('',(#341),#3929,.F.);
#4143=ADVANCED_FACE('',(#342),#3930,.T.);
#4144=ADVANCED_FACE('',(#343),#133,.F.);
#4145=ADVANCED_FACE('',(#344),#134,.F.);
#4146=ADVANCED_FACE('',(#345),#3931,.T.);
#4147=ADVANCED_FACE('',(#346,#56,#57,#58,#59,#60),#3932,.T.);
#4148=ADVANCED_FACE('',(#347),#17,.F.);
#4149=ADVANCED_FACE('',(#348),#3933,.T.);
#4150=ADVANCED_FACE('',(#349),#3934,.T.);
#4151=ADVANCED_FACE('',(#350,#61,#62),#3935,.F.);
#4152=CLOSED_SHELL('',(#3936,#3937,#3938,#3939,#3940,#3941,#3942,#3943,
#3944,#3945,#3946,#3947,#3948,#3949,#3950,#3951,#3952,#3953,#3954,#3955,
#3956,#3957,#3958,#3959,#3960,#3961,#3962,#3963,#3964,#3965,#3966,#3967,
#3968,#3969,#3970,#3971,#3972,#3973,#3974,#3975,#3976,#3977,#3978,#3979,
#3980,#3981,#3982,#3983,#3984,#3985,#3986,#3987,#3988,#3989,#3990,#3991,
#3992,#3993,#3994,#3995,#3996,#3997,#3998,#3999,#4000,#4001,#4002,#4003,
#4004,#4005,#4006,#4007,#4008,#4009,#4010,#4011,#4012,#4013,#4014,#4015,
#4016,#4017,#4018,#4019,#4020,#4021,#4022,#4023,#4024,#4025,#4026,#4027,
#4028,#4029,#4030,#4031,#4032,#4033,#4034,#4035,#4036,#4037,#4038,#4039,
#4040,#4041,#4042,#4043,#4044,#4045,#4046,#4047,#4048,#4049,#4050,#4051,
#4052,#4053,#4054,#4055,#4056,#4057,#4058,#4059,#4060,#4061,#4062,#4063,
#4064,#4065,#4066,#4067,#4068,#4069,#4070,#4071,#4072,#4073,#4074,#4075,
#4076,#4077,#4078,#4079,#4080,#4081,#4082,#4083,#4084,#4085,#4086,#4087,
#4088,#4089,#4090,#4091,#4092,#4093,#4094,#4095,#4096,#4097,#4098,#4099,
#4100,#4101,#4102,#4103,#4104,#4105,#4106,#4107,#4108,#4109,#4110,#4111,
#4112,#4113,#4114,#4115,#4116,#4117,#4118,#4119,#4120,#4121,#4122,#4123,
#4124,#4125,#4126,#4127,#4128,#4129,#4130,#4131,#4132,#4133,#4134,#4135,
#4136,#4137,#4138,#4139,#4140,#4141,#4142,#4143,#4144,#4145,#4146,#4147,
#4148,#4149,#4150,#4151));
#4153=DERIVED_UNIT_ELEMENT(#4155,1.);
#4154=DERIVED_UNIT_ELEMENT(#7308,-3.);
#4155=(
MASS_UNIT()
NAMED_UNIT(*)
SI_UNIT(.KILO.,.GRAM.)
);
#4156=DERIVED_UNIT((#4153,#4154));
#4157=MEASURE_REPRESENTATION_ITEM('density measure',
POSITIVE_RATIO_MEASURE(7850.),#4156);
#4158=PROPERTY_DEFINITION_REPRESENTATION(#4163,#4160);
#4159=PROPERTY_DEFINITION_REPRESENTATION(#4164,#4161);
#4160=REPRESENTATION('material name',(#4162),#7305);
#4161=REPRESENTATION('density',(#4157),#7305);
#4162=DESCRIPTIVE_REPRESENTATION_ITEM('\X2\AC15CCA0\X0\','\X2\AC15CCA0\X0\');
#4163=PROPERTY_DEFINITION('material property','material name',#7315);
#4164=PROPERTY_DEFINITION('material property','density of part',#7315);
#4165=AXIS2_PLACEMENT_3D('',#5462,#4440,#4441);
#4166=AXIS2_PLACEMENT_3D('',#5463,#4442,#4443);
#4167=AXIS2_PLACEMENT_3D('',#5479,#4444,#4445);
#4168=AXIS2_PLACEMENT_3D('',#5504,#4451,#4452);
#4169=AXIS2_PLACEMENT_3D('',#5522,#4462,#4463);
#4170=AXIS2_PLACEMENT_3D('',#5546,#4467,#4468);
#4171=AXIS2_PLACEMENT_3D('',#5548,#4470,#4471);
#4172=AXIS2_PLACEMENT_3D('',#5552,#4474,#4475);
#4173=AXIS2_PLACEMENT_3D('',#5574,#4478,#4479);
#4174=AXIS2_PLACEMENT_3D('',#5576,#4481,#4482);
#4175=AXIS2_PLACEMENT_3D('',#5580,#4485,#4486);
#4176=AXIS2_PLACEMENT_3D('',#5584,#4489,#4490);
#4177=AXIS2_PLACEMENT_3D('',#5603,#4495,#4496);
#4178=AXIS2_PLACEMENT_3D('',#5605,#4498,#4499);
#4179=AXIS2_PLACEMENT_3D('',#5609,#4502,#4503);
#4180=AXIS2_PLACEMENT_3D('',#5613,#4506,#4507);
#4181=AXIS2_PLACEMENT_3D('',#5670,#4537,#4538);
#4182=AXIS2_PLACEMENT_3D('',#5676,#4542,#4543);
#4183=AXIS2_PLACEMENT_3D('',#5682,#4547,#4548);
#4184=AXIS2_PLACEMENT_3D('',#5684,#4550,#4551);
#4185=AXIS2_PLACEMENT_3D('',#5695,#4557,#4558);
#4186=AXIS2_PLACEMENT_3D('',#5701,#4562,#4563);
#4187=AXIS2_PLACEMENT_3D('',#5706,#4565,#4566);
#4188=AXIS2_PLACEMENT_3D('',#5709,#4568,#4569);
#4189=AXIS2_PLACEMENT_3D('',#5710,#4570,#4571);
#4190=AXIS2_PLACEMENT_3D('',#5716,#4575,#4576);
#4191=AXIS2_PLACEMENT_3D('',#5720,#4578,#4579);
#4192=AXIS2_PLACEMENT_3D('',#5721,#4580,#4581);
#4193=AXIS2_PLACEMENT_3D('',#5722,#4582,#4583);
#4194=AXIS2_PLACEMENT_3D('',#5726,#4585,#4586);
#4195=AXIS2_PLACEMENT_3D('',#5727,#4587,#4588);
#4196=AXIS2_PLACEMENT_3D('',#5728,#4589,#4590);
#4197=AXIS2_PLACEMENT_3D('',#5730,#4591,#4592);
#4198=AXIS2_PLACEMENT_3D('',#5731,#4593,#4594);
#4199=AXIS2_PLACEMENT_3D('',#5733,#4595,#4596);
#4200=AXIS2_PLACEMENT_3D('',#5735,#4598,#4599);
#4201=AXIS2_PLACEMENT_3D('',#5738,#4601,#4602);
#4202=AXIS2_PLACEMENT_3D('',#5739,#4603,#4604);
#4203=AXIS2_PLACEMENT_3D('',#5741,#4605,#4606);
#4204=AXIS2_PLACEMENT_3D('',#5744,#4608,#4609);
#4205=AXIS2_PLACEMENT_3D('',#5745,#4610,#4611);
#4206=AXIS2_PLACEMENT_3D('',#5747,#4612,#4613);
#4207=AXIS2_PLACEMENT_3D('',#5750,#4615,#4616);
#4208=AXIS2_PLACEMENT_3D('',#5751,#4617,#4618);
#4209=AXIS2_PLACEMENT_3D('',#5757,#4621,#4622);
#4210=AXIS2_PLACEMENT_3D('',#5760,#4624,#4625);
#4211=AXIS2_PLACEMENT_3D('',#5763,#4627,#4628);
#4212=AXIS2_PLACEMENT_3D('',#5764,#4629,#4630);
#4213=AXIS2_PLACEMENT_3D('',#5766,#4631,#4632);
#4214=AXIS2_PLACEMENT_3D('',#5768,#4634,#4635);
#4215=AXIS2_PLACEMENT_3D('',#5771,#4637,#4638);
#4216=AXIS2_PLACEMENT_3D('',#5772,#4639,#4640);
#4217=AXIS2_PLACEMENT_3D('',#5774,#4641,#4642);
#4218=AXIS2_PLACEMENT_3D('',#5778,#4644,#4645);
#4219=AXIS2_PLACEMENT_3D('',#5782,#4648,#4649);
#4220=AXIS2_PLACEMENT_3D('',#5784,#4651,#4652);
#4221=AXIS2_PLACEMENT_3D('',#5786,#4654,#4655);
#4222=AXIS2_PLACEMENT_3D('',#5788,#4657,#4658);
#4223=AXIS2_PLACEMENT_3D('',#5790,#4660,#4661);
#4224=AXIS2_PLACEMENT_3D('',#5791,#4662,#4663);
#4225=AXIS2_PLACEMENT_3D('',#5792,#4664,#4665);
#4226=AXIS2_PLACEMENT_3D('',#5795,#4667,#4668);
#4227=AXIS2_PLACEMENT_3D('',#5797,#4669,#4670);
#4228=AXIS2_PLACEMENT_3D('',#5799,#4671,#4672);
#4229=AXIS2_PLACEMENT_3D('',#5801,#4673,#4674);
#4230=AXIS2_PLACEMENT_3D('',#5802,#4675,#4676);
#4231=AXIS2_PLACEMENT_3D('',#5805,#4678,#4679);
#4232=AXIS2_PLACEMENT_3D('',#5845,#4680,#4681);
#4233=AXIS2_PLACEMENT_3D('',#5847,#4682,#4683);
#4234=AXIS2_PLACEMENT_3D('',#5849,#4684,#4685);
#4235=AXIS2_PLACEMENT_3D('',#5851,#4686,#4687);
#4236=AXIS2_PLACEMENT_3D('',#5852,#4688,#4689);
#4237=AXIS2_PLACEMENT_3D('',#5854,#4690,#4691);
#4238=AXIS2_PLACEMENT_3D('',#5856,#4692,#4693);
#4239=AXIS2_PLACEMENT_3D('',#5858,#4694,#4695);
#4240=AXIS2_PLACEMENT_3D('',#5860,#4696,#4697);
#4241=AXIS2_PLACEMENT_3D('',#5992,#4702,#4703);
#4242=AXIS2_PLACEMENT_3D('',#5994,#4705,#4706);
#4243=AXIS2_PLACEMENT_3D('',#6000,#4710,#4711);
#4244=AXIS2_PLACEMENT_3D('',#6023,#4717,#4718);
#4245=AXIS2_PLACEMENT_3D('',#6026,#4720,#4721);
#4246=AXIS2_PLACEMENT_3D('',#6027,#4722,#4723);
#4247=AXIS2_PLACEMENT_3D('',#6044,#4727,#4728);
#4248=AXIS2_PLACEMENT_3D('',#6047,#4730,#4731);
#4249=AXIS2_PLACEMENT_3D('',#6048,#4732,#4733);
#4250=AXIS2_PLACEMENT_3D('',#6053,#4735,#4736);
#4251=AXIS2_PLACEMENT_3D('',#6056,#4738,#4739);
#4252=AXIS2_PLACEMENT_3D('',#6059,#4740,#4741);
#4253=AXIS2_PLACEMENT_3D('',#6063,#4743,#4744);
#4254=AXIS2_PLACEMENT_3D('',#6065,#4746,#4747);
#4255=AXIS2_PLACEMENT_3D('',#6082,#4751,#4752);
#4256=AXIS2_PLACEMENT_3D('',#6084,#4754,#4755);
#4257=AXIS2_PLACEMENT_3D('',#6098,#4758,#4759);
#4258=AXIS2_PLACEMENT_3D('',#6099,#4760,#4761);
#4259=AXIS2_PLACEMENT_3D('',#6101,#4763,#4764);
#4260=AXIS2_PLACEMENT_3D('',#6117,#4767,#4768);
#4261=AXIS2_PLACEMENT_3D('',#6120,#4770,#4771);
#4262=AXIS2_PLACEMENT_3D('',#6121,#4772,#4773);
#4263=AXIS2_PLACEMENT_3D('',#6140,#4778,#4779);
#4264=AXIS2_PLACEMENT_3D('',#6141,#4780,#4781);
#4265=AXIS2_PLACEMENT_3D('',#6142,#4782,#4783);
#4266=AXIS2_PLACEMENT_3D('',#6145,#4786,#4787);
#4267=AXIS2_PLACEMENT_3D('',#6165,#4792,#4793);
#4268=AXIS2_PLACEMENT_3D('',#6167,#4794,#4795);
#4269=AXIS2_PLACEMENT_3D('',#6169,#4797,#4798);
#4270=AXIS2_PLACEMENT_3D('',#6175,#4802,#4803);
#4271=AXIS2_PLACEMENT_3D('',#6176,#4804,#4805);
#4272=AXIS2_PLACEMENT_3D('',#6187,#4806,#4807);
#4273=AXIS2_PLACEMENT_3D('',#6188,#4808,#4809);
#4274=AXIS2_PLACEMENT_3D('',#6191,#4810,#4811);
#4275=AXIS2_PLACEMENT_3D('',#6195,#4813,#4814);
#4276=AXIS2_PLACEMENT_3D('',#6197,#4816,#4817);
#4277=AXIS2_PLACEMENT_3D('',#6206,#4822,#4823);
#4278=AXIS2_PLACEMENT_3D('',#6213,#4828,#4829);
#4279=AXIS2_PLACEMENT_3D('',#6218,#4831,#4832);
#4280=AXIS2_PLACEMENT_3D('',#6227,#4837,#4838);
#4281=AXIS2_PLACEMENT_3D('',#6228,#4839,#4840);
#4282=AXIS2_PLACEMENT_3D('',#6233,#4842,#4843);
#4283=AXIS2_PLACEMENT_3D('',#6242,#4848,#4849);
#4284=AXIS2_PLACEMENT_3D('',#6243,#4850,#4851);
#4285=AXIS2_PLACEMENT_3D('',#6264,#4855,#4856);
#4286=AXIS2_PLACEMENT_3D('',#6266,#4858,#4859);
#4287=AXIS2_PLACEMENT_3D('',#6275,#4864,#4865);
#4288=AXIS2_PLACEMENT_3D('',#6282,#4870,#4871);
#4289=AXIS2_PLACEMENT_3D('',#6291,#4876,#4877);
#4290=AXIS2_PLACEMENT_3D('',#6297,#4881,#4882);
#4291=AXIS2_PLACEMENT_3D('',#6318,#4894,#4895);
#4292=AXIS2_PLACEMENT_3D('',#6322,#4898,#4899);
#4293=AXIS2_PLACEMENT_3D('',#6330,#4903,#4904);
#4294=AXIS2_PLACEMENT_3D('',#6341,#4911,#4912);
#4295=AXIS2_PLACEMENT_3D('',#6344,#4915,#4916);
#4296=AXIS2_PLACEMENT_3D('',#6357,#4919,#4920);
#4297=AXIS2_PLACEMENT_3D('',#6358,#4921,#4922);
#4298=AXIS2_PLACEMENT_3D('',#6362,#4925,#4926);
#4299=AXIS2_PLACEMENT_3D('',#6375,#4934,#4935);
#4300=AXIS2_PLACEMENT_3D('',#6381,#4939,#4940);
#4301=AXIS2_PLACEMENT_3D('',#6385,#4943,#4944);
#4302=AXIS2_PLACEMENT_3D('',#6387,#4946,#4947);
#4303=AXIS2_PLACEMENT_3D('',#6414,#4952,#4953);
#4304=AXIS2_PLACEMENT_3D('',#6435,#4955,#4956);
#4305=AXIS2_PLACEMENT_3D('',#6437,#4958,#4959);
#4306=AXIS2_PLACEMENT_3D('',#6445,#4964,#4965);
#4307=AXIS2_PLACEMENT_3D('',#6447,#4967,#4968);
#4308=AXIS2_PLACEMENT_3D('',#6451,#4971,#4972);
#4309=AXIS2_PLACEMENT_3D('',#6457,#4976,#4977);
#4310=AXIS2_PLACEMENT_3D('',#6460,#4980,#4981);
#4311=AXIS2_PLACEMENT_3D('',#6462,#4983,#4984);
#4312=AXIS2_PLACEMENT_3D('',#6463,#4985,#4986);
#4313=AXIS2_PLACEMENT_3D('',#6467,#4989,#4990);
#4314=AXIS2_PLACEMENT_3D('',#6470,#4993,#4994);
#4315=AXIS2_PLACEMENT_3D('',#6475,#4998,#4999);
#4316=AXIS2_PLACEMENT_3D('',#6477,#5001,#5002);
#4317=AXIS2_PLACEMENT_3D('',#6478,#5003,#5004);
#4318=AXIS2_PLACEMENT_3D('',#6479,#5005,#5006);
#4319=AXIS2_PLACEMENT_3D('',#6489,#5012,#5013);
#4320=AXIS2_PLACEMENT_3D('',#6501,#5020,#5021);
#4321=AXIS2_PLACEMENT_3D('',#6504,#5024,#5025);
#4322=AXIS2_PLACEMENT_3D('',#6510,#5029,#5030);
#4323=AXIS2_PLACEMENT_3D('',#6516,#5034,#5035);
#4324=AXIS2_PLACEMENT_3D('',#6519,#5038,#5039);
#4325=AXIS2_PLACEMENT_3D('',#6530,#5044,#5045);
#4326=AXIS2_PLACEMENT_3D('',#6533,#5047,#5048);
#4327=AXIS2_PLACEMENT_3D('',#6534,#5049,#5050);
#4328=AXIS2_PLACEMENT_3D('',#6545,#5055,#5056);
#4329=AXIS2_PLACEMENT_3D('',#6548,#5058,#5059);
#4330=AXIS2_PLACEMENT_3D('',#6564,#5060,#5061);
#4331=AXIS2_PLACEMENT_3D('',#6566,#5063,#5064);
#4332=AXIS2_PLACEMENT_3D('',#6594,#5069,#5070);
#4333=AXIS2_PLACEMENT_3D('',#6596,#5072,#5073);
#4334=AXIS2_PLACEMENT_3D('',#6602,#5077,#5078);
#4335=AXIS2_PLACEMENT_3D('',#6605,#5081,#5082);
#4336=AXIS2_PLACEMENT_3D('',#6608,#5085,#5086);
#4337=AXIS2_PLACEMENT_3D('',#6610,#5088,#5089);
#4338=AXIS2_PLACEMENT_3D('',#6611,#5090,#5091);
#4339=AXIS2_PLACEMENT_3D('',#6620,#5096,#5097);
#4340=AXIS2_PLACEMENT_3D('',#6623,#5100,#5101);
#4341=AXIS2_PLACEMENT_3D('',#6627,#5104,#5105);
#4342=AXIS2_PLACEMENT_3D('',#6629,#5107,#5108);
#4343=AXIS2_PLACEMENT_3D('',#6636,#5112,#5113);
#4344=AXIS2_PLACEMENT_3D('',#6638,#5114,#5115);
#4345=AXIS2_PLACEMENT_3D('',#6639,#5116,#5117);
#4346=AXIS2_PLACEMENT_3D('',#6649,#5123,#5124);
#4347=AXIS2_PLACEMENT_3D('',#6651,#5125,#5126);
#4348=AXIS2_PLACEMENT_3D('',#6652,#5127,#5128);
#4349=AXIS2_PLACEMENT_3D('',#6665,#5136,#5137);
#4350=AXIS2_PLACEMENT_3D('',#6669,#5140,#5141);
#4351=AXIS2_PLACEMENT_3D('',#6673,#5144,#5145);
#4352=AXIS2_PLACEMENT_3D('',#6683,#5151,#5152);
#4353=AXIS2_PLACEMENT_3D('',#6689,#5156,#5157);
#4354=AXIS2_PLACEMENT_3D('',#6693,#5160,#5161);
#4355=AXIS2_PLACEMENT_3D('',#6696,#5164,#5165);
#4356=AXIS2_PLACEMENT_3D('',#6698,#5167,#5168);
#4357=AXIS2_PLACEMENT_3D('',#6700,#5170,#5171);
#4358=AXIS2_PLACEMENT_3D('',#6702,#5173,#5174);
#4359=AXIS2_PLACEMENT_3D('',#6706,#5177,#5178);
#4360=AXIS2_PLACEMENT_3D('',#6710,#5181,#5182);
#4361=AXIS2_PLACEMENT_3D('',#6714,#5185,#5186);
#4362=AXIS2_PLACEMENT_3D('',#6719,#5190,#5191);
#4363=AXIS2_PLACEMENT_3D('',#6721,#5193,#5194);
#4364=AXIS2_PLACEMENT_3D('',#6725,#5197,#5198);
#4365=AXIS2_PLACEMENT_3D('',#6729,#5201,#5202);
#4366=AXIS2_PLACEMENT_3D('',#6731,#5204,#5205);
#4367=AXIS2_PLACEMENT_3D('',#6733,#5207,#5208);
#4368=AXIS2_PLACEMENT_3D('',#6734,#5209,#5210);
#4369=AXIS2_PLACEMENT_3D('',#6736,#5212,#5213);
#4370=AXIS2_PLACEMENT_3D('',#6813,#5218,#5219);
#4371=AXIS2_PLACEMENT_3D('',#6817,#5222,#5223);
#4372=AXIS2_PLACEMENT_3D('',#6819,#5225,#5226);
#4373=AXIS2_PLACEMENT_3D('',#6821,#5228,#5229);
#4374=AXIS2_PLACEMENT_3D('',#6822,#5230,#5231);
#4375=AXIS2_PLACEMENT_3D('',#6824,#5233,#5234);
#4376=AXIS2_PLACEMENT_3D('',#6826,#5236,#5237);
#4377=AXIS2_PLACEMENT_3D('',#6839,#5244,#5245);
#4378=AXIS2_PLACEMENT_3D('',#6857,#5250,#5251);
#4379=AXIS2_PLACEMENT_3D('',#6867,#5253,#5254);
#4380=AXIS2_PLACEMENT_3D('',#6869,#5256,#5257);
#4381=AXIS2_PLACEMENT_3D('',#6881,#5261,#5262);
#4382=AXIS2_PLACEMENT_3D('',#6882,#5263,#5264);
#4383=AXIS2_PLACEMENT_3D('',#6902,#5272,#5273);
#4384=AXIS2_PLACEMENT_3D('',#6903,#5274,#5275);
#4385=AXIS2_PLACEMENT_3D('',#6915,#5279,#5280);
#4386=AXIS2_PLACEMENT_3D('',#6916,#5281,#5282);
#4387=AXIS2_PLACEMENT_3D('',#6921,#5286,#5287);
#4388=AXIS2_PLACEMENT_3D('',#6925,#5289,#5290);
#4389=AXIS2_PLACEMENT_3D('',#6927,#5292,#5293);
#4390=AXIS2_PLACEMENT_3D('',#6933,#5296,#5297);
#4391=AXIS2_PLACEMENT_3D('',#6935,#5299,#5300);
#4392=AXIS2_PLACEMENT_3D('',#6944,#5302,#5303);
#4393=AXIS2_PLACEMENT_3D('',#6954,#5306,#5307);
#4394=AXIS2_PLACEMENT_3D('',#6956,#5309,#5310);
#4395=AXIS2_PLACEMENT_3D('',#6961,#5314,#5315);
#4396=AXIS2_PLACEMENT_3D('',#6962,#5316,#5317);
#4397=AXIS2_PLACEMENT_3D('',#6963,#5318,#5319);
#4398=AXIS2_PLACEMENT_3D('',#6975,#5321,#5322);
#4399=AXIS2_PLACEMENT_3D('',#6976,#5323,#5324);
#4400=AXIS2_PLACEMENT_3D('',#6977,#5325,#5326);
#4401=AXIS2_PLACEMENT_3D('',#6979,#5328,#5329);
#4402=AXIS2_PLACEMENT_3D('',#6981,#5331,#5332);
#4403=AXIS2_PLACEMENT_3D('',#6987,#5336,#5337);
#4404=AXIS2_PLACEMENT_3D('',#6989,#5339,#5340);
#4405=AXIS2_PLACEMENT_3D('',#6997,#5345,#5346);
#4406=AXIS2_PLACEMENT_3D('',#7015,#5352,#5353);
#4407=AXIS2_PLACEMENT_3D('',#7017,#5355,#5356);
#4408=AXIS2_PLACEMENT_3D('',#7032,#5361,#5362);
#4409=AXIS2_PLACEMENT_3D('',#7033,#5363,#5364);
#4410=AXIS2_PLACEMENT_3D('',#7034,#5365,#5366);
#4411=AXIS2_PLACEMENT_3D('',#7036,#5368,#5369);
#4412=AXIS2_PLACEMENT_3D('',#7039,#5370,#5371);
#4413=AXIS2_PLACEMENT_3D('',#7043,#5373,#5374);
#4414=AXIS2_PLACEMENT_3D('',#7057,#5378,#5379);
#4415=AXIS2_PLACEMENT_3D('',#7059,#5381,#5382);
#4416=AXIS2_PLACEMENT_3D('',#7064,#5385,#5386);
#4417=AXIS2_PLACEMENT_3D('',#7066,#5388,#5389);
#4418=AXIS2_PLACEMENT_3D('',#7079,#5394,#5395);
#4419=AXIS2_PLACEMENT_3D('',#7081,#5397,#5398);
#4420=AXIS2_PLACEMENT_3D('',#7092,#5401,#5402);
#4421=AXIS2_PLACEMENT_3D('',#7102,#5406,#5407);
#4422=AXIS2_PLACEMENT_3D('',#7114,#5409,#5410);
#4423=AXIS2_PLACEMENT_3D('',#7121,#5411,#5412);
#4424=AXIS2_PLACEMENT_3D('',#7122,#5413,#5414);
#4425=AXIS2_PLACEMENT_3D('',#7124,#5416,#5417);
#4426=AXIS2_PLACEMENT_3D('',#7145,#5419,#5420);
#4427=AXIS2_PLACEMENT_3D('',#7147,#5422,#5423);
#4428=AXIS2_PLACEMENT_3D('',#7150,#5425,#5426);
#4429=AXIS2_PLACEMENT_3D('',#7152,#5427,#5428);
#4430=AXIS2_PLACEMENT_3D('',#7153,#5429,#5430);
#4431=AXIS2_PLACEMENT_3D('',#7155,#5432,#5433);
#4432=AXIS2_PLACEMENT_3D('',#7158,#5436,#5437);
#4433=AXIS2_PLACEMENT_3D('',#7162,#5440,#5441);
#4434=AXIS2_PLACEMENT_3D('',#7166,#5444,#5445);
#4435=AXIS2_PLACEMENT_3D('',#7206,#5449,#5450);
#4436=AXIS2_PLACEMENT_3D('',#7210,#5453,#5454);
#4437=AXIS2_PLACEMENT_3D('',#7299,#5455,#5456);
#4438=AXIS2_PLACEMENT_3D('',#7301,#5458,#5459);
#4439=AXIS2_PLACEMENT_3D('',#7302,#5460,#5461);
#4440=DIRECTION('axis',(0.,0.,1.));
#4441=DIRECTION('refdir',(1.,0.,0.));
#4442=DIRECTION('center_axis',(-1.40338736231903E-17,-0.00281278104896741,
-0.999996044123561));
#4443=DIRECTION('ref_axis',(-1.,5.55111512312578E-17,1.38777878078145E-17));
#4444=DIRECTION('center_axis',(-8.49844795084603E-15,-0.0028127810459562,
-0.999996044123569));
#4445=DIRECTION('ref_axis',(1.,-2.82340714358563E-11,7.09180935773188E-14));
#4446=DIRECTION('',(1.,-5.55111512312578E-17,-1.38777878078145E-17));
#4447=DIRECTION('',(0.716461736923067,-0.697623629918374,0.00196227029062213));
#4448=DIRECTION('',(-5.54718964574551E-17,-0.999996044123561,0.00281278104896741));
#4449=DIRECTION('',(-0.716461736925829,-0.697623629915545,0.00196227028803711));
#4450=DIRECTION('',(-1.,5.55111512312578E-17,1.38777878078145E-17));
#4451=DIRECTION('center_axis',(-5.35959313620463E-12,-0.00281278105143008,
-0.999996044123554));
#4452=DIRECTION('ref_axis',(1.,2.78188629274944E-11,-5.43786301823365E-12));
#4453=DIRECTION('',(1.,-5.55111512312578E-17,-1.38777878078145E-17));
#4454=DIRECTION('',(0.7164617369328,-0.697623629908378,0.00196227029059401));
#4455=DIRECTION('',(-5.54718964574551E-17,-0.999996044123561,0.00281278104896741));
#4456=DIRECTION('',(-1.,5.55111512312579E-17,1.38777878078145E-17));
#4457=DIRECTION('',(5.54718964574551E-17,0.999996044123561,-0.00281278104896938));
#4458=DIRECTION('',(1.,-5.55111512312579E-17,-1.38777878078145E-17));
#4459=DIRECTION('',(-5.54718964574551E-17,-0.999996044123561,0.00281278104896741));
#4460=DIRECTION('',(-0.716461736923068,-0.697623629918381,0.00196227028804508));
#4461=DIRECTION('',(-1.,5.55111512312578E-17,1.38777878078145E-17));
#4462=DIRECTION('center_axis',(-5.54718964574552E-17,-0.999996044123561,
0.00281278104896641));
#4463=DIRECTION('ref_axis',(1.,-5.55111512312579E-17,-1.38777878078145E-17));
#4464=DIRECTION('',(-1.,5.55111512312579E-17,1.38777878078145E-17));
#4465=DIRECTION('',(-1.40338736231903E-17,-0.00281278104896641,-0.999996044123561));
#4466=DIRECTION('',(0.,0.00281278104896641,0.999996044123561));
#4467=DIRECTION('center_axis',(-8.49844795084603E-15,-0.0028127810459562,
-0.999996044123569));
#4468=DIRECTION('ref_axis',(1.,-2.82340714358563E-11,7.09180935773188E-14));
#4469=DIRECTION('',(0.,0.00281278104896641,0.999996044123561));
#4470=DIRECTION('center_axis',(-5.54718964574551E-17,-0.999996044123561,
0.00281278104896641));
#4471=DIRECTION('ref_axis',(1.,-5.55111512312578E-17,-1.38777878078145E-17));
#4472=DIRECTION('',(1.,-5.55111512312578E-17,-1.38777878078145E-17));
#4473=DIRECTION('',(0.,0.00281278104896641,0.999996044123561));
#4474=DIRECTION('center_axis',(-0.697626389642179,-0.716458902688963,0.00201524999592676));
#4475=DIRECTION('ref_axis',(0.716461736923067,-0.697623629918374,0.00196227029062213));
#4476=DIRECTION('',(0.716461736923067,-0.697623629918374,0.00196227029062213));
#4477=DIRECTION('',(-1.40338736231903E-17,-0.0028127810489664,-0.999996044123561));
#4478=DIRECTION('center_axis',(5.35959313620463E-12,0.00281278105143008,
0.999996044123554));
#4479=DIRECTION('ref_axis',(1.,2.78188629274944E-11,-5.43786301823365E-12));
#4480=DIRECTION('',(0.,0.00281278104896641,0.999996044123561));
#4481=DIRECTION('center_axis',(-5.54718964574551E-17,-0.999996044123561,
0.00281278104896641));
#4482=DIRECTION('ref_axis',(1.,-5.55111512312578E-17,-1.38777878078145E-17));
#4483=DIRECTION('',(1.,-5.55111512312578E-17,-1.38777878078145E-17));
#4484=DIRECTION('',(0.,0.00281278104896641,0.999996044123561));
#4485=DIRECTION('center_axis',(-0.697626389632184,-0.716458902698695,0.00201524999595414));
#4486=DIRECTION('ref_axis',(0.7164617369328,-0.697623629908378,0.00196227029059401));
#4487=DIRECTION('',(-0.7164617369328,0.697623629908378,-0.00196227029059401));
#4488=DIRECTION('',(-1.40338736231903E-17,-0.0028127810489664,-0.999996044123561));
#4489=DIRECTION('center_axis',(5.54718964574552E-17,0.999996044123561,-0.00281278104896641));
#4490=DIRECTION('ref_axis',(-1.,5.55111512312579E-17,1.38777878078145E-17));
#4491=DIRECTION('',(-1.,5.55111512312579E-17,1.38777878078145E-17));
#4492=DIRECTION('',(0.,0.00281278104896641,0.999996044123561));
#4493=DIRECTION('',(1.40338736231903E-17,0.00281278104896641,0.999996044123561));
#4494=DIRECTION('',(1.4020823875366E-17,0.00257753918701507,0.999996678140352));
#4495=DIRECTION('center_axis',(1.05630564842558E-14,0.00281278104593665,
0.999996044123569));
#4496=DIRECTION('ref_axis',(1.,2.82540002491373E-11,-9.0035729027137E-14));
#4497=DIRECTION('',(1.4020823875366E-17,0.00257753918701476,0.999996678140352));
#4498=DIRECTION('center_axis',(5.5475196289101E-17,0.999996678140352,-0.00257753918700097));
#4499=DIRECTION('ref_axis',(1.40208238753652E-17,0.00257753918700097,0.999996678140352));
#4500=DIRECTION('',(1.4020823875366E-17,0.00257753918701507,0.999996678140352));
#4501=DIRECTION('',(1.,-5.55111512312578E-17,-1.38777878078145E-17));
#4502=DIRECTION('center_axis',(0.697626379733602,-0.716459366585789,0.0018467082277743));
#4503=DIRECTION('ref_axis',(0.00264712145531709,-6.50521303491302E-19,-0.999996496367863));
#4504=DIRECTION('',(1.4020823875366E-17,0.00257753918701446,0.999996678140352));
#4505=DIRECTION('',(0.7164617369328,0.697623629908378,-0.00196227029052311));
#4506=DIRECTION('center_axis',(-1.,5.55111512312578E-17,1.38777878078145E-17));
#4507=DIRECTION('ref_axis',(1.38777878078145E-17,0.,1.));
#4508=DIRECTION('',(-1.40208238753514E-17,-0.00257753918675173,-0.999996678140353));
#4509=DIRECTION('',(-1.40338736231967E-17,-0.00281278104908189,-0.999996044123561));
#4510=DIRECTION('',(5.54718964574535E-17,0.99999604412356,-0.00281278104908189));
#4511=DIRECTION('',(1.40338736231967E-17,0.00281278104908189,0.999996044123561));
#4512=DIRECTION('',(-1.40208238753514E-17,-0.0025775391867517,-0.999996678140353));
#4513=DIRECTION('',(1.40208238753652E-17,0.00257753918700097,0.999996678140352));
#4514=DIRECTION('',(-5.54718964574849E-17,-0.999996044123567,0.00281278104684583));
#4515=DIRECTION('',(2.82275421294026E-17,0.689559461030296,-0.724229072672182));
#4516=DIRECTION('',(-1.40208238753519E-17,-0.00257753918676109,-0.999996678140353));
#4517=DIRECTION('',(1.40208238753356E-17,0.00257753918646646,0.999996678140354));
#4518=DIRECTION('',(-1.4020823875353E-17,-0.00257753918677984,-0.999996678140353));
#4519=DIRECTION('',(-1.4020823875366E-17,-0.0025775391870139,-0.999996678140352));
#4520=DIRECTION('',(-1.402082387534E-17,-0.00257753918654552,-0.999996678140354));
#4521=DIRECTION('',(5.54718964574846E-17,0.999996044123567,-0.00281278104686536));
#4522=DIRECTION('',(-1.4020823875357E-17,-0.00257753918685261,-0.999996678140353));
#4523=DIRECTION('',(-5.54718964574583E-17,-0.999996044123561,0.00281278104874389));
#4524=DIRECTION('',(-1.4020823875357E-17,-0.0025775391868528,-0.999996678140353));
#4525=DIRECTION('',(-5.547189645743E-17,-0.999996044123556,0.00281278105075982));
#4526=DIRECTION('',(-1.4020823875357E-17,-0.0025775391868528,-0.999996678140353));
#4527=DIRECTION('',(5.54718964574583E-17,0.999996044123561,-0.00281278104874389));
#4528=DIRECTION('',(-1.4020823875357E-17,-0.00257753918685261,-0.999996678140353));
#4529=DIRECTION('',(-5.54718964574041E-17,-0.99999604412355,0.00281278105260368));
#4530=DIRECTION('',(-1.40208238752739E-17,-0.00257753918535381,-0.999996678140357));
#4531=DIRECTION('',(-1.40208238753356E-17,-0.00257753918646646,-0.999996678140354));
#4532=DIRECTION('',(-1.40208238753643E-17,-0.0025775391869841,-0.999996678140352));
#4533=DIRECTION('',(1.40208238753357E-17,0.00257753918646762,0.999996678140354));
#4534=DIRECTION('',(-1.40208238753421E-17,-0.00257753918658438,-0.999996678140353));
#4535=DIRECTION('',(-4.84930453135271E-17,-0.69344585883163,-0.720508737538458));
#4536=DIRECTION('',(5.54718964574446E-17,0.999996044123559,-0.00281278104971982));
#4537=DIRECTION('center_axis',(5.54718964574536E-17,0.999996044123561,-0.00281278104908189));
#4538=DIRECTION('ref_axis',(1.,-5.55111512312579E-17,-1.38777878078144E-17));
#4539=DIRECTION('',(1.,-5.55111512312579E-17,-1.38777878078144E-17));
#4540=DIRECTION('',(1.,-5.55111512312579E-17,-1.38777878078144E-17));
#4541=DIRECTION('',(0.,-0.00281278104908189,-0.99999604412356));
#4542=DIRECTION('center_axis',(-5.54718964574536E-17,-0.999996044123561,
0.00281278104908189));
#4543=DIRECTION('ref_axis',(-1.,5.55111512312579E-17,1.38777878078144E-17));
#4544=DIRECTION('',(-1.,5.55111512312579E-17,1.38777878078144E-17));
#4545=DIRECTION('',(0.,-0.00281278104908189,-0.99999604412356));
#4546=DIRECTION('',(-1.,5.55111512312579E-17,1.38777878078144E-17));
#4547=DIRECTION('center_axis',(0.,-0.00281278104908189,-0.999996044123561));
#4548=DIRECTION('ref_axis',(-1.,0.,0.));
#4549=DIRECTION('',(-5.54718964574536E-17,-0.999996044123561,0.00281278104907599));
#4550=DIRECTION('center_axis',(-1.,6.86950496486815E-16,-1.92221027297672E-16));
#4551=DIRECTION('ref_axis',(6.86950496486815E-16,1.,-1.71954464556202E-15));
#4552=DIRECTION('',(-6.87488454658166E-16,-0.999996044123563,0.00281278104812187));
#4553=DIRECTION('',(6.86950496486816E-16,1.,-1.71954464556202E-15));
#4554=DIRECTION('',(-1.92221027297671E-16,1.71954464556202E-15,1.));
#4555=DIRECTION('',(-6.86950496486816E-16,-1.,1.71954464556202E-15));
#4556=DIRECTION('',(1.92221027297671E-16,-1.71954464556202E-15,-1.));
#4557=DIRECTION('center_axis',(-1.92221027297671E-16,1.71954464556202E-15,
1.));
#4558=DIRECTION('ref_axis',(1.,-6.86950496486815E-16,1.92221027297672E-16));
#4559=DIRECTION('',(1.,-7.33274780331822E-14,1.92221027297797E-16));
#4560=DIRECTION('',(-6.86950496486816E-16,-1.,1.71954464556202E-15));
#4561=DIRECTION('',(-1.,6.86950496486815E-16,-1.92221027297672E-16));
#4562=DIRECTION('center_axis',(0.990268068741566,-9.19579502039253E-16,
-0.139173100960095));
#4563=DIRECTION('ref_axis',(6.86950496486816E-16,1.,-1.71954464556202E-15));
#4564=DIRECTION('',(0.990268068741566,-9.19579502039253E-16,-0.139173100960095));
#4565=DIRECTION('center_axis',(0.990268068741566,-9.19579502039253E-16,
-0.139173100960095));
#4566=DIRECTION('ref_axis',(6.86950496486816E-16,1.,-1.71954464556202E-15));
#4567=DIRECTION('',(0.990268068741566,-9.19579502039253E-16,-0.139173100960095));
#4568=DIRECTION('center_axis',(-0.990268068741566,9.19579502039253E-16,
0.139173100960095));
#4569=DIRECTION('ref_axis',(0.139173100960095,1.60720512447346E-15,0.990268068741566));
#4570=DIRECTION('center_axis',(0.139173100960095,1.60720512447346E-15,0.990268068741566));
#4571=DIRECTION('ref_axis',(0.990268068741566,-9.19579502039253E-16,-0.139173100960095));
#4572=DIRECTION('',(-0.990268068741566,9.19579502039253E-16,0.139173100960095));
#4573=DIRECTION('',(6.86950496486816E-16,1.,-1.71954464556202E-15));
#4574=DIRECTION('',(6.86950496486816E-16,1.,-1.71954464556202E-15));
#4575=DIRECTION('center_axis',(-0.990268068741566,9.19579502039253E-16,
0.139173100960095));
#4576=DIRECTION('ref_axis',(-0.139173100960095,-1.60720512447346E-15,-0.990268068741566));
#4577=DIRECTION('',(-0.99026806874158,2.89606410382885E-14,0.139173100959997));
#4578=DIRECTION('center_axis',(-0.990268068741566,9.19579502039253E-16,
0.139173100960095));
#4579=DIRECTION('ref_axis',(-0.139173100960095,-1.60720512447346E-15,-0.990268068741566));
#4580=DIRECTION('center_axis',(0.990268068741566,-9.19579502039253E-16,
-0.139173100960095));
#4581=DIRECTION('ref_axis',(-0.0596456146972049,-0.903507902905181,-0.424400600889388));
#4582=DIRECTION('center_axis',(-0.990268068741566,9.19579502039253E-16,
0.139173100960095));
#4583=DIRECTION('ref_axis',(0.139173100960095,1.48074167400606E-14,0.990268068741566));
#4584=DIRECTION('',(0.99026806874158,2.50913599320404E-14,-0.139173100959997));
#4585=DIRECTION('center_axis',(-0.990268068741566,9.19579502039253E-16,
0.139173100960095));
#4586=DIRECTION('ref_axis',(0.0596456146971753,-0.903507902905277,0.42440060088919));
#4587=DIRECTION('center_axis',(-0.990268068741566,9.19579502039253E-16,
0.139173100960095));
#4588=DIRECTION('ref_axis',(0.0596456146971637,-0.903507902905316,0.424400600889107));
#4589=DIRECTION('center_axis',(-0.990268068741566,9.19579502039253E-16,
0.139173100960095));
#4590=DIRECTION('ref_axis',(-6.86950496486816E-16,-1.,1.71954464556202E-15));
#4591=DIRECTION('center_axis',(-0.990268068741566,9.19579502039253E-16,
0.139173100960095));
#4592=DIRECTION('ref_axis',(-6.86950496486816E-16,-1.,1.71954464556202E-15));
#4593=DIRECTION('center_axis',(0.990268068741566,-9.19579502039253E-16,
-0.139173100960095));
#4594=DIRECTION('ref_axis',(-6.86950496486816E-16,-1.,1.71954464556202E-15));
#4595=DIRECTION('center_axis',(-0.990268068741566,9.19579502039253E-16,
0.139173100960095));
#4596=DIRECTION('ref_axis',(-6.86950496486816E-16,-1.,1.71954464556202E-15));
#4597=DIRECTION('',(-0.700225266599668,-0.707106781186547,0.0984102434476444));
#4598=DIRECTION('center_axis',(-0.990268068741566,9.19579502039253E-16,
0.139173100960095));
#4599=DIRECTION('ref_axis',(-6.86950496486816E-16,-1.,1.71954464556202E-15));
#4600=DIRECTION('',(0.990268068741566,-9.19579502039253E-16,-0.139173100960095));
#4601=DIRECTION('center_axis',(-0.990268068741566,9.19579502039253E-16,
0.139173100960095));
#4602=DIRECTION('ref_axis',(-6.86950496486816E-16,-1.,1.71954464556202E-15));
#4603=DIRECTION('center_axis',(-0.990268068741566,9.19579502039253E-16,
0.139173100960095));
#4604=DIRECTION('ref_axis',(0.139173100960095,1.60720512447346E-15,0.990268068741566));
#4605=DIRECTION('center_axis',(-0.990268068741566,9.19579502039253E-16,
0.139173100960095));
#4606=DIRECTION('ref_axis',(0.139173100960095,1.60720512447346E-15,0.990268068741566));
#4607=DIRECTION('',(-0.990268068741566,9.19579502039253E-16,0.139173100960095));
#4608=DIRECTION('center_axis',(-0.990268068741566,9.19579502039253E-16,
0.139173100960095));
#4609=DIRECTION('ref_axis',(0.139173100960095,1.60720512447346E-15,0.990268068741566));
#4610=DIRECTION('center_axis',(-0.990268068741566,9.19579502039253E-16,
0.139173100960095));
#4611=DIRECTION('ref_axis',(0.139173100960095,1.60720512447346E-15,0.990268068741566));
#4612=DIRECTION('center_axis',(-0.990268068741566,9.19579502039253E-16,
0.139173100960095));
#4613=DIRECTION('ref_axis',(0.139173100960095,1.60720512447346E-15,0.990268068741566));
#4614=DIRECTION('',(-0.990268068741566,9.19579502039253E-16,0.139173100960095));
#4615=DIRECTION('center_axis',(-0.990268068741566,9.19579502039253E-16,
0.139173100960095));
#4616=DIRECTION('ref_axis',(0.139173100960095,1.60720512447346E-15,0.990268068741566));
#4617=DIRECTION('center_axis',(-0.990268068741566,9.19579502039253E-16,
0.139173100960095));
#4618=DIRECTION('ref_axis',(0.139173100960095,1.60720512447346E-15,0.990268068741566));
#4619=DIRECTION('',(-0.000395310565449589,0.999995965988648,-0.00281278082834459));
#4620=DIRECTION('',(0.139173100960095,1.60720512447346E-15,0.990268068741566));
#4621=DIRECTION('center_axis',(-0.990268068741566,9.19579502039253E-16,
0.139173100960095));
#4622=DIRECTION('ref_axis',(-6.86950496486816E-16,-1.,1.71954464556202E-15));
#4623=DIRECTION('',(6.86950496486816E-16,1.,-1.71954464556202E-15));
#4624=DIRECTION('center_axis',(0.990268068741566,-9.19579502039253E-16,
-0.139173100960095));
#4625=DIRECTION('ref_axis',(-0.139173100960095,3.00711585114954E-14,-0.990268068741566));
#4626=DIRECTION('',(0.139173100960095,1.60720512447346E-15,0.990268068741566));
#4627=DIRECTION('center_axis',(-0.990268068741566,9.19579502039253E-16,
0.139173100960095));
#4628=DIRECTION('ref_axis',(0.139173100960095,1.60720512447346E-15,0.990268068741566));
#4629=DIRECTION('center_axis',(-0.990268068741566,9.19579502039253E-16,
0.139173100960095));
#4630=DIRECTION('ref_axis',(0.139173100960095,1.60720512447346E-15,0.990268068741566));
#4631=DIRECTION('center_axis',(-0.990268068741566,9.19579502039253E-16,
0.139173100960095));
#4632=DIRECTION('ref_axis',(0.139173100960095,1.60720512447346E-15,0.990268068741566));
#4633=DIRECTION('',(-0.990268068741566,9.19579502039253E-16,0.139173100960095));
#4634=DIRECTION('center_axis',(6.86950496486816E-16,1.,-1.71954464556202E-15));
#4635=DIRECTION('ref_axis',(-1.,6.86950496486816E-16,-1.92221027297672E-16));
#4636=DIRECTION('',(-0.139173100960095,-1.60720512447346E-15,-0.990268068741566));
#4637=DIRECTION('center_axis',(-6.86950496486816E-16,-1.,1.71954464556202E-15));
#4638=DIRECTION('ref_axis',(-0.990268068741566,9.19579502039253E-16,0.139173100960095));
#4639=DIRECTION('center_axis',(0.990268068741566,-9.19579502039253E-16,
-0.139173100960095));
#4640=DIRECTION('ref_axis',(-0.139173100960095,-1.60720512447346E-15,-0.990268068741566));
#4641=DIRECTION('center_axis',(-0.990268068741566,9.19579502039253E-16,
0.139173100960095));
#4642=DIRECTION('ref_axis',(-0.0596456146971808,0.903507902905258,-0.424400600889229));
#4643=DIRECTION('',(6.86950496486816E-16,1.,-1.71954464556202E-15));
#4644=DIRECTION('center_axis',(0.990268068741566,-9.19579502039253E-16,
-0.139173100960095));
#4645=DIRECTION('ref_axis',(0.139173100960095,1.60720512447346E-15,0.990268068741566));
#4646=DIRECTION('',(-0.139173100960095,-1.60720512447346E-15,-0.990268068741566));
#4647=DIRECTION('',(6.86950496486816E-16,1.,-1.71954464556202E-15));
#4648=DIRECTION('center_axis',(6.86950496486816E-16,1.,-1.71954464556202E-15));
#4649=DIRECTION('ref_axis',(-1.,6.86950496486816E-16,-1.92221027297672E-16));
#4650=DIRECTION('',(-1.,6.86950496486816E-16,1.21016801583788E-17));
#4651=DIRECTION('center_axis',(6.86950496486816E-16,1.,-1.71954464556202E-15));
#4652=DIRECTION('ref_axis',(1.92221027297671E-16,-1.71954464556202E-15,
-1.));
#4653=DIRECTION('',(-0.990268068741566,9.19579502039253E-16,0.139173100960095));
#4654=DIRECTION('center_axis',(-0.990268068741566,9.19579502039253E-16,
0.139173100960095));
#4655=DIRECTION('ref_axis',(-6.86950496486816E-16,-1.,1.71954464556202E-15));
#4656=DIRECTION('',(-0.990268068741566,9.19579502039253E-16,0.139173100960095));
#4657=DIRECTION('center_axis',(0.990268068741566,-9.19579502039253E-16,
-0.139173100960095));
#4658=DIRECTION('ref_axis',(-0.139173100960095,-1.60720512447346E-15,-0.990268068741566));
#4659=DIRECTION('',(0.990268068741566,-9.19579502039253E-16,-0.139173100960095));
#4660=DIRECTION('center_axis',(0.139173100960095,1.60720512447346E-15,0.990268068741566));
#4661=DIRECTION('ref_axis',(0.990268068741566,-9.19579502039253E-16,-0.139173100960095));
#4662=DIRECTION('center_axis',(6.86950496486816E-16,1.,-1.71954464556202E-15));
#4663=DIRECTION('ref_axis',(1.92221027297671E-16,-1.71954464556202E-15,
-1.));
#4664=DIRECTION('center_axis',(5.54751962891046E-17,0.999996678140353,-0.0025775391867501));
#4665=DIRECTION('ref_axis',(1.40208238753513E-17,0.0025775391867501,0.999996678140353));
#4666=DIRECTION('',(-1.40208238753514E-17,-0.0025775391867517,-0.999996678140353));
#4667=DIRECTION('center_axis',(8.17979748826901E-14,0.999996678140354,-0.00257753918655642));
#4668=DIRECTION('ref_axis',(9.49489954501508E-11,-0.00257753918655642,-0.999996678140354));
#4669=DIRECTION('center_axis',(8.19096878647626E-14,0.999996678140354,-0.0025775391865554));
#4670=DIRECTION('ref_axis',(6.78432894384687E-11,-0.0025775391865554,-0.999996678140353));
#4671=DIRECTION('center_axis',(8.01042619287331E-14,0.999996678140354,-0.00257753918655546));
#4672=DIRECTION('ref_axis',(9.70702774456423E-11,-0.00257753918655546,-0.999996678140353));
#4673=DIRECTION('center_axis',(8.28909088040465E-14,0.999996678140354,-0.00257753918655521));
#4674=DIRECTION('ref_axis',(6.81786303480412E-11,-0.00257753918655521,-0.999996678140354));
#4675=DIRECTION('center_axis',(-1.,5.55111512312578E-17,1.38777878078145E-17));
#4676=DIRECTION('ref_axis',(1.38777878078145E-17,0.,1.));
#4677=DIRECTION('',(-1.40208238753514E-17,-0.00257753918675173,-0.999996678140353));
#4678=DIRECTION('center_axis',(1.,-5.55111512312578E-17,-1.38777878078145E-17));
#4679=DIRECTION('ref_axis',(-1.38777878081782E-17,-6.55181755551651E-12,
-1.));
#4680=DIRECTION('center_axis',(1.,0.,0.));
#4681=DIRECTION('ref_axis',(0.,0.994014694216603,-0.10924645386223));
#4682=DIRECTION('center_axis',(-1.,5.55111512312578E-17,1.38777878078145E-17));
#4683=DIRECTION('ref_axis',(1.38777878077577E-17,-1.02309911962937E-12,
1.));
#4684=DIRECTION('center_axis',(-1.,-1.56479649665585E-14,-2.42236438533998E-14));
#4685=DIRECTION('ref_axis',(-2.42236438528373E-14,-3.59453371509148E-11,
1.));
#4686=DIRECTION('center_axis',(1.,-5.55111512312578E-17,-1.38777878078145E-17));
#4687=DIRECTION('ref_axis',(-1.38777878077011E-17,2.04302408107508E-12,
-1.));
#4688=DIRECTION('center_axis',(5.54751962891046E-17,0.999996678140353,-0.00257753918675014));
#4689=DIRECTION('ref_axis',(1.40208238753513E-17,0.00257753918675014,0.999996678140353));
#4690=DIRECTION('center_axis',(8.31148495745515E-14,0.999996678140354,-0.00257753918655566));
#4691=DIRECTION('ref_axis',(9.49066962717538E-11,-0.00257753918655566,-0.999996678140354));
#4692=DIRECTION('center_axis',(8.20069862684979E-14,0.999996678140354,-0.00257753918655577));
#4693=DIRECTION('ref_axis',(-3.30478824570281E-11,-0.00257753918655577,
-0.999996678140353));
#4694=DIRECTION('center_axis',(8.163735529557E-14,0.999996678140354,-0.00257753918655601));
#4695=DIRECTION('ref_axis',(6.67607357218209E-11,-0.00257753918655601,-0.999996678140353));
#4696=DIRECTION('center_axis',(8.24955375126661E-14,0.999996678140354,-0.00257753918655646));
#4697=DIRECTION('ref_axis',(-6.19504314101561E-11,-0.00257753918655646,
-0.999996678140354));
#4698=DIRECTION('',(1.,0.,0.));
#4699=DIRECTION('',(1.,5.68674305862386E-12,0.));
#4700=DIRECTION('',(-1.,0.,0.));
#4701=DIRECTION('',(1.,0.,0.));
#4702=DIRECTION('center_axis',(1.,0.,0.));
#4703=DIRECTION('ref_axis',(0.,0.994014212267511,-0.10925083894506));
#4704=DIRECTION('',(0.,0.999984644396551,-0.0055417480187134));
#4705=DIRECTION('center_axis',(1.,-5.55111512312578E-17,-1.38777878078145E-17));
#4706=DIRECTION('ref_axis',(-1.38777878078145E-17,0.,-1.));
#4707=DIRECTION('',(1.40208238753516E-17,0.00257753918675485,0.999996678140353));
#4708=DIRECTION('',(5.54718964574715E-17,0.999996044123564,-0.00281278104780482));
#4709=DIRECTION('',(-1.40208238753497E-17,-0.00257753918672027,-0.999996678140353));
#4710=DIRECTION('center_axis',(5.54751962891031E-17,0.999996678140353,-0.00257753918685419));
#4711=DIRECTION('ref_axis',(1.40208238753571E-17,0.00257753918685419,0.999996678140353));
#4712=DIRECTION('',(-1.,5.55111512312578E-17,1.38777878078145E-17));
#4713=DIRECTION('',(-1.40208238753571E-17,-0.00257753918685419,-0.999996678140353));
#4714=DIRECTION('',(-1.,5.55111512312578E-17,1.38777878078145E-17));
#4715=DIRECTION('',(9.3217035701916E-14,0.00257753918685419,0.999996678140353));
#4716=DIRECTION('',(1.,-5.55111512312578E-17,-1.38777878078145E-17));
#4717=DIRECTION('center_axis',(1.,7.70137573474021E-15,-1.98506636896753E-17));
#4718=DIRECTION('ref_axis',(1.98506636120707E-17,1.00767127402955E-11,1.));
#4719=DIRECTION('',(1.,-5.55111512312578E-17,-1.38777878078145E-17));
#4720=DIRECTION('center_axis',(-1.,5.55111512312578E-17,1.38777878078145E-17));
#4721=DIRECTION('ref_axis',(-1.38777878076605E-17,2.77366389491793E-12,
-1.));
#4722=DIRECTION('center_axis',(-1.40338736231821E-17,-0.00281278104881995,
-0.999996044123561));
#4723=DIRECTION('ref_axis',(-1.,5.55111512312578E-17,1.38777878078145E-17));
#4724=DIRECTION('',(-5.54718964574572E-17,-0.999996044123561,0.00281278104881995));
#4725=DIRECTION('',(1.,-5.55111512312578E-17,-1.38777878078145E-17));
#4726=DIRECTION('',(-5.54718964574638E-17,-0.999996044123563,0.00281278104835258));
#4727=DIRECTION('center_axis',(1.,0.,0.));
#4728=DIRECTION('ref_axis',(0.,-6.51203593846284E-12,1.));
#4729=DIRECTION('',(1.,-5.55111512312578E-17,-1.38777878078145E-17));
#4730=DIRECTION('center_axis',(-1.,-7.6458645835039E-15,3.37284515022263E-17));
#4731=DIRECTION('ref_axis',(-3.37284515381619E-17,4.70000895985889E-12,
-1.));
#4732=DIRECTION('center_axis',(1.,-5.55111512312578E-17,-1.38777878078145E-17));
#4733=DIRECTION('ref_axis',(-1.38777878078145E-17,0.,-1.));
#4734=DIRECTION('',(-5.54718964574572E-17,-0.999996044123561,0.00281278104881921));
#4735=DIRECTION('center_axis',(-1.,5.55111512312578E-17,1.38777878078145E-17));
#4736=DIRECTION('ref_axis',(-1.38777878077619E-17,9.46692850858806E-13,
-1.));
#4737=DIRECTION('',(5.54718964574572E-17,0.999996044123561,-0.00281278104882087));
#4738=DIRECTION('center_axis',(-1.,5.55111512312578E-17,1.38777878078145E-17));
#4739=DIRECTION('ref_axis',(-1.3877787808507E-17,-1.24750286118452E-11,
-1.));
#4740=DIRECTION('center_axis',(-1.,5.55111512312578E-17,1.38777878078145E-17));
#4741=DIRECTION('ref_axis',(-1.38777878075558E-17,4.6599191428046E-12,-1.));
#4742=DIRECTION('',(5.54718964574572E-17,0.999996044123561,-0.00281278104882074));
#4743=DIRECTION('center_axis',(-1.,5.55111512312578E-17,1.38777878078145E-17));
#4744=DIRECTION('ref_axis',(-1.38777878097771E-17,-3.53550419134077E-11,
-1.));
#4745=DIRECTION('',(-5.54718964574572E-17,-0.999996044123561,0.00281278104882087));
#4746=DIRECTION('center_axis',(-1.40338736231821E-17,-0.00281278104881995,
-0.999996044123561));
#4747=DIRECTION('ref_axis',(-1.,5.55111512312578E-17,1.38777878078145E-17));
#4748=DIRECTION('',(-1.,5.55111512312578E-17,1.38777878078145E-17));
#4749=DIRECTION('',(-1.,5.55111512312578E-17,1.38777878078145E-17));
#4750=DIRECTION('',(5.54718964574572E-17,0.999996044123561,-0.00281278104881921));
#4751=DIRECTION('center_axis',(1.,-5.55111512312578E-17,-1.38777878078145E-17));
#4752=DIRECTION('ref_axis',(1.38777878073078E-17,-9.12745639664495E-12,
1.));
#4753=DIRECTION('',(-1.,5.55111512312578E-17,1.38777878078145E-17));
#4754=DIRECTION('center_axis',(1.4033873623182E-17,0.00281278104881828,
0.999996044123561));
#4755=DIRECTION('ref_axis',(1.,-5.55111512312578E-17,-1.38777878078144E-17));
#4756=DIRECTION('',(-1.,5.55111512312578E-17,1.38777878078145E-17));
#4757=DIRECTION('',(-5.54718964574572E-17,-0.999996044123561,0.00281278104882087));
#4758=DIRECTION('center_axis',(1.,-5.55111512312578E-17,-1.38777878078145E-17));
#4759=DIRECTION('ref_axis',(1.38777878082565E-17,7.96187832906134E-12,1.));
#4760=DIRECTION('center_axis',(-1.,5.55111512312578E-17,1.38777878078145E-17));
#4761=DIRECTION('ref_axis',(1.38777878078145E-17,0.,1.));
#4762=DIRECTION('',(5.54718964574572E-17,0.999996044123561,-0.00281278104882074));
#4763=DIRECTION('center_axis',(1.40338736231821E-17,0.00281278104881982,
0.999996044123561));
#4764=DIRECTION('ref_axis',(1.,-5.55111512312578E-17,-1.38777878078145E-17));
#4765=DIRECTION('',(5.54718964574572E-17,0.999996044123561,-0.00281278104881982));
#4766=DIRECTION('',(1.,-5.55111512312578E-17,-1.38777878078145E-17));
#4767=DIRECTION('center_axis',(1.,7.7013757347552E-15,-1.98506636897122E-17));
#4768=DIRECTION('ref_axis',(1.98506637880996E-17,-1.27753020704899E-11,
1.));
#4769=DIRECTION('',(1.,-5.55111512312578E-17,-1.38777878078145E-17));
#4770=DIRECTION('center_axis',(1.,-5.55111512312578E-17,-1.38777878078145E-17));
#4771=DIRECTION('ref_axis',(1.38777878077866E-17,-5.03340827352558E-13,
1.));
#4772=DIRECTION('center_axis',(1.40338736231822E-17,0.00281278104882214,
0.999996044123561));
#4773=DIRECTION('ref_axis',(1.,-5.55111512312578E-17,-1.38777878078144E-17));
#4774=DIRECTION('',(1.,-5.55111512312578E-17,-1.38777878078145E-17));
#4775=DIRECTION('',(-5.54718964574572E-17,-0.999996044123561,0.00281278104882214));
#4776=DIRECTION('',(5.54718964574572E-17,0.999996044123561,-0.00281278104882214));
#4777=DIRECTION('',(1.,-5.55111512312578E-17,-1.38777878078145E-17));
#4778=DIRECTION('center_axis',(1.,0.,0.));
#4779=DIRECTION('ref_axis',(0.,5.81247750057109E-12,1.));
#4780=DIRECTION('center_axis',(1.,-7.75688688596148E-15,5.97287587382304E-18));
#4781=DIRECTION('ref_axis',(-5.97287586674226E-18,9.128384496672E-13,1.));
#4782=DIRECTION('center_axis',(-1.40338736231561E-17,-0.00281278104835052,
-0.999996044123563));
#4783=DIRECTION('ref_axis',(-1.,5.55111512312578E-17,1.38777878078145E-17));
#4784=DIRECTION('',(5.54718964574638E-17,0.999996044123563,-0.00281278104835052));
#4785=DIRECTION('',(-5.54718964574572E-17,-0.999996044123561,0.0028127810488218));
#4786=DIRECTION('center_axis',(1.40338736231821E-17,0.00281278104881916,
0.999996044123561));
#4787=DIRECTION('ref_axis',(1.,-5.55111512312578E-17,-1.38777878078145E-17));
#4788=DIRECTION('',(-1.,5.55111512312578E-17,1.38777878078145E-17));
#4789=DIRECTION('',(5.54718964574572E-17,0.999996044123561,-0.00281278104881881));
#4790=DIRECTION('',(-1.,5.55111512312578E-17,1.38777878078145E-17));
#4791=DIRECTION('',(-5.54718964574572E-17,-0.999996044123561,0.00281278104881881));
#4792=DIRECTION('center_axis',(-1.,5.55111512312578E-17,1.38777878078145E-17));
#4793=DIRECTION('ref_axis',(-1.38777878077652E-17,8.87256656149559E-13,
-1.));
#4794=DIRECTION('center_axis',(1.,-5.55111512312578E-17,-1.38777878078145E-17));
#4795=DIRECTION('ref_axis',(1.38777878090284E-17,2.18670903731193E-11,1.));
#4796=DIRECTION('',(-1.,5.55111512312578E-17,1.38777878078145E-17));
#4797=DIRECTION('center_axis',(-1.40338736231821E-17,-0.00281278104881916,
-0.999996044123561));
#4798=DIRECTION('ref_axis',(-1.,5.55111512312578E-17,1.38777878078145E-17));
#4799=DIRECTION('',(-5.54718964574572E-17,-0.999996044123561,0.00281278104882048));
#4800=DIRECTION('',(-1.,5.55111512312578E-17,1.38777878078145E-17));
#4801=DIRECTION('',(5.54718964574572E-17,0.999996044123561,-0.00281278104882048));
#4802=DIRECTION('center_axis',(1.,-5.55111512312578E-17,-1.38777878078145E-17));
#4803=DIRECTION('ref_axis',(-1.38777878078145E-17,0.,-1.));
#4804=DIRECTION('center_axis',(-1.,5.55111512312578E-17,1.38777878078145E-17));
#4805=DIRECTION('ref_axis',(-1.38777878083486E-17,-9.6218055159962E-12,
-1.));
#4806=DIRECTION('center_axis',(1.,-5.55111512312578E-17,-1.38777878078145E-17));
#4807=DIRECTION('ref_axis',(1.38777878077697E-17,-8.06389141273277E-13,
1.));
#4808=DIRECTION('center_axis',(-1.,5.55111512312578E-17,1.38777878078145E-17));
#4809=DIRECTION('ref_axis',(1.38777878078145E-17,0.,1.));
#4810=DIRECTION('center_axis',(1.,-5.55111512312578E-17,-1.38777878078145E-17));
#4811=DIRECTION('ref_axis',(1.38777878074785E-17,-6.05204725822214E-12,
1.));
#4812=DIRECTION('',(-5.54718964574572E-17,-0.999996044123561,0.00281278104882048));
#4813=DIRECTION('center_axis',(1.,-5.55111512312578E-17,-1.38777878078145E-17));
#4814=DIRECTION('ref_axis',(1.38777878088268E-17,1.82367309094364E-11,1.));
#4815=DIRECTION('',(5.54718964574572E-17,0.999996044123561,-0.00281278104881881));
#4816=DIRECTION('center_axis',(5.54751962891031E-17,0.999996678140353,-0.00257753918685419));
#4817=DIRECTION('ref_axis',(1.40208238753571E-17,0.00257753918685419,0.999996678140353));
#4818=DIRECTION('',(-1.,5.55111512312578E-17,1.38777878078145E-17));
#4819=DIRECTION('',(1.40208238753575E-17,0.00257753918686208,0.999996678140353));
#4820=DIRECTION('',(-1.,5.55111512312578E-17,1.38777878078145E-17));
#4821=DIRECTION('',(9.3217035701916E-14,0.00257753918685419,0.999996678140353));
#4822=DIRECTION('center_axis',(0.697626379732416,-0.716459366586944,0.00184670822760709));
#4823=DIRECTION('ref_axis',(0.00264712145508191,2.38524477946811E-18,-0.999996496367863));
#4824=DIRECTION('',(-0.716461736924222,-0.697623629917195,0.00196227028793442));
#4825=DIRECTION('',(-1.40208238753521E-17,-0.00257753918676344,-0.999996678140353));
#4826=DIRECTION('',(0.716461736924222,0.697623629917195,-0.00196227028793442));
#4827=DIRECTION('',(-1.40208238753504E-17,-0.00257753918673373,-0.999996678140353));
#4828=DIRECTION('center_axis',(-1.,5.55111512312578E-17,1.38777878078145E-17));
#4829=DIRECTION('ref_axis',(1.38777878078145E-17,0.,1.));
#4830=DIRECTION('',(2.8227542129501E-17,0.689559461031727,-0.724229072670819));
#4831=DIRECTION('center_axis',(-1.,5.55111512312578E-17,1.38777878078145E-17));
#4832=DIRECTION('ref_axis',(-1.38777878177695E-17,-1.79332690051146E-10,
-1.));
#4833=DIRECTION('',(1.4020823875319E-17,0.00257753918616766,0.999996678140355));
#4834=DIRECTION('',(5.54718964574595E-17,0.999996044123562,-0.00281278104865727));
#4835=DIRECTION('',(1.4020823875367E-17,0.00257753918703177,0.999996678140352));
#4836=DIRECTION('',(5.54718964574602E-17,0.999996044123562,-0.00281278104860445));
#4837=DIRECTION('center_axis',(-1.,-1.7140858900811E-13,-3.93250654960198E-13));
#4838=DIRECTION('ref_axis',(3.93250654876463E-13,4.88511547189072E-10,-1.));
#4839=DIRECTION('center_axis',(-1.,5.55111512312578E-17,1.38777878078145E-17));
#4840=DIRECTION('ref_axis',(1.38777878078145E-17,0.,1.));
#4841=DIRECTION('',(-4.84930453134664E-17,-0.693445858830191,-0.720508737539843));
#4842=DIRECTION('center_axis',(-1.,5.55111512312578E-17,1.38777878078145E-17));
#4843=DIRECTION('ref_axis',(-1.38777878315219E-17,-4.27075486673163E-10,
-1.));
#4844=DIRECTION('',(5.54718964574558E-17,0.999996044123561,-0.00281278104892384));
#4845=DIRECTION('',(1.40208238753446E-17,0.00257753918662842,0.999996678140353));
#4846=DIRECTION('',(5.54718964574595E-17,0.999996044123562,-0.00281278104865727));
#4847=DIRECTION('',(1.40208238753215E-17,0.00257753918621308,0.999996678140354));
#4848=DIRECTION('center_axis',(-1.,-4.10763226309328E-13,1.64151350305302E-13));
#4849=DIRECTION('ref_axis',(-1.64151350136269E-13,-4.11509996761114E-10,
-1.));
#4850=DIRECTION('center_axis',(1.40338736231897E-17,0.0028127810489563,
0.999996044123561));
#4851=DIRECTION('ref_axis',(1.,-5.55111512312578E-17,-1.38777878078145E-17));
#4852=DIRECTION('',(1.,-5.55111512312578E-17,-1.38777878078145E-17));
#4853=DIRECTION('',(-1.,5.55111512312578E-17,1.38777878078145E-17));
#4854=DIRECTION('',(5.54718964574553E-17,0.999996044123561,-0.0028127810489563));
#4855=DIRECTION('center_axis',(1.,-5.55111512312578E-17,-1.38777878078145E-17));
#4856=DIRECTION('ref_axis',(1.38777878094437E-17,2.93488775628137E-11,1.));
#4857=DIRECTION('',(1.,-5.55111512312578E-17,-1.38777878078145E-17));
#4858=DIRECTION('center_axis',(-1.,5.55111512312578E-17,1.38777878078145E-17));
#4859=DIRECTION('ref_axis',(1.38777878078145E-17,0.,1.));
#4860=DIRECTION('',(1.40208238753454E-17,0.00257753918664332,0.999996678140353));
#4861=DIRECTION('',(-5.54718964574583E-17,-0.999996044123561,0.00281278104874357));
#4862=DIRECTION('',(-1.40208238753552E-17,-0.00257753918682015,-0.999996678140353));
#4863=DIRECTION('',(-5.54718964574583E-17,-0.999996044123561,0.00281278104873988));
#4864=DIRECTION('center_axis',(5.54751962891051E-17,0.999996678140353,-0.00257753918670797));
#4865=DIRECTION('ref_axis',(1.4020823875349E-17,0.00257753918670797,0.999996678140353));
#4866=DIRECTION('',(0.999842420233917,-4.57565624975841E-5,-0.0177519747386186));
#4867=DIRECTION('',(0.960269453379362,-0.000719325461392311,-0.279073573591951));
#4868=DIRECTION('',(1.40208238753692E-17,0.00257753918707171,0.999996678140352));
#4869=DIRECTION('',(0.701061277333048,0.00183804586035806,0.713098665691902));
#4870=DIRECTION('center_axis',(-1.,5.55111512312578E-17,1.38777878078145E-17));
#4871=DIRECTION('ref_axis',(1.38777878078145E-17,0.,1.));
#4872=DIRECTION('',(1.40208238753502E-17,0.00257753918673049,0.999996678140353));
#4873=DIRECTION('',(-5.54718964574714E-17,-0.999996044123564,0.00281278104780734));
#4874=DIRECTION('',(1.40208238753514E-17,0.00257753918675216,0.999996678140353));
#4875=DIRECTION('',(-5.54718964574714E-17,-0.999996044123564,0.00281278104780643));
#4876=DIRECTION('center_axis',(1.4033873623127E-17,0.00281278104782615,
0.999996044123564));
#4877=DIRECTION('ref_axis',(1.,-5.55111512312578E-17,-1.38777878078145E-17));
#4878=DIRECTION('',(1.,-5.55111512312578E-17,-1.38777878078145E-17));
#4879=DIRECTION('',(-5.54718964574714E-17,-0.999996044123564,0.00281278104780734));
#4880=DIRECTION('',(-1.,5.55111512312578E-17,1.38777878078145E-17));
#4881=DIRECTION('center_axis',(-1.40338736231918E-17,-0.00281278104899408,
-0.999996044123561));
#4882=DIRECTION('ref_axis',(-1.,5.55111512312578E-17,1.38777878078145E-17));
#4883=DIRECTION('',(5.54718964575553E-17,0.999996044123581,-0.00281278104183305));
#4884=DIRECTION('',(5.54718964574583E-17,0.999996044123561,-0.00281278104874388));
#4885=DIRECTION('',(2.85660924492085E-11,0.99999604412355,-0.00281278105266146));
#4886=DIRECTION('',(-1.,5.55111512312578E-17,1.38777878078145E-17));
#4887=DIRECTION('',(-5.54718964574673E-17,-0.999996044123563,0.00281278104810492));
#4888=DIRECTION('',(-1.,5.55111512312578E-17,1.38777878078145E-17));
#4889=DIRECTION('',(2.85659815054973E-11,-0.99999604412355,0.00281278105266951));
#4890=DIRECTION('',(-5.54718964574583E-17,-0.999996044123561,0.00281278104873988));
#4891=DIRECTION('',(5.5471896457472E-17,0.999996044123564,-0.00281278104776399));
#4892=DIRECTION('',(1.,-5.55111512312578E-17,-1.38777878078145E-17));
#4893=DIRECTION('',(1.,-5.55111512312578E-17,-1.38777878078145E-17));
#4894=DIRECTION('center_axis',(-0.697626379733602,-0.716459366585789,0.00184670822777388));
#4895=DIRECTION('ref_axis',(0.00264712145531649,-2.38524477946811E-18,0.999996496367863));
#4896=DIRECTION('',(1.4020823875366E-17,0.00257753918701507,0.999996678140352));
#4897=DIRECTION('',(0.7164617369328,-0.697623629908378,0.00196227029052309));
#4898=DIRECTION('center_axis',(1.40338736231434E-17,0.00281278104812187,
0.999996044123563));
#4899=DIRECTION('ref_axis',(1.,-5.55111512312578E-17,-1.38777878078145E-17));
#4900=DIRECTION('',(-5.54718964574534E-17,-0.99999604412356,0.00281278104909339));
#4901=DIRECTION('',(1.,-5.55111512312578E-17,-1.38777878078145E-17));
#4902=DIRECTION('',(1.,-5.55111512312578E-17,-1.38777878078145E-17));
#4903=DIRECTION('center_axis',(-5.33849218635684E-12,-0.00281278105146918,
-0.999996044123554));
#4904=DIRECTION('ref_axis',(1.,-2.8657473019018E-11,-5.25790578889162E-12));
#4905=DIRECTION('',(1.,-5.55111512312578E-17,-1.38777878078145E-17));
#4906=DIRECTION('',(-0.716461736923094,-0.697623629918402,0.00196227027055197));
#4907=DIRECTION('',(5.547189645745E-17,0.99999604412356,-0.00281278104933562));
#4908=DIRECTION('',(-0.716461736923067,0.697623629918374,-0.00196227029062213));
#4909=DIRECTION('',(1.,-5.55111512312578E-17,-1.38777878078145E-17));
#4910=DIRECTION('',(1.,-5.55111512312578E-17,-1.38777878078145E-17));
#4911=DIRECTION('center_axis',(-0.697626379730766,0.71645936658855,-0.00184670822779152));
#4912=DIRECTION('ref_axis',(-0.00264712145535253,5.42101086242752E-18,0.999996496367863));
#4913=DIRECTION('',(-1.4020823875366E-17,-0.00257753918701507,-0.999996678140352));
#4914=DIRECTION('',(-1.4020823875366E-17,-0.00257753918701476,-0.999996678140352));
#4915=DIRECTION('center_axis',(-5.5475196289101E-17,-0.999996678140352,
0.00257753918700092));
#4916=DIRECTION('ref_axis',(-1.40208238753652E-17,-0.00257753918700092,
-0.999996678140352));
#4917=DIRECTION('',(1.4020823875366E-17,0.00257753918701476,0.999996678140352));
#4918=DIRECTION('',(1.4020823875366E-17,0.00257753918701507,0.999996678140352));
#4919=DIRECTION('center_axis',(5.5475196289101E-17,0.999996678140352,-0.00257753918700097));
#4920=DIRECTION('ref_axis',(1.40208238753652E-17,0.00257753918700097,0.999996678140352));
#4921=DIRECTION('center_axis',(4.97723494602281E-17,0.724229072672173,0.689559461030305));
#4922=DIRECTION('ref_axis',(1.,-5.55111512312578E-17,-1.38777878078145E-17));
#4923=DIRECTION('',(-2.82275421294026E-17,-0.689559461030296,0.724229072672182));
#4924=DIRECTION('',(1.,-5.55111512312578E-17,-1.38777878078145E-17));
#4925=DIRECTION('center_axis',(-5.54751962891059E-17,-0.999996678140353,
0.00257753918665652));
#4926=DIRECTION('ref_axis',(-1.40208238753461E-17,-0.00257753918665652,
-0.999996678140353));
#4927=DIRECTION('',(-1.,5.55111512312578E-17,1.38777878078145E-17));
#4928=DIRECTION('',(-0.960269453379266,0.000719325461414194,0.27907357359228));
#4929=DIRECTION('',(1.,-5.55111512312578E-17,-1.38777878078145E-17));
#4930=DIRECTION('',(1.40208238753461E-17,0.00257753918665652,0.999996678140353));
#4931=DIRECTION('',(-1.,5.55111512312578E-17,1.38777878078145E-17));
#4932=DIRECTION('',(1.,-5.55111512312578E-17,-1.38777878078145E-17));
#4933=DIRECTION('',(-1.402082387535E-17,-0.00257753918672542,-0.999996678140353));
#4934=DIRECTION('center_axis',(-0.845328352370205,0.534245337304892,-0.00137704286671903));
#4935=DIRECTION('ref_axis',(-0.00162900136469454,-1.62630325872826E-18,
0.999998673176397));
#4936=DIRECTION('',(-0.534247101435659,-0.845325015031577,0.00237772358807167));
#4937=DIRECTION('',(-0.534247101435659,-0.845325015031577,0.00237772358807261));
#4938=DIRECTION('',(1.40208238753652E-17,0.00257753918700097,0.999996678140352));
#4939=DIRECTION('center_axis',(1.40338736231809E-17,0.00281278104879817,
0.999996044123561));
#4940=DIRECTION('ref_axis',(1.,-5.55111512312578E-17,-1.38777878078145E-17));
#4941=DIRECTION('',(1.,-5.55111512312578E-17,-1.38777878078145E-17));
#4942=DIRECTION('',(-5.54718964574575E-17,-0.999996044123561,0.00281278104879817));
#4943=DIRECTION('center_axis',(1.4033873623181E-17,0.0028127810487992,0.999996044123561));
#4944=DIRECTION('ref_axis',(1.,-5.55111512312578E-17,-1.38777878078145E-17));
#4945=DIRECTION('',(5.54718964574575E-17,0.999996044123561,-0.0028127810487992));
#4946=DIRECTION('center_axis',(1.40338736229926E-17,0.00281278104540425,
0.999996044123571));
#4947=DIRECTION('ref_axis',(1.,-5.55111512312578E-17,-1.38777878078144E-17));
#4948=DIRECTION('',(5.54718964575052E-17,0.999996044123571,-0.00281278104540425));
#4949=DIRECTION('',(-1.,5.55111512312578E-17,1.38777878078145E-17));
#4950=DIRECTION('',(-5.54718964574047E-17,-0.999996044123551,0.00281278105255981));
#4951=DIRECTION('',(1.,-5.55111512312578E-17,-1.38777878078145E-17));
#4952=DIRECTION('center_axis',(-1.61977770215984E-13,0.999996678140352,
-0.00257753918710706));
#4953=DIRECTION('ref_axis',(-6.05403861164445E-11,-0.00257753918710706,
-0.999996678140352));
#4954=DIRECTION('',(5.54718964574046E-17,0.999996044123551,-0.00281278105256886));
#4955=DIRECTION('center_axis',(-1.58062152973486E-13,0.999996678140352,
-0.00257753918710748));
#4956=DIRECTION('ref_axis',(-3.16539719014907E-11,-0.00257753918710748,
-0.999996678140352));
#4957=DIRECTION('',(5.54718964574046E-17,0.999996044123551,-0.00281278105256886));
#4958=DIRECTION('center_axis',(0.697626379733009,0.716459366586367,-0.00184670822757857));
#4959=DIRECTION('ref_axis',(-0.00264712145503878,3.46944695195361E-18,-0.999996496367863));
#4960=DIRECTION('',(0.71646173692526,-0.697623629916122,0.0019622702905612));
#4961=DIRECTION('',(-1.40208238753501E-17,-0.00257753918672765,-0.999996678140353));
#4962=DIRECTION('',(-0.716461736925516,0.697623629915873,-0.00196227028556207));
#4963=DIRECTION('',(-1.402082387535E-17,-0.00257753918672551,-0.999996678140353));
#4964=DIRECTION('center_axis',(0.57527152183659,0.592392233814548,0.564033791079953));
#4965=DIRECTION('ref_axis',(0.700098057656336,-6.93889390390723E-16,-0.714046713924114));
#4966=DIRECTION('',(0.701061277337972,-0.00183804586084838,-0.713098665687059));
#4967=DIRECTION('center_axis',(0.71310102481339,0.00197193190220845,0.701058513887868));
#4968=DIRECTION('ref_axis',(0.701059876930267,-4.42354486374086E-17,-0.713102411269601));
#4969=DIRECTION('',(5.54718964574534E-17,0.99999604412356,-0.00281278104909407));
#4970=DIRECTION('',(0.70106127733798,-0.00183804586133416,-0.71309866568705));
#4971=DIRECTION('center_axis',(0.69762637973314,0.716459366586239,-0.00184670822756988));
#4972=DIRECTION('ref_axis',(-0.00264712145502582,-2.38524477946811E-18,
-0.999996496367863));
#4973=DIRECTION('',(-0.716461736925267,0.697623629916129,-0.00196227028556139));
#4974=DIRECTION('',(-1.40208238753505E-17,-0.00257753918673581,-0.999996678140353));
#4975=DIRECTION('',(0.71646173692526,-0.697623629916122,0.0019622702905612));
#4976=DIRECTION('center_axis',(0.575361978853666,0.589303296238419,-0.567168597801507));
#4977=DIRECTION('ref_axis',(-0.702017885243773,1.94289029309402E-16,-0.712159314197225));
#4978=DIRECTION('',(-0.701061277335527,-0.00183804586035287,-0.713098665689464));
#4979=DIRECTION('',(4.84930453136199E-17,0.693445858833832,0.720508737536339));
#4980=DIRECTION('center_axis',(3.03727750077817E-17,0.720508737537239,-0.693445858832897));
#4981=DIRECTION('ref_axis',(-1.,5.55111512312578E-17,1.38777878078145E-17));
#4982=DIRECTION('',(0.927749384152522,-0.258796633206078,-0.268896602518171));
#4983=DIRECTION('center_axis',(-0.279074493517402,-0.00270102772964555,
-0.960265656741513));
#4984=DIRECTION('ref_axis',(-0.960269159594118,5.28006458000441E-17,0.279075511524044));
#4985=DIRECTION('center_axis',(-1.40338736231898E-17,-0.00281278104895844,
-0.999996044123561));
#4986=DIRECTION('ref_axis',(-1.,5.55111512312578E-17,1.38777878078145E-17));
#4987=DIRECTION('',(-5.54718964574553E-17,-0.999996044123561,0.00281278104895844));
#4988=DIRECTION('',(1.,-5.55111512312578E-17,-1.38777878078145E-17));
#4989=DIRECTION('center_axis',(-0.279074493517653,-0.00270102772789409,
-0.960265656741445));
#4990=DIRECTION('ref_axis',(-0.960269159594045,4.82469966756049E-17,0.279075511524294));
#4991=DIRECTION('',(0.960269453379363,-0.000719325461392395,-0.279073573591949));
#4992=DIRECTION('',(0.960269453379363,-0.000719325461392395,-0.279073573591949));
#4993=DIRECTION('center_axis',(-5.54751962891051E-17,-0.999996678140353,
0.00257753918670824));
#4994=DIRECTION('ref_axis',(-1.4020823875349E-17,-0.00257753918670824,-0.999996678140353));
#4995=DIRECTION('',(-0.999842420233907,4.5756562552216E-5,0.0177519747391637));
#4996=DIRECTION('',(-0.701061277333048,-0.00183804586035847,-0.713098665691902));
#4997=DIRECTION('',(1.40208238753695E-17,0.0025775391870772,0.999996678140352));
#4998=DIRECTION('center_axis',(-1.,5.55111512312578E-17,1.38777878078145E-17));
#4999=DIRECTION('ref_axis',(1.38777878078145E-17,0.,1.));
#5000=DIRECTION('',(-5.54718964574583E-17,-0.999996044123561,0.00281278104874389));
#5001=DIRECTION('center_axis',(-0.713101024810952,0.00197193190264876,0.701058513890347));
#5002=DIRECTION('ref_axis',(0.701059876932746,-3.83807569059868E-17,0.713102411267164));
#5003=DIRECTION('center_axis',(-0.017752033217338,-0.00281233781138249,
-0.999838464989563));
#5004=DIRECTION('ref_axis',(-0.999842418996191,5.59854896817202E-17,0.0177521034203352));
#5005=DIRECTION('center_axis',(-1.,5.55111512312578E-17,1.38777878078145E-17));
#5006=DIRECTION('ref_axis',(1.38777878078145E-17,0.,1.));
#5007=DIRECTION('',(-1.4020823875366E-17,-0.00257753918701476,-0.999996678140352));
#5008=DIRECTION('',(-5.54718964574714E-17,-0.999996044123564,0.00281278104780747));
#5009=DIRECTION('',(-1.40208238753519E-17,-0.00257753918675952,-0.999996678140353));
#5010=DIRECTION('',(5.54718964574714E-17,0.999996044123564,-0.0028127810478073));
#5011=DIRECTION('',(1.40208238753756E-17,0.00257753918718707,0.999996678140352));
#5012=DIRECTION('center_axis',(0.713101024813385,-0.0019719319021907,-0.701058513887873));
#5013=DIRECTION('ref_axis',(-0.701059876930271,3.79470760369927E-17,-0.713102411269596));
#5014=DIRECTION('',(5.54718964574534E-17,0.99999604412356,-0.00281278104909086));
#5015=DIRECTION('',(-0.701061277337969,-0.00183804585645254,-0.713098665687074));
#5016=DIRECTION('',(0.70106127733962,0.00183804586056048,0.71309866568544));
#5017=DIRECTION('',(-5.54718964574714E-17,-0.999996044123564,0.00281278104780606));
#5018=DIRECTION('',(0.701061277344566,0.00183804586133104,0.713098665680575));
#5019=DIRECTION('',(5.5471896457472E-17,0.999996044123564,-0.00281278104776558));
#5020=DIRECTION('center_axis',(1.,-5.55111512312578E-17,-1.38777878078145E-17));
#5021=DIRECTION('ref_axis',(-1.38777878078145E-17,0.,-1.));
#5022=DIRECTION('',(-1.40208238753502E-17,-0.00257753918673049,-0.999996678140353));
#5023=DIRECTION('',(1.40208238753514E-17,0.00257753918675205,0.999996678140353));
#5024=DIRECTION('center_axis',(-5.54751962891045E-17,-0.999996678140353,
0.0025775391867537));
#5025=DIRECTION('ref_axis',(-1.40208238753515E-17,-0.0025775391867537,-0.999996678140353));
#5026=DIRECTION('',(1.40208238753515E-17,0.0025775391867537,0.999996678140353));
#5027=DIRECTION('',(-1.,5.55111512312578E-17,1.38777878078145E-17));
#5028=DIRECTION('',(-1.40208238753515E-17,-0.0025775391867537,-0.999996678140353));
#5029=DIRECTION('center_axis',(0.713101024815744,0.00197193190613484,0.701058513885463));
#5030=DIRECTION('ref_axis',(0.701059876927867,-3.94649590784723E-17,-0.713102411271961));
#5031=DIRECTION('',(0.701061277333132,-0.00183804586054901,-0.713098665691819));
#5032=DIRECTION('',(0.701061277333047,-0.00183804586056374,-0.713098665691902));
#5033=DIRECTION('',(5.54718964574714E-17,0.999996044123564,-0.00281278104780747));
#5034=DIRECTION('center_axis',(1.40338736231246E-17,0.00281278104778406,
0.999996044123564));
#5035=DIRECTION('ref_axis',(1.,-5.55111512312578E-17,-1.38777878078144E-17));
#5036=DIRECTION('',(1.,-5.55111512312578E-17,-1.38777878078145E-17));
#5037=DIRECTION('',(1.,-5.55111512312578E-17,-1.38777878078145E-17));
#5038=DIRECTION('center_axis',(1.,-5.55111512312578E-17,-1.38777878078145E-17));
#5039=DIRECTION('ref_axis',(-1.38777878078145E-17,0.,-1.));
#5040=DIRECTION('',(-5.54718964574558E-17,-0.999996044123561,0.00281278104892411));
#5041=DIRECTION('',(1.40208238755234E-17,0.00257753918985106,0.999996678140345));
#5042=DIRECTION('',(-5.54718964574553E-17,-0.999996044123561,0.00281278104895813));
#5043=DIRECTION('',(1.40208238758078E-17,0.00257753919497827,0.999996678140332));
#5044=DIRECTION('center_axis',(1.,-5.55111512312578E-17,-1.38777878078145E-17));
#5045=DIRECTION('ref_axis',(1.38777877807394E-17,-4.87742506637873E-10,
1.));
#5046=DIRECTION('',(-4.84930453134784E-17,-0.693445858830475,-0.72050873753957));
#5047=DIRECTION('center_axis',(1.,-1.69304798299257E-13,3.94128859979593E-13));
#5048=DIRECTION('ref_axis',(-3.94128859914856E-13,3.82369113700899E-10,
1.));
#5049=DIRECTION('center_axis',(1.,-5.55111512312578E-17,-1.38777878078145E-17));
#5050=DIRECTION('ref_axis',(-1.38777878078145E-17,0.,-1.));
#5051=DIRECTION('',(1.40208238758078E-17,0.0025775391949781,0.999996678140332));
#5052=DIRECTION('',(-5.54718964574595E-17,-0.999996044123562,0.00281278104865744));
#5053=DIRECTION('',(1.40208238752999E-17,0.00257753918582344,0.999996678140355));
#5054=DIRECTION('',(-5.54718964574602E-17,-0.999996044123562,0.00281278104860496));
#5055=DIRECTION('center_axis',(1.,-5.55111512312578E-17,-1.38777878078145E-17));
#5056=DIRECTION('ref_axis',(1.38777877925478E-17,-2.750207545621E-10,1.));
#5057=DIRECTION('',(2.82275421295646E-17,0.689559461032652,-0.724229072669938));
#5058=DIRECTION('center_axis',(1.,-4.11791654195983E-13,-1.62031175822928E-13));
#5059=DIRECTION('ref_axis',(1.62031175851578E-13,6.95732422026619E-11,1.));
#5060=DIRECTION('center_axis',(-1.,5.55111512312578E-17,1.38777878078145E-17));
#5061=DIRECTION('ref_axis',(-1.3877787809424E-17,-2.8993692557735E-11,-1.));
#5062=DIRECTION('',(-1.,5.55111512312578E-17,1.38777878078145E-17));
#5063=DIRECTION('center_axis',(1.,-5.55111512312578E-17,-1.38777878078145E-17));
#5064=DIRECTION('ref_axis',(-1.38777878078145E-17,0.,-1.));
#5065=DIRECTION('',(-1.40208238753454E-17,-0.00257753918664336,-0.999996678140353));
#5066=DIRECTION('',(5.54718964574583E-17,0.999996044123561,-0.00281278104874357));
#5067=DIRECTION('',(1.40208238753552E-17,0.00257753918682003,0.999996678140353));
#5068=DIRECTION('',(5.54718964574583E-17,0.999996044123561,-0.00281278104874389));
#5069=DIRECTION('center_axis',(-1.,-1.56479649665585E-14,-2.42236438533998E-14));
#5070=DIRECTION('ref_axis',(-2.42236438528373E-14,-3.59453371509148E-11,
1.));
#5071=DIRECTION('',(-1.,5.55111512312578E-17,1.38777878078145E-17));
#5072=DIRECTION('center_axis',(0.713101024810935,-0.0019719319026488,-0.701058513890364));
#5073=DIRECTION('ref_axis',(-0.701059876932763,3.92481186439753E-17,-0.713102411267147));
#5074=DIRECTION('',(0.70106127733794,0.00183804586037089,0.713098665687092));
#5075=DIRECTION('',(-0.70106127733794,-0.0018380458603713,-0.713098665687092));
#5076=DIRECTION('',(5.54718964574583E-17,0.999996044123561,-0.00281278104874389));
#5077=DIRECTION('center_axis',(1.,-5.55111512312578E-17,-1.38777878078145E-17));
#5078=DIRECTION('ref_axis',(-1.38777878078145E-17,0.,-1.));
#5079=DIRECTION('',(1.40208238753695E-17,0.00257753918707762,0.999996678140352));
#5080=DIRECTION('',(1.40208238753697E-17,0.00257753918708157,0.999996678140352));
#5081=DIRECTION('center_axis',(5.54751962891051E-17,0.999996678140353,-0.0025775391867083));
#5082=DIRECTION('ref_axis',(1.4020823875349E-17,0.0025775391867083,0.999996678140353));
#5083=DIRECTION('',(0.960269453379363,-0.000719325461392433,-0.279073573591947));
#5084=DIRECTION('',(0.999842420233907,-4.57565625521629E-5,-0.0177519747391657));
#5085=DIRECTION('center_axis',(0.697626379730778,0.716459366588538,-0.00184670822778115));
#5086=DIRECTION('ref_axis',(-0.00264712145533762,-3.25260651745651E-18,
-0.999996496367863));
#5087=DIRECTION('',(-1.4020823875366E-17,-0.00257753918701476,-0.999996678140352));
#5088=DIRECTION('center_axis',(-5.5475196289101E-17,-0.999996678140352,
0.00257753918700062));
#5089=DIRECTION('ref_axis',(-1.40208238753652E-17,-0.00257753918700062,
-0.999996678140352));
#5090=DIRECTION('center_axis',(0.713101024810742,0.00197193190197777,0.701058513890562));
#5091=DIRECTION('ref_axis',(0.70105987693296,-3.81639164714898E-17,-0.713102411266953));
#5092=DIRECTION('',(-0.70106127733822,0.00183804586055996,0.713098665686817));
#5093=DIRECTION('',(-5.54718964574708E-17,-0.999996044123564,0.00281278104784966));
#5094=DIRECTION('',(0.701061277333519,-0.00183804586018988,-0.713098665691439));
#5095=DIRECTION('',(-5.54718964574714E-17,-0.999996044123564,0.0028127810478073));
#5096=DIRECTION('center_axis',(1.40338736237849E-17,0.00281278105968625,
0.999996044123531));
#5097=DIRECTION('ref_axis',(1.,-5.55111512312578E-17,-1.38777878078145E-17));
#5098=DIRECTION('',(-1.,5.55111512312578E-17,1.38777878078145E-17));
#5099=DIRECTION('',(1.,-5.55111512312578E-17,-1.38777878078145E-17));
#5100=DIRECTION('center_axis',(-0.575361978854329,0.589303296239116,-0.56716859780011));
#5101=DIRECTION('ref_axis',(-0.702017885242486,-1.11022302462516E-15,0.712159314198493));
#5102=DIRECTION('',(-0.716461736925509,-0.697623629915867,0.00196227029056191));
#5103=DIRECTION('',(4.84930453135271E-17,0.69344585883163,0.720508737538458));
#5104=DIRECTION('center_axis',(3.0372775007867E-17,0.720508737538458,-0.69344585883163));
#5105=DIRECTION('ref_axis',(-1.,5.55111512312579E-17,1.38777878078144E-17));
#5106=DIRECTION('',(1.,-5.55111512312578E-17,-1.38777878078145E-17));
#5107=DIRECTION('center_axis',(-5.54751962891109E-17,-0.999996678140354,
0.00257753918629914));
#5108=DIRECTION('ref_axis',(-1.40208238753263E-17,-0.00257753918629914,
-0.999996678140354));
#5109=DIRECTION('',(1.,-5.55111512312578E-17,-1.38777878078145E-17));
#5110=DIRECTION('',(-1.40208238753263E-17,-0.00257753918629914,-0.999996678140354));
#5111=DIRECTION('',(1.,-5.55111512312578E-17,-1.38777878078145E-17));
#5112=DIRECTION('center_axis',(-1.10489835940104E-15,0.99999667814036,-0.00257753918403204));
#5113=DIRECTION('ref_axis',(6.88702437195623E-11,-0.00257753918403204,-0.99999667814036));
#5114=DIRECTION('center_axis',(-1.13115348421919E-15,0.99999667814036,-0.00257753918403305));
#5115=DIRECTION('ref_axis',(9.56209854914159E-11,-0.00257753918403305,-0.99999667814036));
#5116=DIRECTION('center_axis',(-5.54751962890986E-17,-0.999996678140352,
0.00257753918717198));
#5117=DIRECTION('ref_axis',(-1.40208238753747E-17,-0.00257753918717198,
-0.999996678140352));
#5118=DIRECTION('',(1.,-5.55111512312578E-17,-1.38777878078145E-17));
#5119=DIRECTION('',(-1.40208238753747E-17,-0.00257753918717198,-0.999996678140352));
#5120=DIRECTION('',(1.,-5.55111512312578E-17,-1.38777878078145E-17));
#5121=DIRECTION('',(1.,-5.55111512312578E-17,-1.38777878078145E-17));
#5122=DIRECTION('',(-1.40208238753373E-17,-0.00257753918649813,-0.999996678140354));
#5123=DIRECTION('center_axis',(-1.07203616309836E-16,0.99999667814036,-0.0025775391840342));
#5124=DIRECTION('ref_axis',(-6.15815128022933E-11,-0.0025775391840342,-0.99999667814036));
#5125=DIRECTION('center_axis',(-1.91211474596807E-15,0.99999667814036,-0.00257753918403426));
#5126=DIRECTION('ref_axis',(-3.26929182173152E-11,-0.00257753918403426,
-0.99999667814036));
#5127=DIRECTION('center_axis',(-5.54751962890922E-17,-0.999996678140351,
0.0025775391876293));
#5128=DIRECTION('ref_axis',(-1.40208238754001E-17,-0.0025775391876293,-0.999996678140351));
#5129=DIRECTION('',(1.,-5.55111512312578E-17,-1.38777878078145E-17));
#5130=DIRECTION('',(-1.,5.55111512312578E-17,1.38777878078145E-17));
#5131=DIRECTION('',(-1.40208238754001E-17,-0.0025775391876293,-0.999996678140351));
#5132=DIRECTION('',(1.,-5.55111512312578E-17,-1.38777878078145E-17));
#5133=DIRECTION('',(-0.960269453379265,0.00071932546210231,0.279073573592283));
#5134=DIRECTION('',(-1.,5.55111512312578E-17,1.38777878078145E-17));
#5135=DIRECTION('',(-1.40208238754725E-17,-0.00257753918893457,-0.999996678140347));
#5136=DIRECTION('center_axis',(-1.40338736231811E-17,-0.00281278104880093,
-0.999996044123561));
#5137=DIRECTION('ref_axis',(-1.,5.55111512312578E-17,1.38777878078145E-17));
#5138=DIRECTION('',(5.54718964574575E-17,0.999996044123561,-0.00281278104880093));
#5139=DIRECTION('',(0.534247101435659,-0.845325015031576,0.002377723588337));
#5140=DIRECTION('center_axis',(-0.845328352370179,-0.534245337304935,0.00137704286642607));
#5141=DIRECTION('ref_axis',(0.00162900136434803,-2.49366499671666E-18,0.999998673176397));
#5142=DIRECTION('',(0.534247101435658,-0.845325015031577,0.00237772358833889));
#5143=DIRECTION('',(-1.40208238753348E-17,-0.00257753918645236,-0.999996678140354));
#5144=DIRECTION('center_axis',(5.54751962891028E-17,0.999996678140353,-0.00257753918687816));
#5145=DIRECTION('ref_axis',(1.40208238753584E-17,0.00257753918687816,0.999996678140353));
#5146=DIRECTION('',(1.40208238753584E-17,0.00257753918687816,0.999996678140353));
#5147=DIRECTION('',(1.40208238753584E-17,0.00257753918687816,0.999996678140353));
#5148=DIRECTION('',(-1.,5.55111512312578E-17,1.38777878078145E-17));
#5149=DIRECTION('',(-1.40208238753586E-17,-0.00257753918688098,-0.999996678140353));
#5150=DIRECTION('',(-1.,5.55111512312578E-17,1.38777878078145E-17));
#5151=DIRECTION('center_axis',(1.40338736229937E-17,0.00281278104542365,
0.999996044123571));
#5152=DIRECTION('ref_axis',(1.,-5.55111512312578E-17,-1.38777878078145E-17));
#5153=DIRECTION('',(-5.54718964575049E-17,-0.999996044123571,0.00281278104542365));
#5154=DIRECTION('',(5.54718964575053E-17,0.999996044123571,-0.00281278104539294));
#5155=DIRECTION('',(1.,-5.55111512312578E-17,-1.38777878078145E-17));
#5156=DIRECTION('center_axis',(1.,-5.55111512312578E-17,-1.38777878078145E-17));
#5157=DIRECTION('ref_axis',(-1.38777878078145E-17,0.,-1.));
#5158=DIRECTION('',(5.54718964574044E-17,0.999996044123551,-0.0028127810525852));
#5159=DIRECTION('',(-1.40208238753283E-17,-0.00257753918633577,-0.999996678140354));
#5160=DIRECTION('center_axis',(-1.40338736231809E-17,-0.00281278104879893,
-0.999996044123561));
#5161=DIRECTION('ref_axis',(-1.,5.55111512312578E-17,1.38777878078144E-17));
#5162=DIRECTION('',(-0.534247101435659,0.845325015031576,-0.00237772358833795));
#5163=DIRECTION('',(-5.54718964574575E-17,-0.999996044123561,0.00281278104879893));
#5164=DIRECTION('center_axis',(0.845328352370254,0.534245337304814,-0.00137704286642573));
#5165=DIRECTION('ref_axis',(-0.00162900136434748,-1.0842021724855E-18,-0.999998673176397));
#5166=DIRECTION('',(-0.534247101435659,0.845325015031576,-0.00237772358833795));
#5167=DIRECTION('center_axis',(-1.40338736231809E-17,-0.00281278104879893,
-0.999996044123561));
#5168=DIRECTION('ref_axis',(-1.,5.55111512312578E-17,1.38777878078144E-17));
#5169=DIRECTION('',(5.54718964574575E-17,0.999996044123561,-0.00281278104879893));
#5170=DIRECTION('center_axis',(-1.40338736231809E-17,-0.0028127810487987,
-0.999996044123561));
#5171=DIRECTION('ref_axis',(-1.,5.55111512312578E-17,1.38777878078144E-17));
#5172=DIRECTION('',(-5.54718964574575E-17,-0.999996044123561,0.0028127810487987));
#5173=DIRECTION('center_axis',(-1.4033873623173E-17,-0.00281278104865659,
-0.999996044123562));
#5174=DIRECTION('ref_axis',(-1.,5.55111512312578E-17,1.38777878078144E-17));
#5175=DIRECTION('',(-1.,5.55111512312578E-17,1.38777878078145E-17));
#5176=DIRECTION('',(5.54718964574595E-17,0.999996044123562,-0.00281278104865659));
#5177=DIRECTION('center_axis',(1.4033873623173E-17,0.00281278104865659,
0.999996044123562));
#5178=DIRECTION('ref_axis',(1.,-5.55111512312578E-17,-1.38777878078144E-17));
#5179=DIRECTION('',(-5.54718964574595E-17,-0.999996044123562,0.00281278104865659));
#5180=DIRECTION('',(1.,-5.55111512312578E-17,-1.38777878078145E-17));
#5181=DIRECTION('center_axis',(-1.40338736229934E-17,-0.00281278104541834,
-0.999996044123571));
#5182=DIRECTION('ref_axis',(-1.,5.55111512312578E-17,1.38777878078144E-17));
#5183=DIRECTION('',(5.5471896457505E-17,0.999996044123571,-0.00281278104541834));
#5184=DIRECTION('',(1.,-5.55111512312578E-17,-1.38777878078145E-17));
#5185=DIRECTION('center_axis',(-0.697626379733656,0.716459366585733,-0.00184670822915952));
#5186=DIRECTION('ref_axis',(-0.00264712145730249,-4.98732999343332E-18,
0.999996496367858));
#5187=DIRECTION('',(0.716461736925509,0.697623629915866,-0.00196227029054418));
#5188=DIRECTION('',(-1.40208238754731E-17,-0.00257753918894504,-0.999996678140347));
#5189=DIRECTION('',(-0.716461736925509,-0.697623629915867,0.00196227029054418));
#5190=DIRECTION('center_axis',(-0.575271521833767,0.592392233816171,0.564033791081127));
#5191=DIRECTION('ref_axis',(0.700098057658831,1.11022302462516E-15,0.714046713921668));
#5192=DIRECTION('',(-2.82275421295459E-17,-0.689559461032381,0.724229072670197));
#5193=DIRECTION('center_axis',(-1.,5.55111512312578E-17,1.38777878078145E-17));
#5194=DIRECTION('ref_axis',(1.38777878078145E-17,0.,1.));
#5195=DIRECTION('',(-5.5471896457472E-17,-0.999996044123564,0.00281278104776347));
#5196=DIRECTION('',(1.40208238753504E-17,0.00257753918673392,0.999996678140353));
#5197=DIRECTION('center_axis',(1.40338736231245E-17,0.00281278104778232,
0.999996044123564));
#5198=DIRECTION('ref_axis',(1.,-5.55111512312578E-17,-1.38777878078144E-17));
#5199=DIRECTION('',(-5.5471896457472E-17,-0.999996044123564,0.00281278104776347));
#5200=DIRECTION('',(1.,-5.55111512312578E-17,-1.38777878078145E-17));
#5201=DIRECTION('center_axis',(1.,-5.55111512312578E-17,-1.38777878078145E-17));
#5202=DIRECTION('ref_axis',(-1.38777878078145E-17,0.,-1.));
#5203=DIRECTION('',(-1.40208238753466E-17,-0.00257753918666405,-0.999996678140353));
#5204=DIRECTION('center_axis',(-5.54751962891051E-17,-0.999996678140353,
0.00257753918670824));
#5205=DIRECTION('ref_axis',(-1.4020823875349E-17,-0.00257753918670824,-0.999996678140353));
#5206=DIRECTION('',(-0.999842420233917,4.57565624975841E-5,0.0177519747386186));
#5207=DIRECTION('center_axis',(0.017752033217337,0.00281233781138617,0.999838464989563));
#5208=DIRECTION('ref_axis',(0.999842418996191,-5.59922659452982E-17,-0.0177521034203342));
#5209=DIRECTION('center_axis',(0.279074493517151,0.0027010277241735,0.960265656741601));
#5210=DIRECTION('ref_axis',(0.960269159594192,-5.48606299277665E-17,-0.279075511523789));
#5211=DIRECTION('',(0.92771900988822,0.257398275584948,-0.27033972408419));
#5212=DIRECTION('center_axis',(4.97723494601472E-17,0.724229072670197,0.689559461032381));
#5213=DIRECTION('ref_axis',(1.,-5.55111512312578E-17,-1.38777878078145E-17));
#5214=DIRECTION('',(5.54718964574045E-17,0.999996044123551,-0.00281278105258014));
#5215=DIRECTION('',(5.54718964574045E-17,0.999996044123551,-0.00281278105258014));
#5216=DIRECTION('',(5.54718964574846E-17,0.999996044123567,-0.00281278104686536));
#5217=DIRECTION('',(5.54718964574846E-17,0.999996044123567,-0.00281278104686536));
#5218=DIRECTION('center_axis',(-0.697626379733656,0.716459366585736,-0.00184670822768659));
#5219=DIRECTION('ref_axis',(-0.00264712145519116,-1.51788304147971E-18,
0.999996496367863));
#5220=DIRECTION('',(0.716461736925516,0.697623629915873,-0.00196227028556209));
#5221=DIRECTION('',(-1.40208238753372E-17,-0.00257753918649615,-0.999996678140354));
#5222=DIRECTION('center_axis',(5.5475196289105E-17,0.999996678140353,-0.00257753918672027));
#5223=DIRECTION('ref_axis',(1.40208238753497E-17,0.00257753918672027,0.999996678140353));
#5224=DIRECTION('',(-1.40208238753509E-17,-0.00257753918674224,-0.999996678140353));
#5225=DIRECTION('center_axis',(1.,-5.55111512312578E-17,-1.38777878078145E-17));
#5226=DIRECTION('ref_axis',(-1.38777878078145E-17,0.,-1.));
#5227=DIRECTION('',(1.40208238753515E-17,0.0025775391867537,0.999996678140353));
#5228=DIRECTION('center_axis',(5.54751962891048E-17,0.999996678140353,-0.00257753918673049));
#5229=DIRECTION('ref_axis',(1.40208238753502E-17,0.00257753918673049,0.999996678140353));
#5230=DIRECTION('center_axis',(1.,-5.55111512312578E-17,-1.38777878078145E-17));
#5231=DIRECTION('ref_axis',(-1.38777878078145E-17,0.,-1.));
#5232=DIRECTION('',(-1.40208238753446E-17,-0.00257753918662971,-0.999996678140353));
#5233=DIRECTION('center_axis',(1.,-5.55111512312578E-17,-1.38777878078145E-17));
#5234=DIRECTION('ref_axis',(-1.38777878078145E-17,0.,-1.));
#5235=DIRECTION('',(-1.40208238753446E-17,-0.00257753918662971,-0.999996678140353));
#5236=DIRECTION('center_axis',(-0.697626379731386,-0.716459366587948,0.0018467082274182));
#5237=DIRECTION('ref_axis',(0.00264712145481506,-6.50521303491302E-19,0.999996496367864));
#5238=DIRECTION('',(-1.40208238753557E-17,-0.00257753918682954,-0.999996678140353));
#5239=DIRECTION('',(0.716461736926024,-0.697623629915349,0.00196227028656263));
#5240=DIRECTION('',(-1.4020823875391E-17,-0.00257753918746468,-0.999996678140351));
#5241=DIRECTION('',(-1.40208238753476E-17,-0.00257753918668274,-0.999996678140353));
#5242=DIRECTION('',(-1.40208238753914E-17,-0.00257753918747325,-0.999996678140351));
#5243=DIRECTION('',(-0.716461736926024,0.697623629915349,-0.00196227028656263));
#5244=DIRECTION('center_axis',(1.40338736231821E-17,0.00281278104881916,
0.999996044123561));
#5245=DIRECTION('ref_axis',(1.,-5.55111512312578E-17,-1.38777878078145E-17));
#5246=DIRECTION('',(1.,-5.55111512312578E-17,-1.38777878078145E-17));
#5247=DIRECTION('',(5.54718964574572E-17,0.999996044123561,-0.00281278104882048));
#5248=DIRECTION('',(1.,-5.55111512312578E-17,-1.38777878078145E-17));
#5249=DIRECTION('',(1.,-5.55111512312578E-17,-1.38777878078145E-17));
#5250=DIRECTION('center_axis',(1.,-1.85388129145961E-14,3.3763804985857E-17));
#5251=DIRECTION('ref_axis',(-3.37638050980548E-17,-6.05204725822097E-12,
1.));
#5252=DIRECTION('',(-1.,5.55111512312578E-17,1.38777878078145E-17));
#5253=DIRECTION('center_axis',(-1.,-1.69193775983979E-13,3.94156615530674E-13));
#5254=DIRECTION('ref_axis',(-3.9415661562547E-13,5.60280605269229E-10,-1.));
#5255=DIRECTION('',(-1.,5.55111512312578E-17,1.38777878078145E-17));
#5256=DIRECTION('center_axis',(3.03727750076363E-17,0.72050873753516,-0.693445858835057));
#5257=DIRECTION('ref_axis',(-1.,5.55111512312578E-17,1.38777878078145E-17));
#5258=DIRECTION('',(1.,-5.55111512312578E-17,-1.38777878078145E-17));
#5259=DIRECTION('',(4.84930453134784E-17,0.693445858830475,0.72050873753957));
#5260=DIRECTION('',(1.,-5.55111512312578E-17,-1.38777878078145E-17));
#5261=DIRECTION('center_axis',(-1.,5.55111512312578E-17,1.38777878078145E-17));
#5262=DIRECTION('ref_axis',(-1.38777878053964E-17,4.3559933429083E-11,-1.));
#5263=DIRECTION('center_axis',(5.54751962891062E-17,0.999996678140353,-0.00257753918662971));
#5264=DIRECTION('ref_axis',(1.40208238753446E-17,0.00257753918662971,0.999996678140353));
#5265=DIRECTION('',(-1.,5.55111512312578E-17,1.38777878078145E-17));
#5266=DIRECTION('',(-1.40208238754025E-17,-0.00257753918767284,-0.999996678140351));
#5267=DIRECTION('',(-1.,5.55111512312578E-17,1.38777878078145E-17));
#5268=DIRECTION('',(1.40208238753355E-17,0.00257753918646411,0.999996678140354));
#5269=DIRECTION('',(-1.,5.55111512312578E-17,2.78150669585737E-11));
#5270=DIRECTION('',(-1.40208238754025E-17,-0.00257753918767285,-0.999996678140351));
#5271=DIRECTION('',(-1.,5.55111512312578E-17,1.38777878078145E-17));
#5272=DIRECTION('center_axis',(-1.,-4.11680631881986E-13,-1.62003420243907E-13));
#5273=DIRECTION('ref_axis',(1.62003420193315E-13,1.22891582219841E-10,-1.));
#5274=DIRECTION('center_axis',(4.97723494603168E-17,0.724229072674341,0.689559461028028));
#5275=DIRECTION('ref_axis',(1.,-5.55111512312578E-17,-1.38777878078145E-17));
#5276=DIRECTION('',(1.,-5.55111512312578E-17,-1.38777878078145E-17));
#5277=DIRECTION('',(-2.82275421295646E-17,-0.689559461032652,0.724229072669938));
#5278=DIRECTION('',(1.,-5.55111512312578E-17,-1.38777878078145E-17));
#5279=DIRECTION('center_axis',(-1.,5.55111512312578E-17,1.38777878078145E-17));
#5280=DIRECTION('ref_axis',(-1.3877787800606E-17,1.29856739834658E-10,-1.));
#5281=DIRECTION('center_axis',(-1.40338736231818E-17,-0.00281278104881373,
-0.999996044123561));
#5282=DIRECTION('ref_axis',(-1.,5.55111512312578E-17,1.38777878078145E-17));
#5283=DIRECTION('',(-5.54718964574573E-17,-0.999996044123561,0.00281278104881373));
#5284=DIRECTION('',(-5.54718964574558E-17,-0.999996044123561,0.00281278104892411));
#5285=DIRECTION('',(-1.,5.55111512312578E-17,1.38777878078145E-17));
#5286=DIRECTION('center_axis',(-1.,5.55111512312578E-17,1.38777878078145E-17));
#5287=DIRECTION('ref_axis',(1.38777878078145E-17,0.,1.));
#5288=DIRECTION('',(-5.54718964574583E-17,-0.999996044123561,0.00281278104874196));
#5289=DIRECTION('center_axis',(-1.,5.55111512312578E-17,1.38777878078145E-17));
#5290=DIRECTION('ref_axis',(-1.38777878018973E-17,1.06594110477511E-10,
-1.));
#5291=DIRECTION('',(-1.4020823875391E-17,-0.00257753918746468,-0.999996678140351));
#5292=DIRECTION('center_axis',(-1.,5.55111512312578E-17,1.38777878078145E-17));
#5293=DIRECTION('ref_axis',(1.38777878078145E-17,0.,1.));
#5294=DIRECTION('',(-5.54718964574602E-17,-0.999996044123562,0.00281278104860496));
#5295=DIRECTION('',(1.40208238753914E-17,0.00257753918747325,0.999996678140351));
#5296=DIRECTION('center_axis',(-1.,5.55111512312578E-17,1.38777878078145E-17));
#5297=DIRECTION('ref_axis',(-1.38777877902696E-17,3.16061421641349E-10,
-1.));
#5298=DIRECTION('',(-5.54718964574583E-17,-0.999996044123561,0.00281278104874287));
#5299=DIRECTION('center_axis',(5.54751962891374E-17,0.999996678140359,-0.00257753918440952));
#5300=DIRECTION('ref_axis',(1.40208238752215E-17,0.00257753918440952,0.999996678140359));
#5301=DIRECTION('',(-1.,5.55111512312578E-17,1.38777878078145E-17));
#5302=DIRECTION('center_axis',(-1.,-1.63740404965018E-13,-8.81909695455992E-14));
#5303=DIRECTION('ref_axis',(8.81909694938472E-14,3.16061421641349E-10,-1.));
#5304=DIRECTION('',(1.,-5.55111512312578E-17,-1.38777878078145E-17));
#5305=DIRECTION('',(-1.,5.55111512312578E-17,1.38777878078145E-17));
#5306=DIRECTION('center_axis',(-1.,-1.63241829697053E-13,8.90618236103571E-14));
#5307=DIRECTION('ref_axis',(-8.90618236277577E-14,1.06594110477511E-10,
-1.));
#5308=DIRECTION('',(1.,-5.55111512312578E-17,-1.38777878078145E-17));
#5309=DIRECTION('center_axis',(1.,-5.55111512312578E-17,-1.38777878078145E-17));
#5310=DIRECTION('ref_axis',(-1.38777878078145E-17,0.,-1.));
#5311=DIRECTION('',(5.54718964574583E-17,0.999996044123561,-0.00281278104874196));
#5312=DIRECTION('',(5.54718964574583E-17,0.999996044123561,-0.00281278104874287));
#5313=DIRECTION('',(-5.54718964574572E-17,-0.999996044123561,0.00281278104881881));
#5314=DIRECTION('center_axis',(1.,-5.55111512312578E-17,-1.38777878078145E-17));
#5315=DIRECTION('ref_axis',(1.38777878088268E-17,1.82367309094364E-11,1.));
#5316=DIRECTION('center_axis',(1.,-5.55111512312578E-17,-1.38777878078145E-17));
#5317=DIRECTION('ref_axis',(-1.38777878078145E-17,0.,-1.));
#5318=DIRECTION('center_axis',(-1.4033873623156E-17,-0.0028127810483492,
-0.999996044123563));
#5319=DIRECTION('ref_axis',(-1.,5.55111512312578E-17,1.38777878078145E-17));
#5320=DIRECTION('',(1.,-5.55111512312578E-17,-1.38777878078145E-17));
#5321=DIRECTION('center_axis',(1.40338736231778E-17,0.00281278104874196,
0.999996044123561));
#5322=DIRECTION('ref_axis',(1.,-5.55111512312578E-17,-1.38777878078145E-17));
#5323=DIRECTION('center_axis',(-1.40338736231777E-17,-0.00281278104874104,
-0.999996044123562));
#5324=DIRECTION('ref_axis',(-1.,5.55111512312578E-17,1.38777878078144E-17));
#5325=DIRECTION('center_axis',(5.54751962891373E-17,0.999996678140359,-0.00257753918441088));
#5326=DIRECTION('ref_axis',(1.40208238752216E-17,0.00257753918441088,0.999996678140359));
#5327=DIRECTION('',(-1.,5.55111512312578E-17,1.38777878078145E-17));
#5328=DIRECTION('center_axis',(1.40338736231818E-17,0.00281278104881432,
0.999996044123561));
#5329=DIRECTION('ref_axis',(1.,-5.55111512312578E-17,-1.38777878078145E-17));
#5330=DIRECTION('',(5.54718964574573E-17,0.999996044123561,-0.00281278104881432));
#5331=DIRECTION('center_axis',(-1.,5.55111512312578E-17,1.38777878078145E-17));
#5332=DIRECTION('ref_axis',(1.38777878078145E-17,0.,1.));
#5333=DIRECTION('',(-1.4020823875353E-17,-0.00257753918678014,-0.999996678140353));
#5334=DIRECTION('',(1.40208238753528E-17,0.00257753918677618,0.999996678140353));
#5335=DIRECTION('',(-5.54718964574575E-17,-0.999996044123561,0.00281278104879973));
#5336=DIRECTION('center_axis',(-1.,5.55111512312578E-17,1.38777878078145E-17));
#5337=DIRECTION('ref_axis',(1.38777878078145E-17,0.,1.));
#5338=DIRECTION('',(1.40208238753496E-17,0.00257753918671888,0.999996678140353));
#5339=DIRECTION('center_axis',(-1.,5.55111512312578E-17,1.38777878078145E-17));
#5340=DIRECTION('ref_axis',(1.38777878078145E-17,0.,1.));
#5341=DIRECTION('',(1.40208238753496E-17,0.00257753918671888,0.999996678140353));
#5342=DIRECTION('',(-5.5471896457505E-17,-0.999996044123571,0.00281278104541633));
#5343=DIRECTION('',(-5.54718964574575E-17,-0.999996044123561,0.00281278104879973));
#5344=DIRECTION('',(1.40208238753428E-17,0.00257753918659603,0.999996678140353));
#5345=DIRECTION('center_axis',(1.40338736231777E-17,0.00281278104874044,
0.999996044123562));
#5346=DIRECTION('ref_axis',(1.,-5.55111512312578E-17,-1.38777878078145E-17));
#5347=DIRECTION('',(1.,-5.55111512312578E-17,-1.38777878078145E-17));
#5348=DIRECTION('',(-5.54718964574583E-17,-0.999996044123561,0.00281278104874223));
#5349=DIRECTION('',(-1.,5.55111512312578E-17,1.38777878078145E-17));
#5350=DIRECTION('',(5.54718964574583E-17,0.999996044123561,-0.00281278104874223));
#5351=DIRECTION('',(1.,-5.55111512312578E-17,-1.38777878078145E-17));
#5352=DIRECTION('center_axis',(1.,-5.55111512312578E-17,-1.38777878078145E-17));
#5353=DIRECTION('ref_axis',(1.38777877831728E-17,-4.43904518784554E-10,
1.));
#5354=DIRECTION('',(1.,-5.55111512312578E-17,-1.38777878078145E-17));
#5355=DIRECTION('center_axis',(-1.40338736231778E-17,-0.00281278104874168,
-0.999996044123561));
#5356=DIRECTION('ref_axis',(-1.,5.55111512312578E-17,1.38777878078145E-17));
#5357=DIRECTION('',(-1.,5.55111512312578E-17,1.38777878078145E-17));
#5358=DIRECTION('',(-5.54718964574583E-17,-0.999996044123561,0.00281278104874232));
#5359=DIRECTION('',(1.,-5.55111512312578E-17,-1.38777878078145E-17));
#5360=DIRECTION('',(5.54718964574583E-17,0.999996044123561,-0.00281278104874232));
#5361=DIRECTION('center_axis',(1.,-5.55111512312578E-17,-1.38777878078145E-17));
#5362=DIRECTION('ref_axis',(1.38777878313456E-17,4.23899484938709E-10,1.));
#5363=DIRECTION('center_axis',(1.,-1.63352851999114E-13,8.90340680345633E-14));
#5364=DIRECTION('ref_axis',(-8.90340679653181E-14,4.23899484938709E-10,
1.));
#5365=DIRECTION('center_axis',(-1.,5.55111512312578E-17,1.38777878078145E-17));
#5366=DIRECTION('ref_axis',(1.38777878078145E-17,0.,1.));
#5367=DIRECTION('',(1.40208238753559E-17,0.0025775391868322,0.999996678140353));
#5368=DIRECTION('center_axis',(1.,-1.63851427268621E-13,-8.8218725122199E-14));
#5369=DIRECTION('ref_axis',(8.82187251966305E-14,4.54261920800637E-10,1.));
#5370=DIRECTION('center_axis',(-1.,5.55111512312578E-17,1.38777878078145E-17));
#5371=DIRECTION('ref_axis',(-1.38777878075558E-17,4.6599191428046E-12,-1.));
#5372=DIRECTION('',(5.54718964574572E-17,0.999996044123561,-0.00281278104882087));
#5373=DIRECTION('center_axis',(-1.,-1.84277906120753E-14,6.15193806933969E-17));
#5374=DIRECTION('ref_axis',(-6.15193800418816E-17,-3.53550419134011E-11,
-1.));
#5375=DIRECTION('',(-5.54718964574572E-17,-0.999996044123561,0.00281278104882074));
#5376=DIRECTION('',(1.,-5.55111512312578E-17,-1.38777878078145E-17));
#5377=DIRECTION('',(1.,-5.55111512312578E-17,-1.38777878078145E-17));
#5378=DIRECTION('center_axis',(1.40338736231821E-17,0.00281278104881995,
0.999996044123561));
#5379=DIRECTION('ref_axis',(1.,-5.55111512312578E-17,-1.38777878078145E-17));
#5380=DIRECTION('',(1.,-5.55111512312578E-17,-1.38777878078145E-17));
#5381=DIRECTION('center_axis',(1.,-5.55111512312578E-17,-1.38777878078145E-17));
#5382=DIRECTION('ref_axis',(-1.38777878078145E-17,0.,-1.));
#5383=DIRECTION('',(5.54718964574558E-17,0.999996044123561,-0.00281278104892384));
#5384=DIRECTION('',(4.84930453134664E-17,0.693445858830191,0.720508737539843));
#5385=DIRECTION('center_axis',(1.,-4.10874248600108E-13,1.64123594723416E-13));
#5386=DIRECTION('ref_axis',(-1.64123594704213E-13,4.67366319183328E-11,
1.));
#5387=DIRECTION('',(-1.40208238753438E-17,-0.00257753918661417,-0.999996678140353));
#5388=DIRECTION('center_axis',(1.40338736231818E-17,0.00281278104881356,
0.999996044123561));
#5389=DIRECTION('ref_axis',(1.,-5.55111512312578E-17,-1.38777878078145E-17));
#5390=DIRECTION('',(5.54718964574602E-17,0.999996044123562,-0.00281278104860445));
#5391=DIRECTION('',(-1.,5.55111512312578E-17,1.38777878078145E-17));
#5392=DIRECTION('',(1.,-5.55111512312578E-17,-1.38777878078145E-17));
#5393=DIRECTION('',(-5.54718964574573E-17,-0.999996044123561,0.00281278104881356));
#5394=DIRECTION('center_axis',(1.,-1.71519611299509E-13,-3.93278410515223E-13));
#5395=DIRECTION('ref_axis',(3.93278410551608E-13,2.12135780506486E-10,1.));
#5396=DIRECTION('',(-1.,5.55111512312578E-17,1.38777878078145E-17));
#5397=DIRECTION('center_axis',(4.97723494603447E-17,0.724229072675022,0.689559461027313));
#5398=DIRECTION('ref_axis',(1.,-5.55111512312578E-17,-1.38777878078145E-17));
#5399=DIRECTION('',(-2.8227542129501E-17,-0.689559461031727,0.724229072670819));
#5400=DIRECTION('',(1.,-5.55111512312578E-17,-1.38777878078145E-17));
#5401=DIRECTION('center_axis',(1.,-5.55111512312578E-17,-1.38777878078145E-17));
#5402=DIRECTION('ref_axis',(1.38777877861519E-17,-3.90239618286131E-10,
1.));
#5403=DIRECTION('',(1.,-5.55111512312578E-17,-1.38777878078145E-17));
#5404=DIRECTION('',(-1.,5.55111512312578E-17,1.38777878078145E-17));
#5405=DIRECTION('',(-1.,5.55111512312578E-17,1.38777878078145E-17));
#5406=DIRECTION('center_axis',(3.03727750076676E-17,0.720508737535607,-0.693445858834593));
#5407=DIRECTION('ref_axis',(-1.,5.55111512312579E-17,1.38777878078145E-17));
#5408=DIRECTION('',(1.,-5.55111512312578E-17,-1.38777878078145E-17));
#5409=DIRECTION('center_axis',(-1.40338736231821E-17,-0.00281278104881982,
-0.999996044123561));
#5410=DIRECTION('ref_axis',(-1.,5.55111512312578E-17,1.38777878078145E-17));
#5411=DIRECTION('center_axis',(1.,-5.55111512312578E-17,-1.38777878078145E-17));
#5412=DIRECTION('ref_axis',(1.38777878330311E-17,4.54261920800637E-10,1.));
#5413=DIRECTION('center_axis',(1.,-5.55111512312578E-17,-1.38777878078145E-17));
#5414=DIRECTION('ref_axis',(-1.38777878078145E-17,0.,-1.));
#5415=DIRECTION('',(-1.40208238753438E-17,-0.00257753918661417,-0.999996678140353));
#5416=DIRECTION('center_axis',(-1.40338736231818E-17,-0.00281278104881356,
-0.999996044123561));
#5417=DIRECTION('ref_axis',(-1.,5.55111512312578E-17,1.38777878078145E-17));
#5418=DIRECTION('',(5.54718964574573E-17,0.999996044123561,-0.00281278104881356));
#5419=DIRECTION('center_axis',(1.,4.85718944852781E-15,3.28306085832512E-14));
#5420=DIRECTION('ref_axis',(3.2830608583283E-14,-6.55181755551651E-12,-1.));
#5421=DIRECTION('',(1.,-5.55111512312578E-17,-1.38777878078145E-17));
#5422=DIRECTION('center_axis',(-5.54751962891042E-17,-0.999996678140353,
0.00257753918677618));
#5423=DIRECTION('ref_axis',(-1.40208238753528E-17,-0.00257753918677618,
-0.999996678140353));
#5424=DIRECTION('',(1.,-5.55111512312578E-17,-1.38777878078145E-17));
#5425=DIRECTION('center_axis',(-1.63562344219717E-13,0.999996678140352,
-0.00257753918710603));
#5426=DIRECTION('ref_axis',(6.50138232589024E-11,-0.00257753918710603,-0.999996678140352));
#5427=DIRECTION('center_axis',(-1.61039793011689E-13,0.999996678140352,
-0.00257753918710554));
#5428=DIRECTION('ref_axis',(9.53316503889909E-11,-0.00257753918710554,-0.999996678140352));
#5429=DIRECTION('center_axis',(1.40338736231809E-17,0.00281278104879826,
0.999996044123561));
#5430=DIRECTION('ref_axis',(1.,-5.55111512312578E-17,-1.38777878078145E-17));
#5431=DIRECTION('',(0.534247101435658,0.845325015031577,-0.00237772358833797));
#5432=DIRECTION('center_axis',(0.845328352370201,-0.534245337304898,0.00137704286657411));
#5433=DIRECTION('ref_axis',(0.00162900136452311,-2.16840434497101E-19,-0.999998673176397));
#5434=DIRECTION('',(0.534247101435659,0.845325015031576,-0.00237772358833797));
#5435=DIRECTION('',(1.40208238753356E-17,0.00257753918646651,0.999996678140354));
#5436=DIRECTION('center_axis',(5.5475196289105E-17,0.999996678140353,-0.00257753918671625));
#5437=DIRECTION('ref_axis',(1.40208238753494E-17,0.00257753918671625,0.999996678140353));
#5438=DIRECTION('',(-1.,5.55111512312578E-17,1.38777878078145E-17));
#5439=DIRECTION('',(-1.40208238753495E-17,-0.00257753918671766,-0.999996678140353));
#5440=DIRECTION('center_axis',(-1.40338736229925E-17,-0.00281278104540225,
-0.999996044123571));
#5441=DIRECTION('ref_axis',(-1.,5.55111512312578E-17,1.38777878078144E-17));
#5442=DIRECTION('',(-5.5471896457505E-17,-0.999996044123571,0.00281278104541633));
#5443=DIRECTION('',(1.,-5.55111512312578E-17,-1.38777878078145E-17));
#5444=DIRECTION('center_axis',(1.4033873623181E-17,0.00281278104879937,
0.999996044123561));
#5445=DIRECTION('ref_axis',(1.,-5.55111512312578E-17,-1.38777878078145E-17));
#5446=DIRECTION('',(1.,-5.55111512312578E-17,-1.38777878078145E-17));
#5447=DIRECTION('',(5.54718964574845E-17,0.999996044123567,-0.00281278104687603));
#5448=DIRECTION('',(5.54718964574845E-17,0.999996044123567,-0.00281278104687603));
#5449=DIRECTION('center_axis',(-5.54751962891045E-17,-0.999996678140353,
0.0025775391867537));
#5450=DIRECTION('ref_axis',(-1.40208238753515E-17,-0.0025775391867537,-0.999996678140353));
#5451=DIRECTION('',(1.,0.,0.));
#5452=DIRECTION('',(1.4020823705644E-17,0.00257753612760318,0.999996678148238));
#5453=DIRECTION('center_axis',(1.,-5.55111512312578E-17,-1.38777878078145E-17));
#5454=DIRECTION('ref_axis',(-1.38777878078145E-17,0.,-1.));
#5455=DIRECTION('center_axis',(-1.,5.55111512312578E-17,1.38777878078145E-17));
#5456=DIRECTION('ref_axis',(1.38777878078145E-17,0.,1.));
#5457=DIRECTION('',(-1.40208238753525E-17,-0.00257753918677194,-0.999996678140353));
#5458=DIRECTION('center_axis',(5.5475196289105E-17,0.999996678140353,-0.00257753918671888));
#5459=DIRECTION('ref_axis',(1.40208238753496E-17,0.00257753918671888,0.999996678140353));
#5460=DIRECTION('center_axis',(-5.54751962891044E-17,-0.999996678140353,
0.00257753918675957));
#5461=DIRECTION('ref_axis',(-1.40208238753519E-17,-0.00257753918675957,
-0.999996678140353));
#5462=CARTESIAN_POINT('',(0.,0.,0.));
#5463=CARTESIAN_POINT('Origin',(204.019095586024,39.5884351519055,62.2716224685292));
#5464=CARTESIAN_POINT('',(206.74681834199,29.9079359998515,62.2988517008071));
#5465=CARTESIAN_POINT('',(205.813650032584,28.9992331445686,62.3014076930858));
#5466=CARTESIAN_POINT('Ctrl Pts',(206.74681834199,29.9079359998515,62.2988517008042));
#5467=CARTESIAN_POINT('Ctrl Pts',(206.746818817982,29.9019684554593,62.2988684862663));
#5468=CARTESIAN_POINT('Ctrl Pts',(206.746758918179,29.8959978157459,62.298885280435));
#5469=CARTESIAN_POINT('Ctrl Pts',(206.744406932021,29.7793812729923,62.299213298534));
#5470=CARTESIAN_POINT('Ctrl Pts',(206.721442937331,29.6702771857262,62.2995201856571));
#5471=CARTESIAN_POINT('Ctrl Pts',(206.634112854079,29.4594264699675,62.3001132649007));
#5472=CARTESIAN_POINT('Ctrl Pts',(206.568223290352,29.360827489942,62.3003906033403));
#5473=CARTESIAN_POINT('Ctrl Pts',(206.398542172045,29.1894284114765,62.3008727133272));
#5474=CARTESIAN_POINT('Ctrl Pts',(206.294742577969,29.1199647481534,62.3010681001759));
#5475=CARTESIAN_POINT('Ctrl Pts',(206.064392381452,29.024040342145,62.3013379155946));
#5476=CARTESIAN_POINT('Ctrl Pts',(205.939545218732,28.9992331445607,62.3014076930859));
#5477=CARTESIAN_POINT('Ctrl Pts',(205.813650032584,28.9992331445616,62.3014076930859));
#5478=CARTESIAN_POINT('',(205.813650032594,30.816638860057,62.2962957085043));
#5479=CARTESIAN_POINT('Origin',(205.813650032593,29.9080065748535,62.2988515022943));
#5480=CARTESIAN_POINT('',(204.378006475344,30.816638860057,62.2962957085043));
#5481=CARTESIAN_POINT('',(204.378006475344,30.816638860064,62.2962957085143));
#5482=CARTESIAN_POINT('',(204.019095586034,31.166112815907,62.2953127108942));
#5483=CARTESIAN_POINT('',(204.019095586034,31.166112815907,62.2953127109042));
#5484=CARTESIAN_POINT('',(204.019095586024,39.7630309847526,62.271131366736));
#5485=CARTESIAN_POINT('',(204.019095586034,38.3825353021707,62.2750144141916));
#5486=CARTESIAN_POINT('',(204.378006475344,40.1125049406026,62.2701483691279));
#5487=CARTESIAN_POINT('',(203.975443557764,39.720526710151,62.2712509224277));
#5488=CARTESIAN_POINT('',(205.813650032584,40.1125049406026,62.2701483691279));
#5489=CARTESIAN_POINT('',(204.557461919997,40.1125049406096,62.2701483691279));
#5490=CARTESIAN_POINT('',(206.74681834199,41.0212077954385,62.2675923768483));
#5491=CARTESIAN_POINT('Ctrl Pts',(206.74681834199,41.0212077954385,62.2675923768475));
#5492=CARTESIAN_POINT('Ctrl Pts',(206.746818817979,41.0152402512011,62.2676091623092));
#5493=CARTESIAN_POINT('Ctrl Pts',(206.746758918176,41.0092696116425,62.2676259564775));
#5494=CARTESIAN_POINT('Ctrl Pts',(206.744406932022,40.8926530690441,62.2679539745761));
#5495=CARTESIAN_POINT('Ctrl Pts',(206.721442937333,40.783548981778,62.2682608616991));
#5496=CARTESIAN_POINT('Ctrl Pts',(206.634112854083,40.5726982660196,62.2688539409427));
#5497=CARTESIAN_POINT('Ctrl Pts',(206.568223290357,40.4740992859941,62.2691312793823));
#5498=CARTESIAN_POINT('Ctrl Pts',(206.398542172052,40.3027002075279,62.2696133893692));
#5499=CARTESIAN_POINT('Ctrl Pts',(206.294742577977,40.2332365442045,62.2698087762179));
#5500=CARTESIAN_POINT('Ctrl Pts',(206.064392381461,40.1373121381947,62.2700785916366));
#5501=CARTESIAN_POINT('Ctrl Pts',(205.939545218742,40.1125049406096,62.2701483691279));
#5502=CARTESIAN_POINT('Ctrl Pts',(205.813650032594,40.1125049406096,62.2701483691279));
#5503=CARTESIAN_POINT('',(205.813650032594,41.929910656105,62.2650363845442));
#5504=CARTESIAN_POINT('Origin',(205.813650032593,41.0212783708875,62.2675921783392));
#5505=CARTESIAN_POINT('',(204.378006475344,41.929910656105,62.2650363845442));
#5506=CARTESIAN_POINT('',(204.378006475344,41.929910656098,62.2650363845543));
#5507=CARTESIAN_POINT('',(204.019095586034,42.279384611955,62.2640533869342));
#5508=CARTESIAN_POINT('',(204.378006475344,41.929910656098,62.2650363845543));
#5509=CARTESIAN_POINT('',(204.019095586034,45.424650214606,62.2552064084633));
#5510=CARTESIAN_POINT('',(204.019095586034,40.4444316416879,62.2692147283001));
#5511=CARTESIAN_POINT('',(222.323550940954,45.424650214606,62.2552064084633));
#5512=CARTESIAN_POINT('',(213.171323263489,45.424650214606,62.2552064084633));
#5513=CARTESIAN_POINT('',(222.323550940954,25.5046347311351,62.3112372721615));
#5514=CARTESIAN_POINT('',(222.323550940944,34.590957583252,62.2856793343342));
#5515=CARTESIAN_POINT('',(204.019095586034,25.504634731135,62.3112372721615));
#5516=CARTESIAN_POINT('',(208.595209424757,25.5046347311351,62.3112372721615));
#5517=CARTESIAN_POINT('',(204.019095586024,28.6497591887019,62.3023906906961));
#5518=CARTESIAN_POINT('',(204.019095586034,40.4444316416879,62.2692147283001));
#5519=CARTESIAN_POINT('',(204.378006475344,28.9992331445686,62.3014076930858));
#5520=CARTESIAN_POINT('',(206.932242273551,31.486309784363,62.2944120633722));
#5521=CARTESIAN_POINT('',(204.557461919997,28.9992331445616,62.3014076930858));
#5522=CARTESIAN_POINT('Origin',(204.019095586034,25.5029470625057,61.7112396456874));
#5523=CARTESIAN_POINT('',(222.323550940954,25.5029470625057,61.7112396456874));
#5524=CARTESIAN_POINT('',(204.019095586034,25.5029470625056,61.7112396456874));
#5525=CARTESIAN_POINT('',(208.595209424757,25.5029470625057,61.7112396456874));
#5526=CARTESIAN_POINT('',(204.019095586034,25.505514250338,62.6239227277215));
#5527=CARTESIAN_POINT('',(222.323550940954,25.5029470625057,61.7112396456874));
#5528=CARTESIAN_POINT('Ctrl Pts',(206.74681834199,29.9062483311758,61.6988540743231));
#5529=CARTESIAN_POINT('Ctrl Pts',(206.74684836617,30.2826368169062,61.6977953717353));
#5530=CARTESIAN_POINT('Ctrl Pts',(206.473525299482,30.5487940041734,61.6970467268814));
#5531=CARTESIAN_POINT('Ctrl Pts',(206.200202232795,30.8149511914406,61.6962980820274));
#5532=CARTESIAN_POINT('Ctrl Pts',(205.813650032594,30.8149511914416,61.6962980820274));
#5533=CARTESIAN_POINT('Ctrl Pts',(206.74681834199,29.9079359998052,62.29885170081));
#5534=CARTESIAN_POINT('Ctrl Pts',(206.74684836617,30.2843244855356,62.2977929982222));
#5535=CARTESIAN_POINT('Ctrl Pts',(206.473525299482,30.5504816728028,62.2970443533683));
#5536=CARTESIAN_POINT('Ctrl Pts',(206.200202232795,30.81663886007,62.2962957085143));
#5537=CARTESIAN_POINT('Ctrl Pts',(205.813650032594,30.816638860071,62.2962957085143));
#5538=CARTESIAN_POINT('',(206.746818344804,29.9063189062227,61.6988538758202));
#5539=CARTESIAN_POINT('Ctrl Pts',(206.746818344804,29.9063189062227,61.6988538758102));
#5540=CARTESIAN_POINT('Ctrl Pts',(206.746818344804,29.9063303237216,61.7030901574551));
#5541=CARTESIAN_POINT('Ctrl Pts',(206.746818344804,29.9063339539679,61.7045304938913));
#5542=CARTESIAN_POINT('Ctrl Pts',(206.746818344799,29.9064451979744,61.7454665454243));
#5543=CARTESIAN_POINT('Ctrl Pts',(206.746818342614,29.9077565018425,62.2322519356219));
#5544=CARTESIAN_POINT('Ctrl Pts',(206.74681834199,29.9079359998052,62.2988517008073));
#5545=CARTESIAN_POINT('',(205.813650032594,30.8149511914276,61.6962980820302));
#5546=CARTESIAN_POINT('Origin',(205.813650032593,29.9063189062241,61.6988538758202));
#5547=CARTESIAN_POINT('',(205.813650032594,30.8149511914276,61.6962980820302));
#5548=CARTESIAN_POINT('Origin',(204.378006475344,30.8149511914346,61.6962980820401));
#5549=CARTESIAN_POINT('',(204.378006475344,30.8149511914276,61.6962980820302));
#5550=CARTESIAN_POINT('',(204.378006475344,30.8149511914346,61.6962980820401));
#5551=CARTESIAN_POINT('',(204.378006475344,30.8149511914276,61.6962980820302));
#5552=CARTESIAN_POINT('Origin',(204.019095586034,31.1644251472776,61.6953150844301));
#5553=CARTESIAN_POINT('',(204.019095586034,31.1644251472776,61.6953150844201));
#5554=CARTESIAN_POINT('',(204.019095586034,31.1644251472776,61.6953150844301));
#5555=CARTESIAN_POINT('',(204.019095586034,31.1669923351099,62.6079981664605));
#5556=CARTESIAN_POINT('Ctrl Pts',(206.74681834199,41.0195201268091,61.6675947503669));
#5557=CARTESIAN_POINT('Ctrl Pts',(206.746848366342,41.3959086126577,61.6665360477788));
#5558=CARTESIAN_POINT('Ctrl Pts',(206.473525299629,41.6620658000667,61.6657874029244));
#5559=CARTESIAN_POINT('Ctrl Pts',(206.200202232916,41.9282229874757,61.6650387580701));
#5560=CARTESIAN_POINT('Ctrl Pts',(205.813650032594,41.9282229874756,61.6650387580701));
#5561=CARTESIAN_POINT('Ctrl Pts',(206.74681834199,41.0212077954385,62.2675923768511));
#5562=CARTESIAN_POINT('Ctrl Pts',(206.746848366342,41.3975962812871,62.2665336742629));
#5563=CARTESIAN_POINT('Ctrl Pts',(206.473525299629,41.6637534686961,62.2657850294086));
#5564=CARTESIAN_POINT('Ctrl Pts',(206.200202232916,41.9299106561051,62.2650363845543));
#5565=CARTESIAN_POINT('Ctrl Pts',(205.813650032594,41.929910656105,62.2650363845543));
#5566=CARTESIAN_POINT('',(206.746818344804,41.0195907022594,61.6675945518601));
#5567=CARTESIAN_POINT('Ctrl Pts',(206.746818344804,41.0195907022594,61.6675945518601));
#5568=CARTESIAN_POINT('Ctrl Pts',(206.746818344804,41.019602119863,61.6718308723473));
#5569=CARTESIAN_POINT('Ctrl Pts',(206.746818344804,41.0196057082071,61.6732712221024));
#5570=CARTESIAN_POINT('Ctrl Pts',(206.746818344799,41.0197171050501,61.714207448338));
#5571=CARTESIAN_POINT('Ctrl Pts',(206.746818342614,41.0210282975276,62.2009926251865));
#5572=CARTESIAN_POINT('Ctrl Pts',(206.74681834199,41.021207795493,62.2675923768482));
#5573=CARTESIAN_POINT('',(205.813650032594,41.9282229874756,61.6650387580701));
#5574=CARTESIAN_POINT('Origin',(205.813650032593,41.0195907022581,61.6675945518651));
#5575=CARTESIAN_POINT('',(205.813650032594,41.9282229874756,61.6650387580701));
#5576=CARTESIAN_POINT('Origin',(204.378006475344,41.9282229874686,61.6650387580802));
#5577=CARTESIAN_POINT('',(204.378006475344,41.9282229874756,61.6650387580701));
#5578=CARTESIAN_POINT('',(204.378006475344,41.9282229874686,61.6650387580802));
#5579=CARTESIAN_POINT('',(204.378006475344,41.9282229874756,61.6650387580701));
#5580=CARTESIAN_POINT('Origin',(204.019095586026,42.277696943317,61.6640557604702));
#5581=CARTESIAN_POINT('',(204.019095586034,42.2776969433256,61.6640557604601));
#5582=CARTESIAN_POINT('',(204.378006475344,41.9282229874686,61.6650387580802));
#5583=CARTESIAN_POINT('',(204.019095586034,42.2802641311412,62.5767388425032));
#5584=CARTESIAN_POINT('Origin',(222.323550940954,45.4229625459766,61.6552087819892));
#5585=CARTESIAN_POINT('',(222.323550940954,45.4229625459766,61.6552087819892));
#5586=CARTESIAN_POINT('',(204.019095586034,45.4229625459766,61.6552087819892));
#5587=CARTESIAN_POINT('',(213.171323263489,45.4229625459766,61.6552087819892));
#5588=CARTESIAN_POINT('',(222.323550940954,45.4229625459766,61.6552087819892));
#5589=CARTESIAN_POINT('',(204.019095586034,45.4255297338089,62.5678918640233));
#5590=CARTESIAN_POINT('Ctrl Pts',(205.813650032594,30.8196561629886,63.5216654539301));
#5591=CARTESIAN_POINT('Ctrl Pts',(205.813650032594,30.8149511914276,61.6962980820302));
#5592=CARTESIAN_POINT('Ctrl Pts',(206.746818344814,30.8196561629886,63.5216654539301));
#5593=CARTESIAN_POINT('Ctrl Pts',(206.746818344814,30.8149511914276,61.6962980820302));
#5594=CARTESIAN_POINT('Ctrl Pts',(206.746818344804,29.9110238777746,63.5242212477101));
#5595=CARTESIAN_POINT('Ctrl Pts',(206.746818344804,29.9063189062136,61.6988538758102));
#5596=CARTESIAN_POINT('Ctrl Pts',(206.746818344804,29.0023915925606,63.5267770414901));
#5597=CARTESIAN_POINT('Ctrl Pts',(206.746818344804,28.9976866209996,61.7014096695901));
#5598=CARTESIAN_POINT('Ctrl Pts',(205.813650032584,29.0023915925676,63.5267770414901));
#5599=CARTESIAN_POINT('Ctrl Pts',(205.813650032584,28.9976866210066,61.7014096695901));
#5600=CARTESIAN_POINT('',(205.813650032594,29.0023915925676,63.5267770414801));
#5601=CARTESIAN_POINT('',(205.813650032584,28.9976866210136,61.7014096695901));
#5602=CARTESIAN_POINT('',(205.813650032594,30.8196561629886,63.5216654539201));
#5603=CARTESIAN_POINT('Origin',(205.813650032593,29.9110238777851,63.5242212477101));
#5604=CARTESIAN_POINT('',(205.813650032584,30.8149511914346,61.6962980820302));
#5605=CARTESIAN_POINT('Origin',(205.095828253969,29.0023915925676,63.5267770414901));
#5606=CARTESIAN_POINT('',(204.378006475344,29.0023915925676,63.5267770414801));
#5607=CARTESIAN_POINT('',(204.378006475344,28.9976866210136,61.7014096695901));
#5608=CARTESIAN_POINT('',(204.378006475344,29.0023915925746,63.5267770414901));
#5609=CARTESIAN_POINT('Origin',(204.378006475344,29.0000391067871,62.6140933555401));
#5610=CARTESIAN_POINT('',(204.019095586034,28.6529176367176,63.5277600390901));
#5611=CARTESIAN_POINT('',(204.019095586024,28.6482126651636,61.7023926672001));
#5612=CARTESIAN_POINT('',(204.019095586024,28.6529176367246,63.5277600391001));
#5613=CARTESIAN_POINT('Origin',(204.019095586034,41.3038748385057,63.4921755256651));
#5614=CARTESIAN_POINT('',(204.019095586034,25.4152463926176,27.6863918336494));
#5615=CARTESIAN_POINT('',(204.019095586024,25.5006886761566,60.8350633071701));
#5616=CARTESIAN_POINT('',(204.019095586034,25.4138400020931,27.1863938115876));
#5617=CARTESIAN_POINT('',(204.019095586034,25.4656659616467,45.6114875647791));
#5618=CARTESIAN_POINT('',(204.019095586034,45.3338554855641,27.1303629478873));
#5619=CARTESIAN_POINT('',(204.019095586034,38.2702648290833,27.1502313604212));
#5620=CARTESIAN_POINT('',(204.019095586034,45.3352618760886,27.6303609699491));
#5621=CARTESIAN_POINT('',(204.019095586034,45.3856814451177,45.5554567010787));
#5622=CARTESIAN_POINT('',(204.019095586024,45.4207041596276,60.7790324434801));
#5623=CARTESIAN_POINT('',(204.019095586034,42.2824019148866,63.4894231323601));
#5624=CARTESIAN_POINT('',(204.019095586024,42.2776969433186,61.6640557604601));
#5625=CARTESIAN_POINT('',(204.019095586034,45.7771414733876,63.4795931562701));
#5626=CARTESIAN_POINT('',(204.019095586024,45.7771414733876,63.4795931562801));
#5627=CARTESIAN_POINT('',(204.019095586034,47.1712733195396,62.0153672683201));
#5628=CARTESIAN_POINT('',(204.019095586024,45.7771414733946,63.4795931562801));
#5629=CARTESIAN_POINT('',(204.019095586034,47.1275170840266,45.0394507097402));
#5630=CARTESIAN_POINT('',(204.019095586024,47.1712733195466,62.0153672683201));
#5631=CARTESIAN_POINT('',(204.019095586034,47.1228121124666,43.2140833378502));
#5632=CARTESIAN_POINT('',(204.019095586024,47.1228121124736,43.2140833378502));
#5633=CARTESIAN_POINT('',(204.019095586034,47.0849841411196,28.5381296678501));
#5634=CARTESIAN_POINT('',(204.019095586024,47.1228121124736,43.2140833378502));
#5635=CARTESIAN_POINT('',(204.019095586034,47.0802791695586,26.7127622959601));
#5636=CARTESIAN_POINT('',(204.019095586024,47.0849841411266,28.5381296678501));
#5637=CARTESIAN_POINT('',(204.019095586034,47.0737863088056,24.1937553227502));
#5638=CARTESIAN_POINT('',(204.019095586024,47.0802791695656,26.7127622959601));
#5639=CARTESIAN_POINT('',(204.019095586034,45.3264165295546,24.1986703108001));
#5640=CARTESIAN_POINT('',(204.019095586024,45.3264165295546,24.1986703107901));
#5641=CARTESIAN_POINT('',(204.019095586034,45.3313945854856,26.1299850392001));
#5642=CARTESIAN_POINT('',(204.019095586024,45.3313945854856,26.1299850392001));
#5643=CARTESIAN_POINT('',(204.019095586034,36.4547561068926,26.1549531784602));
#5644=CARTESIAN_POINT('',(204.019095586024,45.3313945854856,26.1299850391902));
#5645=CARTESIAN_POINT('',(204.019095586034,36.4497780509616,24.2236384500601));
#5646=CARTESIAN_POINT('',(204.019095586024,36.4547561068856,26.1549531784602));
#5647=CARTESIAN_POINT('',(204.019095586034,34.2830395246766,24.2297330352301));
#5648=CARTESIAN_POINT('',(204.019095586024,35.4013561833973,24.2265874428701));
#5649=CARTESIAN_POINT('',(204.019095586034,34.2880175806076,26.1610477636301));
#5650=CARTESIAN_POINT('',(204.019095586024,34.2880175806146,26.1610477636301));
#5651=CARTESIAN_POINT('',(204.019095586034,25.4113791020146,26.1860159028901));
#5652=CARTESIAN_POINT('',(204.019095586024,25.4113791020146,26.1860159028901));
#5653=CARTESIAN_POINT('',(204.019095586034,25.4064010460836,24.2547011744901));
#5654=CARTESIAN_POINT('',(204.019095586024,25.4113791020146,26.1860159028901));
#5655=CARTESIAN_POINT('',(204.019095586034,23.6590312668356,24.2596161625301));
#5656=CARTESIAN_POINT('',(204.019095586024,25.4064010460836,24.2547011744801));
#5657=CARTESIAN_POINT('',(204.019095586034,23.6655241275956,26.7786231357401));
#5658=CARTESIAN_POINT('',(204.019095586024,23.6655241275856,26.7786231357401));
#5659=CARTESIAN_POINT('',(204.019095586034,23.6702290991556,28.6039905076301));
#5660=CARTESIAN_POINT('',(204.019095586024,23.6702290991456,28.6039905076301));
#5661=CARTESIAN_POINT('',(204.019095586034,23.7080570704956,43.2799441776301));
#5662=CARTESIAN_POINT('',(204.019095586024,23.7080570704956,43.2799441776301));
#5663=CARTESIAN_POINT('',(204.019095586034,23.7127620420556,45.1053115495201));
#5664=CARTESIAN_POINT('',(204.019095586024,23.7080570704956,43.2799441776301));
#5665=CARTESIAN_POINT('',(204.019095586034,23.7565182775756,62.0812281081001));
#5666=CARTESIAN_POINT('',(204.019095586024,23.7565182775656,62.0812281081001));
#5667=CARTESIAN_POINT('',(204.019095586034,25.1581780782256,63.5375900151801));
#5668=CARTESIAN_POINT('',(204.019095586024,25.1581780782156,63.5375900151901));
#5669=CARTESIAN_POINT('',(204.019095586024,25.1581780782256,63.5375900151901));
#5670=CARTESIAN_POINT('Origin',(204.019095586034,45.3352618760886,27.6303609699491));
#5671=CARTESIAN_POINT('',(222.323550940954,45.3352618760886,27.6303609699491));
#5672=CARTESIAN_POINT('',(217.747437102222,45.3352618760886,27.6303609699491));
#5673=CARTESIAN_POINT('',(222.323550940954,45.3338554855641,27.1303629478873));
#5674=CARTESIAN_POINT('',(217.747437102222,45.3338554855641,27.1303629478873));
#5675=CARTESIAN_POINT('',(222.323550940954,45.3352618760886,27.6303609699491));
#5676=CARTESIAN_POINT('Origin',(222.323550940954,25.4152463926176,27.6863918336495));
#5677=CARTESIAN_POINT('',(222.323550940954,25.4152463926176,27.6863918336495));
#5678=CARTESIAN_POINT('',(213.171323263489,25.4152463926176,27.6863918336495));
#5679=CARTESIAN_POINT('',(222.323550940954,25.4138400020931,27.1863938115877));
#5680=CARTESIAN_POINT('',(222.323550940954,25.4152463926176,27.6863918336495));
#5681=CARTESIAN_POINT('',(213.171323263489,25.4138400020931,27.1863938115877));
#5682=CARTESIAN_POINT('Origin',(213.171323263489,35.3389003482436,27.1584766794983));
#5683=CARTESIAN_POINT('',(222.323550940944,44.4951179915241,27.1327221421383));
#5684=CARTESIAN_POINT('Origin',(222.63522018351,50.4676597758052,35.5085915857193));
#5685=CARTESIAN_POINT('',(222.63522018351,35.4676597758106,63.5085915857193));
#5686=CARTESIAN_POINT('',(222.63522018351,25.4676597758053,63.5367195074711));
#5687=CARTESIAN_POINT('',(222.63522018351,42.9895055188773,63.4874341968703));
#5688=CARTESIAN_POINT('',(222.63522018351,45.4676597758053,63.5085915857193));
#5689=CARTESIAN_POINT('',(222.63522018351,42.973599120464,63.5085915857193));
#5690=CARTESIAN_POINT('',(222.63522018351,45.4676597758053,63.5630440076471));
#5691=CARTESIAN_POINT('',(222.63522018351,45.4676597758053,56.5085915857193));
#5692=CARTESIAN_POINT('',(222.63522018351,25.4676597758053,63.5630440076471));
#5693=CARTESIAN_POINT('',(222.63522018351,-25.8547402241947,63.5630440076472));
#5694=CARTESIAN_POINT('',(222.63522018351,25.4676597758053,49.5085915857193));
#5695=CARTESIAN_POINT('Origin',(232.393731308497,35.4795384651228,63.5085915857193));
#5696=CARTESIAN_POINT('',(217.775761018213,35.467659775812,63.5085915857193));
#5697=CARTESIAN_POINT('',(222.872255008321,35.4676597758089,63.5085915857193));
#5698=CARTESIAN_POINT('',(217.775761018213,45.4676597758053,63.5085915857193));
#5699=CARTESIAN_POINT('',(217.775761018213,30.473599120464,63.5085915857193));
#5700=CARTESIAN_POINT('',(225.764475746004,45.4676597758053,63.5085915857193));
#5701=CARTESIAN_POINT('Origin',(193.77578236238,43.4676597758054,80.1581893670993));
#5702=CARTESIAN_POINT('',(219.883873538748,43.4676597758054,78.5085915857193));
#5703=CARTESIAN_POINT('',(223.349811779344,43.4676597758054,78.0214857323593));
#5704=CARTESIAN_POINT('',(219.883873538748,43.4676597758054,78.5085915857193));
#5705=CARTESIAN_POINT('',(223.071465577424,45.4676597758053,76.0409495948793));
#5706=CARTESIAN_POINT('Origin',(223.071465577424,43.4676597758054,76.0409495948793));
#5707=CARTESIAN_POINT('',(219.605527336828,45.4676597758053,76.5280554482393));
#5708=CARTESIAN_POINT('',(219.605527336828,45.4676597758053,76.5280554482393));
#5709=CARTESIAN_POINT('Origin',(219.605527336828,43.4676597758054,76.5280554482393));
#5710=CARTESIAN_POINT('Origin',(219.883873538748,25.4676597758053,78.5085915857193));
#5711=CARTESIAN_POINT('',(223.349811779344,41.7922150961423,78.0214857323593));
#5712=CARTESIAN_POINT('',(219.883873538748,41.7922150961423,78.5085915857193));
#5713=CARTESIAN_POINT('',(223.349811779344,41.7922150961423,78.0214857323593));
#5714=CARTESIAN_POINT('',(223.349811779344,41.7922150961423,78.0214857323593));
#5715=CARTESIAN_POINT('',(219.883873538748,41.7922150961423,78.5085915857193));
#5716=CARTESIAN_POINT('Origin',(260.55787503186,41.7922150961423,75.8217161827493));
#5717=CARTESIAN_POINT('',(223.588394238132,39.0816913874263,79.7190881359193));
#5718=CARTESIAN_POINT('',(220.122455997537,39.0816913874263,80.2061939892793));
#5719=CARTESIAN_POINT('',(223.588394238132,39.0816913874263,79.7190881359193));
#5720=CARTESIAN_POINT('Origin',(223.767331082224,41.7922150961423,80.9922899385793));
#5721=CARTESIAN_POINT('Origin',(220.301392841628,41.7922150961423,81.4793957919393));
#5722=CARTESIAN_POINT('Origin',(219.883873538748,35.4676597758053,78.5085915857193));
#5723=CARTESIAN_POINT('',(220.122455997537,31.8536281641843,80.2061939892793));
#5724=CARTESIAN_POINT('',(223.588394238132,31.8536281641843,79.7190881359193));
#5725=CARTESIAN_POINT('',(220.122455997537,31.8536281641843,80.2061939892793));
#5726=CARTESIAN_POINT('Origin',(223.349811779344,35.4676597758053,78.0214857323593));
#5727=CARTESIAN_POINT('Origin',(219.883873538748,35.4676597758053,78.5085915857193));
#5728=CARTESIAN_POINT('Origin',(212.901826892521,25.4676597758053,50.3846378818632));
#5729=CARTESIAN_POINT('',(217.191415534444,36.4676597758053,80.9066470260793));
#5730=CARTESIAN_POINT('Origin',(217.191415534444,35.4676597758053,80.9066470260793));
#5731=CARTESIAN_POINT('Origin',(217.438982550599,35.4676597758053,80.8718537509893));
#5732=CARTESIAN_POINT('',(217.686549568814,36.9676597758053,80.8370604755993));
#5733=CARTESIAN_POINT('Origin',(217.686549568814,35.4676597758053,80.8370604755993));
#5734=CARTESIAN_POINT('',(217.438982550599,36.7176597747643,80.8718537509893));
#5735=CARTESIAN_POINT('Origin',(220.162219740668,35.4676597758053,80.4891277231993));
#5736=CARTESIAN_POINT('',(220.162219740668,36.9676597758053,80.4891277231993));
#5737=CARTESIAN_POINT('',(220.162219740668,36.9676597758053,80.4891277231993));
#5738=CARTESIAN_POINT('Origin',(220.162219740668,35.4676597758053,80.4891277231993));
#5739=CARTESIAN_POINT('Origin',(223.071465577424,27.4676597758053,76.0409495948793));
#5740=CARTESIAN_POINT('',(222.94620978656,27.4676597758053,75.1497083330119));
#5741=CARTESIAN_POINT('Origin',(223.071465577424,27.4676597758053,76.0409495948793));
#5742=CARTESIAN_POINT('',(219.480271545964,27.4676597758053,75.6368141863723));
#5743=CARTESIAN_POINT('',(222.94620978656,27.4676597758053,75.1497083330119));
#5744=CARTESIAN_POINT('Origin',(219.605527336828,27.4676597758053,76.5280554482393));
#5745=CARTESIAN_POINT('Origin',(223.071465577424,43.4676597758054,76.0409495948793));
#5746=CARTESIAN_POINT('',(222.94620978656,43.4676597758054,75.1497083330119));
#5747=CARTESIAN_POINT('Origin',(223.071465577424,43.4676597758054,76.0409495948793));
#5748=CARTESIAN_POINT('',(219.480271545964,43.4676597758054,75.6368141863723));
#5749=CARTESIAN_POINT('',(222.94620978656,43.4676597758054,75.1497083330119));
#5750=CARTESIAN_POINT('Origin',(219.605527336828,43.4676597758054,76.5280554482393));
#5751=CARTESIAN_POINT('Origin',(217.63522018351,25.4676597758053,62.5085915857193));
#5752=CARTESIAN_POINT('',(217.779714139814,25.4676597758053,63.5367195074711));
#5753=CARTESIAN_POINT('',(217.777743557941,30.4525352016423,63.5226980888791));
#5754=CARTESIAN_POINT('',(219.605527336828,25.4676597758053,76.5280554482393));
#5755=CARTESIAN_POINT('',(217.63522018351,25.4676597758053,62.5085915857193));
#5756=CARTESIAN_POINT('',(219.883873538748,27.4676597758053,78.5085915857193));
#5757=CARTESIAN_POINT('Origin',(219.605527336828,27.4676597758053,76.5280554482393));
#5758=CARTESIAN_POINT('',(219.883873538748,29.1431044554684,78.5085915857193));
#5759=CARTESIAN_POINT('',(219.883873538748,27.4676597758053,78.5085915857193));
#5760=CARTESIAN_POINT('Origin',(220.301392841628,29.1431044554684,81.4793957919393));
#5761=CARTESIAN_POINT('',(217.63522018351,45.4676597758053,62.5085915857193));
#5762=CARTESIAN_POINT('',(219.480271545964,35.4676597758053,75.6368141863723));
#5763=CARTESIAN_POINT('Origin',(219.605527336828,35.4676597758053,76.5280554482393));
#5764=CARTESIAN_POINT('Origin',(223.071465577424,35.4676597758053,76.0409495948793));
#5765=CARTESIAN_POINT('',(222.94620978656,35.4676597758053,75.1497083330119));
#5766=CARTESIAN_POINT('Origin',(223.071465577424,35.4676597758053,76.0409495948793));
#5767=CARTESIAN_POINT('',(222.94620978656,35.4676597758053,75.1497083330119));
#5768=CARTESIAN_POINT('Origin',(219.13522018351,45.4676597758052,49.5085915857193));
#5769=CARTESIAN_POINT('',(221.550308029747,45.4676597758053,65.2173512371593));
#5770=CARTESIAN_POINT('',(223.071465577424,45.4676597758053,76.0409495948793));
#5771=CARTESIAN_POINT('Origin',(223.035710132859,45.4676597758053,65.0085915857193));
#5772=CARTESIAN_POINT('Origin',(223.349811779344,25.4676597758053,78.0214857323593));
#5773=CARTESIAN_POINT('',(223.349811779344,29.1431044554684,78.0214857323593));
#5774=CARTESIAN_POINT('Origin',(223.767331082224,29.1431044554684,80.9922899385793));
#5775=CARTESIAN_POINT('',(223.349811779344,27.4676597758053,78.0214857323593));
#5776=CARTESIAN_POINT('',(223.349811779344,27.4676597758053,78.0214857323593));
#5777=CARTESIAN_POINT('',(223.071465577424,25.4676597758053,76.0409495948793));
#5778=CARTESIAN_POINT('Origin',(223.071465577424,27.4676597758053,76.0409495948793));
#5779=CARTESIAN_POINT('',(221.550308029747,25.4676597758053,65.2173512371593));
#5780=CARTESIAN_POINT('',(223.071465577424,25.4676597758053,76.0409495948793));
#5781=CARTESIAN_POINT('',(221.550308029747,25.4676597758053,65.2173512371593));
#5782=CARTESIAN_POINT('Origin',(219.13522018351,25.4676597758053,49.5085915857193));
#5783=CARTESIAN_POINT('',(216.242999445827,25.4676597758053,63.5367195074711));
#5784=CARTESIAN_POINT('Origin',(223.035710132859,25.4676597758053,65.0085915857193));
#5785=CARTESIAN_POINT('',(223.071465577424,25.4676597758053,76.0409495948793));
#5786=CARTESIAN_POINT('Origin',(259.79738723226,27.4676597758053,70.8794579102893));
#5787=CARTESIAN_POINT('',(223.349811779344,27.4676597758053,78.0214857323593));
#5788=CARTESIAN_POINT('Origin',(192.43191944802,29.1431044554684,85.3961948453993));
#5789=CARTESIAN_POINT('',(219.883873538748,29.1431044554684,78.5085915857193));
#5790=CARTESIAN_POINT('Origin',(219.883873538748,25.4676597758053,78.5085915857193));
#5791=CARTESIAN_POINT('Origin',(223.035710132859,-25.8547402241947,65.0085915857194));
#5792=CARTESIAN_POINT('Origin',(222.323550940954,45.3791122110326,44.6427848759701));
#5793=CARTESIAN_POINT('',(222.323550940944,45.4207041596276,60.7790324434801));
#5794=CARTESIAN_POINT('',(205.813650032584,45.4066833443776,55.3394376752501));
#5795=CARTESIAN_POINT('Origin',(205.813650032597,45.4092240290201,56.3251360560701));
#5796=CARTESIAN_POINT('',(214.427511376084,45.4066833443776,55.3394376752501));
#5797=CARTESIAN_POINT('Origin',(214.427511376089,45.4092240290201,56.3251360560701));
#5798=CARTESIAN_POINT('',(205.813650032584,45.3615156173966,37.8159109051001));
#5799=CARTESIAN_POINT('Origin',(205.813650032597,45.3640563020391,38.8016092859201));
#5800=CARTESIAN_POINT('',(214.427511376084,45.3615156173966,37.8159109051001));
#5801=CARTESIAN_POINT('Origin',(214.427511376089,45.3640563020391,38.8016092859201));
#5802=CARTESIAN_POINT('Origin',(222.323550940954,40.0061162302981,61.6704452449251));
#5803=CARTESIAN_POINT('',(222.323550940944,25.5006886761566,60.8350633071701));
#5804=CARTESIAN_POINT('',(222.323550940944,42.0913646491286,30.0489877786001));
#5805=CARTESIAN_POINT('Origin',(222.323550940944,43.0349443299373,30.0463336850611));
#5806=CARTESIAN_POINT('',(222.323550940949,35.3936797656596,27.9949298548889));
#5807=CARTESIAN_POINT('',(222.323550940954,35.3835223702859,46.4230023684308));
#5808=CARTESIAN_POINT('Ctrl Pts',(222.323550940944,35.383522370286,46.4230023684194));
#5809=CARTESIAN_POINT('Ctrl Pts',(222.323550940944,35.3820658181937,46.4229930012907));
#5810=CARTESIAN_POINT('Ctrl Pts',(222.323550940944,35.380609122233,46.4229832600165));
#5811=CARTESIAN_POINT('Ctrl Pts',(222.323550940944,34.8996934316329,46.4196439960708));
#5812=CARTESIAN_POINT('Ctrl Pts',(222.323550940944,34.404390589579,46.3755624352121));
#5813=CARTESIAN_POINT('Ctrl Pts',(222.323550940944,32.2842153417779,45.9879640938358));
#5814=CARTESIAN_POINT('Ctrl Pts',(222.323550940944,30.6000611267426,45.1524178222118));
#5815=CARTESIAN_POINT('Ctrl Pts',(222.323550940944,28.0143855947026,42.5739376326174));
#5816=CARTESIAN_POINT('Ctrl Pts',(222.323550940944,27.1430715848522,40.8741893301203));
#5817=CARTESIAN_POINT('Ctrl Pts',(222.323550940944,26.5977075177593,38.3277841747521));
#5818=CARTESIAN_POINT('Ctrl Pts',(222.323550940944,26.5405250135442,37.4847227121359));
#5819=CARTESIAN_POINT('Ctrl Pts',(222.323550940944,26.6528541751179,35.6438199202031));
#5820=CARTESIAN_POINT('Ctrl Pts',(222.323550940944,26.8715606080067,34.6090624426168));
#5821=CARTESIAN_POINT('Ctrl Pts',(222.323550940944,27.9439557183619,31.9802259573404));
#5822=CARTESIAN_POINT('Ctrl Pts',(222.323550940944,29.1408720993953,30.4728386468065));
#5823=CARTESIAN_POINT('Ctrl Pts',(222.323550940944,32.1092397881287,28.4705890627041));
#5824=CARTESIAN_POINT('Ctrl Pts',(222.323550940944,33.8409841534071,28.0042668627809));
#5825=CARTESIAN_POINT('Ctrl Pts',(222.323550940944,35.3892730544931,27.994953799076));
#5826=CARTESIAN_POINT('Ctrl Pts',(222.323550940944,35.3914765766885,27.9949413991625));
#5827=CARTESIAN_POINT('Ctrl Pts',(222.323550940944,35.3936797656542,27.9949298548907));
#5828=CARTESIAN_POINT('',(222.323550940958,36.9496489546662,46.2696927008534));
#5829=CARTESIAN_POINT('Ctrl Pts',(222.323550940944,35.3936797657199,27.9949298549154));
#5830=CARTESIAN_POINT('Ctrl Pts',(222.323550940944,35.3958829424756,27.9949440236036));
#5831=CARTESIAN_POINT('Ctrl Pts',(222.323550940944,35.3980864483932,27.9949590483174));
#5832=CARTESIAN_POINT('Ctrl Pts',(222.323550940944,36.949175231138,28.0061366766092));
#5833=CARTESIAN_POINT('Ctrl Pts',(222.323550940944,38.6819346046541,28.4763481294449));
#5834=CARTESIAN_POINT('Ctrl Pts',(222.323550940944,41.6489349644156,30.4848682539476));
#5835=CARTESIAN_POINT('Ctrl Pts',(222.323550940944,42.8428682066787,31.9955761846945));
#5836=CARTESIAN_POINT('Ctrl Pts',(222.323550940944,43.918984258794,34.6468911402523));
#5837=CARTESIAN_POINT('Ctrl Pts',(222.323550940944,44.135984659718,35.7045000198758));
#5838=CARTESIAN_POINT('Ctrl Pts',(222.323550940944,44.2347939855711,37.5772875072675));
#5839=CARTESIAN_POINT('Ctrl Pts',(222.323550940944,44.167166167518,38.4469284813425));
#5840=CARTESIAN_POINT('Ctrl Pts',(222.323550940944,43.576517679811,41.0151925201874));
#5841=CARTESIAN_POINT('Ctrl Pts',(222.323550940944,42.6753000706773,42.7011547120808));
#5842=CARTESIAN_POINT('Ctrl Pts',(222.323550940944,40.1071401284524,45.1801608163953));
#5843=CARTESIAN_POINT('Ctrl Pts',(222.323550940944,38.5010892502225,45.9682942775673));
#5844=CARTESIAN_POINT('Ctrl Pts',(222.323550940944,36.9496804343777,46.2694764278299));
#5845=CARTESIAN_POINT('Origin',(222.323550940944,35.656530984491,40.7801536258762));
#5846=CARTESIAN_POINT('',(222.323550940944,26.8596849278616,59.2979210241201));
#5847=CARTESIAN_POINT('Origin',(222.323550940944,27.8032646086639,59.2952669305771));
#5848=CARTESIAN_POINT('',(222.323550940944,28.6715647444976,30.0867348867702));
#5849=CARTESIAN_POINT('Origin',(222.323550940944,27.7279850636881,30.0893889803232));
#5850=CARTESIAN_POINT('',(222.323550940944,44.0538035557016,59.2495575417701));
#5851=CARTESIAN_POINT('Origin',(222.323550940944,43.1102238748996,59.2522116353141));
#5852=CARTESIAN_POINT('Origin',(213.171323263489,25.5006886761566,60.8350633071801));
#5853=CARTESIAN_POINT('',(205.813650032584,25.4866678609066,55.3954685389401));
#5854=CARTESIAN_POINT('Origin',(205.813650032597,25.4892085455491,56.3811669197601));
#5855=CARTESIAN_POINT('',(205.813650032584,25.4415001339256,37.8719417687902));
#5856=CARTESIAN_POINT('Origin',(205.813650032596,25.4440408185681,38.8576401496112));
#5857=CARTESIAN_POINT('',(214.427511376084,25.4866678609066,55.3954685389401));
#5858=CARTESIAN_POINT('Origin',(214.427511376089,25.4892085455491,56.3811669197601));
#5859=CARTESIAN_POINT('',(214.427511376084,25.4415001339256,37.8719417687902));
#5860=CARTESIAN_POINT('Origin',(214.427511376088,25.4440408185681,38.8576401496112));
#5861=CARTESIAN_POINT('Ctrl Pts',(224.118105387514,35.6117165387383,27.9942914492596));
#5862=CARTESIAN_POINT('Ctrl Pts',(221.96464005163,35.6117165387383,27.9942914492596));
#5863=CARTESIAN_POINT('Ctrl Pts',(224.118105387514,35.5459359851481,27.9944764762859));
#5864=CARTESIAN_POINT('Ctrl Pts',(221.96464005163,35.5459359851481,27.9944764762859));
#5865=CARTESIAN_POINT('Ctrl Pts',(224.118105387514,35.480155431558,27.9946615033122));
#5866=CARTESIAN_POINT('Ctrl Pts',(221.96464005163,35.480155431558,27.9946615033122));
#5867=CARTESIAN_POINT('Ctrl Pts',(224.118105387514,35.4143748779678,27.9948465303386));
#5868=CARTESIAN_POINT('Ctrl Pts',(221.96464005163,35.4143748779678,27.9948465303386));
#5869=CARTESIAN_POINT('Ctrl Pts',(224.118105387514,35.4052786994769,27.9948721159982));
#5870=CARTESIAN_POINT('Ctrl Pts',(221.96464005163,35.4052786994769,27.9948721159982));
#5871=CARTESIAN_POINT('Ctrl Pts',(224.118105387514,35.3961767885053,27.9949122726435));
#5872=CARTESIAN_POINT('Ctrl Pts',(221.96464005163,35.3961767885053,27.9949122726435));
#5873=CARTESIAN_POINT('Ctrl Pts',(224.118105387514,35.3870691998444,27.9949670554126));
#5874=CARTESIAN_POINT('Ctrl Pts',(221.96464005163,35.3870691998444,27.9949670554126));
#5875=CARTESIAN_POINT('Ctrl Pts',(224.118105387514,33.8409841534071,28.0042668627809));
#5876=CARTESIAN_POINT('Ctrl Pts',(221.96464005163,33.8409841534071,28.0042668627809));
#5877=CARTESIAN_POINT('Ctrl Pts',(224.118105387514,32.1092397881287,28.4705890627041));
#5878=CARTESIAN_POINT('Ctrl Pts',(221.96464005163,32.1092397881287,28.4705890627041));
#5879=CARTESIAN_POINT('Ctrl Pts',(224.118105387514,30.6137656161065,29.4793295062591));
#5880=CARTESIAN_POINT('Ctrl Pts',(221.96464005163,30.6137656161065,29.4793295062591));
#5881=CARTESIAN_POINT('Ctrl Pts',(224.118105387514,29.1408720993953,30.4728386468065));
#5882=CARTESIAN_POINT('Ctrl Pts',(221.96464005163,29.1408720993953,30.4728386468065));
#5883=CARTESIAN_POINT('Ctrl Pts',(224.118105387514,27.9439557183619,31.9802259573404));
#5884=CARTESIAN_POINT('Ctrl Pts',(221.96464005163,27.9439557183619,31.9802259573404));
#5885=CARTESIAN_POINT('Ctrl Pts',(224.118105387514,27.2786825883151,33.6110561057189));
#5886=CARTESIAN_POINT('Ctrl Pts',(221.96464005163,27.2786825883151,33.6110561057189));
#5887=CARTESIAN_POINT('Ctrl Pts',(224.118105387514,26.8715606080067,34.6090624426168));
#5888=CARTESIAN_POINT('Ctrl Pts',(221.96464005163,26.8715606080067,34.6090624426168));
#5889=CARTESIAN_POINT('Ctrl Pts',(224.118105387514,26.6528541751179,35.6438199202031));
#5890=CARTESIAN_POINT('Ctrl Pts',(221.96464005163,26.6528541751179,35.6438199202031));
#5891=CARTESIAN_POINT('Ctrl Pts',(224.118105387514,26.5929498017369,36.6255607848288));
#5892=CARTESIAN_POINT('Ctrl Pts',(221.96464005163,26.5929498017369,36.6255607848288));
#5893=CARTESIAN_POINT('Ctrl Pts',(224.118105387514,26.5405250135442,37.4847227121359));
#5894=CARTESIAN_POINT('Ctrl Pts',(221.96464005163,26.5405250135442,37.4847227121359));
#5895=CARTESIAN_POINT('Ctrl Pts',(224.118105387514,26.5977075177593,38.3277841747521));
#5896=CARTESIAN_POINT('Ctrl Pts',(221.96464005163,26.5977075177593,38.3277841747521));
#5897=CARTESIAN_POINT('Ctrl Pts',(224.118105387514,26.7870459308402,39.2118400564466));
#5898=CARTESIAN_POINT('Ctrl Pts',(221.96464005163,26.7870459308402,39.2118400564466));
#5899=CARTESIAN_POINT('Ctrl Pts',(224.118105387514,27.1430715848522,40.8741893301203));
#5900=CARTESIAN_POINT('Ctrl Pts',(221.96464005163,27.1430715848522,40.8741893301203));
#5901=CARTESIAN_POINT('Ctrl Pts',(224.118105387514,28.0143855947026,42.5739376326174));
#5902=CARTESIAN_POINT('Ctrl Pts',(221.96464005163,28.0143855947026,42.5739376326174));
#5903=CARTESIAN_POINT('Ctrl Pts',(224.118105387514,29.3027142748378,43.8586811892825));
#5904=CARTESIAN_POINT('Ctrl Pts',(221.96464005163,29.3027142748378,43.8586811892825));
#5905=CARTESIAN_POINT('Ctrl Pts',(224.118105387514,30.6000611267426,45.1524178222118));
#5906=CARTESIAN_POINT('Ctrl Pts',(221.96464005163,30.6000611267426,45.1524178222118));
#5907=CARTESIAN_POINT('Ctrl Pts',(224.118105387514,32.2842153417779,45.9879640938358));
#5908=CARTESIAN_POINT('Ctrl Pts',(221.96464005163,32.2842153417779,45.9879640938358));
#5909=CARTESIAN_POINT('Ctrl Pts',(224.118105387514,33.9030463226273,46.2839095369291));
#5910=CARTESIAN_POINT('Ctrl Pts',(221.96464005163,33.9030463226273,46.2839095369291));
#5911=CARTESIAN_POINT('Ctrl Pts',(224.118105387514,34.404390589579,46.3755624352121));
#5912=CARTESIAN_POINT('Ctrl Pts',(221.96464005163,34.404390589579,46.3755624352121));
#5913=CARTESIAN_POINT('Ctrl Pts',(224.118105387514,34.8996934316329,46.4196439960708));
#5914=CARTESIAN_POINT('Ctrl Pts',(221.96464005163,34.8996934316329,46.4196439960708));
#5915=CARTESIAN_POINT('Ctrl Pts',(224.118105387514,35.3791522826271,46.4229731443724));
#5916=CARTESIAN_POINT('Ctrl Pts',(221.96464005163,35.3791522826271,46.4229731443724));
#5917=CARTESIAN_POINT('Ctrl Pts',(224.118105387514,35.4069360115259,46.4231660621873));
#5918=CARTESIAN_POINT('Ctrl Pts',(221.96464005163,35.4069360115259,46.4231660621873));
#5919=CARTESIAN_POINT('Ctrl Pts',(224.118105387514,35.4346674949552,46.4232228171932));
#5920=CARTESIAN_POINT('Ctrl Pts',(221.96464005163,35.4346674949552,46.4232228171932));
#5921=CARTESIAN_POINT('Ctrl Pts',(224.118105387514,35.4623451840999,46.4231449656057));
#5922=CARTESIAN_POINT('Ctrl Pts',(221.96464005163,35.4623451840999,46.4231449656057));
#5923=CARTESIAN_POINT('Ctrl Pts',(224.118105387514,35.5117233121702,46.4230060751934));
#5924=CARTESIAN_POINT('Ctrl Pts',(221.96464005163,35.5117233121702,46.4230060751934));
#5925=CARTESIAN_POINT('Ctrl Pts',(224.118105387514,35.5611014402407,46.4228671847811));
#5926=CARTESIAN_POINT('Ctrl Pts',(221.96464005163,35.5611014402407,46.4228671847811));
#5927=CARTESIAN_POINT('Ctrl Pts',(224.118105387514,35.6104795683112,46.4227282943688));
#5928=CARTESIAN_POINT('Ctrl Pts',(221.96464005163,35.6104795683112,46.4227282943688));
#5929=CARTESIAN_POINT('',(223.041372719574,34.6197237858473,46.3837626786769));
#5930=CARTESIAN_POINT('',(223.113154897441,34.6197237858508,46.3837626786771));
#5931=CARTESIAN_POINT('Ctrl Pts',(223.113154897444,34.6197237855742,46.3837626783665));
#5932=CARTESIAN_POINT('Ctrl Pts',(223.101191201131,34.6197237855742,46.3837626783665));
#5933=CARTESIAN_POINT('Ctrl Pts',(223.089227504817,34.6197237855739,46.3837626783664));
#5934=CARTESIAN_POINT('Ctrl Pts',(223.065300112194,34.6197237855739,46.3837626783664));
#5935=CARTESIAN_POINT('Ctrl Pts',(223.053336415884,34.6197237855742,46.3837626783665));
#5936=CARTESIAN_POINT('Ctrl Pts',(223.041372719574,34.6197237855742,46.3837626783664));
#5937=CARTESIAN_POINT('',(223.113154897444,35.3886732861969,46.423033938338));
#5938=CARTESIAN_POINT('Ctrl Pts',(223.113154897444,34.6197237858779,46.3837626783957));
#5939=CARTESIAN_POINT('Ctrl Pts',(223.113154897444,34.876231941464,46.4084914320358));
#5940=CARTESIAN_POINT('Ctrl Pts',(223.113154897444,35.1298342105224,46.4212419909385));
#5941=CARTESIAN_POINT('Ctrl Pts',(223.113154897444,35.3791522826271,46.4229731443724));
#5942=CARTESIAN_POINT('Ctrl Pts',(223.113154897444,35.3823266332427,46.4229951856465));
#5943=CARTESIAN_POINT('Ctrl Pts',(223.113154897444,35.3855003018694,46.4230154495122));
#5944=CARTESIAN_POINT('Ctrl Pts',(223.113154897444,35.3886732861971,46.4230339382905));
#5945=CARTESIAN_POINT('',(224.118105387514,35.3886733096146,46.4230339383464));
#5946=CARTESIAN_POINT('',(223.113154897444,35.3886732861969,46.4230339383379));
#5947=CARTESIAN_POINT('',(224.118105387514,35.3936797656698,27.9949298548889));
#5948=CARTESIAN_POINT('Ctrl Pts',(224.118105387514,35.3936797656587,27.9949298548907));
#5949=CARTESIAN_POINT('Ctrl Pts',(224.118105387514,35.3914765766915,27.9949413991625));
#5950=CARTESIAN_POINT('Ctrl Pts',(224.118105387514,35.3892730544946,27.994953799076));
#5951=CARTESIAN_POINT('Ctrl Pts',(224.118105387514,33.8409841534071,28.0042668627809));
#5952=CARTESIAN_POINT('Ctrl Pts',(224.118105387514,32.1092397881287,28.4705890627041));
#5953=CARTESIAN_POINT('Ctrl Pts',(224.118105387514,29.1408720993953,30.4728386468065));
#5954=CARTESIAN_POINT('Ctrl Pts',(224.118105387514,27.9439557183619,31.9802259573404));
#5955=CARTESIAN_POINT('Ctrl Pts',(224.118105387514,26.8715606080067,34.6090624426168));
#5956=CARTESIAN_POINT('Ctrl Pts',(224.118105387514,26.6528541751179,35.6438199202031));
#5957=CARTESIAN_POINT('Ctrl Pts',(224.118105387514,26.5405250135442,37.4847227121359));
#5958=CARTESIAN_POINT('Ctrl Pts',(224.118105387514,26.5977075177593,38.3277841747521));
#5959=CARTESIAN_POINT('Ctrl Pts',(224.118105387514,27.1430715848522,40.8741893301203));
#5960=CARTESIAN_POINT('Ctrl Pts',(224.118105387514,28.0143855947026,42.5739376326174));
#5961=CARTESIAN_POINT('Ctrl Pts',(224.118105387514,30.6000611267426,45.1524178222118));
#5962=CARTESIAN_POINT('Ctrl Pts',(224.118105387514,32.2842153417779,45.9879640938358));
#5963=CARTESIAN_POINT('Ctrl Pts',(224.118105387514,34.404390589579,46.3755624352121));
#5964=CARTESIAN_POINT('Ctrl Pts',(224.118105387514,34.8996934316329,46.4196439960708));
#5965=CARTESIAN_POINT('Ctrl Pts',(224.118105387514,35.3823266410518,46.4229951857008));
#5966=CARTESIAN_POINT('Ctrl Pts',(224.118105387514,35.3855003174841,46.4230154496119));
#5967=CARTESIAN_POINT('Ctrl Pts',(224.118105387514,35.3886733096141,46.423033938427));
#5968=CARTESIAN_POINT('',(222.323550940944,35.3936797656596,27.9949298548889));
#5969=CARTESIAN_POINT('',(223.041372719574,35.3835223702818,46.4230023684308));
#5970=CARTESIAN_POINT('',(223.041372719574,35.3835223702875,46.4230023684308));
#5971=CARTESIAN_POINT('Ctrl Pts',(223.041372719574,34.6197237858744,46.3837626783954));
#5972=CARTESIAN_POINT('Ctrl Pts',(223.041372719574,34.8777307948612,46.4086359294937));
#5973=CARTESIAN_POINT('Ctrl Pts',(223.041372719574,35.1327969500928,46.4213899459839));
#5974=CARTESIAN_POINT('Ctrl Pts',(223.041372719574,35.3835223702819,46.4230023684194));
#5975=CARTESIAN_POINT('Ctrl Pts',(222.323550940944,36.9496476151828,46.2696989428442));
#5976=CARTESIAN_POINT('Ctrl Pts',(223.1849370753,36.9496476151828,46.2696989428442));
#5977=CARTESIAN_POINT('Ctrl Pts',(222.323550940944,36.4196713347153,46.3715090374712));
#5978=CARTESIAN_POINT('Ctrl Pts',(223.1849370753,36.4196713347153,46.3715090374712));
#5979=CARTESIAN_POINT('Ctrl Pts',(222.323550940944,35.8959665421669,46.4199225441479));
#5980=CARTESIAN_POINT('Ctrl Pts',(223.1849370753,35.8959665421669,46.4199225441479));
#5981=CARTESIAN_POINT('Ctrl Pts',(222.323550940944,35.3901329369537,46.4229651679027));
#5982=CARTESIAN_POINT('Ctrl Pts',(223.1849370753,35.3901329369537,46.4229651679027));
#5983=CARTESIAN_POINT('Ctrl Pts',(222.323550940944,35.384624130338,46.4229983037515));
#5984=CARTESIAN_POINT('Ctrl Pts',(223.1849370753,35.384624130338,46.4229983037515));
#5985=CARTESIAN_POINT('Ctrl Pts',(222.323550940944,35.3791174009206,46.4230260885732));
#5986=CARTESIAN_POINT('Ctrl Pts',(223.1849370753,35.3791174009206,46.4230260885732));
#5987=CARTESIAN_POINT('Ctrl Pts',(222.323550940944,35.3736127608469,46.4230485345601));
#5988=CARTESIAN_POINT('Ctrl Pts',(223.1849370753,35.3736127608469,46.4230485345601));
#5989=CARTESIAN_POINT('',(223.041372718868,36.9496476151549,46.2696989428495));
#5990=CARTESIAN_POINT('',(217.298798490534,36.9496476151269,46.2696989428548));
#5991=CARTESIAN_POINT('',(223.041372719574,35.3886731312488,46.4229738237727));
#5992=CARTESIAN_POINT('Origin',(223.041372719574,35.6561136574636,40.7762385174507));
#5993=CARTESIAN_POINT('',(223.041372719574,35.3835223702818,46.4230023684304));
#5994=CARTESIAN_POINT('Origin',(223.041372719574,35.4068820863565,53.4874230138101));
#5995=CARTESIAN_POINT('',(223.041372719574,35.4280074086633,61.6833225135901));
#5996=CARTESIAN_POINT('',(223.041372719574,35.3857567640428,45.2915235140201));
#5997=CARTESIAN_POINT('',(223.041372719574,34.659164705779,61.6854851083392));
#5998=CARTESIAN_POINT('',(223.041372719574,34.5892699146226,61.6856817078601));
#5999=CARTESIAN_POINT('',(223.041372719574,34.6496369052753,57.9890257478802));
#6000=CARTESIAN_POINT('Origin',(226.271570723384,47.1333670391526,47.3090323801302));
#6001=CARTESIAN_POINT('',(226.271570723384,47.1291483551386,45.6723278746701));
#6002=CARTESIAN_POINT('',(225.912659834074,47.1291483551386,45.6723278746701));
#6003=CARTESIAN_POINT('',(226.271570723384,47.1291483551456,45.6723278746801));
#6004=CARTESIAN_POINT('',(226.271570723384,47.1375857231666,48.9457368855901));
#6005=CARTESIAN_POINT('',(226.271570723384,47.1375857231736,48.9457368855901));
#6006=CARTESIAN_POINT('',(225.912659834074,47.1375857231666,48.9457368855901));
#6007=CARTESIAN_POINT('',(226.271570723384,47.1375857231736,48.9457368855901));
#6008=CARTESIAN_POINT('',(225.912659834074,47.1354766460389,48.1274873969301));
#6009=CARTESIAN_POINT('Ctrl Pts',(224.118105387514,52.1588493617066,31.0428831757401));
#6010=CARTESIAN_POINT('Ctrl Pts',(219.652679667024,52.1588493617066,31.0428831757401));
#6011=CARTESIAN_POINT('Ctrl Pts',(224.118105387514,47.5457931444786,31.0558587441601));
#6012=CARTESIAN_POINT('Ctrl Pts',(219.652679667024,47.5457931444786,31.0558587441601));
#6013=CARTESIAN_POINT('Ctrl Pts',(224.118105387514,47.5582142693976,35.8748286059602));
#6014=CARTESIAN_POINT('Ctrl Pts',(219.652679667024,47.5582142693976,35.8748286059602));
#6015=CARTESIAN_POINT('Ctrl Pts',(224.118105387514,47.5706353943176,40.6937984677602));
#6016=CARTESIAN_POINT('Ctrl Pts',(219.652679667024,47.5706353943176,40.6937984677602));
#6017=CARTESIAN_POINT('Ctrl Pts',(224.118105387514,52.1836916115466,40.6808228993201));
#6018=CARTESIAN_POINT('Ctrl Pts',(219.652679667024,52.1836916115466,40.6808228993201));
#6019=CARTESIAN_POINT('',(222.323550940954,52.1588493616996,31.0428831757401));
#6020=CARTESIAN_POINT('',(224.118105387514,52.1588493616996,31.0428831757401));
#6021=CARTESIAN_POINT('',(222.323550940954,52.1588493617066,31.0428831757301));
#6022=CARTESIAN_POINT('',(224.118105387514,52.1836916115396,40.6808228993201));
#6023=CARTESIAN_POINT('Origin',(224.118105387514,52.1712704866167,35.8618530375302));
#6024=CARTESIAN_POINT('',(222.323550940954,52.1836916115396,40.6808228993201));
#6025=CARTESIAN_POINT('',(222.323550940954,52.1836916115466,40.6808228993201));
#6026=CARTESIAN_POINT('Origin',(222.323550940944,52.1712704866214,35.8618530375252));
#6027=CARTESIAN_POINT('Origin',(222.323550940944,62.8426472649716,40.6508414722551));
#6028=CARTESIAN_POINT('',(224.118105387514,73.5016029183966,40.6208600451901));
#6029=CARTESIAN_POINT('',(224.118105387514,63.281134327502,40.6496080992772));
#6030=CARTESIAN_POINT('',(222.323550940954,73.5016029183966,40.6208600451901));
#6031=CARTESIAN_POINT('',(222.323550940954,73.5016029184036,40.6208600452002));
#6032=CARTESIAN_POINT('',(222.323550940944,73.5016029183966,40.6208600452002));
#6033=CARTESIAN_POINT('Ctrl Pts',(224.118105387514,73.5016029183826,40.6208600451901));
#6034=CARTESIAN_POINT('Ctrl Pts',(219.652679667024,73.5016029183826,40.6208600451901));
#6035=CARTESIAN_POINT('Ctrl Pts',(224.118105387514,78.1146591356186,40.6078844767702));
#6036=CARTESIAN_POINT('Ctrl Pts',(219.652679667024,78.1146591356186,40.6078844767702));
#6037=CARTESIAN_POINT('Ctrl Pts',(224.118105387514,78.1022380106986,35.7889146149602));
#6038=CARTESIAN_POINT('Ctrl Pts',(219.652679667024,78.1022380106986,35.7889146149602));
#6039=CARTESIAN_POINT('Ctrl Pts',(224.118105387514,78.0898168857786,30.9699447531601));
#6040=CARTESIAN_POINT('Ctrl Pts',(219.652679667024,78.0898168857786,30.9699447531601));
#6041=CARTESIAN_POINT('Ctrl Pts',(224.118105387514,73.4767606685436,30.9829203216102));
#6042=CARTESIAN_POINT('Ctrl Pts',(219.652679667024,73.4767606685436,30.9829203216102));
#6043=CARTESIAN_POINT('',(224.118105387514,73.4767606685576,30.9829203216102));
#6044=CARTESIAN_POINT('Origin',(224.118105387514,73.489181793475,35.8018901834001));
#6045=CARTESIAN_POINT('',(222.323550940954,73.4767606685576,30.9829203216102));
#6046=CARTESIAN_POINT('',(222.323550940954,73.4767606685646,30.9829203216001));
#6047=CARTESIAN_POINT('Origin',(222.323550940944,73.4891817934784,35.8018901834001));
#6048=CARTESIAN_POINT('Origin',(223.759194498204,77.0538161431621,35.7918636077902));
#6049=CARTESIAN_POINT('',(223.759194498204,73.4795836514936,32.0781407447402));
#6050=CARTESIAN_POINT('',(223.759194498204,52.1616723446366,32.1381035988701));
#6051=CARTESIAN_POINT('',(223.759194498194,73.4795836514936,32.0781407447301));
#6052=CARTESIAN_POINT('',(223.759194498204,52.1808686286036,39.5856024761801));
#6053=CARTESIAN_POINT('Origin',(223.759194498194,52.1712704866285,35.8618530375252));
#6054=CARTESIAN_POINT('',(223.759194498204,73.4987799354606,39.5256396220501));
#6055=CARTESIAN_POINT('',(223.759194498194,52.1808686286036,39.5856024761902));
#6056=CARTESIAN_POINT('Origin',(223.759194498194,73.4891817934784,35.8018901833951));
#6057=CARTESIAN_POINT('',(223.759194498204,52.1660950179026,33.8539489284501));
#6058=CARTESIAN_POINT('',(223.759194498204,52.1764459553366,37.8697571466101));
#6059=CARTESIAN_POINT('Origin',(223.759194498194,52.1712704866288,35.8618530375252));
#6060=CARTESIAN_POINT('',(223.759194498204,73.4840063247606,33.7939860743201));
#6061=CARTESIAN_POINT('',(223.759194498194,52.1660950179026,33.8539489284402));
#6062=CARTESIAN_POINT('',(223.759194498204,73.4943572621936,37.8097942924801));
#6063=CARTESIAN_POINT('Origin',(223.759194498194,73.4891817934861,35.8018901833951));
#6064=CARTESIAN_POINT('',(223.759194498194,73.4943572621936,37.8097942924801));
#6065=CARTESIAN_POINT('Origin',(222.323550940944,62.8206279980686,32.1081221718051));
#6066=CARTESIAN_POINT('',(222.323550940954,52.1616723446366,32.1381035988701));
#6067=CARTESIAN_POINT('',(223.759194498204,52.1616723446436,32.1381035988601));
#6068=CARTESIAN_POINT('',(222.323550940954,73.4795836514936,32.0781407447402));
#6069=CARTESIAN_POINT('',(223.759194498204,73.4795836515006,32.0781407447301));
#6070=CARTESIAN_POINT('',(222.323550940944,52.1616723446366,32.1381035988601));
#6071=CARTESIAN_POINT('Ctrl Pts',(222.323550940944,52.1808686286106,39.5856024761801));
#6072=CARTESIAN_POINT('Ctrl Pts',(225.895891517345,52.1808686286106,39.5856024761801));
#6073=CARTESIAN_POINT('Ctrl Pts',(222.323550940944,48.6162342789316,39.5956290518002));
#6074=CARTESIAN_POINT('Ctrl Pts',(225.895891517345,48.6162342789316,39.5956290518002));
#6075=CARTESIAN_POINT('Ctrl Pts',(222.323550940944,48.6066361369486,35.8718796131301));
#6076=CARTESIAN_POINT('Ctrl Pts',(225.895891517345,48.6066361369486,35.8718796131301));
#6077=CARTESIAN_POINT('Ctrl Pts',(222.323550940944,48.5970379949646,32.1481301744701));
#6078=CARTESIAN_POINT('Ctrl Pts',(225.895891517345,48.5970379949646,32.1481301744701));
#6079=CARTESIAN_POINT('Ctrl Pts',(222.323550940944,52.1616723446436,32.1381035988701));
#6080=CARTESIAN_POINT('Ctrl Pts',(225.895891517345,52.1616723446436,32.1381035988701));
#6081=CARTESIAN_POINT('',(222.323550940954,52.1808686286036,39.5856024761801));
#6082=CARTESIAN_POINT('Origin',(222.323550940944,52.1712704866286,35.8618530375252));
#6083=CARTESIAN_POINT('',(223.759194498204,52.1808686286106,39.5856024761902));
#6084=CARTESIAN_POINT('Origin',(223.041372719574,52.1808686286036,39.5856024761801));
#6085=CARTESIAN_POINT('',(222.323550940954,73.4987799354606,39.5256396220501));
#6086=CARTESIAN_POINT('',(223.759194498204,73.4987799354676,39.5256396220601));
#6087=CARTESIAN_POINT('',(222.323550940944,73.4987799354606,39.5256396220601));
#6088=CARTESIAN_POINT('Ctrl Pts',(222.323550940944,73.4795836514796,32.0781407447402));
#6089=CARTESIAN_POINT('Ctrl Pts',(225.895891517345,73.4795836514796,32.0781407447402));
#6090=CARTESIAN_POINT('Ctrl Pts',(222.323550940944,77.0442180011646,32.0681141691201));
#6091=CARTESIAN_POINT('Ctrl Pts',(225.895891517345,77.0442180011646,32.0681141691201));
#6092=CARTESIAN_POINT('Ctrl Pts',(222.323550940944,77.0538161431486,35.7918636077902));
#6093=CARTESIAN_POINT('Ctrl Pts',(225.895891517345,77.0538161431486,35.7918636077902));
#6094=CARTESIAN_POINT('Ctrl Pts',(222.323550940944,77.0634142851316,39.5156130464601));
#6095=CARTESIAN_POINT('Ctrl Pts',(225.895891517345,77.0634142851316,39.5156130464601));
#6096=CARTESIAN_POINT('Ctrl Pts',(222.323550940944,73.4987799354466,39.5256396220501));
#6097=CARTESIAN_POINT('Ctrl Pts',(225.895891517345,73.4987799354466,39.5256396220501));
#6098=CARTESIAN_POINT('Origin',(222.323550940944,73.4891817934783,35.8018901833951));
#6099=CARTESIAN_POINT('Origin',(222.323550940954,62.8426472649751,40.6508414722601));
#6100=CARTESIAN_POINT('',(222.323550940944,52.1588493616996,31.0428831757301));
#6101=CARTESIAN_POINT('Origin',(223.220828164229,52.1588493616996,31.0428831757401));
#6102=CARTESIAN_POINT('',(224.118105387514,57.925680624112,31.0266622778861));
#6103=CARTESIAN_POINT('Ctrl Pts',(222.323550940944,18.6093496000756,31.1372509461701));
#6104=CARTESIAN_POINT('Ctrl Pts',(226.788976661434,18.6093496000756,31.1372509461701));
#6105=CARTESIAN_POINT('Ctrl Pts',(222.323550940944,23.2224058172956,31.1242753777201));
#6106=CARTESIAN_POINT('Ctrl Pts',(226.788976661434,23.2224058172956,31.1242753777201));
#6107=CARTESIAN_POINT('Ctrl Pts',(222.323550940944,23.2348269422156,35.9432452395201));
#6108=CARTESIAN_POINT('Ctrl Pts',(226.788976661434,23.2348269422156,35.9432452395201));
#6109=CARTESIAN_POINT('Ctrl Pts',(222.323550940944,23.2472480671356,40.7622151013202));
#6110=CARTESIAN_POINT('Ctrl Pts',(226.788976661434,23.2472480671356,40.7622151013202));
#6111=CARTESIAN_POINT('Ctrl Pts',(222.323550940944,18.6341918499156,40.7751906697501));
#6112=CARTESIAN_POINT('Ctrl Pts',(226.788976661434,18.6341918499156,40.7751906697501));
#6113=CARTESIAN_POINT('',(222.323550940954,18.6341918499156,40.7751906697501));
#6114=CARTESIAN_POINT('',(224.118105387514,18.6341918499156,40.7751906697501));
#6115=CARTESIAN_POINT('',(222.323550940954,18.6341918499156,40.7751906697501));
#6116=CARTESIAN_POINT('',(224.118105387514,18.6093496000756,31.1372509461701));
#6117=CARTESIAN_POINT('Origin',(224.118105387514,18.6217707250061,35.9562208079601));
#6118=CARTESIAN_POINT('',(222.323550940954,18.6093496000756,31.1372509461701));
#6119=CARTESIAN_POINT('',(222.323550940954,18.6093496000756,31.1372509461602));
#6120=CARTESIAN_POINT('Origin',(222.323550940944,18.6217707250052,35.9562208079551));
#6121=CARTESIAN_POINT('Origin',(223.220828164229,18.6341918499156,40.7751906697501));
#6122=CARTESIAN_POINT('',(222.323550940954,-2.68371945694442,40.8351535238801));
#6123=CARTESIAN_POINT('',(224.118105387514,-2.68371945694442,40.8351535238801));
#6124=CARTESIAN_POINT('',(222.323550940954,-2.68371945694442,40.8351535238801));
#6125=CARTESIAN_POINT('',(224.118105387514,12.8671931199033,40.7914120386561));
#6126=CARTESIAN_POINT('',(222.323550940944,-2.68371945694442,40.8351535238801));
#6127=CARTESIAN_POINT('Ctrl Pts',(222.323550940944,-2.68371945692442,40.8351535238801));
#6128=CARTESIAN_POINT('Ctrl Pts',(226.788976661434,-2.68371945692442,40.8351535238801));
#6129=CARTESIAN_POINT('Ctrl Pts',(222.323550940944,-7.29677567416442,40.8481290923201));
#6130=CARTESIAN_POINT('Ctrl Pts',(226.788976661434,-7.29677567416442,40.8481290923201));
#6131=CARTESIAN_POINT('Ctrl Pts',(222.323550940944,-7.30919679908442,36.0291592305201));
#6132=CARTESIAN_POINT('Ctrl Pts',(226.788976661434,-7.30919679908442,36.0291592305201));
#6133=CARTESIAN_POINT('Ctrl Pts',(222.323550940944,-7.32161792400443,31.2101893687101));
#6134=CARTESIAN_POINT('Ctrl Pts',(226.788976661434,-7.32161792400443,31.2101893687101));
#6135=CARTESIAN_POINT('Ctrl Pts',(222.323550940944,-2.70856170676442,31.1972138002901));
#6136=CARTESIAN_POINT('Ctrl Pts',(226.788976661434,-2.70856170676442,31.1972138002901));
#6137=CARTESIAN_POINT('',(222.323550940954,-2.70856170677443,31.1972138002901));
#6138=CARTESIAN_POINT('',(224.118105387514,-2.70856170677443,31.1972138002901));
#6139=CARTESIAN_POINT('',(222.323550940954,-2.70856170678442,31.1972138002901));
#6140=CARTESIAN_POINT('Origin',(224.118105387514,-2.69614058184966,36.0161836620851));
#6141=CARTESIAN_POINT('Origin',(222.323550940944,-2.69614058187013,36.0161836620852));
#6142=CARTESIAN_POINT('Origin',(224.118105387514,7.95039394664558,31.1672323732301));
#6143=CARTESIAN_POINT('',(224.118105387514,7.51173941651792,31.1684662172602));
#6144=CARTESIAN_POINT('',(222.323550940944,18.6093496000756,31.1372509461602));
#6145=CARTESIAN_POINT('Origin',(223.041372719574,18.6121725830156,32.2324713693002));
#6146=CARTESIAN_POINT('',(223.759194498204,-2.70573872384442,32.2924342234301));
#6147=CARTESIAN_POINT('',(222.323550940954,-2.70573872384442,32.2924342234301));
#6148=CARTESIAN_POINT('',(223.759194498204,-2.70573872385443,32.2924342234201));
#6149=CARTESIAN_POINT('',(223.759194498204,18.6121725830156,32.2324713693002));
#6150=CARTESIAN_POINT('',(223.759194498194,-2.70573872384442,32.2924342234201));
#6151=CARTESIAN_POINT('',(222.323550940954,18.6121725830156,32.2324713693002));
#6152=CARTESIAN_POINT('',(223.759194498204,18.6121725830056,32.2324713692901));
#6153=CARTESIAN_POINT('',(222.323550940944,18.6121725830156,32.2324713692901));
#6154=CARTESIAN_POINT('Ctrl Pts',(223.759194498204,18.6313688669756,39.6799702466101));
#6155=CARTESIAN_POINT('Ctrl Pts',(220.186853921803,18.6313688669756,39.6799702466101));
#6156=CARTESIAN_POINT('Ctrl Pts',(223.759194498204,22.1960032166556,39.6699436710101));
#6157=CARTESIAN_POINT('Ctrl Pts',(220.186853921803,22.1960032166556,39.6699436710101));
#6158=CARTESIAN_POINT('Ctrl Pts',(223.759194498204,22.1864050746656,35.9461942323501));
#6159=CARTESIAN_POINT('Ctrl Pts',(220.186853921803,22.1864050746656,35.9461942323501));
#6160=CARTESIAN_POINT('Ctrl Pts',(223.759194498204,22.1768069326856,32.2224447936901));
#6161=CARTESIAN_POINT('Ctrl Pts',(220.186853921803,22.1768069326856,32.2224447936901));
#6162=CARTESIAN_POINT('Ctrl Pts',(223.759194498204,18.6121725830056,32.2324713693002));
#6163=CARTESIAN_POINT('Ctrl Pts',(220.186853921803,18.6121725830056,32.2324713693002));
#6164=CARTESIAN_POINT('',(222.323550940954,18.6313688669856,39.6799702466101));
#6165=CARTESIAN_POINT('Origin',(222.323550940944,18.6217707249906,35.9562208079551));
#6166=CARTESIAN_POINT('',(223.759194498204,18.6313688669856,39.6799702466101));
#6167=CARTESIAN_POINT('Origin',(223.759194498194,18.6217707249977,35.9562208079551));
#6168=CARTESIAN_POINT('',(223.759194498204,18.6313688669756,39.6799702466202));
#6169=CARTESIAN_POINT('Origin',(223.759194498204,7.97241321355058,39.7099516736751));
#6170=CARTESIAN_POINT('',(223.759194498204,-2.68654243987442,39.7399331007401));
#6171=CARTESIAN_POINT('',(223.759194498194,18.6313688669856,39.6799702466202));
#6172=CARTESIAN_POINT('',(222.323550940954,-2.68654243987442,39.7399331007401));
#6173=CARTESIAN_POINT('',(223.759194498204,-2.68654243988442,39.7399331007501));
#6174=CARTESIAN_POINT('',(222.323550940944,-2.68654243987442,39.7399331007501));
#6175=CARTESIAN_POINT('Origin',(222.323550940954,7.97523619648058,40.8051720968201));
#6176=CARTESIAN_POINT('Origin',(222.323550940944,-2.69614058186203,36.0161836620852));
#6177=CARTESIAN_POINT('Ctrl Pts',(223.759194498204,-2.70573872382442,32.2924342234301));
#6178=CARTESIAN_POINT('Ctrl Pts',(220.186853921803,-2.70573872382442,32.2924342234301));
#6179=CARTESIAN_POINT('Ctrl Pts',(223.759194498204,-6.27037307351443,32.3024607990201));
#6180=CARTESIAN_POINT('Ctrl Pts',(220.186853921803,-6.27037307351443,32.3024607990201));
#6181=CARTESIAN_POINT('Ctrl Pts',(223.759194498204,-6.26077493153442,36.0262102376901));
#6182=CARTESIAN_POINT('Ctrl Pts',(220.186853921803,-6.26077493153442,36.0262102376901));
#6183=CARTESIAN_POINT('Ctrl Pts',(223.759194498204,-6.25117678954442,39.7499596763601));
#6184=CARTESIAN_POINT('Ctrl Pts',(220.186853921803,-6.25117678954442,39.7499596763601));
#6185=CARTESIAN_POINT('Ctrl Pts',(223.759194498204,-2.68654243986443,39.7399331007401));
#6186=CARTESIAN_POINT('Ctrl Pts',(220.186853921803,-2.68654243986443,39.7399331007401));
#6187=CARTESIAN_POINT('Origin',(223.759194498194,-2.69614058186892,36.0161836620852));
#6188=CARTESIAN_POINT('Origin',(223.759194498204,-6.26077493154443,36.0262102376952));
#6189=CARTESIAN_POINT('',(223.759194498204,-2.69096511314443,38.0240877711601));
#6190=CARTESIAN_POINT('',(223.759194498204,-2.70131605057442,34.0082795530101));
#6191=CARTESIAN_POINT('Origin',(223.759194498194,-2.69614058187702,36.0161836620852));
#6192=CARTESIAN_POINT('',(223.759194498204,18.6165952562856,33.9483166988801));
#6193=CARTESIAN_POINT('',(223.759194498194,18.6165952562856,33.9483166988702));
#6194=CARTESIAN_POINT('',(223.759194498204,18.6269461937156,37.9641249170401));
#6195=CARTESIAN_POINT('Origin',(223.759194498194,18.6217707249965,35.9562208079551));
#6196=CARTESIAN_POINT('',(223.759194498194,-2.69096511314443,38.0240877711701));
#6197=CARTESIAN_POINT('Origin',(226.271570723384,47.0744292144336,24.4431806255701));
#6198=CARTESIAN_POINT('',(226.271570723384,47.0702105304196,22.8064761201201));
#6199=CARTESIAN_POINT('',(225.912659834074,47.0702105304196,22.8064761201201));
#6200=CARTESIAN_POINT('',(226.271570723384,47.0702105304266,22.8064761201101));
#6201=CARTESIAN_POINT('',(226.271570723384,47.0786478984476,26.0798851310301));
#6202=CARTESIAN_POINT('',(226.271570723384,47.0702105304266,22.8064761201201));
#6203=CARTESIAN_POINT('',(225.912659834074,47.0786478984476,26.0798851310301));
#6204=CARTESIAN_POINT('',(226.271570723384,47.0786478984546,26.0798851310201));
#6205=CARTESIAN_POINT('',(225.912659834075,47.1060077336806,36.6945615196501));
#6206=CARTESIAN_POINT('Origin',(225.015382610794,46.2639008335396,48.9481943796152));
#6207=CARTESIAN_POINT('',(224.118105387514,45.3902159439156,48.9506518736301));
#6208=CARTESIAN_POINT('',(228.162230085494,49.3280074633235,48.9395756844542));
#6209=CARTESIAN_POINT('',(224.118105387514,45.3228407511686,22.8113911081601));
#6210=CARTESIAN_POINT('',(224.118105387514,45.3447025687769,31.2930254909361));
#6211=CARTESIAN_POINT('',(231.745939204795,52.7501140328642,22.7904997319861));
#6212=CARTESIAN_POINT('',(225.912659834064,47.1291483551456,45.6723278746701));
#6213=CARTESIAN_POINT('Origin',(221.964640051644,63.7375986260556,48.8990444991902));
#6214=CARTESIAN_POINT('',(221.964640051644,79.2459645284296,48.5346377281601));
#6215=CARTESIAN_POINT('',(221.964640051644,80.0275987287776,47.7137045902901));
#6216=CARTESIAN_POINT('',(221.964640051634,79.2459645284366,48.5346377281601));
#6217=CARTESIAN_POINT('',(221.964640051644,80.3326782338606,46.9384030622001));
#6218=CARTESIAN_POINT('Origin',(221.964640051634,79.2842563662792,46.9413520550171));
#6219=CARTESIAN_POINT('',(221.964640051644,80.3312127676056,46.3698524869901));
#6220=CARTESIAN_POINT('',(221.964640051634,80.3312127676126,46.3698524869901));
#6221=CARTESIAN_POINT('',(221.964640051644,47.1311869618436,46.4632372598201));
#6222=CARTESIAN_POINT('',(221.964640051634,47.1311869618436,46.4632372598201));
#6223=CARTESIAN_POINT('',(221.964640051644,47.1375857231666,48.9457368855901));
#6224=CARTESIAN_POINT('',(221.964640051634,47.1311869618506,46.4632372598201));
#6225=CARTESIAN_POINT('',(221.964640051644,78.5054451488996,48.8575056160201));
#6226=CARTESIAN_POINT('',(221.964640051634,47.1375857231666,48.9457368855901));
#6227=CARTESIAN_POINT('Origin',(221.964640051634,78.5026221660021,47.7622851930132));
#6228=CARTESIAN_POINT('Origin',(221.964640051644,63.6766221946296,25.2422833594752));
#6229=CARTESIAN_POINT('',(221.964640051644,79.9660978254096,23.8534663497601));
#6230=CARTESIAN_POINT('',(221.964640051644,79.1802430008006,23.0369422327701));
#6231=CARTESIAN_POINT('',(221.964640051634,79.9660978254166,23.8534663497601));
#6232=CARTESIAN_POINT('',(221.964640051644,78.4380699561526,22.7182448505501));
#6233=CARTESIAN_POINT('Origin',(221.964640051634,78.4408929391199,23.8134652735761));
#6234=CARTESIAN_POINT('',(221.964640051644,47.0702105304196,22.8064761201201));
#6235=CARTESIAN_POINT('',(221.964640051634,47.0702105304196,22.8064761201101));
#6236=CARTESIAN_POINT('',(221.964640051644,47.0766092917416,25.2889757458901));
#6237=CARTESIAN_POINT('',(221.964640051634,47.0702105304266,22.8064761201201));
#6238=CARTESIAN_POINT('',(221.964640051644,80.2766350975036,25.1955909730601));
#6239=CARTESIAN_POINT('',(221.964640051634,47.0766092917416,25.2889757458802));
#6240=CARTESIAN_POINT('',(221.964640051644,80.2751696312486,24.6270403978601));
#6241=CARTESIAN_POINT('',(221.964640051634,80.2751696312556,24.6270403978601));
#6242=CARTESIAN_POINT('Origin',(221.964640051634,79.2267477637236,24.6299893906371));
#6243=CARTESIAN_POINT('Origin',(223.041372719574,47.1311869618436,46.4632372598201));
#6244=CARTESIAN_POINT('',(224.118105387514,47.1311869618436,46.4632372598201));
#6245=CARTESIAN_POINT('',(221.964640051644,47.1311869618506,46.4632372598201));
#6246=CARTESIAN_POINT('',(224.118105387514,80.3312127676056,46.3698524869901));
#6247=CARTESIAN_POINT('',(224.118105387514,80.3312127676126,46.3698524870001));
#6248=CARTESIAN_POINT('',(224.118105387514,55.4335164894891,46.4398845322821));
#6249=CARTESIAN_POINT('Ctrl Pts',(222.323550940944,44.0538035557016,59.2495575417701));
#6250=CARTESIAN_POINT('Ctrl Pts',(226.788976661407,44.0538035557016,59.2495575417701));
#6251=CARTESIAN_POINT('Ctrl Pts',(222.323550940944,44.0582041505886,60.9568372182902));
#6252=CARTESIAN_POINT('Ctrl Pts',(226.788976661407,44.0582041505886,60.9568372182902));
#6253=CARTESIAN_POINT('Ctrl Pts',(222.323550940944,42.6406343319516,60.1071785203401));
#6254=CARTESIAN_POINT('Ctrl Pts',(226.788976661407,42.6406343319516,60.1071785203401));
#6255=CARTESIAN_POINT('Ctrl Pts',(222.323550940944,41.2230645133156,59.2575198224002));
#6256=CARTESIAN_POINT('Ctrl Pts',(226.788976661407,41.2230645133156,59.2575198224002));
#6257=CARTESIAN_POINT('Ctrl Pts',(222.323550940944,42.6362337370646,58.3998988438201));
#6258=CARTESIAN_POINT('Ctrl Pts',(226.788976661407,42.6362337370646,58.3998988438201));
#6259=CARTESIAN_POINT('Ctrl Pts',(222.323550940944,44.0494029608146,57.5422778652501));
#6260=CARTESIAN_POINT('Ctrl Pts',(226.788976661407,44.0494029608146,57.5422778652501));
#6261=CARTESIAN_POINT('Ctrl Pts',(222.323550940944,44.0538035557016,59.2495575417701));
#6262=CARTESIAN_POINT('Ctrl Pts',(226.788976661407,44.0538035557016,59.2495575417701));
#6263=CARTESIAN_POINT('',(224.118105387504,44.0538035557016,59.2495575417701));
#6264=CARTESIAN_POINT('Origin',(224.118105387504,43.1102238749061,59.2522116353121));
#6265=CARTESIAN_POINT('',(222.323550940944,44.0538035557016,59.2495575417701));
#6266=CARTESIAN_POINT('Origin',(222.323550940954,40.8922376652281,25.8174776676902));
#6267=CARTESIAN_POINT('',(222.323550940954,36.4393330140976,20.1713228844601));
#6268=CARTESIAN_POINT('',(222.323550940954,36.4539184259346,25.8299617373202));
#6269=CARTESIAN_POINT('',(222.323550940944,36.4393330140906,20.1713228844601));
#6270=CARTESIAN_POINT('',(222.323550940954,45.3305569045286,25.8049935980602));
#6271=CARTESIAN_POINT('',(222.323550940944,45.3305569045286,25.8049935980501));
#6272=CARTESIAN_POINT('',(222.323550940954,45.3159714926906,20.1463547452001));
#6273=CARTESIAN_POINT('',(222.323550940944,45.3305569045286,25.8049935980602));
#6274=CARTESIAN_POINT('',(222.323550940944,45.3159714926906,20.1463547451901));
#6275=CARTESIAN_POINT('Origin',(222.323550940954,45.3223185973356,22.6088133543452));
#6276=CARTESIAN_POINT('',(204.019095586034,45.3313945854856,26.1299850391902));
#6277=CARTESIAN_POINT('',(221.605729162334,45.3132426091856,19.0876416695001));
#6278=CARTESIAN_POINT('',(204.019095586034,45.3264165295546,24.1986703107901));
#6279=CARTESIAN_POINT('',(221.605729162334,45.3140895040666,19.4162077964402));
#6280=CARTESIAN_POINT('',(221.605729162324,45.3132426091856,19.0876416695001));
#6281=CARTESIAN_POINT('',(221.605729162334,45.3140895040666,19.4162077964402));
#6282=CARTESIAN_POINT('Origin',(222.323550940954,34.9180209093841,26.5279265281201));
#6283=CARTESIAN_POINT('',(222.323550940954,34.5494447689946,19.1179179958401));
#6284=CARTESIAN_POINT('',(222.323550940944,34.5685469535231,26.5289095257191));
#6285=CARTESIAN_POINT('',(222.323550940954,34.5686409470027,26.5653757675381));
#6286=CARTESIAN_POINT('',(222.323550940954,35.3373896564076,26.5267469309902));
#6287=CARTESIAN_POINT('',(222.323550940944,35.3373896564076,26.5267469309801));
#6288=CARTESIAN_POINT('',(222.323550940954,35.3182874718719,19.1157554011101));
#6289=CARTESIAN_POINT('',(222.323550940944,35.3182874718649,19.1157554011101));
#6290=CARTESIAN_POINT('',(222.323550940944,35.3182874718718,19.1157554011001));
#6291=CARTESIAN_POINT('Origin',(222.682461830259,34.4986521623606,26.5291061252501));
#6292=CARTESIAN_POINT('',(223.041372719574,34.5685469535231,26.5289095257191));
#6293=CARTESIAN_POINT('',(222.682461830261,34.5685469535232,26.5289095257291));
#6294=CARTESIAN_POINT('',(223.041372719574,35.3373896564076,26.5267469309902));
#6295=CARTESIAN_POINT('',(223.041372719574,35.3373896564076,26.5267469309801));
#6296=CARTESIAN_POINT('',(223.041372719574,35.3373896564006,26.5267469309801));
#6297=CARTESIAN_POINT('Origin',(221.605729162324,40.0711332714336,19.1023866336301));
#6298=CARTESIAN_POINT('',(221.605729162334,34.2698656043076,19.1187043939401));
#6299=CARTESIAN_POINT('',(221.605729162334,36.4366041305926,19.1126098087601));
#6300=CARTESIAN_POINT('',(221.605729162324,35.3182874718718,19.1157554011001));
#6301=CARTESIAN_POINT('',(221.605729162324,36.4366041305926,19.1126098087601));
#6302=CARTESIAN_POINT('',(221.605729162334,45.6627165650356,19.0866586718901));
#6303=CARTESIAN_POINT('',(221.605729162324,45.3132426091856,19.0876416695001));
#6304=CARTESIAN_POINT('',(222.682461830264,45.6627165650356,19.0866586718901));
#6305=CARTESIAN_POINT('',(222.682461830264,45.6627165650426,19.0866586718901));
#6306=CARTESIAN_POINT('',(222.682461830264,25.0437531698656,19.1446555308102));
#6307=CARTESIAN_POINT('',(222.682461830264,45.6627165650356,19.0866586718901));
#6308=CARTESIAN_POINT('',(221.605729162334,25.0437531698656,19.1446555308102));
#6309=CARTESIAN_POINT('',(222.682461830264,25.0437531698656,19.1446555308001));
#6310=CARTESIAN_POINT('',(221.605729162334,25.3932271257146,19.1436725332001));
#6311=CARTESIAN_POINT('',(221.605729162324,25.3932271257146,19.1436725331901));
#6312=CARTESIAN_POINT('',(221.605729162324,34.2698656043076,19.1187043939302));
#6313=CARTESIAN_POINT('',(222.251768763094,34.5494447689876,19.1179179958501));
#6314=CARTESIAN_POINT('',(222.251768763094,35.3182874718648,19.1157554011001));
#6315=CARTESIAN_POINT('',(222.251768763084,34.5494447689876,19.1179179958401));
#6316=CARTESIAN_POINT('',(222.251768763094,34.5494447689946,19.1179179958401));
#6317=CARTESIAN_POINT('',(221.605729162334,35.3182874718648,19.1157554011001));
#6318=CARTESIAN_POINT('Origin',(204.019095586034,42.2800494291061,62.5767394464102));
#6319=CARTESIAN_POINT('',(204.378006475344,41.9329279590366,63.4904061299601));
#6320=CARTESIAN_POINT('',(204.378006475344,41.9282229874686,61.6650387580701));
#6321=CARTESIAN_POINT('',(204.019095586024,42.2824019148796,63.4894231323601));
#6322=CARTESIAN_POINT('Origin',(213.350778708144,35.4327123802168,63.5086898854802));
#6323=CARTESIAN_POINT('',(222.682461830264,45.7771414733876,63.4795931562701));
#6324=CARTESIAN_POINT('',(222.682461830264,25.1581780782256,63.5375900151801));
#6325=CARTESIAN_POINT('',(222.682461830264,35.5026071713796,63.5084932859701));
#6326=CARTESIAN_POINT('',(204.019095586034,45.7771414733946,63.4795931562801));
#6327=CARTESIAN_POINT('',(205.813650032594,41.9329279590366,63.4904061299601));
#6328=CARTESIAN_POINT('',(204.378006475344,41.9329279590296,63.4904061299702));
#6329=CARTESIAN_POINT('',(205.813650032594,40.1156633886156,63.4955177175302));
#6330=CARTESIAN_POINT('Origin',(205.813650032593,41.0242956738191,63.4929619237552));
#6331=CARTESIAN_POINT('',(204.378006475344,40.1156633886156,63.4955177175302));
#6332=CARTESIAN_POINT('',(204.378006475344,40.1156633886086,63.4955177175401));
#6333=CARTESIAN_POINT('',(204.019095586034,39.7661894327656,63.4965007151401));
#6334=CARTESIAN_POINT('',(204.378006475344,40.1156633886156,63.4955177175401));
#6335=CARTESIAN_POINT('',(204.019095586034,31.1691301188386,63.5206824563101));
#6336=CARTESIAN_POINT('',(204.019095586024,31.1691301188386,63.5206824563202));
#6337=CARTESIAN_POINT('',(204.378006475344,30.8196561629886,63.5216654539201));
#6338=CARTESIAN_POINT('',(204.378006475344,30.8196561629886,63.5216654539301));
#6339=CARTESIAN_POINT('',(204.378006475344,30.8196561629956,63.5216654539301));
#6340=CARTESIAN_POINT('',(204.019095586034,25.1581780782156,63.5375900151901));
#6341=CARTESIAN_POINT('Origin',(204.019095586024,39.7638369469781,62.5838170291951));
#6342=CARTESIAN_POINT('',(204.019095586024,39.7661894327586,63.4965007151401));
#6343=CARTESIAN_POINT('',(204.378006475344,40.1156633886086,63.4955177175302));
#6344=CARTESIAN_POINT('Origin',(205.095828253969,40.1156633886156,63.4955177175401));
#6345=CARTESIAN_POINT('',(205.813650032584,40.1109584170476,61.6701503456401));
#6346=CARTESIAN_POINT('Ctrl Pts',(205.813650032594,40.1109584170546,61.6701503456401));
#6347=CARTESIAN_POINT('Ctrl Pts',(205.813650032594,40.1156633886156,63.4955177175401));
#6348=CARTESIAN_POINT('Ctrl Pts',(206.746818344814,40.1109584170546,61.6701503456401));
#6349=CARTESIAN_POINT('Ctrl Pts',(206.746818344814,40.1156633886156,63.4955177175401));
#6350=CARTESIAN_POINT('Ctrl Pts',(206.746818344804,41.0195907022686,61.6675945518601));
#6351=CARTESIAN_POINT('Ctrl Pts',(206.746818344804,41.0242956738296,63.4929619237501));
#6352=CARTESIAN_POINT('Ctrl Pts',(206.746818344804,41.9282229874826,61.6650387580701));
#6353=CARTESIAN_POINT('Ctrl Pts',(206.746818344804,41.9329279590436,63.4904061299702));
#6354=CARTESIAN_POINT('Ctrl Pts',(205.813650032584,41.9282229874756,61.6650387580701));
#6355=CARTESIAN_POINT('Ctrl Pts',(205.813650032584,41.9329279590366,63.4904061299702));
#6356=CARTESIAN_POINT('',(205.813650032584,41.9282229874686,61.6650387580701));
#6357=CARTESIAN_POINT('Origin',(205.813650032594,41.9305754732561,62.5777224440201));
#6358=CARTESIAN_POINT('Origin',(213.350778708144,45.7771414733876,63.4795931562701));
#6359=CARTESIAN_POINT('',(222.682461830264,47.1712733195396,62.0153672683201));
#6360=CARTESIAN_POINT('',(222.682461830264,47.1712733195466,62.0153672683302));
#6361=CARTESIAN_POINT('',(204.019095586034,47.1712733195466,62.0153672683302));
#6362=CARTESIAN_POINT('Origin',(214.068600486769,47.0802791695586,26.7127622959601));
#6363=CARTESIAN_POINT('',(222.682461830264,47.0643763656846,20.5430205789702));
#6364=CARTESIAN_POINT('',(216.580976711964,47.0643763656846,20.5430205789702));
#6365=CARTESIAN_POINT('',(222.682461830264,47.0643763656916,20.5430205789601));
#6366=CARTESIAN_POINT('',(216.580976711954,47.0643763656916,20.5430205789601));
#6367=CARTESIAN_POINT('',(224.118105387514,47.0802791695586,26.7127622959601));
#6368=CARTESIAN_POINT('',(204.019095586034,47.0802791695656,26.7127622959501));
#6369=CARTESIAN_POINT('',(224.118105387514,47.0766092917416,25.2889757458901));
#6370=CARTESIAN_POINT('',(224.118105387514,47.080274136852,26.7108097786721));
#6371=CARTESIAN_POINT('',(224.118105387514,47.0766092917486,25.2889757458802));
#6372=CARTESIAN_POINT('',(222.682461830264,47.0702105304196,22.8064761201201));
#6373=CARTESIAN_POINT('',(221.964640051644,47.0702105304266,22.8064761201101));
#6374=CARTESIAN_POINT('',(222.682461830264,47.0702105304266,22.8064761201201));
#6375=CARTESIAN_POINT('Origin',(204.019095586034,47.0826316553391,27.6254459819001));
#6376=CARTESIAN_POINT('',(224.118105387514,78.8824091519206,26.6233095135701));
#6377=CARTESIAN_POINT('',(224.118105387504,78.8824091519256,26.6233095135701));
#6378=CARTESIAN_POINT('',(224.118105387514,78.8871141234806,28.4486768854601));
#6379=CARTESIAN_POINT('',(224.118105387504,78.8871141234856,28.4486768854601));
#6380=CARTESIAN_POINT('',(224.118105387514,78.8835996453182,27.0851800633841));
#6381=CARTESIAN_POINT('Origin',(214.068600486769,47.0849841411196,28.5381296678501));
#6382=CARTESIAN_POINT('',(224.118105387514,47.0849841411196,28.5381296678501));
#6383=CARTESIAN_POINT('',(204.019095586034,47.0849841411266,28.5381296678401));
#6384=CARTESIAN_POINT('',(224.118105387514,55.3852052946135,28.5147828707321));
#6385=CARTESIAN_POINT('Origin',(214.068600486769,47.0802791695586,26.7127622959601));
#6386=CARTESIAN_POINT('',(224.118105387514,55.3802856210008,26.6894161027541));
#6387=CARTESIAN_POINT('Origin',(223.220828164229,78.8824091519206,26.6233095135701));
#6388=CARTESIAN_POINT('',(224.118105387514,80.2803049753206,26.6193775231401));
#6389=CARTESIAN_POINT('',(224.118105387514,71.2813506121818,26.6446897115332));
#6390=CARTESIAN_POINT('',(222.323550940954,78.8824091519206,26.6233095135701));
#6391=CARTESIAN_POINT('',(224.118105387514,78.8824091519276,26.6233095135701));
#6392=CARTESIAN_POINT('',(222.323550940954,80.2803049753206,26.6193775231401));
#6393=CARTESIAN_POINT('',(222.323550940944,80.2803049753206,26.6193775231301));
#6394=CARTESIAN_POINT('',(222.323550940954,80.2803049753276,26.6193775231301));
#6395=CARTESIAN_POINT('Ctrl Pts',(214.427511376084,45.4066833443776,55.3394376752501));
#6396=CARTESIAN_POINT('Ctrl Pts',(214.427511376084,47.1540531236346,55.3345226872002));
#6397=CARTESIAN_POINT('Ctrl Pts',(213.868024669974,45.4066833443776,55.3394376752501));
#6398=CARTESIAN_POINT('Ctrl Pts',(213.868024669974,47.1540531236346,55.3345226872101));
#6399=CARTESIAN_POINT('Ctrl Pts',(213.588281316924,45.4079536866986,55.8322868656601));
#6400=CARTESIAN_POINT('Ctrl Pts',(213.588281316924,47.1553234659566,55.8273718776102));
#6401=CARTESIAN_POINT('Ctrl Pts',(212.749051257754,45.4117647136626,57.3108344368902));
#6402=CARTESIAN_POINT('Ctrl Pts',(212.749051257754,47.1591344929206,57.3059194488402));
#6403=CARTESIAN_POINT('Ctrl Pts',(214.427511376084,45.4117647136626,57.3108344368902));
#6404=CARTESIAN_POINT('Ctrl Pts',(214.427511376084,47.1591344929206,57.3059194488402));
#6405=CARTESIAN_POINT('Ctrl Pts',(216.105971494424,45.4117647136626,57.3108344368902));
#6406=CARTESIAN_POINT('Ctrl Pts',(216.105971494424,47.1591344929206,57.3059194488402));
#6407=CARTESIAN_POINT('Ctrl Pts',(215.266741435254,45.4079536866986,55.8322868656601));
#6408=CARTESIAN_POINT('Ctrl Pts',(215.266741435254,47.1553234659566,55.8273718776102));
#6409=CARTESIAN_POINT('Ctrl Pts',(214.986998082194,45.4066833443776,55.3394376752401));
#6410=CARTESIAN_POINT('Ctrl Pts',(214.986998082194,47.1540531236346,55.3345226872002));
#6411=CARTESIAN_POINT('Ctrl Pts',(214.427511376084,45.4066833443776,55.3394376752501));
#6412=CARTESIAN_POINT('Ctrl Pts',(214.427511376084,47.1540531236346,55.3345226872002));
#6413=CARTESIAN_POINT('',(214.427511376084,47.1540531236346,55.3345226872002));
#6414=CARTESIAN_POINT('Origin',(214.427511376088,47.1565938082776,56.3202210680211));
#6415=CARTESIAN_POINT('',(214.427511376084,45.4066833443776,55.3394376752501));
#6416=CARTESIAN_POINT('Ctrl Pts',(205.813650032584,45.4066833443776,55.3394376752501));
#6417=CARTESIAN_POINT('Ctrl Pts',(205.813650032584,47.1540531236346,55.3345226872002));
#6418=CARTESIAN_POINT('Ctrl Pts',(205.254163326484,45.4066833443776,55.3394376752501));
#6419=CARTESIAN_POINT('Ctrl Pts',(205.254163326484,47.1540531236346,55.3345226872101));
#6420=CARTESIAN_POINT('Ctrl Pts',(204.974419973434,45.4079536866986,55.8322868656601));
#6421=CARTESIAN_POINT('Ctrl Pts',(204.974419973434,47.1553234659566,55.8273718776102));
#6422=CARTESIAN_POINT('Ctrl Pts',(204.135189914264,45.4117647136626,57.3108344368902));
#6423=CARTESIAN_POINT('Ctrl Pts',(204.135189914264,47.1591344929206,57.3059194488402));
#6424=CARTESIAN_POINT('Ctrl Pts',(205.813650032594,45.4117647136626,57.3108344368902));
#6425=CARTESIAN_POINT('Ctrl Pts',(205.813650032594,47.1591344929206,57.3059194488402));
#6426=CARTESIAN_POINT('Ctrl Pts',(207.492110150924,45.4117647136626,57.3108344368902));
#6427=CARTESIAN_POINT('Ctrl Pts',(207.492110150924,47.1591344929206,57.3059194488402));
#6428=CARTESIAN_POINT('Ctrl Pts',(206.652880091764,45.4079536866986,55.8322868656601));
#6429=CARTESIAN_POINT('Ctrl Pts',(206.652880091764,47.1553234659566,55.8273718776102));
#6430=CARTESIAN_POINT('Ctrl Pts',(206.373136738704,45.4066833443776,55.3394376752401));
#6431=CARTESIAN_POINT('Ctrl Pts',(206.373136738704,47.1540531236346,55.3345226872002));
#6432=CARTESIAN_POINT('Ctrl Pts',(205.813650032584,45.4066833443776,55.3394376752501));
#6433=CARTESIAN_POINT('Ctrl Pts',(205.813650032584,47.1540531236346,55.3345226872002));
#6434=CARTESIAN_POINT('',(205.813650032584,47.1540531236346,55.3345226872002));
#6435=CARTESIAN_POINT('Origin',(205.813650032596,47.1565938082776,56.3202210680211));
#6436=CARTESIAN_POINT('',(205.813650032585,45.4066833443776,55.3394376752501));
#6437=CARTESIAN_POINT('Origin',(222.682461830264,47.1544295213601,55.4805520769601));
#6438=CARTESIAN_POINT('',(222.682461830264,47.1375857231666,48.9457368855901));
#6439=CARTESIAN_POINT('',(224.118105387514,45.7396898997656,48.9496688760201));
#6440=CARTESIAN_POINT('',(222.682461830264,47.1375857231666,48.9457368855901));
#6441=CARTESIAN_POINT('',(222.682461830264,47.1712733195466,62.0153672683201));
#6442=CARTESIAN_POINT('',(224.118105387514,45.7733774961386,62.0192992587602));
#6443=CARTESIAN_POINT('',(224.118105387514,45.7733774961396,62.0192992587602));
#6444=CARTESIAN_POINT('',(224.118105387504,45.7733774961456,62.0192992587602));
#6445=CARTESIAN_POINT('Origin',(223.414495978079,46.4879615531381,61.9864154310102));
#6446=CARTESIAN_POINT('',(222.682461830264,45.7771414733946,63.4795931562701));
#6447=CARTESIAN_POINT('Origin',(223.400283608889,45.7752594847701,62.7494462075201));
#6448=CARTESIAN_POINT('',(224.118105387514,25.1544141009756,62.0772961176701));
#6449=CARTESIAN_POINT('',(224.118105387504,35.4289484029754,62.0483959879801));
#6450=CARTESIAN_POINT('',(222.682461830264,25.1581780782156,63.5375900151801));
#6451=CARTESIAN_POINT('Origin',(222.682461830264,47.0672934480591,21.6747483495401));
#6452=CARTESIAN_POINT('',(224.118105387514,45.6723147070186,22.8104081105501));
#6453=CARTESIAN_POINT('',(224.118105387514,45.6723147070186,22.8104081105402));
#6454=CARTESIAN_POINT('',(224.118105387514,45.6664805422836,20.5469525694101));
#6455=CARTESIAN_POINT('',(224.118105387504,45.6723147070256,22.8104081105501));
#6456=CARTESIAN_POINT('',(222.682461830264,47.0643763656846,20.5430205789601));
#6457=CARTESIAN_POINT('Origin',(223.414495978079,45.6350018340971,19.8004715225152));
#6458=CARTESIAN_POINT('',(224.118105387514,45.6664805422906,20.5469525694101));
#6459=CARTESIAN_POINT('',(222.682461830264,45.6627165650426,19.0866586718901));
#6460=CARTESIAN_POINT('Origin',(219.631719271114,47.0643763656846,20.5430205789702));
#6461=CARTESIAN_POINT('',(216.580976711964,47.0643763656896,20.5430205789601));
#6462=CARTESIAN_POINT('Origin',(204.019095586034,46.2001014191836,24.1962128167751));
#6463=CARTESIAN_POINT('Origin',(221.964640051634,63.6766221946261,25.2422833594752));
#6464=CARTESIAN_POINT('',(224.118105387514,80.2766350975036,25.1955909730601));
#6465=CARTESIAN_POINT('',(224.118105387514,63.6764547270254,25.2422838305272));
#6466=CARTESIAN_POINT('',(221.964640051644,80.2766350975106,25.1955909730601));
#6467=CARTESIAN_POINT('Origin',(204.019095586034,35.890619721598,24.2252112462351));
#6468=CARTESIAN_POINT('',(204.019095586034,36.4497780509546,24.2236384500501));
#6469=CARTESIAN_POINT('',(204.019095586034,34.2830395246836,24.2297330352201));
#6470=CARTESIAN_POINT('Origin',(213.171323263489,36.4547561068926,26.1549531784602));
#6471=CARTESIAN_POINT('',(222.323550940954,36.4539184259276,25.8299617373101));
#6472=CARTESIAN_POINT('',(221.605729162334,36.4374510254736,19.4411759357002));
#6473=CARTESIAN_POINT('',(222.323550940954,36.4393330140906,20.1713228844601));
#6474=CARTESIAN_POINT('',(221.605729162324,36.4366041305856,19.1126098087601));
#6475=CARTESIAN_POINT('Origin',(221.605729162334,40.8757702647666,19.4286918660702));
#6476=CARTESIAN_POINT('',(221.605729162324,45.3140895040666,19.4162077964402));
#6477=CARTESIAN_POINT('Origin',(221.605729162324,40.8757702647666,19.4286918660702));
#6478=CARTESIAN_POINT('Origin',(204.019095586024,40.8930753461856,26.1424691088301));
#6479=CARTESIAN_POINT('Origin',(204.019095586034,37.1800821594711,63.5037748974451));
#6480=CARTESIAN_POINT('',(204.019095586024,31.1691301188456,63.5206824563101));
#6481=CARTESIAN_POINT('',(204.019095586034,35.4298893972875,62.4134694623502));
#6482=CARTESIAN_POINT('',(204.019095586024,34.6610466944032,62.4156320570991));
#6483=CARTESIAN_POINT('',(204.019095586024,35.4298893972875,62.4134694623601));
#6484=CARTESIAN_POINT('',(204.019095586024,35.4300775961429,62.4864841572231));
#6485=CARTESIAN_POINT('',(204.019095586024,35.4327123802168,63.5086898854802));
#6486=CARTESIAN_POINT('',(204.019095586034,34.6612348932656,62.4886467519702));
#6487=CARTESIAN_POINT('',(204.019095586024,34.6612348932656,62.4886467519702));
#6488=CARTESIAN_POINT('',(204.019095586024,34.6591647057856,61.6854851083301));
#6489=CARTESIAN_POINT('Origin',(224.118105387514,40.0748972486816,20.5626805311451));
#6490=CARTESIAN_POINT('',(224.118105387514,25.0475171471156,20.6049494283201));
#6491=CARTESIAN_POINT('',(224.118105387504,35.3220514491203,20.5760492986201));
#6492=CARTESIAN_POINT('',(224.118105387514,25.0475171471056,20.6049494283201));
#6493=CARTESIAN_POINT('',(223.041372719574,35.319228466184,19.4808288754901));
#6494=CARTESIAN_POINT('',(223.113154897444,35.3194166650394,19.5538435703731));
#6495=CARTESIAN_POINT('',(223.041372719574,35.319228466177,19.4808288754901));
#6496=CARTESIAN_POINT('',(223.041372719574,34.5503857633071,19.4829914702192));
#6497=CARTESIAN_POINT('',(223.041372719574,35.3192284661839,19.4808288754801));
#6498=CARTESIAN_POINT('',(223.113154897444,34.5505739621626,19.5560061651002));
#6499=CARTESIAN_POINT('',(222.682461830264,34.5494447689946,19.1179179958501));
#6500=CARTESIAN_POINT('',(223.113154897434,34.5505739621626,19.5560061651002));
#6501=CARTESIAN_POINT('Origin',(223.041372719574,35.3283090612958,23.0037879032351));
#6502=CARTESIAN_POINT('',(223.041372719574,34.5641005223047,24.8038469269081));
#6503=CARTESIAN_POINT('',(223.041372719574,35.319228466177,19.4808288754901));
#6504=CARTESIAN_POINT('Origin',(214.068600585314,35.4327123802238,63.5086898854901));
#6505=CARTESIAN_POINT('',(223.113154897434,35.33757785527,26.5997616258521));
#6506=CARTESIAN_POINT('',(223.113154897444,35.3851452236987,45.0542668613031));
#6507=CARTESIAN_POINT('',(222.251768763084,35.33757785527,26.5997616258521));
#6508=CARTESIAN_POINT('',(218.375531207789,35.33757785527,26.5997616258622));
#6509=CARTESIAN_POINT('',(222.251768763094,35.3803227549912,43.1833146318661));
#6510=CARTESIAN_POINT('Origin',(222.682461830259,35.4289484029754,62.0483959879751));
#6511=CARTESIAN_POINT('',(222.323550940944,34.6610466944032,62.4156320570991));
#6512=CARTESIAN_POINT('',(220.332720438752,34.6662662634793,64.4406455910581));
#6513=CARTESIAN_POINT('',(222.323550940954,35.4298893972875,62.4134694623502));
#6514=CARTESIAN_POINT('',(222.323550940954,35.4298893972805,62.4134694623502));
#6515=CARTESIAN_POINT('',(222.323550940944,34.5911519032476,62.4158286566201));
#6516=CARTESIAN_POINT('Origin',(213.171323263489,34.5911519032406,62.4158286566102));
#6517=CARTESIAN_POINT('',(213.368724252611,34.6610466944031,62.4156320570891));
#6518=CARTESIAN_POINT('',(204.019095586034,35.4298893972805,62.4134694623601));
#6519=CARTESIAN_POINT('Origin',(221.964640051644,7.12281777830558,49.0582901117901));
#6520=CARTESIAN_POINT('',(221.964640051644,23.7228306811956,49.0115977253701));
#6521=CARTESIAN_POINT('',(221.964640051644,-7.64502874453442,49.0998289949301));
#6522=CARTESIAN_POINT('',(221.964640051634,23.7228306811956,49.0115977253701));
#6523=CARTESIAN_POINT('',(221.964640051644,23.7164319198756,46.5290980996001));
#6524=CARTESIAN_POINT('',(221.964640051634,23.7164319198656,46.5290980996001));
#6525=CARTESIAN_POINT('',(221.964640051644,-9.48359388588442,46.6224828724201));
#6526=CARTESIAN_POINT('',(221.964640051634,23.7164319198756,46.5290980996001));
#6527=CARTESIAN_POINT('',(221.964640051644,-9.48212841963442,47.1910334476302));
#6528=CARTESIAN_POINT('',(221.964640051634,-9.48359388589442,46.6224828724201));
#6529=CARTESIAN_POINT('',(221.964640051644,-9.17305661379443,47.9646074957201));
#6530=CARTESIAN_POINT('Origin',(221.964640051634,-8.43370655204542,47.1880844547792));
#6531=CARTESIAN_POINT('',(221.964640051644,-8.38720178918442,48.7811316127101));
#6532=CARTESIAN_POINT('',(221.964640051634,-8.38720178919442,48.7811316127202));
#6533=CARTESIAN_POINT('Origin',(221.964640051634,-7.64785172750802,48.0046085719112));
#6534=CARTESIAN_POINT('Origin',(221.964640051644,7.06184134688558,25.4015289720801));
#6535=CARTESIAN_POINT('',(221.964640051644,-9.53963702224442,24.8796707832802));
#6536=CARTESIAN_POINT('',(221.964640051644,-9.53817155598442,25.4482213584901));
#6537=CARTESIAN_POINT('',(221.964640051634,-9.53963702225443,24.8796707832802));
#6538=CARTESIAN_POINT('',(221.964640051644,23.6618542497756,25.3548365856701));
#6539=CARTESIAN_POINT('',(221.964640051634,23.6618542497756,25.3548365856601));
#6540=CARTESIAN_POINT('',(221.964640051644,23.6554554884556,22.8723369599001));
#6541=CARTESIAN_POINT('',(221.964640051634,23.6554554884456,22.8723369599001));
#6542=CARTESIAN_POINT('',(221.964640051644,-7.71240393728442,22.9605682294601));
#6543=CARTESIAN_POINT('',(221.964640051634,23.6554554884556,22.8723369598902));
#6544=CARTESIAN_POINT('',(221.964640051644,-8.45292331681442,23.2834361173301));
#6545=CARTESIAN_POINT('Origin',(221.964640051634,-7.70958095438282,24.0557886525771));
#6546=CARTESIAN_POINT('',(221.964640051644,-9.23455751715442,24.1043692551901));
#6547=CARTESIAN_POINT('',(221.964640051634,-9.23455751716442,24.1043692551802));
#6548=CARTESIAN_POINT('Origin',(221.964640051634,-8.49121515472852,24.8767217904471));
#6549=CARTESIAN_POINT('Ctrl Pts',(224.118105387504,26.8596849278616,59.2979210241101));
#6550=CARTESIAN_POINT('Ctrl Pts',(219.652679667041,26.8596849278616,59.2979210241101));
#6551=CARTESIAN_POINT('Ctrl Pts',(224.118105387504,26.8640855227486,61.0052007006302));
#6552=CARTESIAN_POINT('Ctrl Pts',(219.652679667041,26.8640855227486,61.0052007006302));
#6553=CARTESIAN_POINT('Ctrl Pts',(224.118105387504,28.2772547464976,60.1475797220602));
#6554=CARTESIAN_POINT('Ctrl Pts',(219.652679667041,28.2772547464976,60.1475797220602));
#6555=CARTESIAN_POINT('Ctrl Pts',(224.118105387504,29.6904239702476,59.2899587434801));
#6556=CARTESIAN_POINT('Ctrl Pts',(219.652679667041,29.6904239702476,59.2899587434801));
#6557=CARTESIAN_POINT('Ctrl Pts',(224.118105387504,28.2728541516106,58.4403000455401));
#6558=CARTESIAN_POINT('Ctrl Pts',(219.652679667041,28.2728541516106,58.4403000455401));
#6559=CARTESIAN_POINT('Ctrl Pts',(224.118105387504,26.8552843329746,57.5906413475902));
#6560=CARTESIAN_POINT('Ctrl Pts',(219.652679667041,26.8552843329746,57.5906413475902));
#6561=CARTESIAN_POINT('Ctrl Pts',(224.118105387504,26.8596849278616,59.2979210241101));
#6562=CARTESIAN_POINT('Ctrl Pts',(219.652679667041,26.8596849278616,59.2979210241101));
#6563=CARTESIAN_POINT('',(224.118105387504,26.8596849278616,59.2979210241101));
#6564=CARTESIAN_POINT('Origin',(224.118105387504,27.8032646086567,59.2952669305681));
#6565=CARTESIAN_POINT('',(224.118105387504,26.8596849278616,59.2979210241101));
#6566=CARTESIAN_POINT('Origin',(222.323550940954,29.8488606603571,25.8485403921201));
#6567=CARTESIAN_POINT('',(222.323550940954,25.4105414210566,25.8610244617502));
#6568=CARTESIAN_POINT('',(222.323550940954,25.3959560092196,20.2023856088902));
#6569=CARTESIAN_POINT('',(222.323550940944,25.4105414210566,25.8610244617502));
#6570=CARTESIAN_POINT('',(222.323550940954,34.2871798996506,25.8360563224901));
#6571=CARTESIAN_POINT('',(222.323550940944,25.4105414210566,25.8610244617502));
#6572=CARTESIAN_POINT('',(222.323550940954,34.2725944878126,20.1774174696302));
#6573=CARTESIAN_POINT('',(222.323550940944,34.2725944878196,20.1774174696302));
#6574=CARTESIAN_POINT('',(222.323550940944,25.3959560092196,20.2023856088902));
#6575=CARTESIAN_POINT('Ctrl Pts',(224.118105387504,28.6715647444836,30.0867348867702));
#6576=CARTESIAN_POINT('Ctrl Pts',(219.652679667041,28.6715647444836,30.0867348867702));
#6577=CARTESIAN_POINT('Ctrl Pts',(224.118105387504,28.6700978795166,29.5176416612701));
#6578=CARTESIAN_POINT('Ctrl Pts',(219.652679667041,28.6700978795166,29.5176416612701));
#6579=CARTESIAN_POINT('Ctrl Pts',(224.118105387504,28.1975746066426,29.2344220952901));
#6580=CARTESIAN_POINT('Ctrl Pts',(219.652679667041,28.1975746066426,29.2344220952901));
#6581=CARTESIAN_POINT('Ctrl Pts',(224.118105387504,26.7800047880056,28.3847633973501));
#6582=CARTESIAN_POINT('Ctrl Pts',(219.652679667041,26.7800047880056,28.3847633973501));
#6583=CARTESIAN_POINT('Ctrl Pts',(224.118105387504,26.7844053828926,30.0920430738701));
#6584=CARTESIAN_POINT('Ctrl Pts',(219.652679667041,26.7844053828926,30.0920430738701));
#6585=CARTESIAN_POINT('Ctrl Pts',(224.118105387504,26.7888059777806,31.7993227503901));
#6586=CARTESIAN_POINT('Ctrl Pts',(219.652679667041,26.7888059777806,31.7993227503901));
#6587=CARTESIAN_POINT('Ctrl Pts',(224.118105387504,28.2019752015296,30.9417017718102));
#6588=CARTESIAN_POINT('Ctrl Pts',(219.652679667041,28.2019752015296,30.9417017718102));
#6589=CARTESIAN_POINT('Ctrl Pts',(224.118105387504,28.6730316094506,30.6558281122802));
#6590=CARTESIAN_POINT('Ctrl Pts',(219.652679667041,28.6730316094506,30.6558281122802));
#6591=CARTESIAN_POINT('Ctrl Pts',(224.118105387504,28.6715647444836,30.0867348867702));
#6592=CARTESIAN_POINT('Ctrl Pts',(219.652679667041,28.6715647444836,30.0867348867702));
#6593=CARTESIAN_POINT('',(224.118105387504,28.6715647444976,30.0867348867702));
#6594=CARTESIAN_POINT('Origin',(224.118105387504,27.7279850636881,30.0893889803232));
#6595=CARTESIAN_POINT('',(224.118105387504,28.6715647444836,30.0867348867711));
#6596=CARTESIAN_POINT('Origin',(222.323550940954,29.8342752485196,20.1899015392602));
#6597=CARTESIAN_POINT('',(221.605729162334,25.3940740205956,19.4722386601401));
#6598=CARTESIAN_POINT('',(221.605729162334,25.3940740205956,19.4722386601401));
#6599=CARTESIAN_POINT('',(221.605729162334,34.2707124991886,19.4472705208802));
#6600=CARTESIAN_POINT('',(222.323550940954,34.2725944878196,20.1774174696302));
#6601=CARTESIAN_POINT('',(221.605729162324,25.3940740205956,19.4722386601302));
#6602=CARTESIAN_POINT('Origin',(221.605729162334,29.8323932598956,19.4597545905102));
#6603=CARTESIAN_POINT('',(221.605729162324,34.2698656043146,19.1187043939401));
#6604=CARTESIAN_POINT('',(221.605729162324,25.3932271257146,19.1436725332001));
#6605=CARTESIAN_POINT('Origin',(213.171323263489,25.4113791020146,26.1860159028901));
#6606=CARTESIAN_POINT('',(204.019095586034,25.4064010460836,24.2547011744801));
#6607=CARTESIAN_POINT('',(204.019095586034,25.4113791020146,26.1860159028901));
#6608=CARTESIAN_POINT('Origin',(204.378006475344,30.8173036772081,62.6089817679801));
#6609=CARTESIAN_POINT('',(204.378006475344,30.8196561629956,63.5216654539201));
#6610=CARTESIAN_POINT('Origin',(204.378006475344,30.8173036772081,62.6089817679801));
#6611=CARTESIAN_POINT('Origin',(223.113154897444,35.0786114073241,61.7145491880702));
#6612=CARTESIAN_POINT('',(223.113154897434,35.4280853631846,61.7135661904721));
#6613=CARTESIAN_POINT('',(222.353284092554,35.4300775961499,62.4864841572321));
#6614=CARTESIAN_POINT('',(220.441776940261,35.4350891948821,64.4308123405351));
#6615=CARTESIAN_POINT('',(223.113154897444,34.6592426603006,61.7157287852102));
#6616=CARTESIAN_POINT('',(223.113154897434,35.4979801543406,61.7133695909502));
#6617=CARTESIAN_POINT('',(222.353284092564,34.6612348932656,62.4886467519702));
#6618=CARTESIAN_POINT('',(222.353284092564,34.6612348932726,62.4886467519702));
#6619=CARTESIAN_POINT('',(222.353284092554,35.4999723873056,62.4862875577101));
#6620=CARTESIAN_POINT('Origin',(213.186189839294,35.4999723873126,62.4862875577001));
#6621=CARTESIAN_POINT('',(213.627395212304,35.4300775961499,62.4864841572231));
#6622=CARTESIAN_POINT('',(204.019095586034,34.6612348932726,62.4886467519702));
#6623=CARTESIAN_POINT('Origin',(223.414495978119,24.4396708874256,62.0484326903951));
#6624=CARTESIAN_POINT('',(222.682461830264,23.7565182775756,62.0812281081001));
#6625=CARTESIAN_POINT('',(224.118105387514,25.1544141009756,62.0772961176701));
#6626=CARTESIAN_POINT('',(222.682461830264,23.7565182775656,62.0812281081101));
#6627=CARTESIAN_POINT('Origin',(213.350778708144,25.1581780782256,63.5375900151801));
#6628=CARTESIAN_POINT('',(204.019095586034,23.7565182775656,62.0812281081101));
#6629=CARTESIAN_POINT('Origin',(204.019095586024,23.6891430848256,35.9419673426301));
#6630=CARTESIAN_POINT('',(224.118105387514,23.6702290991556,28.6039905076301));
#6631=CARTESIAN_POINT('',(204.019095586034,23.6702290991456,28.6039905076202));
#6632=CARTESIAN_POINT('',(224.118105387514,23.7080570704956,43.2799441776301));
#6633=CARTESIAN_POINT('',(224.118105387514,23.7027925350553,41.2374852384091));
#6634=CARTESIAN_POINT('',(204.019095586034,23.7080570704956,43.2799441776401));
#6635=CARTESIAN_POINT('',(214.427511376084,23.6941303546756,37.8768567568401));
#6636=CARTESIAN_POINT('Origin',(214.427511376089,23.6966710393156,38.8625551376601));
#6637=CARTESIAN_POINT('',(205.813650032584,23.6941303546756,37.8768567568401));
#6638=CARTESIAN_POINT('Origin',(205.813650032597,23.6966710393156,38.8625551376601));
#6639=CARTESIAN_POINT('Origin',(204.019095586024,23.7346401598156,53.5932698288152));
#6640=CARTESIAN_POINT('',(224.118105387514,23.7127620420556,45.1053115495201));
#6641=CARTESIAN_POINT('',(204.019095586034,23.7127620420556,45.1053115495301));
#6642=CARTESIAN_POINT('',(224.118105387514,23.7164319198756,46.5290980996001));
#6643=CARTESIAN_POINT('',(224.118105387514,23.725541072551,50.0631364814942));
#6644=CARTESIAN_POINT('',(221.964640051644,23.7164319198656,46.5290980996001));
#6645=CARTESIAN_POINT('',(222.682461830264,23.7228306811956,49.0115977253701));
#6646=CARTESIAN_POINT('',(221.964640051644,23.7228306811956,49.0115977253701));
#6647=CARTESIAN_POINT('',(222.682461830264,23.7565182775656,62.0812281081001));
#6648=CARTESIAN_POINT('',(214.427511376084,23.7392980816556,55.4003835269801));
#6649=CARTESIAN_POINT('Origin',(214.427511376088,23.7418387662956,56.3860819078011));
#6650=CARTESIAN_POINT('',(205.813650032584,23.7392980816556,55.4003835269801));
#6651=CARTESIAN_POINT('Origin',(205.813650032596,23.7418387662956,56.3860819078011));
#6652=CARTESIAN_POINT('Origin',(204.019095586024,23.6575727256556,23.6937522772401));
#6653=CARTESIAN_POINT('',(222.682461830264,23.6554554884556,22.8723369599001));
#6654=CARTESIAN_POINT('',(221.964640051644,23.6554554884456,22.8723369598902));
#6655=CARTESIAN_POINT('',(224.118105387514,23.6618542497756,25.3548365856701));
#6656=CARTESIAN_POINT('',(224.118105387514,23.6618542497656,25.3548365856601));
#6657=CARTESIAN_POINT('',(224.118105387514,23.6655241275956,26.7786231357401));
#6658=CARTESIAN_POINT('',(224.118105387514,23.6870073554832,35.1133777057031));
#6659=CARTESIAN_POINT('',(204.019095586034,23.6655241275856,26.7786231357302));
#6660=CARTESIAN_POINT('',(216.580976711964,23.6496213237156,20.6088814187502));
#6661=CARTESIAN_POINT('',(216.580976711954,23.6496213237056,20.6088814187401));
#6662=CARTESIAN_POINT('',(222.682461830264,23.6496213237156,20.6088814187502));
#6663=CARTESIAN_POINT('',(222.682461830264,23.6496213237056,20.6088814187502));
#6664=CARTESIAN_POINT('',(222.682461830264,23.6554554884456,22.8723369599001));
#6665=CARTESIAN_POINT('Origin',(224.118105387514,7.80699207931558,43.3246705688251));
#6666=CARTESIAN_POINT('',(224.118105387514,-8.09407291186442,43.3693969600201));
#6667=CARTESIAN_POINT('',(224.118105387514,7.45713595381178,43.3256546413982));
#6668=CARTESIAN_POINT('',(204.019095586024,23.7080570704956,43.2799441776401));
#6669=CARTESIAN_POINT('Origin',(224.118105387514,-8.09172042608442,44.2820806459702));
#6670=CARTESIAN_POINT('',(224.118105387514,-8.08936794030442,45.1947643319101));
#6671=CARTESIAN_POINT('',(204.019095586024,23.7127620420556,45.1053115495301));
#6672=CARTESIAN_POINT('',(224.118105387514,-8.08871385318571,45.4485276691991));
#6673=CARTESIAN_POINT('Origin',(223.220828164229,-8.08936794030442,45.1947643319201));
#6674=CARTESIAN_POINT('',(224.118105387514,-8.13190088321442,28.6934432900201));
#6675=CARTESIAN_POINT('',(224.118105387514,-8.08753761029541,45.9048695121782));
#6676=CARTESIAN_POINT('',(224.118105387514,-8.13660585477442,26.8680759181301));
#6677=CARTESIAN_POINT('',(224.118105387514,-8.08753761029541,45.9048695121782));
#6678=CARTESIAN_POINT('',(222.323550940954,-8.13660585477442,26.8680759181301));
#6679=CARTESIAN_POINT('',(224.118105387514,-8.13660585477442,26.8680759181202));
#6680=CARTESIAN_POINT('',(222.323550940954,-8.08936794030442,45.1947643319101));
#6681=CARTESIAN_POINT('',(222.323550940944,-8.08936794030442,45.1947643319101));
#6682=CARTESIAN_POINT('',(224.118105387514,-8.08936794030442,45.1947643319201));
#6683=CARTESIAN_POINT('Origin',(223.220828164229,-8.08936794030442,45.1947643319101));
#6684=CARTESIAN_POINT('',(224.118105387514,-9.48726376370442,45.1986963223401));
#6685=CARTESIAN_POINT('',(224.118105387514,-0.488476868163561,45.1733846049991));
#6686=CARTESIAN_POINT('',(222.323550940954,-9.48726376370442,45.1986963223401));
#6687=CARTESIAN_POINT('',(222.323550940944,-9.48726376370442,45.1986963223501));
#6688=CARTESIAN_POINT('',(222.323550940954,-9.48726376371442,45.1986963223501));
#6689=CARTESIAN_POINT('Origin',(222.323550940954,-8.78831585200942,45.1967303271352));
#6690=CARTESIAN_POINT('',(222.323550940954,-9.53450167817443,26.8720079085601));
#6691=CARTESIAN_POINT('',(222.323550940944,-9.53450167817443,26.8720079085601));
#6692=CARTESIAN_POINT('',(222.323550940944,-9.48726376371442,45.1986963223401));
#6693=CARTESIAN_POINT('Origin',(224.118105387514,7.76916410797058,28.6487168988251));
#6694=CARTESIAN_POINT('',(224.118105387504,-8.13190088321442,28.6934432900101));
#6695=CARTESIAN_POINT('',(224.118105387514,7.41758177796856,28.6497058268521));
#6696=CARTESIAN_POINT('Origin',(224.118105387514,-8.13425336899442,27.7807596040701));
#6697=CARTESIAN_POINT('',(224.118105387504,-8.13660585477442,26.8680759181202));
#6698=CARTESIAN_POINT('Origin',(224.118105387514,7.76445913641058,26.8233495269351));
#6699=CARTESIAN_POINT('',(224.118105387514,7.41266210435638,26.8243390588751));
#6700=CARTESIAN_POINT('Origin',(224.118105387514,7.81169705087558,45.1500379407151));
#6701=CARTESIAN_POINT('',(224.118105387514,7.46205562742396,45.1510214093761));
#6702=CARTESIAN_POINT('Origin',(224.118105387514,7.11641901699057,46.5757904860101));
#6703=CARTESIAN_POINT('',(224.118105387514,-9.48359388588442,46.6224828724201));
#6704=CARTESIAN_POINT('',(224.118105387514,-9.48359388589442,46.6224828724301));
#6705=CARTESIAN_POINT('',(224.118105387514,7.11641901699057,46.5757904860101));
#6706=CARTESIAN_POINT('Origin',(223.041372719574,23.6618542497756,25.3548365856701));
#6707=CARTESIAN_POINT('',(224.118105387514,-9.53817155598442,25.4482213584901));
#6708=CARTESIAN_POINT('',(224.118105387514,15.3593572545313,25.3781897842581));
#6709=CARTESIAN_POINT('',(221.964640051644,-9.53817155599443,25.4482213584801));
#6710=CARTESIAN_POINT('Origin',(224.118105387514,-8.83555376647442,26.8700419133451));
#6711=CARTESIAN_POINT('',(224.118105387514,-9.53450167817443,26.8720079085601));
#6712=CARTESIAN_POINT('',(224.118105387514,-0.887344347052663,26.8476852521052));
#6713=CARTESIAN_POINT('',(222.323550940954,-9.53450167817443,26.8720079085601));
#6714=CARTESIAN_POINT('Origin',(223.400283608889,24.3544034001506,22.8703709646802));
#6715=CARTESIAN_POINT('',(222.682461830264,23.6496213237156,20.6088814187502));
#6716=CARTESIAN_POINT('',(224.118105387514,25.0533513118556,22.8684049694602));
#6717=CARTESIAN_POINT('',(224.118105387504,25.0533513118456,22.8684049694602));
#6718=CARTESIAN_POINT('',(224.118105387514,25.0533513118556,22.8684049694501));
#6719=CARTESIAN_POINT('Origin',(223.414495978119,25.0751472457606,19.8583021205851));
#6720=CARTESIAN_POINT('',(222.682461830264,25.0437531698656,19.1446555308001));
#6721=CARTESIAN_POINT('Origin',(222.251768763094,34.5590899606866,22.8599211082201));
#6722=CARTESIAN_POINT('',(222.251768763094,34.5687351523856,26.6019242206001));
#6723=CARTESIAN_POINT('',(222.251768763084,35.407472646426,26.5995650263301));
#6724=CARTESIAN_POINT('',(222.251768763084,34.5494447689946,19.1179179958501));
#6725=CARTESIAN_POINT('Origin',(222.682461830264,35.407472646433,26.5995650263401));
#6726=CARTESIAN_POINT('',(223.113154897444,34.5687351523856,26.6019242206001));
#6727=CARTESIAN_POINT('',(223.113154897434,35.407472646426,26.5995650263301));
#6728=CARTESIAN_POINT('',(222.251768763094,34.5687351523926,26.6019242205902));
#6729=CARTESIAN_POINT('Origin',(223.113154897444,34.9881038994093,26.6007446234702));
#6730=CARTESIAN_POINT('',(223.113154897434,34.5687351523926,26.6019242206001));
#6731=CARTESIAN_POINT('Origin',(204.019095586024,34.2789415924576,22.6398760787751));
#6732=CARTESIAN_POINT('',(222.323550940954,34.2871798996576,25.8360563224901));
#6733=CARTESIAN_POINT('Origin',(222.323550940954,29.8488606603571,25.8485403921201));
#6734=CARTESIAN_POINT('Origin',(221.605729162334,24.5195422360901,19.1461300272201));
#6735=CARTESIAN_POINT('',(216.580976711964,23.6496213237156,20.6088814187401));
#6736=CARTESIAN_POINT('Origin',(222.682461830264,24.3466872467956,19.8767684747752));
#6737=CARTESIAN_POINT('Ctrl Pts',(214.427511376084,23.6941303546756,37.8768567568401));
#6738=CARTESIAN_POINT('Ctrl Pts',(214.427511376084,25.4415001339256,37.8719417687902));
#6739=CARTESIAN_POINT('Ctrl Pts',(213.868024669974,23.6941303546756,37.8768567568401));
#6740=CARTESIAN_POINT('Ctrl Pts',(213.868024669974,25.4415001339256,37.8719417688001));
#6741=CARTESIAN_POINT('Ctrl Pts',(213.588281316924,23.6954006969956,38.3697059472501));
#6742=CARTESIAN_POINT('Ctrl Pts',(213.588281316924,25.4427704762466,38.3647909592002));
#6743=CARTESIAN_POINT('Ctrl Pts',(212.749051257754,23.6992117239556,39.8482535184801));
#6744=CARTESIAN_POINT('Ctrl Pts',(212.749051257754,25.4465815032106,39.8433385304302));
#6745=CARTESIAN_POINT('Ctrl Pts',(214.427511376084,23.6992117239556,39.8482535184801));
#6746=CARTESIAN_POINT('Ctrl Pts',(214.427511376084,25.4465815032106,39.8433385304302));
#6747=CARTESIAN_POINT('Ctrl Pts',(216.105971494424,23.6992117239556,39.8482535184801));
#6748=CARTESIAN_POINT('Ctrl Pts',(216.105971494424,25.4465815032106,39.8433385304302));
#6749=CARTESIAN_POINT('Ctrl Pts',(215.266741435254,23.6954006969956,38.3697059472501));
#6750=CARTESIAN_POINT('Ctrl Pts',(215.266741435254,25.4427704762466,38.3647909592002));
#6751=CARTESIAN_POINT('Ctrl Pts',(214.986998082194,23.6941303546756,37.8768567568301));
#6752=CARTESIAN_POINT('Ctrl Pts',(214.986998082194,25.4415001339256,37.8719417687902));
#6753=CARTESIAN_POINT('Ctrl Pts',(214.427511376084,23.6941303546756,37.8768567568401));
#6754=CARTESIAN_POINT('Ctrl Pts',(214.427511376084,25.4415001339256,37.8719417687902));
#6755=CARTESIAN_POINT('',(214.427511376085,23.6941303546756,37.8768567568401));
#6756=CARTESIAN_POINT('Ctrl Pts',(205.813650032584,23.6941303546756,37.8768567568401));
#6757=CARTESIAN_POINT('Ctrl Pts',(205.813650032584,25.4415001339256,37.8719417687902));
#6758=CARTESIAN_POINT('Ctrl Pts',(205.254163326484,23.6941303546756,37.8768567568401));
#6759=CARTESIAN_POINT('Ctrl Pts',(205.254163326484,25.4415001339256,37.8719417688001));
#6760=CARTESIAN_POINT('Ctrl Pts',(204.974419973434,23.6954006969956,38.3697059472501));
#6761=CARTESIAN_POINT('Ctrl Pts',(204.974419973434,25.4427704762466,38.3647909592002));
#6762=CARTESIAN_POINT('Ctrl Pts',(204.135189914264,23.6992117239556,39.8482535184801));
#6763=CARTESIAN_POINT('Ctrl Pts',(204.135189914264,25.4465815032106,39.8433385304302));
#6764=CARTESIAN_POINT('Ctrl Pts',(205.813650032594,23.6992117239556,39.8482535184801));
#6765=CARTESIAN_POINT('Ctrl Pts',(205.813650032594,25.4465815032106,39.8433385304302));
#6766=CARTESIAN_POINT('Ctrl Pts',(207.492110150924,23.6992117239556,39.8482535184801));
#6767=CARTESIAN_POINT('Ctrl Pts',(207.492110150924,25.4465815032106,39.8433385304302));
#6768=CARTESIAN_POINT('Ctrl Pts',(206.652880091764,23.6954006969956,38.3697059472501));
#6769=CARTESIAN_POINT('Ctrl Pts',(206.652880091764,25.4427704762466,38.3647909592002));
#6770=CARTESIAN_POINT('Ctrl Pts',(206.373136738704,23.6941303546756,37.8768567568301));
#6771=CARTESIAN_POINT('Ctrl Pts',(206.373136738704,25.4415001339256,37.8719417687902));
#6772=CARTESIAN_POINT('Ctrl Pts',(205.813650032584,23.6941303546756,37.8768567568401));
#6773=CARTESIAN_POINT('Ctrl Pts',(205.813650032584,25.4415001339256,37.8719417687902));
#6774=CARTESIAN_POINT('',(205.813650032585,23.6941303546756,37.8768567568401));
#6775=CARTESIAN_POINT('Ctrl Pts',(214.427511376084,23.7392980816556,55.4003835269801));
#6776=CARTESIAN_POINT('Ctrl Pts',(214.427511376084,25.4866678609066,55.3954685389401));
#6777=CARTESIAN_POINT('Ctrl Pts',(213.868024669974,23.7392980816556,55.4003835269901));
#6778=CARTESIAN_POINT('Ctrl Pts',(213.868024669974,25.4866678609066,55.3954685389401));
#6779=CARTESIAN_POINT('Ctrl Pts',(213.588281316924,23.7405684239756,55.8932327173902));
#6780=CARTESIAN_POINT('Ctrl Pts',(213.588281316924,25.4879382032276,55.8883177293501));
#6781=CARTESIAN_POINT('Ctrl Pts',(212.749051257754,23.7443794509356,57.3717802886202));
#6782=CARTESIAN_POINT('Ctrl Pts',(212.749051257754,25.4917492301916,57.3668653005801));
#6783=CARTESIAN_POINT('Ctrl Pts',(214.427511376084,23.7443794509356,57.3717802886202));
#6784=CARTESIAN_POINT('Ctrl Pts',(214.427511376084,25.4917492301916,57.3668653005801));
#6785=CARTESIAN_POINT('Ctrl Pts',(216.105971494424,23.7443794509356,57.3717802886202));
#6786=CARTESIAN_POINT('Ctrl Pts',(216.105971494424,25.4917492301916,57.3668653005801));
#6787=CARTESIAN_POINT('Ctrl Pts',(215.266741435254,23.7405684239756,55.8932327173902));
#6788=CARTESIAN_POINT('Ctrl Pts',(215.266741435254,25.4879382032276,55.8883177293501));
#6789=CARTESIAN_POINT('Ctrl Pts',(214.986998082194,23.7392980816556,55.4003835269801));
#6790=CARTESIAN_POINT('Ctrl Pts',(214.986998082194,25.4866678609066,55.3954685389301));
#6791=CARTESIAN_POINT('Ctrl Pts',(214.427511376084,23.7392980816556,55.4003835269801));
#6792=CARTESIAN_POINT('Ctrl Pts',(214.427511376084,25.4866678609066,55.3954685389401));
#6793=CARTESIAN_POINT('',(214.427511376085,23.7392980816556,55.4003835269801));
#6794=CARTESIAN_POINT('Ctrl Pts',(205.813650032584,23.7392980816556,55.4003835269801));
#6795=CARTESIAN_POINT('Ctrl Pts',(205.813650032584,25.4866678609066,55.3954685389401));
#6796=CARTESIAN_POINT('Ctrl Pts',(205.254163326484,23.7392980816556,55.4003835269901));
#6797=CARTESIAN_POINT('Ctrl Pts',(205.254163326484,25.4866678609066,55.3954685389401));
#6798=CARTESIAN_POINT('Ctrl Pts',(204.974419973434,23.7405684239756,55.8932327173902));
#6799=CARTESIAN_POINT('Ctrl Pts',(204.974419973434,25.4879382032276,55.8883177293501));
#6800=CARTESIAN_POINT('Ctrl Pts',(204.135189914264,23.7443794509356,57.3717802886202));
#6801=CARTESIAN_POINT('Ctrl Pts',(204.135189914264,25.4917492301916,57.3668653005801));
#6802=CARTESIAN_POINT('Ctrl Pts',(205.813650032594,23.7443794509356,57.3717802886202));
#6803=CARTESIAN_POINT('Ctrl Pts',(205.813650032594,25.4917492301916,57.3668653005801));
#6804=CARTESIAN_POINT('Ctrl Pts',(207.492110150924,23.7443794509356,57.3717802886202));
#6805=CARTESIAN_POINT('Ctrl Pts',(207.492110150924,25.4917492301916,57.3668653005801));
#6806=CARTESIAN_POINT('Ctrl Pts',(206.652880091764,23.7405684239756,55.8932327173902));
#6807=CARTESIAN_POINT('Ctrl Pts',(206.652880091764,25.4879382032276,55.8883177293501));
#6808=CARTESIAN_POINT('Ctrl Pts',(206.373136738704,23.7392980816556,55.4003835269801));
#6809=CARTESIAN_POINT('Ctrl Pts',(206.373136738704,25.4866678609066,55.3954685389301));
#6810=CARTESIAN_POINT('Ctrl Pts',(205.813650032584,23.7392980816556,55.4003835269801));
#6811=CARTESIAN_POINT('Ctrl Pts',(205.813650032584,25.4866678609066,55.3954685389401));
#6812=CARTESIAN_POINT('',(205.813650032585,23.7392980816556,55.4003835269801));
#6813=CARTESIAN_POINT('Origin',(223.400283608889,24.4554661892706,62.0792621128901));
#6814=CARTESIAN_POINT('',(224.118105387514,25.1207265045956,49.0076657349302));
#6815=CARTESIAN_POINT('',(222.682461830264,23.7228306811956,49.0115977253701));
#6816=CARTESIAN_POINT('',(224.118105387504,25.1544141009656,62.0772961176701));
#6817=CARTESIAN_POINT('Origin',(213.566125241734,34.6612348932656,62.4886467519702));
#6818=CARTESIAN_POINT('',(223.113154897434,34.6592426603076,61.7157287852102));
#6819=CARTESIAN_POINT('Origin',(223.113154897444,35.0786114073241,61.7145491880801));
#6820=CARTESIAN_POINT('',(223.113154897444,35.4303989776559,62.6111691436082));
#6821=CARTESIAN_POINT('Origin',(222.682461830264,34.5687351523856,26.6019242206001));
#6822=CARTESIAN_POINT('Origin',(224.118105387514,7.11641901699057,46.5757904860151));
#6823=CARTESIAN_POINT('',(224.118105387514,-9.48895783451392,44.5414550324621));
#6824=CARTESIAN_POINT('Origin',(224.118105387514,7.11641901699057,46.5757904860151));
#6825=CARTESIAN_POINT('',(224.118105387514,-9.48895783451392,44.5414550324621));
#6826=CARTESIAN_POINT('Origin',(225.912659834074,23.6891430848256,35.9419673426301));
#6827=CARTESIAN_POINT('',(224.118105387514,25.4702004604446,49.0066827373201));
#6828=CARTESIAN_POINT('',(224.118105387514,25.4028252676976,22.8674219718501));
#6829=CARTESIAN_POINT('',(224.118105387504,25.4187492449666,29.0453782384902));
#6830=CARTESIAN_POINT('',(225.912659834074,23.7228306811956,49.0115977253701));
#6831=CARTESIAN_POINT('',(224.118105387514,25.4702004604406,49.0066827373301));
#6832=CARTESIAN_POINT('',(225.912659834074,23.7143933131756,45.7381887144502));
#6833=CARTESIAN_POINT('',(225.912659834064,23.7228306811956,49.0115977253701));
#6834=CARTESIAN_POINT('',(225.912659834074,23.6638928564756,26.1457459708101));
#6835=CARTESIAN_POINT('',(225.912659834064,23.7143933131656,45.7381887144502));
#6836=CARTESIAN_POINT('',(225.912659834074,23.6554554884556,22.8723369599001));
#6837=CARTESIAN_POINT('',(225.912659834064,23.6638928564756,26.1457459708101));
#6838=CARTESIAN_POINT('',(225.912659834064,23.6554554884456,22.8723369598902));
#6839=CARTESIAN_POINT('Origin',(224.835927166134,18.6165952562856,33.9483166988801));
#6840=CARTESIAN_POINT('',(225.912659834074,-2.70131605057442,34.0082795530101));
#6841=CARTESIAN_POINT('',(223.759194498204,-2.70131605058443,34.0082795530001));
#6842=CARTESIAN_POINT('',(225.912659834074,18.6165952562856,33.9483166988801));
#6843=CARTESIAN_POINT('',(225.912659834064,-2.70131605057442,34.0082795530001));
#6844=CARTESIAN_POINT('',(223.759194498204,18.6165952562756,33.9483166988702));
#6845=CARTESIAN_POINT('Ctrl Pts',(225.912659834074,-2.70131605057442,34.0082795530101));
#6846=CARTESIAN_POINT('Ctrl Pts',(220.554148969498,-2.70131605057442,34.0082795530101));
#6847=CARTESIAN_POINT('Ctrl Pts',(225.912659834074,-4.62342280774442,34.0136860398501));
#6848=CARTESIAN_POINT('Ctrl Pts',(220.554148969498,-4.62342280774442,34.0136860398501));
#6849=CARTESIAN_POINT('Ctrl Pts',(225.912659834074,-4.61824733903442,36.0215901489302));
#6850=CARTESIAN_POINT('Ctrl Pts',(220.554148969498,-4.61824733903442,36.0215901489302));
#6851=CARTESIAN_POINT('Ctrl Pts',(225.912659834074,-4.61307187032442,38.0294942580101));
#6852=CARTESIAN_POINT('Ctrl Pts',(220.554148969498,-4.61307187032442,38.0294942580101));
#6853=CARTESIAN_POINT('Ctrl Pts',(225.912659834074,-2.69096511315442,38.0240877711601));
#6854=CARTESIAN_POINT('Ctrl Pts',(220.554148969498,-2.69096511315442,38.0240877711601));
#6855=CARTESIAN_POINT('',(225.912659834074,-2.69096511314443,38.0240877711601));
#6856=CARTESIAN_POINT('',(223.759194498204,-2.69096511315442,38.0240877711701));
#6857=CARTESIAN_POINT('Origin',(225.912659834064,-2.69614058187702,36.0161836620852));
#6858=CARTESIAN_POINT('Ctrl Pts',(221.964640051634,-7.64502874453442,49.0998289949301));
#6859=CARTESIAN_POINT('Ctrl Pts',(232.681661780763,-7.64502874453442,49.0998289949301));
#6860=CARTESIAN_POINT('Ctrl Pts',(221.964640051634,-8.07929930116443,49.1010505077502));
#6861=CARTESIAN_POINT('Ctrl Pts',(232.681661780763,-8.07929930116443,49.1010505077502));
#6862=CARTESIAN_POINT('Ctrl Pts',(221.964640051634,-8.38720178918442,48.7811316127101));
#6863=CARTESIAN_POINT('Ctrl Pts',(232.681661780763,-8.38720178918442,48.7811316127101));
#6864=CARTESIAN_POINT('',(226.271570723384,-8.38720178918442,48.7811316127101));
#6865=CARTESIAN_POINT('',(226.271570723384,-8.38720178919442,48.7811316127202));
#6866=CARTESIAN_POINT('',(226.271570723384,-7.64502874453442,49.0998289949301));
#6867=CARTESIAN_POINT('Origin',(226.271570723384,-7.64785172743283,48.0046085717501));
#6868=CARTESIAN_POINT('',(226.271570723384,-7.64502874454442,49.0998289949401));
#6869=CARTESIAN_POINT('Origin',(224.118105387509,-8.38720178918442,48.7811316127101));
#6870=CARTESIAN_POINT('',(226.271570723384,-9.17305661379443,47.9646074957201));
#6871=CARTESIAN_POINT('',(221.964640051644,-9.17305661379443,47.9646074957301));
#6872=CARTESIAN_POINT('',(226.271570723384,-9.17305661379443,47.9646074957301));
#6873=CARTESIAN_POINT('Ctrl Pts',(226.271570723384,-9.48212841963442,47.1910334476302));
#6874=CARTESIAN_POINT('Ctrl Pts',(215.554548994255,-9.48212841963442,47.1910334476302));
#6875=CARTESIAN_POINT('Ctrl Pts',(226.271570723384,-9.48095910181443,47.6446886006801));
#6876=CARTESIAN_POINT('Ctrl Pts',(215.554548994255,-9.48095910181443,47.6446886006801));
#6877=CARTESIAN_POINT('Ctrl Pts',(226.271570723384,-9.17305661379443,47.9646074957201));
#6878=CARTESIAN_POINT('Ctrl Pts',(215.554548994255,-9.17305661379443,47.9646074957201));
#6879=CARTESIAN_POINT('',(226.271570723384,-9.48212841963442,47.1910334476302));
#6880=CARTESIAN_POINT('',(221.964640051644,-9.48212841963442,47.1910334476302));
#6881=CARTESIAN_POINT('Origin',(226.271570723384,-8.43370655214662,47.1880844547971));
#6882=CARTESIAN_POINT('Origin',(224.118105387509,-9.48212841963442,47.1910334476302));
#6883=CARTESIAN_POINT('',(226.271570723384,-9.53963702224442,24.8796707832802));
#6884=CARTESIAN_POINT('',(226.271570723384,-9.53963702225443,24.8796707832701));
#6885=CARTESIAN_POINT('',(226.271570723384,-9.52499763561442,30.5592499997801));
#6886=CARTESIAN_POINT('',(226.271570723384,-9.52499763562442,30.5592499997801));
#6887=CARTESIAN_POINT('',(225.912659834074,-9.52499763561442,30.5592499997801));
#6888=CARTESIAN_POINT('',(226.271570723384,-9.52499763562442,30.5592499997801));
#6889=CARTESIAN_POINT('',(225.912659834074,-9.49676780625443,41.5114542311301));
#6890=CARTESIAN_POINT('',(225.912659834064,-9.52499763562442,30.5592499997801));
#6891=CARTESIAN_POINT('',(226.271570723384,-9.49676780625443,41.5114542311301));
#6892=CARTESIAN_POINT('',(226.271570723384,-9.49676780626443,41.5114542311301));
#6893=CARTESIAN_POINT('',(226.271570723384,-9.48212841963442,47.1910334476302));
#6894=CARTESIAN_POINT('Ctrl Pts',(221.964640051634,-9.53963702224442,24.8796707832802));
#6895=CARTESIAN_POINT('Ctrl Pts',(232.681661780763,-9.53963702224442,24.8796707832802));
#6896=CARTESIAN_POINT('Ctrl Pts',(221.964640051634,-9.54080634006442,24.4260156302301));
#6897=CARTESIAN_POINT('Ctrl Pts',(232.681661780763,-9.54080634006442,24.4260156302301));
#6898=CARTESIAN_POINT('Ctrl Pts',(221.964640051634,-9.23455751715442,24.1043692551901));
#6899=CARTESIAN_POINT('Ctrl Pts',(232.681661780763,-9.23455751715442,24.1043692551901));
#6900=CARTESIAN_POINT('',(226.271570723384,-9.23455751715442,24.1043692551901));
#6901=CARTESIAN_POINT('',(226.271570723384,-9.23455751716442,24.1043692551802));
#6902=CARTESIAN_POINT('Origin',(226.271570723384,-8.49121515472143,24.8767217904382));
#6903=CARTESIAN_POINT('Origin',(226.271570723384,-8.84374041698442,23.6939026862601));
#6904=CARTESIAN_POINT('',(226.271570723384,-8.45292331681442,23.2834361173301));
#6905=CARTESIAN_POINT('',(221.964640051644,-8.45292331681442,23.2834361173201));
#6906=CARTESIAN_POINT('',(226.271570723384,-8.45292331681442,23.2834361173201));
#6907=CARTESIAN_POINT('Ctrl Pts',(226.271570723384,-7.71240393728442,22.9605682294601));
#6908=CARTESIAN_POINT('Ctrl Pts',(215.554548994255,-7.71240393728442,22.9605682294601));
#6909=CARTESIAN_POINT('Ctrl Pts',(226.271570723384,-8.14667449390442,22.9617897422802));
#6910=CARTESIAN_POINT('Ctrl Pts',(215.554548994255,-8.14667449390442,22.9617897422802));
#6911=CARTESIAN_POINT('Ctrl Pts',(226.271570723384,-8.45292331681442,23.2834361173301));
#6912=CARTESIAN_POINT('Ctrl Pts',(215.554548994255,-8.45292331681442,23.2834361173301));
#6913=CARTESIAN_POINT('',(226.271570723384,-7.71240393728442,22.9605682294601));
#6914=CARTESIAN_POINT('',(221.964640051644,-7.71240393728442,22.9605682294502));
#6915=CARTESIAN_POINT('Origin',(226.271570723384,-7.70958095436883,24.0557886526161));
#6916=CARTESIAN_POINT('Origin',(226.271570723384,8.91258585795008,49.0532558661251));
#6917=CARTESIAN_POINT('',(224.118105387514,10.9568801777036,49.0475056910581));
#6918=CARTESIAN_POINT('',(226.271570723384,23.7228306811956,49.0115977253701));
#6919=CARTESIAN_POINT('',(226.271570723384,23.7228306811956,49.0115977253701));
#6920=CARTESIAN_POINT('',(226.271570723384,23.7228306811956,49.0115977253701));
#6921=CARTESIAN_POINT('Origin',(226.271570723384,-9.48698146541942,45.3082183646702));
#6922=CARTESIAN_POINT('',(226.271570723384,21.3621727321856,41.4246544446301));
#6923=CARTESIAN_POINT('',(226.271570723384,21.3621727321856,41.4246544446301));
#6924=CARTESIAN_POINT('',(226.271570723384,23.7143933131756,45.7381887144502));
#6925=CARTESIAN_POINT('Origin',(226.271570723384,35.4314680017022,35.9089386228311));
#6926=CARTESIAN_POINT('',(226.271570723384,23.7228306811956,49.0115977253701));
#6927=CARTESIAN_POINT('Origin',(226.271570723384,-9.53478397647943,26.7624858662402));
#6928=CARTESIAN_POINT('',(226.271570723384,23.6554554884556,22.8723369599001));
#6929=CARTESIAN_POINT('',(226.271570723384,23.6554554884556,22.8723369598902));
#6930=CARTESIAN_POINT('',(226.271570723384,23.6638928564756,26.1457459708101));
#6931=CARTESIAN_POINT('',(226.271570723384,23.6554554884456,22.8723369599001));
#6932=CARTESIAN_POINT('',(226.271570723384,21.3339429028156,30.4724502132801));
#6933=CARTESIAN_POINT('Origin',(226.271570723384,35.4314680005084,35.9089386224361));
#6934=CARTESIAN_POINT('',(226.271570723384,21.3339429028156,30.4724502132801));
#6935=CARTESIAN_POINT('Origin',(226.092115278724,23.7228306811956,49.0115977253701));
#6936=CARTESIAN_POINT('',(226.271570723384,23.7143933131656,45.7381887144601));
#6937=CARTESIAN_POINT('Ctrl Pts',(226.271570723384,23.6638928564856,26.1457459708101));
#6938=CARTESIAN_POINT('Ctrl Pts',(225.378485579271,23.6638928564856,26.1457459708101));
#6939=CARTESIAN_POINT('Ctrl Pts',(226.271570723384,22.1672989361956,28.1142215159901));
#6940=CARTESIAN_POINT('Ctrl Pts',(225.378485579271,22.1672989361956,28.1142215159901));
#6941=CARTESIAN_POINT('Ctrl Pts',(226.271570723384,21.3339429028156,30.4724502132801));
#6942=CARTESIAN_POINT('Ctrl Pts',(225.378485579271,21.3339429028156,30.4724502132801));
#6943=CARTESIAN_POINT('',(225.912659834074,21.3339429028156,30.4724502132801));
#6944=CARTESIAN_POINT('Origin',(225.912659834061,35.4314680005084,35.9089386224361));
#6945=CARTESIAN_POINT('',(225.912659834074,21.3339429028156,30.4724502132801));
#6946=CARTESIAN_POINT('',(226.271570723384,23.6638928564756,26.1457459708001));
#6947=CARTESIAN_POINT('Ctrl Pts',(226.271570723384,21.3621727321856,41.4246544446301));
#6948=CARTESIAN_POINT('Ctrl Pts',(225.378485579271,21.3621727321856,41.4246544446301));
#6949=CARTESIAN_POINT('Ctrl Pts',(226.271570723384,22.2076734878056,43.7781608666701));
#6950=CARTESIAN_POINT('Ctrl Pts',(225.378485579271,22.2076734878056,43.7781608666701));
#6951=CARTESIAN_POINT('Ctrl Pts',(226.271570723384,23.7143933131756,45.7381887144502));
#6952=CARTESIAN_POINT('Ctrl Pts',(225.378485579271,23.7143933131756,45.7381887144502));
#6953=CARTESIAN_POINT('',(225.912659834074,21.3621727321856,41.4246544446301));
#6954=CARTESIAN_POINT('Origin',(225.912659834061,35.4314680017022,35.9089386228311));
#6955=CARTESIAN_POINT('',(225.912659834074,21.3621727321756,41.4246544446301));
#6956=CARTESIAN_POINT('Origin',(225.912659834074,7.11438041029058,45.7848811008651));
#6957=CARTESIAN_POINT('',(225.912659834064,-9.49676780625443,41.5114542311301));
#6958=CARTESIAN_POINT('',(225.912659834064,-9.52499763561442,30.5592499997801));
#6959=CARTESIAN_POINT('',(225.912659834074,18.6269461937156,37.9641249170401));
#6960=CARTESIAN_POINT('',(225.912659834064,18.6269461937156,37.9641249170401));
#6961=CARTESIAN_POINT('Origin',(225.912659834064,18.6217707249965,35.9562208079551));
#6962=CARTESIAN_POINT('Origin',(224.118105387514,7.11641901699057,46.5757904860151));
#6963=CARTESIAN_POINT('Origin',(225.912659834074,7.96799054028058,37.9941063441001));
#6964=CARTESIAN_POINT('',(223.759194498204,18.6269461937056,37.9641249170401));
#6965=CARTESIAN_POINT('Ctrl Pts',(225.912659834074,18.6269461937156,37.9641249170401));
#6966=CARTESIAN_POINT('Ctrl Pts',(220.554148969498,18.6269461937156,37.9641249170401));
#6967=CARTESIAN_POINT('Ctrl Pts',(225.912659834074,20.5490529508956,37.9587184301902));
#6968=CARTESIAN_POINT('Ctrl Pts',(220.554148969498,20.5490529508956,37.9587184301902));
#6969=CARTESIAN_POINT('Ctrl Pts',(225.912659834074,20.5438774821756,35.9508143211102));
#6970=CARTESIAN_POINT('Ctrl Pts',(220.554148969498,20.5438774821756,35.9508143211102));
#6971=CARTESIAN_POINT('Ctrl Pts',(225.912659834074,20.5387020134556,33.9429102120201));
#6972=CARTESIAN_POINT('Ctrl Pts',(220.554148969498,20.5387020134556,33.9429102120201));
#6973=CARTESIAN_POINT('Ctrl Pts',(225.912659834074,18.6165952562756,33.9483166988801));
#6974=CARTESIAN_POINT('Ctrl Pts',(220.554148969498,18.6165952562756,33.9483166988801));
#6975=CARTESIAN_POINT('Origin',(226.092115278724,21.3339429028156,30.4724502132801));
#6976=CARTESIAN_POINT('Origin',(226.271570723384,5.93270246296058,41.4680543378801));
#6977=CARTESIAN_POINT('Origin',(226.092115278724,23.6638928564756,26.1457459708101));
#6978=CARTESIAN_POINT('',(226.271570723384,23.6554554884456,22.8723369598902));
#6979=CARTESIAN_POINT('Origin',(224.118105387509,25.4028252676976,22.8674219718501));
#6980=CARTESIAN_POINT('',(224.118105387514,19.1652377528203,22.8849670092092));
#6981=CARTESIAN_POINT('Origin',(224.118105387514,63.6802920724431,26.6660699095501));
#6982=CARTESIAN_POINT('',(224.118105387514,78.9249420948276,43.1246305554602));
#6983=CARTESIAN_POINT('',(224.118105387504,78.9249420948346,43.1246305554602));
#6984=CARTESIAN_POINT('',(224.118105387514,47.1228121124666,43.2140833378502));
#6985=CARTESIAN_POINT('',(224.118105387514,47.1015406083063,34.9614702996232));
#6986=CARTESIAN_POINT('',(224.118105387504,78.9249420948276,43.1246305554702));
#6987=CARTESIAN_POINT('Origin',(224.118105387514,63.6802920724431,26.6660699095501));
#6988=CARTESIAN_POINT('',(224.118105387514,80.3111416998577,38.5829675473962));
#6989=CARTESIAN_POINT('Origin',(224.118105387514,63.6802920724431,26.6660699095501));
#6990=CARTESIAN_POINT('',(224.118105387514,80.3275428897886,44.9460659369202));
#6991=CARTESIAN_POINT('',(224.118105387514,80.3111416998577,38.5829675473962));
#6992=CARTESIAN_POINT('',(224.118105387514,78.9296470663876,44.9499979273502));
#6993=CARTESIAN_POINT('',(224.118105387504,80.3275428897886,44.9460659369301));
#6994=CARTESIAN_POINT('',(224.118105387514,47.1275170840266,45.0394507097402));
#6995=CARTESIAN_POINT('',(224.118105387504,78.9296470663876,44.9499979273601));
#6996=CARTESIAN_POINT('',(224.118105387504,47.1275170840336,45.0394507097402));
#6997=CARTESIAN_POINT('Origin',(226.092115278724,49.4590983087996,41.3456236322002));
#6998=CARTESIAN_POINT('',(225.912659834074,49.4590983087996,41.3456236322002));
#6999=CARTESIAN_POINT('',(226.271570723384,49.4590983087996,41.3456236322002));
#7000=CARTESIAN_POINT('',(225.912659834074,49.4590983088066,41.3456236322101));
#7001=CARTESIAN_POINT('',(225.912659834074,80.3180388472366,41.2588238457001));
#7002=CARTESIAN_POINT('',(225.912659834064,80.3180388472366,41.2588238457101));
#7003=CARTESIAN_POINT('',(226.271570723384,80.3180388472366,41.2588238457001));
#7004=CARTESIAN_POINT('',(226.271570723384,80.3180388472436,41.2588238457101));
#7005=CARTESIAN_POINT('',(226.271570723384,49.4590983087996,41.3456236322101));
#7006=CARTESIAN_POINT('Ctrl Pts',(221.964640051634,78.4380699561526,22.7182448505501));
#7007=CARTESIAN_POINT('Ctrl Pts',(232.681661780763,78.4380699561526,22.7182448505501));
#7008=CARTESIAN_POINT('Ctrl Pts',(221.964640051634,78.8723405127806,22.7170233377301));
#7009=CARTESIAN_POINT('Ctrl Pts',(232.681661780763,78.8723405127806,22.7170233377301));
#7010=CARTESIAN_POINT('Ctrl Pts',(221.964640051634,79.1802430008006,23.0369422327701));
#7011=CARTESIAN_POINT('Ctrl Pts',(232.681661780763,79.1802430008006,23.0369422327701));
#7012=CARTESIAN_POINT('',(226.271570723384,79.1802430008006,23.0369422327701));
#7013=CARTESIAN_POINT('',(221.964640051644,79.1802430008076,23.0369422327601));
#7014=CARTESIAN_POINT('',(226.271570723384,78.4380699561526,22.7182448505501));
#7015=CARTESIAN_POINT('Origin',(226.271570723384,78.4408929390682,23.8134652737851));
#7016=CARTESIAN_POINT('',(221.964640051644,78.4380699561596,22.7182448505402));
#7017=CARTESIAN_POINT('Origin',(225.912659834064,64.8603387486581,30.3500195076101));
#7018=CARTESIAN_POINT('',(226.271570723384,80.2898090178726,30.3066196143601));
#7019=CARTESIAN_POINT('',(225.912659834074,80.2898090178726,30.3066196143601));
#7020=CARTESIAN_POINT('',(226.271570723384,80.2898090178796,30.3066196143502));
#7021=CARTESIAN_POINT('',(225.912659834074,49.4308684794366,30.3934194008601));
#7022=CARTESIAN_POINT('',(225.912659834064,80.2898090178726,30.3066196143502));
#7023=CARTESIAN_POINT('',(226.271570723384,49.4308684794366,30.3934194008601));
#7024=CARTESIAN_POINT('',(225.912659834074,49.4308684794436,30.3934194008501));
#7025=CARTESIAN_POINT('',(226.271570723384,49.4308684794366,30.3934194008501));
#7026=CARTESIAN_POINT('Ctrl Pts',(225.912659834064,47.0786478984436,26.0798851310301));
#7027=CARTESIAN_POINT('Ctrl Pts',(226.805744978177,47.0786478984436,26.0798851310301));
#7028=CARTESIAN_POINT('Ctrl Pts',(225.912659834064,48.5853677238106,28.0399129788102));
#7029=CARTESIAN_POINT('Ctrl Pts',(226.805744978177,48.5853677238106,28.0399129788102));
#7030=CARTESIAN_POINT('Ctrl Pts',(225.912659834064,49.4308684794356,30.3934194008601));
#7031=CARTESIAN_POINT('Ctrl Pts',(226.805744978177,49.4308684794356,30.3934194008601));
#7032=CARTESIAN_POINT('Origin',(226.271570723384,35.3615732111706,35.9091352218651));
#7033=CARTESIAN_POINT('Origin',(225.912659834061,35.3615732111706,35.9091352218651));
#7034=CARTESIAN_POINT('Origin',(225.912659834074,63.7291612580231,45.6256354882601));
#7035=CARTESIAN_POINT('',(225.912659834064,80.2898090178796,30.3066196143601));
#7036=CARTESIAN_POINT('Origin',(225.912659834061,35.3615732090982,35.9091352218022));
#7037=CARTESIAN_POINT('',(225.912659834074,52.1660950179026,33.8539489284501));
#7038=CARTESIAN_POINT('',(225.912659834074,52.1764459553366,37.8697571466101));
#7039=CARTESIAN_POINT('Origin',(225.912659834064,52.1712704866288,35.8618530375252));
#7040=CARTESIAN_POINT('',(225.912659834074,73.4943572621936,37.8097942924801));
#7041=CARTESIAN_POINT('',(225.912659834064,52.1764459553366,37.8697571466101));
#7042=CARTESIAN_POINT('',(225.912659834074,73.4840063247606,33.7939860743201));
#7043=CARTESIAN_POINT('Origin',(225.912659834064,73.4891817934861,35.8018901833951));
#7044=CARTESIAN_POINT('',(225.912659834064,73.4840063247606,33.7939860743101));
#7045=CARTESIAN_POINT('Ctrl Pts',(223.759194498194,73.4840063247606,33.7939860743201));
#7046=CARTESIAN_POINT('Ctrl Pts',(229.11770536277,73.4840063247606,33.7939860743201));
#7047=CARTESIAN_POINT('Ctrl Pts',(223.759194498194,75.4061130819326,33.7885795874701));
#7048=CARTESIAN_POINT('Ctrl Pts',(229.11770536277,75.4061130819326,33.7885795874701));
#7049=CARTESIAN_POINT('Ctrl Pts',(223.759194498194,75.4112885506526,35.7964836965501));
#7050=CARTESIAN_POINT('Ctrl Pts',(229.11770536277,75.4112885506526,35.7964836965501));
#7051=CARTESIAN_POINT('Ctrl Pts',(223.759194498194,75.4164640193726,37.8043878056201));
#7052=CARTESIAN_POINT('Ctrl Pts',(229.11770536277,75.4164640193726,37.8043878056201));
#7053=CARTESIAN_POINT('Ctrl Pts',(223.759194498194,73.4943572622006,37.8097942924801));
#7054=CARTESIAN_POINT('Ctrl Pts',(229.11770536277,73.4943572622006,37.8097942924801));
#7055=CARTESIAN_POINT('',(223.759194498204,73.4840063247676,33.7939860743101));
#7056=CARTESIAN_POINT('',(223.759194498204,73.4943572622006,37.8097942924801));
#7057=CARTESIAN_POINT('Origin',(224.835927166134,52.1764459553366,37.8697571466101));
#7058=CARTESIAN_POINT('',(223.759194498204,52.1764459553436,37.8697571466101));
#7059=CARTESIAN_POINT('Origin',(226.271570723384,80.2800226770441,26.5098554808201));
#7060=CARTESIAN_POINT('',(226.271570723384,47.0702105304196,22.8064761201101));
#7061=CARTESIAN_POINT('',(226.271570723384,79.9660978254096,23.8534663497601));
#7062=CARTESIAN_POINT('',(226.271570723384,79.1802430008076,23.0369422327601));
#7063=CARTESIAN_POINT('',(226.271570723384,80.2751696312486,24.6270403978601));
#7064=CARTESIAN_POINT('Origin',(226.271570723384,79.2267477636969,24.6299893906751));
#7065=CARTESIAN_POINT('',(226.271570723384,80.2898090178796,30.3066196143601));
#7066=CARTESIAN_POINT('Origin',(224.118105387509,45.3902159439156,48.9506518736301));
#7067=CARTESIAN_POINT('',(226.271570723384,78.5054451488996,48.8575056160201));
#7068=CARTESIAN_POINT('',(226.271570723384,47.1375857231666,48.9457368855901));
#7069=CARTESIAN_POINT('',(226.271570723384,78.5054451489066,48.8575056160301));
#7070=CARTESIAN_POINT('',(221.964640051644,47.1375857231736,48.9457368855901));
#7071=CARTESIAN_POINT('',(224.118105387514,51.4089694950891,48.9337223707331));
#7072=CARTESIAN_POINT('Ctrl Pts',(226.271570723384,78.5054451488996,48.8575056160201));
#7073=CARTESIAN_POINT('Ctrl Pts',(215.554548994255,78.5054451488996,48.8575056160201));
#7074=CARTESIAN_POINT('Ctrl Pts',(226.271570723384,78.9397157055276,48.8562841032001));
#7075=CARTESIAN_POINT('Ctrl Pts',(215.554548994255,78.9397157055276,48.8562841032001));
#7076=CARTESIAN_POINT('Ctrl Pts',(226.271570723384,79.2459645284296,48.5346377281601));
#7077=CARTESIAN_POINT('Ctrl Pts',(215.554548994255,79.2459645284296,48.5346377281601));
#7078=CARTESIAN_POINT('',(226.271570723384,79.2459645284296,48.5346377281601));
#7079=CARTESIAN_POINT('Origin',(226.271570723384,78.5026221659519,47.7622851928502));
#7080=CARTESIAN_POINT('',(226.271570723384,79.2459645284366,48.5346377281601));
#7081=CARTESIAN_POINT('Origin',(224.118105387509,79.2459645284296,48.5346377281601));
#7082=CARTESIAN_POINT('',(226.271570723384,80.0275987287776,47.7137045902901));
#7083=CARTESIAN_POINT('',(226.271570723384,80.0275987287846,47.7137045903001));
#7084=CARTESIAN_POINT('',(221.964640051644,80.0275987287846,47.7137045903001));
#7085=CARTESIAN_POINT('Ctrl Pts',(221.964640051634,80.3326782338606,46.9384030622001));
#7086=CARTESIAN_POINT('Ctrl Pts',(232.681661780763,80.3326782338606,46.9384030622001));
#7087=CARTESIAN_POINT('Ctrl Pts',(221.964640051634,80.3338475516796,47.3920582152502));
#7088=CARTESIAN_POINT('Ctrl Pts',(232.681661780763,80.3338475516796,47.3920582152502));
#7089=CARTESIAN_POINT('Ctrl Pts',(221.964640051634,80.0275987287776,47.7137045902901));
#7090=CARTESIAN_POINT('Ctrl Pts',(232.681661780763,80.0275987287776,47.7137045902901));
#7091=CARTESIAN_POINT('',(226.271570723384,80.3326782338606,46.9384030622001));
#7092=CARTESIAN_POINT('Origin',(226.271570723384,79.2842563663536,46.9413520550751));
#7093=CARTESIAN_POINT('',(221.964640051644,80.3326782338676,46.9384030622101));
#7094=CARTESIAN_POINT('Ctrl Pts',(226.271570723384,80.2751696312486,24.6270403978601));
#7095=CARTESIAN_POINT('Ctrl Pts',(215.554548994255,80.2751696312486,24.6270403978601));
#7096=CARTESIAN_POINT('Ctrl Pts',(226.271570723384,80.2740003134296,24.1733852448101));
#7097=CARTESIAN_POINT('Ctrl Pts',(215.554548994255,80.2740003134296,24.1733852448101));
#7098=CARTESIAN_POINT('Ctrl Pts',(226.271570723384,79.9660978254096,23.8534663497601));
#7099=CARTESIAN_POINT('Ctrl Pts',(215.554548994255,79.9660978254096,23.8534663497601));
#7100=CARTESIAN_POINT('',(226.271570723384,80.2751696312556,24.6270403978501));
#7101=CARTESIAN_POINT('',(226.271570723384,79.9660978254166,23.8534663497601));
#7102=CARTESIAN_POINT('Origin',(224.118105387509,79.9660978254096,23.8534663497601));
#7103=CARTESIAN_POINT('Ctrl Pts',(223.759194498194,52.1764459553366,37.8697571466101));
#7104=CARTESIAN_POINT('Ctrl Pts',(229.11770536277,52.1764459553366,37.8697571466101));
#7105=CARTESIAN_POINT('Ctrl Pts',(223.759194498194,50.2543391981566,37.8751636334501));
#7106=CARTESIAN_POINT('Ctrl Pts',(229.11770536277,50.2543391981566,37.8751636334501));
#7107=CARTESIAN_POINT('Ctrl Pts',(223.759194498194,50.2491637294436,35.8672595243701));
#7108=CARTESIAN_POINT('Ctrl Pts',(229.11770536277,50.2491637294436,35.8672595243701));
#7109=CARTESIAN_POINT('Ctrl Pts',(223.759194498194,50.2439882607306,33.8593554152901));
#7110=CARTESIAN_POINT('Ctrl Pts',(229.11770536277,50.2439882607306,33.8593554152901));
#7111=CARTESIAN_POINT('Ctrl Pts',(223.759194498194,52.1660950179096,33.8539489284501));
#7112=CARTESIAN_POINT('Ctrl Pts',(229.11770536277,52.1660950179096,33.8539489284501));
#7113=CARTESIAN_POINT('',(223.759194498204,52.1660950179096,33.8539489284402));
#7114=CARTESIAN_POINT('Origin',(223.759194498194,62.8250506713351,33.8239675013851));
#7115=CARTESIAN_POINT('Ctrl Pts',(225.912659834064,49.4590983087986,41.3456236322002));
#7116=CARTESIAN_POINT('Ctrl Pts',(226.805744978177,49.4590983087986,41.3456236322002));
#7117=CARTESIAN_POINT('Ctrl Pts',(225.912659834064,48.6257422754246,43.7038523294902));
#7118=CARTESIAN_POINT('Ctrl Pts',(226.805744978177,48.6257422754246,43.7038523294902));
#7119=CARTESIAN_POINT('Ctrl Pts',(225.912659834064,47.1291483551376,45.6723278746701));
#7120=CARTESIAN_POINT('Ctrl Pts',(226.805744978177,47.1291483551376,45.6723278746701));
#7121=CARTESIAN_POINT('Origin',(226.271570723384,35.3615732090982,35.9091352218022));
#7122=CARTESIAN_POINT('Origin',(226.271570723384,80.3278251880961,45.0555879792401));
#7123=CARTESIAN_POINT('',(226.271570723384,80.3326782338676,46.9384030622001));
#7124=CARTESIAN_POINT('Origin',(221.964640051634,61.8804553536641,22.7648179793551));
#7125=CARTESIAN_POINT('',(224.118105387514,59.6173270702064,22.7711836888841));
#7126=CARTESIAN_POINT('Ctrl Pts',(222.323550940944,42.0913646491426,30.0489877786001));
#7127=CARTESIAN_POINT('Ctrl Pts',(226.788976661407,42.0913646491426,30.0489877786001));
#7128=CARTESIAN_POINT('Ctrl Pts',(222.323550940944,42.0898977841846,29.4798945531001));
#7129=CARTESIAN_POINT('Ctrl Pts',(226.788976661407,42.0898977841846,29.4798945531001));
#7130=CARTESIAN_POINT('Ctrl Pts',(222.323550940944,42.5609541920966,29.1940208935701));
#7131=CARTESIAN_POINT('Ctrl Pts',(226.788976661407,42.5609541920966,29.1940208935701));
#7132=CARTESIAN_POINT('Ctrl Pts',(222.323550940944,43.9741234158456,28.3363999150001));
#7133=CARTESIAN_POINT('Ctrl Pts',(226.788976661407,43.9741234158456,28.3363999150001));
#7134=CARTESIAN_POINT('Ctrl Pts',(222.323550940944,43.9785240107326,30.0436795915201));
#7135=CARTESIAN_POINT('Ctrl Pts',(226.788976661407,43.9785240107326,30.0436795915201));
#7136=CARTESIAN_POINT('Ctrl Pts',(222.323550940944,43.9829246056206,31.7509592680402));
#7137=CARTESIAN_POINT('Ctrl Pts',(226.788976661407,43.9829246056206,31.7509592680402));
#7138=CARTESIAN_POINT('Ctrl Pts',(222.323550940944,42.5653547869836,30.9013005700901));
#7139=CARTESIAN_POINT('Ctrl Pts',(226.788976661407,42.5653547869836,30.9013005700901));
#7140=CARTESIAN_POINT('Ctrl Pts',(222.323550940944,42.0928315141006,30.6180810041101));
#7141=CARTESIAN_POINT('Ctrl Pts',(226.788976661407,42.0928315141006,30.6180810041101));
#7142=CARTESIAN_POINT('Ctrl Pts',(222.323550940944,42.0913646491426,30.0489877786001));
#7143=CARTESIAN_POINT('Ctrl Pts',(226.788976661407,42.0913646491426,30.0489877786001));
#7144=CARTESIAN_POINT('',(224.118105387504,42.0913646491286,30.0489877786001));
#7145=CARTESIAN_POINT('Origin',(224.118105387504,43.0349443299373,30.0463336850611));
#7146=CARTESIAN_POINT('',(222.323550940944,42.0913646491426,30.0489877786011));
#7147=CARTESIAN_POINT('Origin',(214.068600486769,47.1228121124666,43.2140833378601));
#7148=CARTESIAN_POINT('',(204.019095586034,47.1228121124736,43.2140833378601));
#7149=CARTESIAN_POINT('',(214.427511376084,47.1088853966536,37.8109959170601));
#7150=CARTESIAN_POINT('Origin',(214.427511376089,47.1114260812966,38.7966942978801));
#7151=CARTESIAN_POINT('',(205.813650032584,47.1088853966536,37.8109959170601));
#7152=CARTESIAN_POINT('Origin',(205.813650032597,47.1114260812966,38.7966942978801));
#7153=CARTESIAN_POINT('Origin',(214.068600486769,47.1228121124666,43.2140833378502));
#7154=CARTESIAN_POINT('',(204.019095586024,47.1228121124716,43.2140833378601));
#7155=CARTESIAN_POINT('Origin',(214.068600486774,63.0285820752081,44.9947243185551));
#7156=CARTESIAN_POINT('',(204.019095586024,47.1275170840316,45.0394507097501));
#7157=CARTESIAN_POINT('',(224.118105387504,78.9249420948346,43.1246305554602));
#7158=CARTESIAN_POINT('Origin',(224.118105387514,78.9060281091541,35.7866537204652));
#7159=CARTESIAN_POINT('',(222.323550940954,78.9296470663876,44.9499979273502));
#7160=CARTESIAN_POINT('',(224.118105387514,78.9296470663946,44.9499979273601));
#7161=CARTESIAN_POINT('',(222.323550940944,78.9296470663946,44.9499979273502));
#7162=CARTESIAN_POINT('Origin',(222.323550940944,79.6285949780916,44.9480319321351));
#7163=CARTESIAN_POINT('',(222.323550940954,80.3275428897886,44.9460659369202));
#7164=CARTESIAN_POINT('',(222.323550940944,80.3275428897886,44.9460659369301));
#7165=CARTESIAN_POINT('',(222.323550940954,80.3275428897956,44.9460659369301));
#7166=CARTESIAN_POINT('Origin',(214.068600486769,47.1275170840266,45.0394507097402));
#7167=CARTESIAN_POINT('',(204.019095586034,47.1275170840336,45.0394507097501));
#7168=CARTESIAN_POINT('Ctrl Pts',(214.427511376084,45.3615156173966,37.8159109051001));
#7169=CARTESIAN_POINT('Ctrl Pts',(214.427511376084,47.1088853966536,37.8109959170601));
#7170=CARTESIAN_POINT('Ctrl Pts',(213.868024669974,45.3615156173966,37.8159109051001));
#7171=CARTESIAN_POINT('Ctrl Pts',(213.868024669974,47.1088853966536,37.8109959170601));
#7172=CARTESIAN_POINT('Ctrl Pts',(213.588281316924,45.3627859597176,38.3087600955101));
#7173=CARTESIAN_POINT('Ctrl Pts',(213.588281316924,47.1101557389756,38.3038451074701));
#7174=CARTESIAN_POINT('Ctrl Pts',(212.749051257754,45.3665969866816,39.7873076667402));
#7175=CARTESIAN_POINT('Ctrl Pts',(212.749051257754,47.1139667659396,39.7823926787001));
#7176=CARTESIAN_POINT('Ctrl Pts',(214.427511376084,45.3665969866816,39.7873076667402));
#7177=CARTESIAN_POINT('Ctrl Pts',(214.427511376084,47.1139667659396,39.7823926787001));
#7178=CARTESIAN_POINT('Ctrl Pts',(216.105971494424,45.3665969866816,39.7873076667402));
#7179=CARTESIAN_POINT('Ctrl Pts',(216.105971494424,47.1139667659396,39.7823926787001));
#7180=CARTESIAN_POINT('Ctrl Pts',(215.266741435254,45.3627859597176,38.3087600955101));
#7181=CARTESIAN_POINT('Ctrl Pts',(215.266741435254,47.1101557389756,38.3038451074701));
#7182=CARTESIAN_POINT('Ctrl Pts',(214.986998082194,45.3615156173966,37.8159109050901));
#7183=CARTESIAN_POINT('Ctrl Pts',(214.986998082194,47.1088853966536,37.8109959170501));
#7184=CARTESIAN_POINT('Ctrl Pts',(214.427511376084,45.3615156173966,37.8159109051001));
#7185=CARTESIAN_POINT('Ctrl Pts',(214.427511376084,47.1088853966536,37.8109959170601));
#7186=CARTESIAN_POINT('',(214.427511376084,45.3615156173966,37.8159109051001));
#7187=CARTESIAN_POINT('Ctrl Pts',(205.813650032584,45.3615156173966,37.8159109051001));
#7188=CARTESIAN_POINT('Ctrl Pts',(205.813650032584,47.1088853966536,37.8109959170601));
#7189=CARTESIAN_POINT('Ctrl Pts',(205.254163326484,45.3615156173966,37.8159109051001));
#7190=CARTESIAN_POINT('Ctrl Pts',(205.254163326484,47.1088853966536,37.8109959170601));
#7191=CARTESIAN_POINT('Ctrl Pts',(204.974419973434,45.3627859597176,38.3087600955101));
#7192=CARTESIAN_POINT('Ctrl Pts',(204.974419973434,47.1101557389756,38.3038451074701));
#7193=CARTESIAN_POINT('Ctrl Pts',(204.135189914264,45.3665969866816,39.7873076667402));
#7194=CARTESIAN_POINT('Ctrl Pts',(204.135189914264,47.1139667659396,39.7823926787001));
#7195=CARTESIAN_POINT('Ctrl Pts',(205.813650032594,45.3665969866816,39.7873076667402));
#7196=CARTESIAN_POINT('Ctrl Pts',(205.813650032594,47.1139667659396,39.7823926787001));
#7197=CARTESIAN_POINT('Ctrl Pts',(207.492110150924,45.3665969866816,39.7873076667402));
#7198=CARTESIAN_POINT('Ctrl Pts',(207.492110150924,47.1139667659396,39.7823926787001));
#7199=CARTESIAN_POINT('Ctrl Pts',(206.652880091764,45.3627859597176,38.3087600955101));
#7200=CARTESIAN_POINT('Ctrl Pts',(206.652880091764,47.1101557389756,38.3038451074701));
#7201=CARTESIAN_POINT('Ctrl Pts',(206.373136738704,45.3615156173966,37.8159109050901));
#7202=CARTESIAN_POINT('Ctrl Pts',(206.373136738704,47.1088853966536,37.8109959170501));
#7203=CARTESIAN_POINT('Ctrl Pts',(205.813650032584,45.3615156173966,37.8159109051001));
#7204=CARTESIAN_POINT('Ctrl Pts',(205.813650032584,47.1088853966536,37.8109959170601));
#7205=CARTESIAN_POINT('',(205.813650032585,45.3615156173966,37.8159109051001));
#7206=CARTESIAN_POINT('Origin',(214.068600585314,35.4327123802238,63.5086898854901));
#7207=CARTESIAN_POINT('',(224.118105387514,35.3886731631084,46.4229738236107));
#7208=CARTESIAN_POINT('',(223.041372719574,35.3886731312488,46.4229738237727));
#7209=CARTESIAN_POINT('',(224.118105387514,35.3833102329394,44.3423324596951));
#7210=CARTESIAN_POINT('Origin',(224.118105387514,44.7876988629866,59.2474932467951));
#7211=CARTESIAN_POINT('Ctrl Pts',(224.118105387514,35.3886731790381,46.4229738234925));
#7212=CARTESIAN_POINT('Ctrl Pts',(224.118105387514,35.3899064358781,46.4229666164983));
#7213=CARTESIAN_POINT('Ctrl Pts',(224.118105387514,35.3911397968904,46.4229591413406));
#7214=CARTESIAN_POINT('Ctrl Pts',(224.118105387514,35.8325195735038,46.4201882433376));
#7215=CARTESIAN_POINT('Ctrl Pts',(224.118105387514,36.2861196761623,46.3831219876369));
#7216=CARTESIAN_POINT('Ctrl Pts',(224.118105387514,38.3594152447485,46.0366628159619));
#7217=CARTESIAN_POINT('Ctrl Pts',(224.118105387514,40.0517092214209,45.2336674359167));
#7218=CARTESIAN_POINT('Ctrl Pts',(224.118105387514,42.6753000706773,42.7011547120808));
#7219=CARTESIAN_POINT('Ctrl Pts',(224.118105387514,43.576517679811,41.0151925201874));
#7220=CARTESIAN_POINT('Ctrl Pts',(224.118105387514,44.167166167518,38.4469284813425));
#7221=CARTESIAN_POINT('Ctrl Pts',(224.118105387514,44.2347939855711,37.5772875072675));
#7222=CARTESIAN_POINT('Ctrl Pts',(224.118105387514,44.135984659718,35.7045000198758));
#7223=CARTESIAN_POINT('Ctrl Pts',(224.118105387514,43.918984258794,34.6468911402523));
#7224=CARTESIAN_POINT('Ctrl Pts',(224.118105387514,42.8428682066787,31.9955761846945));
#7225=CARTESIAN_POINT('Ctrl Pts',(224.118105387514,41.6489349644156,30.4848682539476));
#7226=CARTESIAN_POINT('Ctrl Pts',(224.118105387514,38.6819346046541,28.4763481294449));
#7227=CARTESIAN_POINT('Ctrl Pts',(224.118105387514,36.949175231138,28.0061366766092));
#7228=CARTESIAN_POINT('Ctrl Pts',(224.118105387514,35.3980864483929,27.9949590483174));
#7229=CARTESIAN_POINT('Ctrl Pts',(224.118105387514,35.395882942475,27.9949440236036));
#7230=CARTESIAN_POINT('Ctrl Pts',(224.118105387514,35.393679765719,27.9949298549154));
#7231=CARTESIAN_POINT('Ctrl Pts',(222.323550940944,35.168732061181,27.9951982766715));
#7232=CARTESIAN_POINT('Ctrl Pts',(224.477016276828,35.168732061181,27.9951982766715));
#7233=CARTESIAN_POINT('Ctrl Pts',(222.323550940944,35.2174403583487,27.9950612703542));
#7234=CARTESIAN_POINT('Ctrl Pts',(224.477016276828,35.2174403583487,27.9950612703542));
#7235=CARTESIAN_POINT('Ctrl Pts',(222.323550940944,35.2661486555164,27.9949242640368));
#7236=CARTESIAN_POINT('Ctrl Pts',(224.477016276828,35.2661486555164,27.9949242640368));
#7237=CARTESIAN_POINT('Ctrl Pts',(222.323550940944,35.3148569526841,27.9947872577196));
#7238=CARTESIAN_POINT('Ctrl Pts',(224.477016276828,35.3148569526841,27.9947872577196));
#7239=CARTESIAN_POINT('Ctrl Pts',(222.323550940944,35.3432785634726,27.994707313635));
#7240=CARTESIAN_POINT('Ctrl Pts',(224.477016276828,35.3432785634726,27.994707313635));
#7241=CARTESIAN_POINT('Ctrl Pts',(222.323550940944,35.3717568993698,27.9947693093963));
#7242=CARTESIAN_POINT('Ctrl Pts',(224.477016276828,35.3717568993698,27.9947693093963));
#7243=CARTESIAN_POINT('Ctrl Pts',(222.323550940944,35.4002902826996,27.994974929833));
#7244=CARTESIAN_POINT('Ctrl Pts',(224.477016276828,35.4002902826996,27.994974929833));
#7245=CARTESIAN_POINT('Ctrl Pts',(222.323550940944,36.949175231138,28.0061366766092));
#7246=CARTESIAN_POINT('Ctrl Pts',(224.477016276828,36.949175231138,28.0061366766092));
#7247=CARTESIAN_POINT('Ctrl Pts',(222.323550940944,38.6819346046541,28.4763481294449));
#7248=CARTESIAN_POINT('Ctrl Pts',(224.477016276828,38.6819346046541,28.4763481294449));
#7249=CARTESIAN_POINT('Ctrl Pts',(222.323550940944,40.1756174487142,29.4875013778929));
#7250=CARTESIAN_POINT('Ctrl Pts',(224.477016276828,40.1756174487142,29.4875013778929));
#7251=CARTESIAN_POINT('Ctrl Pts',(222.323550940944,41.6489349644156,30.4848682539476));
#7252=CARTESIAN_POINT('Ctrl Pts',(224.477016276828,41.6489349644156,30.4848682539476));
#7253=CARTESIAN_POINT('Ctrl Pts',(222.323550940944,42.8428682066787,31.9955761846945));
#7254=CARTESIAN_POINT('Ctrl Pts',(224.477016276828,42.8428682066787,31.9955761846945));
#7255=CARTESIAN_POINT('Ctrl Pts',(222.323550940944,43.5047773584901,33.6263757903398));
#7256=CARTESIAN_POINT('Ctrl Pts',(224.477016276828,43.5047773584901,33.6263757903398));
#7257=CARTESIAN_POINT('Ctrl Pts',(222.323550940944,43.918984258794,34.6468911402523));
#7258=CARTESIAN_POINT('Ctrl Pts',(224.477016276828,43.918984258794,34.6468911402523));
#7259=CARTESIAN_POINT('Ctrl Pts',(222.323550940944,44.135984659718,35.7045000198758));
#7260=CARTESIAN_POINT('Ctrl Pts',(224.477016276828,44.135984659718,35.7045000198758));
#7261=CARTESIAN_POINT('Ctrl Pts',(222.323550940944,44.1887296733844,36.704205267978));
#7262=CARTESIAN_POINT('Ctrl Pts',(224.477016276828,44.1887296733844,36.704205267978));
#7263=CARTESIAN_POINT('Ctrl Pts',(222.323550940944,44.2347939855711,37.5772875072675));
#7264=CARTESIAN_POINT('Ctrl Pts',(224.477016276828,44.2347939855711,37.5772875072675));
#7265=CARTESIAN_POINT('Ctrl Pts',(222.323550940944,44.167166167518,38.4469284813425));
#7266=CARTESIAN_POINT('Ctrl Pts',(224.477016276828,44.167166167518,38.4469284813425));
#7267=CARTESIAN_POINT('Ctrl Pts',(222.323550940944,43.9590443790071,39.3518858565957));
#7268=CARTESIAN_POINT('Ctrl Pts',(224.477016276828,43.9590443790071,39.3518858565957));
#7269=CARTESIAN_POINT('Ctrl Pts',(222.323550940944,43.576517679811,41.0151925201874));
#7270=CARTESIAN_POINT('Ctrl Pts',(224.477016276828,43.576517679811,41.0151925201874));
#7271=CARTESIAN_POINT('Ctrl Pts',(222.323550940944,42.6753000706773,42.7011547120808));
#7272=CARTESIAN_POINT('Ctrl Pts',(224.477016276828,42.6753000706773,42.7011547120808));
#7273=CARTESIAN_POINT('Ctrl Pts',(222.323550940944,41.3697948043243,43.9613392789735));
#7274=CARTESIAN_POINT('Ctrl Pts',(224.477016276828,41.3697948043243,43.9613392789735));
#7275=CARTESIAN_POINT('Ctrl Pts',(222.323550940944,40.0517092214209,45.2336674359167));
#7276=CARTESIAN_POINT('Ctrl Pts',(224.477016276828,40.0517092214209,45.2336674359167));
#7277=CARTESIAN_POINT('Ctrl Pts',(222.323550940944,38.3594152447485,46.0366628159619));
#7278=CARTESIAN_POINT('Ctrl Pts',(224.477016276828,38.3594152447485,46.0366628159619));
#7279=CARTESIAN_POINT('Ctrl Pts',(222.323550940944,36.7457081422996,46.3063222096882));
#7280=CARTESIAN_POINT('Ctrl Pts',(224.477016276828,36.7457081422996,46.3063222096882));
#7281=CARTESIAN_POINT('Ctrl Pts',(222.323550940944,36.2861196761623,46.3831219876369));
#7282=CARTESIAN_POINT('Ctrl Pts',(224.477016276828,36.2861196761623,46.3831219876369));
#7283=CARTESIAN_POINT('Ctrl Pts',(222.323550940944,35.8325195735038,46.4201882433376));
#7284=CARTESIAN_POINT('Ctrl Pts',(224.477016276828,35.8325195735038,46.4201882433376));
#7285=CARTESIAN_POINT('Ctrl Pts',(222.323550940944,35.3923732619391,46.4229513978824));
#7286=CARTESIAN_POINT('Ctrl Pts',(224.477016276828,35.3923732619391,46.4229513978824));
#7287=CARTESIAN_POINT('Ctrl Pts',(222.323550940944,35.3825179294798,46.4230132677788));
#7288=CARTESIAN_POINT('Ctrl Pts',(224.477016276828,35.3825179294798,46.4230132677788));
#7289=CARTESIAN_POINT('Ctrl Pts',(222.323550940944,35.3726692386366,46.4230580095329));
#7290=CARTESIAN_POINT('Ctrl Pts',(224.477016276828,35.3726692386366,46.4230580095329));
#7291=CARTESIAN_POINT('Ctrl Pts',(222.323550940944,35.3628272588375,46.4230856929767));
#7292=CARTESIAN_POINT('Ctrl Pts',(224.477016276828,35.3628272588375,46.4230856929767));
#7293=CARTESIAN_POINT('Ctrl Pts',(222.323550940944,35.2977181953828,46.4232688312409));
#7294=CARTESIAN_POINT('Ctrl Pts',(224.477016276828,35.2977181953828,46.4232688312409));
#7295=CARTESIAN_POINT('Ctrl Pts',(222.323550940944,35.2326091319281,46.4234519695051));
#7296=CARTESIAN_POINT('Ctrl Pts',(224.477016276828,35.2326091319281,46.4234519695051));
#7297=CARTESIAN_POINT('Ctrl Pts',(222.323550940944,35.1675000684734,46.4236351077693));
#7298=CARTESIAN_POINT('Ctrl Pts',(224.477016276828,35.1675000684734,46.4236351077693));
#7299=CARTESIAN_POINT('Origin',(222.323550940954,79.6285949780916,44.9480319321451));
#7300=CARTESIAN_POINT('',(222.323550940944,80.3275428897956,44.9460659369202));
#7301=CARTESIAN_POINT('Origin',(226.271570723384,80.3039239325546,35.7827217300301));
#7302=CARTESIAN_POINT('Origin',(214.068600486769,47.1712733195396,62.0153672683302));
#7303=UNCERTAINTY_MEASURE_WITH_UNIT(LENGTH_MEASURE(0.01),#7307,
'DISTANCE_ACCURACY_VALUE',
'Maximum model space distance between geometric entities at asserted c
onnectivities');
#7304=UNCERTAINTY_MEASURE_WITH_UNIT(LENGTH_MEASURE(0.01),#7307,
'DISTANCE_ACCURACY_VALUE',
'Maximum model space distance between geometric entities at asserted c
onnectivities');
#7305=(
GEOMETRIC_REPRESENTATION_CONTEXT(3)
GLOBAL_UNCERTAINTY_ASSIGNED_CONTEXT((#7303))
GLOBAL_UNIT_ASSIGNED_CONTEXT((#7307,#7309,#7310))
REPRESENTATION_CONTEXT('','3D')
);
#7306=(
GEOMETRIC_REPRESENTATION_CONTEXT(3)
GLOBAL_UNCERTAINTY_ASSIGNED_CONTEXT((#7304))
GLOBAL_UNIT_ASSIGNED_CONTEXT((#7307,#7309,#7310))
REPRESENTATION_CONTEXT('','3D')
);
#7307=(
LENGTH_UNIT()
NAMED_UNIT(*)
SI_UNIT(.MILLI.,.METRE.)
);
#7308=(
LENGTH_UNIT()
NAMED_UNIT(*)
SI_UNIT($,.METRE.)
);
#7309=(
NAMED_UNIT(*)
PLANE_ANGLE_UNIT()
SI_UNIT($,.RADIAN.)
);
#7310=(
NAMED_UNIT(*)
SI_UNIT($,.STERADIAN.)
SOLID_ANGLE_UNIT()
);
#7311=SHAPE_DEFINITION_REPRESENTATION(#7312,#7313);
#7312=PRODUCT_DEFINITION_SHAPE('',$,#7315);
#7313=SHAPE_REPRESENTATION('',(#4165),#7305);
#7314=PRODUCT_DEFINITION_CONTEXT('part definition',#7319,'design');
#7315=PRODUCT_DEFINITION('2026-07-16-11-19-50-452',
'gripper_body_with_camera',#7316,#7314);
#7316=PRODUCT_DEFINITION_FORMATION('',$,#7321);
#7317=PRODUCT_RELATED_PRODUCT_CATEGORY('gripper_body_with_camera',
'gripper_body_with_camera',(#7321));
#7318=APPLICATION_PROTOCOL_DEFINITION('international standard',
'automotive_design',2009,#7319);
#7319=APPLICATION_CONTEXT(
'Core Data for Automotive Mechanical Design Process');
#7320=PRODUCT_CONTEXT('part definition',#7319,'mechanical');
#7321=PRODUCT('2026-07-16-11-19-50-452','gripper_body_with_camera',$,(#7320));
#7322=PRESENTATION_STYLE_ASSIGNMENT((#7324));
#7323=PRESENTATION_STYLE_ASSIGNMENT((#7325));
#7324=SURFACE_STYLE_USAGE(.BOTH.,#7326);
#7325=SURFACE_STYLE_USAGE(.BOTH.,#7327);
#7326=SURFACE_SIDE_STYLE('',(#7328));
#7327=SURFACE_SIDE_STYLE('',(#7329));
#7328=SURFACE_STYLE_FILL_AREA(#7330);
#7329=SURFACE_STYLE_FILL_AREA(#7331);
#7330=FILL_AREA_STYLE('\X2\AC15CCA0\X0\ - \X2\C0C8D2F4\X0\',(#7332));
#7331=FILL_AREA_STYLE('Opaque(160,160,160)',(#7333));
#7332=FILL_AREA_STYLE_COLOUR('\X2\AC15CCA0\X0\ - \X2\C0C8D2F4\X0\',#7334);
#7333=FILL_AREA_STYLE_COLOUR('Opaque(160,160,160)',#7335);
#7334=COLOUR_RGB('\X2\AC15CCA0\X0\ - \X2\C0C8D2F4\X0\',0.627450980392157,
0.627450980392157,0.627450980392157);
#7335=COLOUR_RGB('Opaque(160,160,160)',0.627450980392157,0.627450980392157,
0.627450980392157);
ENDSEC;
END-ISO-10303-21;
