ISO-10303-21;
HEADER;
/* Generated by software containing ST-Developer
 * from STEP Tools, Inc. (www.steptools.com) 
 */

FILE_DESCRIPTION(
/* description */ (''),
/* implementation_level */ '2;1');

FILE_NAME(
/* name */ 'motor_mount_bracket.step',
/* time_stamp */ '2026-07-27T14:19:00+09:00',
/* author */ (''),
/* organization */ (''),
/* preprocessor_version */ 'ST-DEVELOPER v20.1',
/* originating_system */ 'Autodesk Translation Framework v15.8.0.0',
/* authorisation */ '');

FILE_SCHEMA (('AUTOMOTIVE_DESIGN { 1 0 10303 214 3 1 1 }'));
ENDSEC;

DATA;
#10=MECHANICAL_DESIGN_GEOMETRIC_PRESENTATION_REPRESENTATION('',(#13),#3560);
#11=SHAPE_REPRESENTATION_RELATIONSHIP('SRR','None',#3567,#12);
#12=ADVANCED_BREP_SHAPE_REPRESENTATION('',(#14),#3559);
#13=STYLED_ITEM('',(#3577),#14);
#14=MANIFOLD_SOLID_BREP('\X2\BCF8CCB4\X0\1',#1770);
#15=(
BOUNDED_CURVE()
B_SPLINE_CURVE(1,(#3048,#3049),.UNSPECIFIED.,.F.,.F.)
B_SPLINE_CURVE_WITH_KNOTS((2,2),(-3.702255313916,-0.489828541296664),
 .UNSPECIFIED.)
CURVE()
GEOMETRIC_REPRESENTATION_ITEM()
RATIONAL_B_SPLINE_CURVE((1.,1.))
REPRESENTATION_ITEM('')
);
#16=B_SPLINE_CURVE_WITH_KNOTS('',3,(#2989,#2990,#2991,#2992),
 .UNSPECIFIED.,.F.,.F.,(4,4),(0.,0.0001686480730842),.UNSPECIFIED.);
#17=B_SPLINE_CURVE_WITH_KNOTS('',3,(#3021,#3022,#3023,#3024),
 .UNSPECIFIED.,.F.,.F.,(4,4),(0.,0.0001686480779761),.UNSPECIFIED.);
#18=B_SPLINE_CURVE_WITH_KNOTS('',3,(#3043,#3044,#3045,#3046),
 .UNSPECIFIED.,.F.,.F.,(4,4),(0.,0.0001686480779761),.UNSPECIFIED.);
#19=B_SPLINE_CURVE_WITH_KNOTS('',3,(#3054,#3055,#3056,#3057),
 .UNSPECIFIED.,.F.,.F.,(4,4),(0.,0.0001686480730837),.UNSPECIFIED.);
#20=CIRCLE('',#1873,12.6446842658084);
#21=CIRCLE('',#1881,12.6446842903614);
#22=CIRCLE('',#1883,12.6446969199698);
#23=CIRCLE('',#1885,12.64469689677);
#24=FACE_BOUND('',#219,.T.);
#25=FACE_BOUND('',#220,.T.);
#26=FACE_BOUND('',#221,.T.);
#27=FACE_BOUND('',#222,.T.);
#28=FACE_BOUND('',#223,.T.);
#29=FACE_BOUND('',#224,.T.);
#30=FACE_BOUND('',#225,.T.);
#31=FACE_BOUND('',#226,.T.);
#32=FACE_BOUND('',#227,.T.);
#33=FACE_BOUND('',#230,.T.);
#34=FACE_BOUND('',#234,.T.);
#35=FACE_BOUND('',#235,.T.);
#36=FACE_BOUND('',#236,.T.);
#37=FACE_BOUND('',#237,.T.);
#38=FACE_BOUND('',#238,.T.);
#39=FACE_BOUND('',#239,.T.);
#40=FACE_BOUND('',#240,.T.);
#41=FACE_BOUND('',#241,.T.);
#42=FACE_BOUND('',#242,.T.);
#43=FACE_BOUND('',#243,.T.);
#44=FACE_BOUND('',#244,.T.);
#45=FACE_BOUND('',#249,.T.);
#46=FACE_BOUND('',#256,.T.);
#47=FACE_BOUND('',#258,.T.);
#48=FACE_BOUND('',#271,.T.);
#49=FACE_BOUND('',#310,.T.);
#50=FACE_BOUND('',#315,.T.);
#51=FACE_BOUND('',#320,.T.);
#52=FACE_BOUND('',#325,.T.);
#53=FACE_BOUND('',#330,.T.);
#54=FACE_BOUND('',#335,.T.);
#55=FACE_BOUND('',#340,.T.);
#56=PLANE('',#1801);
#57=PLANE('',#1813);
#58=PLANE('',#1818);
#59=PLANE('',#1835);
#60=PLANE('',#1836);
#61=PLANE('',#1837);
#62=PLANE('',#1838);
#63=PLANE('',#1839);
#64=PLANE('',#1840);
#65=PLANE('',#1841);
#66=PLANE('',#1844);
#67=PLANE('',#1848);
#68=PLANE('',#1849);
#69=PLANE('',#1850);
#70=PLANE('',#1851);
#71=PLANE('',#1852);
#72=PLANE('',#1853);
#73=PLANE('',#1854);
#74=PLANE('',#1855);
#75=PLANE('',#1856);
#76=PLANE('',#1857);
#77=PLANE('',#1858);
#78=PLANE('',#1859);
#79=PLANE('',#1861);
#80=PLANE('',#1862);
#81=PLANE('',#1863);
#82=PLANE('',#1864);
#83=PLANE('',#1865);
#84=PLANE('',#1866);
#85=PLANE('',#1867);
#86=PLANE('',#1868);
#87=PLANE('',#1869);
#88=PLANE('',#1870);
#89=PLANE('',#1871);
#90=PLANE('',#1872);
#91=PLANE('',#1874);
#92=PLANE('',#1875);
#93=PLANE('',#1878);
#94=PLANE('',#1880);
#95=PLANE('',#1887);
#96=PLANE('',#1888);
#97=PLANE('',#1891);
#98=PLANE('',#1893);
#99=PLANE('',#1894);
#100=PLANE('',#1896);
#101=PLANE('',#1897);
#102=PLANE('',#1899);
#103=PLANE('',#1902);
#104=PLANE('',#1906);
#105=PLANE('',#1910);
#106=PLANE('',#1914);
#107=PLANE('',#1919);
#108=PLANE('',#1924);
#109=PLANE('',#1928);
#110=FACE_OUTER_BOUND('',#210,.T.);
#111=FACE_OUTER_BOUND('',#211,.T.);
#112=FACE_OUTER_BOUND('',#212,.T.);
#113=FACE_OUTER_BOUND('',#213,.T.);
#114=FACE_OUTER_BOUND('',#214,.T.);
#115=FACE_OUTER_BOUND('',#215,.T.);
#116=FACE_OUTER_BOUND('',#216,.T.);
#117=FACE_OUTER_BOUND('',#217,.T.);
#118=FACE_OUTER_BOUND('',#218,.T.);
#119=FACE_OUTER_BOUND('',#228,.T.);
#120=FACE_OUTER_BOUND('',#229,.T.);
#121=FACE_OUTER_BOUND('',#231,.T.);
#122=FACE_OUTER_BOUND('',#232,.T.);
#123=FACE_OUTER_BOUND('',#233,.T.);
#124=FACE_OUTER_BOUND('',#245,.T.);
#125=FACE_OUTER_BOUND('',#246,.T.);
#126=FACE_OUTER_BOUND('',#247,.T.);
#127=FACE_OUTER_BOUND('',#248,.T.);
#128=FACE_OUTER_BOUND('',#250,.T.);
#129=FACE_OUTER_BOUND('',#251,.T.);
#130=FACE_OUTER_BOUND('',#252,.T.);
#131=FACE_OUTER_BOUND('',#253,.T.);
#132=FACE_OUTER_BOUND('',#254,.T.);
#133=FACE_OUTER_BOUND('',#255,.T.);
#134=FACE_OUTER_BOUND('',#257,.T.);
#135=FACE_OUTER_BOUND('',#259,.T.);
#136=FACE_OUTER_BOUND('',#260,.T.);
#137=FACE_OUTER_BOUND('',#261,.T.);
#138=FACE_OUTER_BOUND('',#262,.T.);
#139=FACE_OUTER_BOUND('',#263,.T.);
#140=FACE_OUTER_BOUND('',#264,.T.);
#141=FACE_OUTER_BOUND('',#265,.T.);
#142=FACE_OUTER_BOUND('',#266,.T.);
#143=FACE_OUTER_BOUND('',#267,.T.);
#144=FACE_OUTER_BOUND('',#268,.T.);
#145=FACE_OUTER_BOUND('',#269,.T.);
#146=FACE_OUTER_BOUND('',#270,.T.);
#147=FACE_OUTER_BOUND('',#272,.T.);
#148=FACE_OUTER_BOUND('',#273,.T.);
#149=FACE_OUTER_BOUND('',#274,.T.);
#150=FACE_OUTER_BOUND('',#275,.T.);
#151=FACE_OUTER_BOUND('',#276,.T.);
#152=FACE_OUTER_BOUND('',#277,.T.);
#153=FACE_OUTER_BOUND('',#278,.T.);
#154=FACE_OUTER_BOUND('',#279,.T.);
#155=FACE_OUTER_BOUND('',#280,.T.);
#156=FACE_OUTER_BOUND('',#281,.T.);
#157=FACE_OUTER_BOUND('',#282,.T.);
#158=FACE_OUTER_BOUND('',#283,.T.);
#159=FACE_OUTER_BOUND('',#284,.T.);
#160=FACE_OUTER_BOUND('',#285,.T.);
#161=FACE_OUTER_BOUND('',#286,.T.);
#162=FACE_OUTER_BOUND('',#287,.T.);
#163=FACE_OUTER_BOUND('',#288,.T.);
#164=FACE_OUTER_BOUND('',#289,.T.);
#165=FACE_OUTER_BOUND('',#290,.T.);
#166=FACE_OUTER_BOUND('',#291,.T.);
#167=FACE_OUTER_BOUND('',#292,.T.);
#168=FACE_OUTER_BOUND('',#293,.T.);
#169=FACE_OUTER_BOUND('',#294,.T.);
#170=FACE_OUTER_BOUND('',#295,.T.);
#171=FACE_OUTER_BOUND('',#296,.T.);
#172=FACE_OUTER_BOUND('',#297,.T.);
#173=FACE_OUTER_BOUND('',#298,.T.);
#174=FACE_OUTER_BOUND('',#299,.T.);
#175=FACE_OUTER_BOUND('',#300,.T.);
#176=FACE_OUTER_BOUND('',#301,.T.);
#177=FACE_OUTER_BOUND('',#302,.T.);
#178=FACE_OUTER_BOUND('',#303,.T.);
#179=FACE_OUTER_BOUND('',#304,.T.);
#180=FACE_OUTER_BOUND('',#305,.T.);
#181=FACE_OUTER_BOUND('',#306,.T.);
#182=FACE_OUTER_BOUND('',#307,.T.);
#183=FACE_OUTER_BOUND('',#308,.T.);
#184=FACE_OUTER_BOUND('',#309,.T.);
#185=FACE_OUTER_BOUND('',#311,.T.);
#186=FACE_OUTER_BOUND('',#312,.T.);
#187=FACE_OUTER_BOUND('',#313,.T.);
#188=FACE_OUTER_BOUND('',#314,.T.);
#189=FACE_OUTER_BOUND('',#316,.T.);
#190=FACE_OUTER_BOUND('',#317,.T.);
#191=FACE_OUTER_BOUND('',#318,.T.);
#192=FACE_OUTER_BOUND('',#319,.T.);
#193=FACE_OUTER_BOUND('',#321,.T.);
#194=FACE_OUTER_BOUND('',#322,.T.);
#195=FACE_OUTER_BOUND('',#323,.T.);
#196=FACE_OUTER_BOUND('',#324,.T.);
#197=FACE_OUTER_BOUND('',#326,.T.);
#198=FACE_OUTER_BOUND('',#327,.T.);
#199=FACE_OUTER_BOUND('',#328,.T.);
#200=FACE_OUTER_BOUND('',#329,.T.);
#201=FACE_OUTER_BOUND('',#331,.T.);
#202=FACE_OUTER_BOUND('',#332,.T.);
#203=FACE_OUTER_BOUND('',#333,.T.);
#204=FACE_OUTER_BOUND('',#334,.T.);
#205=FACE_OUTER_BOUND('',#336,.T.);
#206=FACE_OUTER_BOUND('',#337,.T.);
#207=FACE_OUTER_BOUND('',#338,.T.);
#208=FACE_OUTER_BOUND('',#339,.T.);
#209=FACE_OUTER_BOUND('',#341,.T.);
#210=EDGE_LOOP('',(#1132,#1133,#1134,#1135,#1136));
#211=EDGE_LOOP('',(#1137,#1138,#1139,#1140));
#212=EDGE_LOOP('',(#1141,#1142,#1143,#1144));
#213=EDGE_LOOP('',(#1145,#1146,#1147,#1148));
#214=EDGE_LOOP('',(#1149,#1150,#1151,#1152));
#215=EDGE_LOOP('',(#1153,#1154,#1155,#1156));
#216=EDGE_LOOP('',(#1157,#1158,#1159,#1160));
#217=EDGE_LOOP('',(#1161,#1162,#1163,#1164));
#218=EDGE_LOOP('',(#1165,#1166));
#219=EDGE_LOOP('',(#1167));
#220=EDGE_LOOP('',(#1168));
#221=EDGE_LOOP('',(#1169));
#222=EDGE_LOOP('',(#1170));
#223=EDGE_LOOP('',(#1171));
#224=EDGE_LOOP('',(#1172));
#225=EDGE_LOOP('',(#1173));
#226=EDGE_LOOP('',(#1174,#1175));
#227=EDGE_LOOP('',(#1176));
#228=EDGE_LOOP('',(#1177,#1178,#1179,#1180));
#229=EDGE_LOOP('',(#1181));
#230=EDGE_LOOP('',(#1182));
#231=EDGE_LOOP('',(#1183,#1184,#1185,#1186,#1187,#1188));
#232=EDGE_LOOP('',(#1189,#1190,#1191,#1192,#1193));
#233=EDGE_LOOP('',(#1194,#1195,#1196,#1197,#1198,#1199,#1200,#1201));
#234=EDGE_LOOP('',(#1202));
#235=EDGE_LOOP('',(#1203));
#236=EDGE_LOOP('',(#1204,#1205));
#237=EDGE_LOOP('',(#1206,#1207));
#238=EDGE_LOOP('',(#1208));
#239=EDGE_LOOP('',(#1209,#1210));
#240=EDGE_LOOP('',(#1211,#1212));
#241=EDGE_LOOP('',(#1213));
#242=EDGE_LOOP('',(#1214,#1215));
#243=EDGE_LOOP('',(#1216,#1217));
#244=EDGE_LOOP('',(#1218));
#245=EDGE_LOOP('',(#1219,#1220,#1221,#1222,#1223));
#246=EDGE_LOOP('',(#1224,#1225,#1226,#1227));
#247=EDGE_LOOP('',(#1228,#1229,#1230,#1231));
#248=EDGE_LOOP('',(#1232,#1233,#1234,#1235,#1236,#1237,#1238,#1239,#1240,
#1241,#1242,#1243,#1244,#1245));
#249=EDGE_LOOP('',(#1246));
#250=EDGE_LOOP('',(#1247,#1248,#1249,#1250));
#251=EDGE_LOOP('',(#1251,#1252,#1253,#1254));
#252=EDGE_LOOP('',(#1255,#1256,#1257,#1258));
#253=EDGE_LOOP('',(#1259,#1260,#1261,#1262,#1263,#1264,#1265,#1266));
#254=EDGE_LOOP('',(#1267,#1268,#1269,#1270));
#255=EDGE_LOOP('',(#1271,#1272,#1273,#1274));
#256=EDGE_LOOP('',(#1275,#1276,#1277,#1278,#1279,#1280));
#257=EDGE_LOOP('',(#1281,#1282,#1283,#1284,#1285));
#258=EDGE_LOOP('',(#1286,#1287,#1288,#1289,#1290,#1291));
#259=EDGE_LOOP('',(#1292,#1293,#1294,#1295,#1296,#1297,#1298,#1299));
#260=EDGE_LOOP('',(#1300,#1301,#1302,#1303));
#261=EDGE_LOOP('',(#1304,#1305,#1306,#1307));
#262=EDGE_LOOP('',(#1308,#1309,#1310,#1311));
#263=EDGE_LOOP('',(#1312,#1313,#1314,#1315));
#264=EDGE_LOOP('',(#1316,#1317,#1318,#1319));
#265=EDGE_LOOP('',(#1320,#1321,#1322,#1323));
#266=EDGE_LOOP('',(#1324,#1325,#1326,#1327));
#267=EDGE_LOOP('',(#1328,#1329,#1330,#1331,#1332,#1333,#1334,#1335));
#268=EDGE_LOOP('',(#1336,#1337,#1338,#1339));
#269=EDGE_LOOP('',(#1340,#1341,#1342,#1343));
#270=EDGE_LOOP('',(#1344,#1345,#1346,#1347,#1348,#1349,#1350,#1351,#1352,
#1353,#1354,#1355,#1356,#1357));
#271=EDGE_LOOP('',(#1358));
#272=EDGE_LOOP('',(#1359,#1360,#1361,#1362));
#273=EDGE_LOOP('',(#1363,#1364,#1365,#1366));
#274=EDGE_LOOP('',(#1367,#1368,#1369,#1370));
#275=EDGE_LOOP('',(#1371,#1372,#1373,#1374));
#276=EDGE_LOOP('',(#1375,#1376,#1377,#1378));
#277=EDGE_LOOP('',(#1379,#1380,#1381,#1382,#1383,#1384,#1385,#1386));
#278=EDGE_LOOP('',(#1387,#1388,#1389,#1390));
#279=EDGE_LOOP('',(#1391,#1392,#1393,#1394));
#280=EDGE_LOOP('',(#1395,#1396,#1397,#1398));
#281=EDGE_LOOP('',(#1399,#1400,#1401,#1402));
#282=EDGE_LOOP('',(#1403,#1404,#1405,#1406));
#283=EDGE_LOOP('',(#1407,#1408,#1409,#1410));
#284=EDGE_LOOP('',(#1411,#1412,#1413,#1414));
#285=EDGE_LOOP('',(#1415,#1416,#1417,#1418));
#286=EDGE_LOOP('',(#1419,#1420,#1421,#1422));
#287=EDGE_LOOP('',(#1423,#1424,#1425,#1426));
#288=EDGE_LOOP('',(#1427,#1428,#1429,#1430));
#289=EDGE_LOOP('',(#1431,#1432,#1433,#1434));
#290=EDGE_LOOP('',(#1435,#1436,#1437,#1438,#1439,#1440,#1441,#1442,#1443,
#1444,#1445,#1446,#1447,#1448,#1449,#1450,#1451));
#291=EDGE_LOOP('',(#1452,#1453,#1454,#1455));
#292=EDGE_LOOP('',(#1456,#1457,#1458,#1459));
#293=EDGE_LOOP('',(#1460,#1461,#1462,#1463));
#294=EDGE_LOOP('',(#1464,#1465,#1466,#1467));
#295=EDGE_LOOP('',(#1468,#1469,#1470,#1471));
#296=EDGE_LOOP('',(#1472,#1473,#1474,#1475));
#297=EDGE_LOOP('',(#1476,#1477,#1478,#1479));
#298=EDGE_LOOP('',(#1480,#1481,#1482,#1483));
#299=EDGE_LOOP('',(#1484,#1485,#1486,#1487));
#300=EDGE_LOOP('',(#1488,#1489,#1490,#1491));
#301=EDGE_LOOP('',(#1492,#1493,#1494,#1495));
#302=EDGE_LOOP('',(#1496,#1497,#1498,#1499));
#303=EDGE_LOOP('',(#1500,#1501,#1502,#1503));
#304=EDGE_LOOP('',(#1504,#1505,#1506,#1507));
#305=EDGE_LOOP('',(#1508,#1509,#1510,#1511));
#306=EDGE_LOOP('',(#1512,#1513,#1514,#1515));
#307=EDGE_LOOP('',(#1516,#1517,#1518,#1519));
#308=EDGE_LOOP('',(#1520,#1521,#1522,#1523,#1524));
#309=EDGE_LOOP('',(#1525));
#310=EDGE_LOOP('',(#1526));
#311=EDGE_LOOP('',(#1527,#1528,#1529,#1530));
#312=EDGE_LOOP('',(#1531,#1532,#1533,#1534));
#313=EDGE_LOOP('',(#1535,#1536,#1537,#1538,#1539));
#314=EDGE_LOOP('',(#1540));
#315=EDGE_LOOP('',(#1541));
#316=EDGE_LOOP('',(#1542,#1543,#1544,#1545));
#317=EDGE_LOOP('',(#1546,#1547,#1548,#1549));
#318=EDGE_LOOP('',(#1550,#1551,#1552,#1553));
#319=EDGE_LOOP('',(#1554));
#320=EDGE_LOOP('',(#1555));
#321=EDGE_LOOP('',(#1556,#1557,#1558,#1559));
#322=EDGE_LOOP('',(#1560,#1561,#1562,#1563));
#323=EDGE_LOOP('',(#1564,#1565,#1566,#1567,#1568));
#324=EDGE_LOOP('',(#1569));
#325=EDGE_LOOP('',(#1570));
#326=EDGE_LOOP('',(#1571,#1572,#1573,#1574));
#327=EDGE_LOOP('',(#1575,#1576,#1577,#1578,#1579));
#328=EDGE_LOOP('',(#1580,#1581,#1582,#1583,#1584,#1585));
#329=EDGE_LOOP('',(#1586));
#330=EDGE_LOOP('',(#1587));
#331=EDGE_LOOP('',(#1588,#1589,#1590,#1591));
#332=EDGE_LOOP('',(#1592,#1593,#1594,#1595,#1596));
#333=EDGE_LOOP('',(#1597,#1598,#1599,#1600,#1601));
#334=EDGE_LOOP('',(#1602));
#335=EDGE_LOOP('',(#1603));
#336=EDGE_LOOP('',(#1604,#1605,#1606,#1607));
#337=EDGE_LOOP('',(#1608,#1609,#1610,#1611));
#338=EDGE_LOOP('',(#1612,#1613,#1614,#1615,#1616,#1617));
#339=EDGE_LOOP('',(#1618));
#340=EDGE_LOOP('',(#1619));
#341=EDGE_LOOP('',(#1620,#1621,#1622,#1623));
#342=ELLIPSE('',#1784,1.82827960790917,1.75015757599045);
#343=ELLIPSE('',#1785,1.82827960789611,1.75015757597782);
#344=ELLIPSE('',#1786,1.98195214247877,1.89726371305909);
#345=ELLIPSE('',#1787,1.828279607898,1.75015757597976);
#346=ELLIPSE('',#1788,1.98195214247916,1.8972637130575);
#347=ELLIPSE('',#1789,1.82827960789237,1.75015757598183);
#348=ELLIPSE('',#1790,1.98195214247495,1.89726371305133);
#349=ELLIPSE('',#1791,1.82827960790573,1.75015757598553);
#350=ELLIPSE('',#1792,1.98195214248089,1.89726371306032);
#351=ELLIPSE('',#1793,1.82827960790205,1.75015757598605);
#352=ELLIPSE('',#1794,1.9819521424789,1.89726371306373);
#353=ELLIPSE('',#1795,8.01758612637233,7.6749962311652);
#354=ELLIPSE('',#1796,7.79867468390776,7.46543883204987);
#355=ELLIPSE('',#1797,2.9571058620768,2.83074930395488);
#356=ELLIPSE('',#1798,3.17615074074924,3.04043443758023);
#357=ELLIPSE('',#1799,1.8282796079,1.75015757598199);
#358=ELLIPSE('',#1800,1.98195214247446,1.89726371305726);
#359=ELLIPSE('',#1802,7.79867468390776,7.46543883204987);
#360=ELLIPSE('',#1803,0.803164555129324,0.768845489960711);
#361=ELLIPSE('',#1804,0.803164555131064,0.768845489960667);
#362=ELLIPSE('',#1805,0.803164555129588,0.76884548996088);
#363=ELLIPSE('',#1806,0.803164555131648,0.768845489958948);
#364=ELLIPSE('',#1807,0.803164555129649,0.768845489960792);
#365=ELLIPSE('',#1808,0.803164555127722,0.768845489961167);
#366=ELLIPSE('',#1809,0.803164555129608,0.76884548996077);
#367=ELLIPSE('',#1810,3.17615074074924,3.04043443758023);
#368=ELLIPSE('',#1811,0.803164555131666,0.768845489958854);
#369=ELLIPSE('',#1812,0.803164555138668,0.768845489967807);
#370=ELLIPSE('',#1814,1.60632911026665,1.53769097992877);
#371=ELLIPSE('',#1815,1.82827960790569,1.7501575759891);
#372=ELLIPSE('',#1816,1.8282796079,1.75015757598199);
#373=ELLIPSE('',#1817,1.98195214247446,1.89726371305726);
#374=ELLIPSE('',#1819,3.78899516371224,3.6270921375905);
#375=ELLIPSE('',#1820,7.98735533825535,7.64605719875354);
#376=ELLIPSE('',#1821,3.78899516369974,3.6270921375905);
#377=ELLIPSE('',#1822,7.98735533826046,7.6460571987491);
#378=ELLIPSE('',#1823,1.64283659004001,1.57263850219238);
#379=ELLIPSE('',#1824,1.64283659004,1.57263850219238);
#380=ELLIPSE('',#1825,1.9819521424789,1.89726371306373);
#381=ELLIPSE('',#1826,1.98195214248089,1.89726371306032);
#382=ELLIPSE('',#1827,1.98195214247669,1.89726371305583);
#383=ELLIPSE('',#1828,1.98195214247495,1.89726371305133);
#384=ELLIPSE('',#1829,1.98195214247916,1.8972637130575);
#385=ELLIPSE('',#1830,1.98195214247123,1.89726371305156);
#386=ELLIPSE('',#1831,1.98195214247877,1.89726371305909);
#387=ELLIPSE('',#1832,2.9571058620695,2.8307493039477);
#388=ELLIPSE('',#1833,2.9571058620768,2.83074930395488);
#389=ELLIPSE('',#1834,1.64283659004661,1.57263850219943);
#390=ELLIPSE('',#1842,8.09944471454578,7.75335701774428);
#391=ELLIPSE('',#1843,3.68955535939974,3.531901376767);
#392=ELLIPSE('',#1845,8.09944471510241,7.75335701803713);
#393=ELLIPSE('',#1846,8.09944471520812,7.7533570180791);
#394=ELLIPSE('',#1847,3.68955535941181,3.531901376767);
#395=ELLIPSE('',#1860,1.64283659004,1.57263850219238);
#396=ELLIPSE('',#1876,3.47352268204512,0.235950040622577);
#397=ELLIPSE('',#1877,4.00790660615775,3.836649536692);
#398=ELLIPSE('',#1879,3.47352254943909,0.235949814717187);
#399=ELLIPSE('',#1882,8.20626678070004,7.85561459785119);
#400=ELLIPSE('',#1884,8.01758612637233,7.6749962311652);
#401=ELLIPSE('',#1886,8.20626678069784,7.85561459784318);
#402=ELLIPSE('',#1889,3.47352506174496,0.235951242349403);
#403=ELLIPSE('',#1890,4.00790660616238,3.8366495366985);
#404=ELLIPSE('',#1892,3.47351826520821,0.235949192563968);
#405=ELLIPSE('',#1895,3.90846680185118,3.741458775875);
#406=ELLIPSE('',#1898,3.90846680185145,3.741458775875);
#407=ELLIPSE('',#1900,1.82827960790205,1.75015757598605);
#408=ELLIPSE('',#1901,1.60632911027049,1.53769097993127);
#409=ELLIPSE('',#1903,0.803164555140642,0.76884548997062);
#410=ELLIPSE('',#1904,1.82827960790573,1.75015757598553);
#411=ELLIPSE('',#1905,1.60632911027031,1.53769097993142);
#412=ELLIPSE('',#1907,0.803164555139865,0.768845489970353);
#413=ELLIPSE('',#1908,1.82827960789966,1.75015757598276);
#414=ELLIPSE('',#1909,1.6063291102674,1.53769097992866);
#415=ELLIPSE('',#1911,0.803164555137761,0.76884548996779);
#416=ELLIPSE('',#1912,1.82827960789237,1.75015757598183);
#417=ELLIPSE('',#1913,1.60632911026792,1.53769097992861);
#418=ELLIPSE('',#1915,0.803164555139964,0.768845489967698);
#419=ELLIPSE('',#1916,1.82827960790728,1.75015757598851);
#420=ELLIPSE('',#1917,1.828279607898,1.75015757597976);
#421=ELLIPSE('',#1918,1.60632911027046,1.53769097993161);
#422=ELLIPSE('',#1920,0.803164555140744,0.768845489970886);
#423=ELLIPSE('',#1921,1.82827960789694,1.7501575759765);
#424=ELLIPSE('',#1922,1.82827960789731,1.7501575759795);
#425=ELLIPSE('',#1923,1.60632911026738,1.53769097992866);
#426=ELLIPSE('',#1925,0.803164555138638,0.768845489968253);
#427=ELLIPSE('',#1926,1.82827960790917,1.75015757599045);
#428=ELLIPSE('',#1927,1.60632911027036,1.53769097993171);
#429=ELLIPSE('',#1929,0.803164555140744,0.768845489970319);
#430=LINE('',#2398,#579);
#431=LINE('',#2404,#580);
#432=LINE('',#2430,#581);
#433=LINE('',#2434,#582);
#434=LINE('',#2460,#583);
#435=LINE('',#2464,#584);
#436=LINE('',#2490,#585);
#437=LINE('',#2494,#586);
#438=LINE('',#2516,#587);
#439=LINE('',#2520,#588);
#440=LINE('',#2546,#589);
#441=LINE('',#2550,#590);
#442=LINE('',#2572,#591);
#443=LINE('',#2576,#592);
#444=LINE('',#2602,#593);
#445=LINE('',#2606,#594);
#446=LINE('',#2643,#595);
#447=LINE('',#2664,#596);
#448=LINE('',#2687,#597);
#449=LINE('',#2691,#598);
#450=LINE('',#2695,#599);
#451=LINE('',#2699,#600);
#452=LINE('',#2734,#601);
#453=LINE('',#2770,#602);
#454=LINE('',#2774,#603);
#455=LINE('',#2776,#604);
#456=LINE('',#2778,#605);
#457=LINE('',#2780,#606);
#458=LINE('',#2782,#607);
#459=LINE('',#2784,#608);
#460=LINE('',#2786,#609);
#461=LINE('',#2788,#610);
#462=LINE('',#2790,#611);
#463=LINE('',#2792,#612);
#464=LINE('',#2794,#613);
#465=LINE('',#2796,#614);
#466=LINE('',#2798,#615);
#467=LINE('',#2799,#616);
#468=LINE('',#2802,#617);
#469=LINE('',#2804,#618);
#470=LINE('',#2805,#619);
#471=LINE('',#2808,#620);
#472=LINE('',#2810,#621);
#473=LINE('',#2811,#622);
#474=LINE('',#2813,#623);
#475=LINE('',#2814,#624);
#476=LINE('',#2817,#625);
#477=LINE('',#2819,#626);
#478=LINE('',#2820,#627);
#479=LINE('',#2823,#628);
#480=LINE('',#2824,#629);
#481=LINE('',#2830,#630);
#482=LINE('',#2833,#631);
#483=LINE('',#2836,#632);
#484=LINE('',#2838,#633);
#485=LINE('',#2840,#634);
#486=LINE('',#2842,#635);
#487=LINE('',#2844,#636);
#488=LINE('',#2845,#637);
#489=LINE('',#2853,#638);
#490=LINE('',#2856,#639);
#491=LINE('',#2858,#640);
#492=LINE('',#2860,#641);
#493=LINE('',#2862,#642);
#494=LINE('',#2863,#643);
#495=LINE('',#2866,#644);
#496=LINE('',#2867,#645);
#497=LINE('',#2868,#646);
#498=LINE('',#2870,#647);
#499=LINE('',#2871,#648);
#500=LINE('',#2874,#649);
#501=LINE('',#2876,#650);
#502=LINE('',#2877,#651);
#503=LINE('',#2879,#652);
#504=LINE('',#2881,#653);
#505=LINE('',#2884,#654);
#506=LINE('',#2890,#655);
#507=LINE('',#2892,#656);
#508=LINE('',#2893,#657);
#509=LINE('',#2895,#658);
#510=LINE('',#2897,#659);
#511=LINE('',#2899,#660);
#512=LINE('',#2900,#661);
#513=LINE('',#2903,#662);
#514=LINE('',#2905,#663);
#515=LINE('',#2906,#664);
#516=LINE('',#2909,#665);
#517=LINE('',#2910,#666);
#518=LINE('',#2913,#667);
#519=LINE('',#2915,#668);
#520=LINE('',#2917,#669);
#521=LINE('',#2919,#670);
#522=LINE('',#2921,#671);
#523=LINE('',#2923,#672);
#524=LINE('',#2925,#673);
#525=LINE('',#2927,#674);
#526=LINE('',#2928,#675);
#527=LINE('',#2930,#676);
#528=LINE('',#2931,#677);
#529=LINE('',#2952,#678);
#530=LINE('',#2954,#679);
#531=LINE('',#2957,#680);
#532=LINE('',#2959,#681);
#533=LINE('',#2962,#682);
#534=LINE('',#2963,#683);
#535=LINE('',#2965,#684);
#536=LINE('',#2966,#685);
#537=LINE('',#2969,#686);
#538=LINE('',#2971,#687);
#539=LINE('',#2972,#688);
#540=LINE('',#2974,#689);
#541=LINE('',#2976,#690);
#542=LINE('',#2979,#691);
#543=LINE('',#2985,#692);
#544=LINE('',#2986,#693);
#545=LINE('',#2994,#694);
#546=LINE('',#2995,#695);
#547=LINE('',#2998,#696);
#548=LINE('',#3011,#697);
#549=LINE('',#3015,#698);
#550=LINE('',#3018,#699);
#551=LINE('',#3020,#700);
#552=LINE('',#3061,#701);
#553=LINE('',#3063,#702);
#554=LINE('',#3064,#703);
#555=LINE('',#3067,#704);
#556=LINE('',#3080,#705);
#557=LINE('',#3083,#706);
#558=LINE('',#3086,#707);
#559=LINE('',#3087,#708);
#560=LINE('',#3089,#709);
#561=LINE('',#3101,#710);
#562=LINE('',#3144,#711);
#563=LINE('',#3205,#712);
#564=LINE('',#3224,#713);
#565=LINE('',#3259,#714);
#566=LINE('',#3278,#715);
#567=LINE('',#3295,#716);
#568=LINE('',#3311,#717);
#569=LINE('',#3330,#718);
#570=LINE('',#3365,#719);
#571=LINE('',#3384,#720);
#572=LINE('',#3425,#721);
#573=LINE('',#3444,#722);
#574=LINE('',#3463,#723);
#575=LINE('',#3479,#724);
#576=LINE('',#3498,#725);
#577=LINE('',#3537,#726);
#578=LINE('',#3556,#727);
#579=VECTOR('',#1932,10.);
#580=VECTOR('',#1937,10.);
#581=VECTOR('',#1940,10.);
#582=VECTOR('',#1943,10.);
#583=VECTOR('',#1946,10.);
#584=VECTOR('',#1949,10.);
#585=VECTOR('',#1952,10.);
#586=VECTOR('',#1955,10.);
#587=VECTOR('',#1958,10.);
#588=VECTOR('',#1961,10.);
#589=VECTOR('',#1964,10.);
#590=VECTOR('',#1967,10.);
#591=VECTOR('',#1970,10.);
#592=VECTOR('',#1973,10.);
#593=VECTOR('',#1976,10.);
#594=VECTOR('',#1979,10.);
#595=VECTOR('',#2006,10.);
#596=VECTOR('',#2015,10.);
#597=VECTOR('',#2020,10.);
#598=VECTOR('',#2023,10.);
#599=VECTOR('',#2026,10.);
#600=VECTOR('',#2029,10.);
#601=VECTOR('',#2052,10.);
#602=VECTOR('',#2057,10.);
#603=VECTOR('',#2060,10.);
#604=VECTOR('',#2061,10.);
#605=VECTOR('',#2062,10.);
#606=VECTOR('',#2063,10.);
#607=VECTOR('',#2064,10.);
#608=VECTOR('',#2065,10.);
#609=VECTOR('',#2066,10.);
#610=VECTOR('',#2067,10.);
#611=VECTOR('',#2068,10.);
#612=VECTOR('',#2069,10.);
#613=VECTOR('',#2070,10.);
#614=VECTOR('',#2071,10.);
#615=VECTOR('',#2072,10.);
#616=VECTOR('',#2073,10.);
#617=VECTOR('',#2076,10.);
#618=VECTOR('',#2077,10.);
#619=VECTOR('',#2078,10.);
#620=VECTOR('',#2081,10.);
#621=VECTOR('',#2082,10.);
#622=VECTOR('',#2083,10.);
#623=VECTOR('',#2086,10.);
#624=VECTOR('',#2087,10.);
#625=VECTOR('',#2090,10.);
#626=VECTOR('',#2091,10.);
#627=VECTOR('',#2092,10.);
#628=VECTOR('',#2095,10.);
#629=VECTOR('',#2096,10.);
#630=VECTOR('',#2101,10.);
#631=VECTOR('',#2104,10.);
#632=VECTOR('',#2105,10.);
#633=VECTOR('',#2106,10.);
#634=VECTOR('',#2107,10.);
#635=VECTOR('',#2108,10.);
#636=VECTOR('',#2109,10.);
#637=VECTOR('',#2110,10.);
#638=VECTOR('',#2117,10.);
#639=VECTOR('',#2120,10.);
#640=VECTOR('',#2121,10.);
#641=VECTOR('',#2122,10.);
#642=VECTOR('',#2123,10.);
#643=VECTOR('',#2124,10.);
#644=VECTOR('',#2127,10.);
#645=VECTOR('',#2128,10.);
#646=VECTOR('',#2129,10.);
#647=VECTOR('',#2130,10.);
#648=VECTOR('',#2131,10.);
#649=VECTOR('',#2134,10.);
#650=VECTOR('',#2135,10.);
#651=VECTOR('',#2136,10.);
#652=VECTOR('',#2139,10.);
#653=VECTOR('',#2142,10.);
#654=VECTOR('',#2147,10.);
#655=VECTOR('',#2154,10.);
#656=VECTOR('',#2155,10.);
#657=VECTOR('',#2156,10.);
#658=VECTOR('',#2157,10.);
#659=VECTOR('',#2158,10.);
#660=VECTOR('',#2159,10.);
#661=VECTOR('',#2160,10.);
#662=VECTOR('',#2163,10.);
#663=VECTOR('',#2164,10.);
#664=VECTOR('',#2165,10.);
#665=VECTOR('',#2168,10.);
#666=VECTOR('',#2169,10.);
#667=VECTOR('',#2172,10.);
#668=VECTOR('',#2173,10.);
#669=VECTOR('',#2174,10.);
#670=VECTOR('',#2175,10.);
#671=VECTOR('',#2176,10.);
#672=VECTOR('',#2177,10.);
#673=VECTOR('',#2178,10.);
#674=VECTOR('',#2179,10.);
#675=VECTOR('',#2180,10.);
#676=VECTOR('',#2181,10.);
#677=VECTOR('',#2182,10.);
#678=VECTOR('',#2185,10.);
#679=VECTOR('',#2188,10.);
#680=VECTOR('',#2193,10.);
#681=VECTOR('',#2196,10.);
#682=VECTOR('',#2199,10.);
#683=VECTOR('',#2200,10.);
#684=VECTOR('',#2201,10.);
#685=VECTOR('',#2202,10.);
#686=VECTOR('',#2205,10.);
#687=VECTOR('',#2206,10.);
#688=VECTOR('',#2207,10.);
#689=VECTOR('',#2210,10.);
#690=VECTOR('',#2213,10.);
#691=VECTOR('',#2218,10.);
#692=VECTOR('',#2225,10.);
#693=VECTOR('',#2226,10.);
#694=VECTOR('',#2229,10.);
#695=VECTOR('',#2230,10.);
#696=VECTOR('',#2235,10.);
#697=VECTOR('',#2238,10.);
#698=VECTOR('',#2243,10.);
#699=VECTOR('',#2246,10.);
#700=VECTOR('',#2247,10.);
#701=VECTOR('',#2262,10.);
#702=VECTOR('',#2263,10.);
#703=VECTOR('',#2264,10.);
#704=VECTOR('',#2269,10.);
#705=VECTOR('',#2272,10.);
#706=VECTOR('',#2277,10.);
#707=VECTOR('',#2280,10.);
#708=VECTOR('',#2281,10.);
#709=VECTOR('',#2284,10.);
#710=VECTOR('',#2287,10.);
#711=VECTOR('',#2292,10.);
#712=VECTOR('',#2299,10.);
#713=VECTOR('',#2306,10.);
#714=VECTOR('',#2309,10.);
#715=VECTOR('',#2316,10.);
#716=VECTOR('',#2319,10.);
#717=VECTOR('',#2320,10.);
#718=VECTOR('',#2327,10.);
#719=VECTOR('',#2330,10.);
#720=VECTOR('',#2337,10.);
#721=VECTOR('',#2342,10.);
#722=VECTOR('',#2349,10.);
#723=VECTOR('',#2354,10.);
#724=VECTOR('',#2355,10.);
#725=VECTOR('',#2362,10.);
#726=VECTOR('',#2365,10.);
#727=VECTOR('',#2372,10.);
#728=VERTEX_POINT('',#2396);
#729=VERTEX_POINT('',#2397);
#730=VERTEX_POINT('',#2399);
#731=VERTEX_POINT('',#2401);
#732=VERTEX_POINT('',#2403);
#733=VERTEX_POINT('',#2428);
#734=VERTEX_POINT('',#2429);
#735=VERTEX_POINT('',#2431);
#736=VERTEX_POINT('',#2433);
#737=VERTEX_POINT('',#2458);
#738=VERTEX_POINT('',#2459);
#739=VERTEX_POINT('',#2461);
#740=VERTEX_POINT('',#2463);
#741=VERTEX_POINT('',#2488);
#742=VERTEX_POINT('',#2489);
#743=VERTEX_POINT('',#2491);
#744=VERTEX_POINT('',#2493);
#745=VERTEX_POINT('',#2514);
#746=VERTEX_POINT('',#2515);
#747=VERTEX_POINT('',#2517);
#748=VERTEX_POINT('',#2519);
#749=VERTEX_POINT('',#2544);
#750=VERTEX_POINT('',#2545);
#751=VERTEX_POINT('',#2547);
#752=VERTEX_POINT('',#2549);
#753=VERTEX_POINT('',#2570);
#754=VERTEX_POINT('',#2571);
#755=VERTEX_POINT('',#2573);
#756=VERTEX_POINT('',#2575);
#757=VERTEX_POINT('',#2600);
#758=VERTEX_POINT('',#2601);
#759=VERTEX_POINT('',#2603);
#760=VERTEX_POINT('',#2605);
#761=VERTEX_POINT('',#2610);
#762=VERTEX_POINT('',#2612);
#763=VERTEX_POINT('',#2614);
#764=VERTEX_POINT('',#2616);
#765=VERTEX_POINT('',#2618);
#766=VERTEX_POINT('',#2620);
#767=VERTEX_POINT('',#2622);
#768=VERTEX_POINT('',#2625);
#769=VERTEX_POINT('',#2641);
#770=VERTEX_POINT('',#2645);
#771=VERTEX_POINT('',#2661);
#772=VERTEX_POINT('',#2685);
#773=VERTEX_POINT('',#2686);
#774=VERTEX_POINT('',#2688);
#775=VERTEX_POINT('',#2690);
#776=VERTEX_POINT('',#2692);
#777=VERTEX_POINT('',#2694);
#778=VERTEX_POINT('',#2696);
#779=VERTEX_POINT('',#2698);
#780=VERTEX_POINT('',#2701);
#781=VERTEX_POINT('',#2703);
#782=VERTEX_POINT('',#2707);
#783=VERTEX_POINT('',#2711);
#784=VERTEX_POINT('',#2714);
#785=VERTEX_POINT('',#2768);
#786=VERTEX_POINT('',#2772);
#787=VERTEX_POINT('',#2773);
#788=VERTEX_POINT('',#2775);
#789=VERTEX_POINT('',#2777);
#790=VERTEX_POINT('',#2779);
#791=VERTEX_POINT('',#2781);
#792=VERTEX_POINT('',#2783);
#793=VERTEX_POINT('',#2785);
#794=VERTEX_POINT('',#2787);
#795=VERTEX_POINT('',#2789);
#796=VERTEX_POINT('',#2791);
#797=VERTEX_POINT('',#2793);
#798=VERTEX_POINT('',#2795);
#799=VERTEX_POINT('',#2797);
#800=VERTEX_POINT('',#2801);
#801=VERTEX_POINT('',#2803);
#802=VERTEX_POINT('',#2807);
#803=VERTEX_POINT('',#2809);
#804=VERTEX_POINT('',#2816);
#805=VERTEX_POINT('',#2818);
#806=VERTEX_POINT('',#2822);
#807=VERTEX_POINT('',#2826);
#808=VERTEX_POINT('',#2827);
#809=VERTEX_POINT('',#2829);
#810=VERTEX_POINT('',#2831);
#811=VERTEX_POINT('',#2834);
#812=VERTEX_POINT('',#2835);
#813=VERTEX_POINT('',#2837);
#814=VERTEX_POINT('',#2839);
#815=VERTEX_POINT('',#2841);
#816=VERTEX_POINT('',#2843);
#817=VERTEX_POINT('',#2847);
#818=VERTEX_POINT('',#2848);
#819=VERTEX_POINT('',#2850);
#820=VERTEX_POINT('',#2852);
#821=VERTEX_POINT('',#2854);
#822=VERTEX_POINT('',#2857);
#823=VERTEX_POINT('',#2859);
#824=VERTEX_POINT('',#2861);
#825=VERTEX_POINT('',#2865);
#826=VERTEX_POINT('',#2869);
#827=VERTEX_POINT('',#2873);
#828=VERTEX_POINT('',#2875);
#829=VERTEX_POINT('',#2888);
#830=VERTEX_POINT('',#2889);
#831=VERTEX_POINT('',#2891);
#832=VERTEX_POINT('',#2894);
#833=VERTEX_POINT('',#2896);
#834=VERTEX_POINT('',#2898);
#835=VERTEX_POINT('',#2902);
#836=VERTEX_POINT('',#2904);
#837=VERTEX_POINT('',#2908);
#838=VERTEX_POINT('',#2912);
#839=VERTEX_POINT('',#2914);
#840=VERTEX_POINT('',#2916);
#841=VERTEX_POINT('',#2918);
#842=VERTEX_POINT('',#2920);
#843=VERTEX_POINT('',#2922);
#844=VERTEX_POINT('',#2924);
#845=VERTEX_POINT('',#2926);
#846=VERTEX_POINT('',#2929);
#847=VERTEX_POINT('',#2932);
#848=VERTEX_POINT('',#2961);
#849=VERTEX_POINT('',#2964);
#850=VERTEX_POINT('',#2968);
#851=VERTEX_POINT('',#2970);
#852=VERTEX_POINT('',#2982);
#853=VERTEX_POINT('',#2984);
#854=VERTEX_POINT('',#2988);
#855=VERTEX_POINT('',#2993);
#856=VERTEX_POINT('',#3009);
#857=VERTEX_POINT('',#3013);
#858=VERTEX_POINT('',#3017);
#859=VERTEX_POINT('',#3019);
#860=VERTEX_POINT('',#3040);
#861=VERTEX_POINT('',#3042);
#862=VERTEX_POINT('',#3051);
#863=VERTEX_POINT('',#3053);
#864=VERTEX_POINT('',#3060);
#865=VERTEX_POINT('',#3062);
#866=VERTEX_POINT('',#3078);
#867=VERTEX_POINT('',#3085);
#868=VERTEX_POINT('',#3204);
#869=VERTEX_POINT('',#3208);
#870=VERTEX_POINT('',#3258);
#871=VERTEX_POINT('',#3262);
#872=VERTEX_POINT('',#3293);
#873=VERTEX_POINT('',#3310);
#874=VERTEX_POINT('',#3314);
#875=VERTEX_POINT('',#3364);
#876=VERTEX_POINT('',#3368);
#877=VERTEX_POINT('',#3407);
#878=VERTEX_POINT('',#3424);
#879=VERTEX_POINT('',#3428);
#880=VERTEX_POINT('',#3459);
#881=VERTEX_POINT('',#3460);
#882=VERTEX_POINT('',#3478);
#883=VERTEX_POINT('',#3482);
#884=VERTEX_POINT('',#3536);
#885=VERTEX_POINT('',#3540);
#886=EDGE_CURVE('',#728,#729,#430,.T.);
#887=EDGE_CURVE('',#728,#730,#342,.T.);
#888=EDGE_CURVE('',#730,#731,#343,.T.);
#889=EDGE_CURVE('',#731,#732,#431,.T.);
#890=EDGE_CURVE('',#729,#732,#344,.T.);
#891=EDGE_CURVE('',#733,#734,#432,.T.);
#892=EDGE_CURVE('',#733,#735,#345,.T.);
#893=EDGE_CURVE('',#735,#736,#433,.T.);
#894=EDGE_CURVE('',#734,#736,#346,.T.);
#895=EDGE_CURVE('',#737,#738,#434,.T.);
#896=EDGE_CURVE('',#737,#739,#347,.T.);
#897=EDGE_CURVE('',#739,#740,#435,.T.);
#898=EDGE_CURVE('',#738,#740,#348,.T.);
#899=EDGE_CURVE('',#741,#742,#436,.T.);
#900=EDGE_CURVE('',#741,#743,#349,.T.);
#901=EDGE_CURVE('',#743,#744,#437,.T.);
#902=EDGE_CURVE('',#742,#744,#350,.T.);
#903=EDGE_CURVE('',#745,#746,#438,.T.);
#904=EDGE_CURVE('',#745,#747,#351,.T.);
#905=EDGE_CURVE('',#747,#748,#439,.T.);
#906=EDGE_CURVE('',#746,#748,#352,.T.);
#907=EDGE_CURVE('',#749,#750,#440,.T.);
#908=EDGE_CURVE('',#749,#751,#353,.T.);
#909=EDGE_CURVE('',#752,#751,#441,.T.);
#910=EDGE_CURVE('',#750,#752,#354,.T.);
#911=EDGE_CURVE('',#753,#754,#442,.T.);
#912=EDGE_CURVE('',#753,#755,#355,.T.);
#913=EDGE_CURVE('',#755,#756,#443,.T.);
#914=EDGE_CURVE('',#754,#756,#356,.T.);
#915=EDGE_CURVE('',#757,#758,#444,.T.);
#916=EDGE_CURVE('',#757,#759,#357,.T.);
#917=EDGE_CURVE('',#759,#760,#445,.T.);
#918=EDGE_CURVE('',#758,#760,#358,.T.);
#919=EDGE_CURVE('',#752,#750,#359,.T.);
#920=EDGE_CURVE('',#761,#761,#360,.T.);
#921=EDGE_CURVE('',#762,#762,#361,.T.);
#922=EDGE_CURVE('',#763,#763,#362,.T.);
#923=EDGE_CURVE('',#764,#764,#363,.T.);
#924=EDGE_CURVE('',#765,#765,#364,.T.);
#925=EDGE_CURVE('',#766,#766,#365,.T.);
#926=EDGE_CURVE('',#767,#767,#366,.T.);
#927=EDGE_CURVE('',#756,#754,#367,.T.);
#928=EDGE_CURVE('',#768,#768,#368,.T.);
#929=EDGE_CURVE('',#769,#769,#369,.T.);
#930=EDGE_CURVE('',#768,#769,#446,.T.);
#931=EDGE_CURVE('',#770,#770,#370,.T.);
#932=EDGE_CURVE('',#759,#771,#371,.T.);
#933=EDGE_CURVE('',#771,#757,#372,.T.);
#934=EDGE_CURVE('',#770,#771,#447,.T.);
#935=EDGE_CURVE('',#760,#758,#373,.T.);
#936=EDGE_CURVE('',#772,#773,#448,.T.);
#937=EDGE_CURVE('',#773,#774,#374,.T.);
#938=EDGE_CURVE('',#774,#775,#449,.T.);
#939=EDGE_CURVE('',#775,#776,#375,.T.);
#940=EDGE_CURVE('',#776,#777,#450,.T.);
#941=EDGE_CURVE('',#777,#778,#376,.T.);
#942=EDGE_CURVE('',#778,#779,#451,.T.);
#943=EDGE_CURVE('',#779,#772,#377,.T.);
#944=EDGE_CURVE('',#780,#780,#378,.T.);
#945=EDGE_CURVE('',#781,#781,#379,.T.);
#946=EDGE_CURVE('',#748,#746,#380,.T.);
#947=EDGE_CURVE('',#744,#742,#381,.T.);
#948=EDGE_CURVE('',#782,#782,#382,.T.);
#949=EDGE_CURVE('',#740,#738,#383,.T.);
#950=EDGE_CURVE('',#736,#734,#384,.T.);
#951=EDGE_CURVE('',#783,#783,#385,.T.);
#952=EDGE_CURVE('',#732,#729,#386,.T.);
#953=EDGE_CURVE('',#784,#784,#387,.T.);
#954=EDGE_CURVE('',#755,#784,#452,.T.);
#955=EDGE_CURVE('',#755,#753,#388,.T.);
#956=EDGE_CURVE('',#785,#785,#389,.T.);
#957=EDGE_CURVE('',#780,#785,#453,.T.);
#958=EDGE_CURVE('',#786,#787,#454,.T.);
#959=EDGE_CURVE('',#787,#788,#455,.T.);
#960=EDGE_CURVE('',#788,#789,#456,.T.);
#961=EDGE_CURVE('',#789,#790,#457,.T.);
#962=EDGE_CURVE('',#790,#791,#458,.T.);
#963=EDGE_CURVE('',#792,#791,#459,.T.);
#964=EDGE_CURVE('',#793,#792,#460,.T.);
#965=EDGE_CURVE('',#793,#794,#461,.T.);
#966=EDGE_CURVE('',#794,#795,#462,.T.);
#967=EDGE_CURVE('',#795,#796,#463,.T.);
#968=EDGE_CURVE('',#796,#797,#464,.T.);
#969=EDGE_CURVE('',#797,#798,#465,.T.);
#970=EDGE_CURVE('',#799,#798,#466,.T.);
#971=EDGE_CURVE('',#786,#799,#467,.T.);
#972=EDGE_CURVE('',#786,#800,#468,.T.);
#973=EDGE_CURVE('',#799,#801,#469,.T.);
#974=EDGE_CURVE('',#801,#800,#470,.T.);
#975=EDGE_CURVE('',#800,#802,#471,.T.);
#976=EDGE_CURVE('',#801,#803,#472,.T.);
#977=EDGE_CURVE('',#802,#803,#473,.T.);
#978=EDGE_CURVE('',#798,#803,#474,.T.);
#979=EDGE_CURVE('',#797,#802,#475,.T.);
#980=EDGE_CURVE('',#804,#796,#476,.T.);
#981=EDGE_CURVE('',#804,#805,#477,.T.);
#982=EDGE_CURVE('',#805,#787,#478,.T.);
#983=EDGE_CURVE('',#806,#788,#479,.T.);
#984=EDGE_CURVE('',#805,#806,#480,.T.);
#985=EDGE_CURVE('',#807,#808,#390,.T.);
#986=EDGE_CURVE('',#808,#809,#481,.T.);
#987=EDGE_CURVE('',#809,#810,#391,.T.);
#988=EDGE_CURVE('',#810,#807,#482,.T.);
#989=EDGE_CURVE('',#811,#812,#483,.T.);
#990=EDGE_CURVE('',#813,#811,#484,.T.);
#991=EDGE_CURVE('',#814,#813,#485,.T.);
#992=EDGE_CURVE('',#815,#814,#486,.T.);
#993=EDGE_CURVE('',#816,#815,#487,.T.);
#994=EDGE_CURVE('',#812,#816,#488,.T.);
#995=EDGE_CURVE('',#817,#818,#392,.T.);
#996=EDGE_CURVE('',#818,#819,#393,.T.);
#997=EDGE_CURVE('',#819,#820,#489,.T.);
#998=EDGE_CURVE('',#820,#821,#394,.T.);
#999=EDGE_CURVE('',#821,#817,#490,.T.);
#1000=EDGE_CURVE('',#806,#822,#491,.T.);
#1001=EDGE_CURVE('',#823,#804,#492,.T.);
#1002=EDGE_CURVE('',#824,#823,#493,.T.);
#1003=EDGE_CURVE('',#822,#824,#494,.T.);
#1004=EDGE_CURVE('',#790,#825,#495,.T.);
#1005=EDGE_CURVE('',#822,#789,#496,.T.);
#1006=EDGE_CURVE('',#824,#794,#497,.T.);
#1007=EDGE_CURVE('',#793,#826,#498,.T.);
#1008=EDGE_CURVE('',#826,#825,#499,.T.);
#1009=EDGE_CURVE('',#827,#826,#500,.T.);
#1010=EDGE_CURVE('',#827,#828,#501,.T.);
#1011=EDGE_CURVE('',#825,#828,#502,.T.);
#1012=EDGE_CURVE('',#791,#828,#503,.T.);
#1013=EDGE_CURVE('',#792,#827,#504,.T.);
#1014=EDGE_CURVE('',#823,#795,#505,.T.);
#1015=EDGE_CURVE('',#829,#830,#506,.T.);
#1016=EDGE_CURVE('',#831,#829,#507,.T.);
#1017=EDGE_CURVE('',#812,#831,#508,.T.);
#1018=EDGE_CURVE('',#816,#832,#509,.T.);
#1019=EDGE_CURVE('',#833,#832,#510,.T.);
#1020=EDGE_CURVE('',#833,#834,#511,.T.);
#1021=EDGE_CURVE('',#834,#830,#512,.T.);
#1022=EDGE_CURVE('',#835,#834,#513,.T.);
#1023=EDGE_CURVE('',#835,#836,#514,.T.);
#1024=EDGE_CURVE('',#830,#836,#515,.T.);
#1025=EDGE_CURVE('',#837,#836,#516,.T.);
#1026=EDGE_CURVE('',#829,#837,#517,.T.);
#1027=EDGE_CURVE('',#832,#838,#518,.T.);
#1028=EDGE_CURVE('',#838,#839,#519,.T.);
#1029=EDGE_CURVE('',#839,#840,#520,.T.);
#1030=EDGE_CURVE('',#840,#841,#521,.T.);
#1031=EDGE_CURVE('',#842,#841,#522,.T.);
#1032=EDGE_CURVE('',#843,#842,#523,.T.);
#1033=EDGE_CURVE('',#843,#844,#524,.T.);
#1034=EDGE_CURVE('',#844,#845,#525,.T.);
#1035=EDGE_CURVE('',#845,#831,#526,.T.);
#1036=EDGE_CURVE('',#846,#837,#527,.T.);
#1037=EDGE_CURVE('',#833,#846,#528,.T.);
#1038=EDGE_CURVE('',#847,#847,#395,.T.);
#1039=EDGE_CURVE('',#781,#847,#529,.T.);
#1040=EDGE_CURVE('',#846,#835,#530,.T.);
#1041=EDGE_CURVE('',#811,#845,#531,.T.);
#1042=EDGE_CURVE('',#813,#844,#532,.T.);
#1043=EDGE_CURVE('',#840,#848,#533,.T.);
#1044=EDGE_CURVE('',#814,#839,#534,.T.);
#1045=EDGE_CURVE('',#843,#849,#535,.T.);
#1046=EDGE_CURVE('',#849,#848,#536,.T.);
#1047=EDGE_CURVE('',#850,#849,#537,.T.);
#1048=EDGE_CURVE('',#850,#851,#538,.T.);
#1049=EDGE_CURVE('',#848,#851,#539,.T.);
#1050=EDGE_CURVE('',#841,#851,#540,.T.);
#1051=EDGE_CURVE('',#842,#850,#541,.T.);
#1052=EDGE_CURVE('',#815,#838,#542,.T.);
#1053=EDGE_CURVE('',#807,#852,#20,.T.);
#1054=EDGE_CURVE('',#810,#853,#543,.T.);
#1055=EDGE_CURVE('',#853,#852,#544,.T.);
#1056=EDGE_CURVE('',#852,#854,#16,.T.);
#1057=EDGE_CURVE('',#855,#853,#545,.T.);
#1058=EDGE_CURVE('',#854,#855,#546,.T.);
#1059=EDGE_CURVE('',#854,#776,#396,.T.);
#1060=EDGE_CURVE('',#777,#855,#547,.T.);
#1061=EDGE_CURVE('',#855,#856,#397,.T.);
#1062=EDGE_CURVE('',#778,#856,#548,.T.);
#1063=EDGE_CURVE('',#857,#779,#398,.T.);
#1064=EDGE_CURVE('',#856,#857,#549,.T.);
#1065=EDGE_CURVE('',#856,#858,#550,.T.);
#1066=EDGE_CURVE('',#859,#858,#551,.T.);
#1067=EDGE_CURVE('',#859,#857,#17,.T.);
#1068=EDGE_CURVE('',#859,#808,#21,.T.);
#1069=EDGE_CURVE('',#860,#854,#399,.T.);
#1070=EDGE_CURVE('',#861,#860,#18,.T.);
#1071=EDGE_CURVE('',#861,#819,#22,.T.);
#1072=EDGE_CURVE('',#751,#818,#15,.T.);
#1073=EDGE_CURVE('',#751,#749,#400,.T.);
#1074=EDGE_CURVE('',#817,#862,#23,.T.);
#1075=EDGE_CURVE('',#862,#863,#19,.T.);
#1076=EDGE_CURVE('',#857,#863,#401,.T.);
#1077=EDGE_CURVE('',#864,#862,#552,.T.);
#1078=EDGE_CURVE('',#865,#864,#553,.T.);
#1079=EDGE_CURVE('',#863,#865,#554,.T.);
#1080=EDGE_CURVE('',#863,#772,#402,.T.);
#1081=EDGE_CURVE('',#773,#865,#555,.T.);
#1082=EDGE_CURVE('',#865,#866,#403,.T.);
#1083=EDGE_CURVE('',#774,#866,#556,.T.);
#1084=EDGE_CURVE('',#860,#775,#404,.T.);
#1085=EDGE_CURVE('',#866,#860,#557,.T.);
#1086=EDGE_CURVE('',#866,#867,#558,.T.);
#1087=EDGE_CURVE('',#861,#867,#559,.T.);
#1088=EDGE_CURVE('',#820,#867,#560,.T.);
#1089=EDGE_CURVE('',#867,#864,#405,.T.);
#1090=EDGE_CURVE('',#821,#864,#561,.T.);
#1091=EDGE_CURVE('',#809,#858,#562,.T.);
#1092=EDGE_CURVE('',#858,#853,#406,.T.);
#1093=EDGE_CURVE('',#747,#745,#407,.T.);
#1094=EDGE_CURVE('',#868,#747,#563,.T.);
#1095=EDGE_CURVE('',#868,#868,#408,.T.);
#1096=EDGE_CURVE('',#869,#869,#409,.T.);
#1097=EDGE_CURVE('',#763,#869,#564,.T.);
#1098=EDGE_CURVE('',#743,#741,#410,.T.);
#1099=EDGE_CURVE('',#870,#743,#565,.T.);
#1100=EDGE_CURVE('',#870,#870,#411,.T.);
#1101=EDGE_CURVE('',#871,#871,#412,.T.);
#1102=EDGE_CURVE('',#761,#871,#566,.T.);
#1103=EDGE_CURVE('',#872,#872,#413,.T.);
#1104=EDGE_CURVE('',#872,#782,#567,.T.);
#1105=EDGE_CURVE('',#873,#872,#568,.T.);
#1106=EDGE_CURVE('',#873,#873,#414,.T.);
#1107=EDGE_CURVE('',#874,#874,#415,.T.);
#1108=EDGE_CURVE('',#762,#874,#569,.T.);
#1109=EDGE_CURVE('',#739,#737,#416,.T.);
#1110=EDGE_CURVE('',#875,#739,#570,.T.);
#1111=EDGE_CURVE('',#875,#875,#417,.T.);
#1112=EDGE_CURVE('',#876,#876,#418,.T.);
#1113=EDGE_CURVE('',#764,#876,#571,.T.);
#1114=EDGE_CURVE('',#735,#877,#419,.T.);
#1115=EDGE_CURVE('',#877,#733,#420,.T.);
#1116=EDGE_CURVE('',#878,#877,#572,.T.);
#1117=EDGE_CURVE('',#878,#878,#421,.T.);
#1118=EDGE_CURVE('',#879,#879,#422,.T.);
#1119=EDGE_CURVE('',#765,#879,#573,.T.);
#1120=EDGE_CURVE('',#880,#881,#423,.T.);
#1121=EDGE_CURVE('',#881,#880,#424,.T.);
#1122=EDGE_CURVE('',#880,#783,#574,.T.);
#1123=EDGE_CURVE('',#882,#881,#575,.T.);
#1124=EDGE_CURVE('',#882,#882,#425,.T.);
#1125=EDGE_CURVE('',#883,#883,#426,.T.);
#1126=EDGE_CURVE('',#766,#883,#576,.T.);
#1127=EDGE_CURVE('',#731,#728,#427,.T.);
#1128=EDGE_CURVE('',#884,#730,#577,.T.);
#1129=EDGE_CURVE('',#884,#884,#428,.T.);
#1130=EDGE_CURVE('',#885,#885,#429,.T.);
#1131=EDGE_CURVE('',#767,#885,#578,.T.);
#1132=ORIENTED_EDGE('',*,*,#886,.F.);
#1133=ORIENTED_EDGE('',*,*,#887,.T.);
#1134=ORIENTED_EDGE('',*,*,#888,.T.);
#1135=ORIENTED_EDGE('',*,*,#889,.T.);
#1136=ORIENTED_EDGE('',*,*,#890,.F.);
#1137=ORIENTED_EDGE('',*,*,#891,.F.);
#1138=ORIENTED_EDGE('',*,*,#892,.T.);
#1139=ORIENTED_EDGE('',*,*,#893,.T.);
#1140=ORIENTED_EDGE('',*,*,#894,.F.);
#1141=ORIENTED_EDGE('',*,*,#895,.F.);
#1142=ORIENTED_EDGE('',*,*,#896,.T.);
#1143=ORIENTED_EDGE('',*,*,#897,.T.);
#1144=ORIENTED_EDGE('',*,*,#898,.F.);
#1145=ORIENTED_EDGE('',*,*,#899,.F.);
#1146=ORIENTED_EDGE('',*,*,#900,.T.);
#1147=ORIENTED_EDGE('',*,*,#901,.T.);
#1148=ORIENTED_EDGE('',*,*,#902,.F.);
#1149=ORIENTED_EDGE('',*,*,#903,.F.);
#1150=ORIENTED_EDGE('',*,*,#904,.T.);
#1151=ORIENTED_EDGE('',*,*,#905,.T.);
#1152=ORIENTED_EDGE('',*,*,#906,.F.);
#1153=ORIENTED_EDGE('',*,*,#907,.F.);
#1154=ORIENTED_EDGE('',*,*,#908,.T.);
#1155=ORIENTED_EDGE('',*,*,#909,.F.);
#1156=ORIENTED_EDGE('',*,*,#910,.F.);
#1157=ORIENTED_EDGE('',*,*,#911,.F.);
#1158=ORIENTED_EDGE('',*,*,#912,.T.);
#1159=ORIENTED_EDGE('',*,*,#913,.T.);
#1160=ORIENTED_EDGE('',*,*,#914,.F.);
#1161=ORIENTED_EDGE('',*,*,#915,.F.);
#1162=ORIENTED_EDGE('',*,*,#916,.T.);
#1163=ORIENTED_EDGE('',*,*,#917,.T.);
#1164=ORIENTED_EDGE('',*,*,#918,.F.);
#1165=ORIENTED_EDGE('',*,*,#919,.T.);
#1166=ORIENTED_EDGE('',*,*,#910,.T.);
#1167=ORIENTED_EDGE('',*,*,#920,.T.);
#1168=ORIENTED_EDGE('',*,*,#921,.T.);
#1169=ORIENTED_EDGE('',*,*,#922,.T.);
#1170=ORIENTED_EDGE('',*,*,#923,.T.);
#1171=ORIENTED_EDGE('',*,*,#924,.T.);
#1172=ORIENTED_EDGE('',*,*,#925,.T.);
#1173=ORIENTED_EDGE('',*,*,#926,.T.);
#1174=ORIENTED_EDGE('',*,*,#927,.T.);
#1175=ORIENTED_EDGE('',*,*,#914,.T.);
#1176=ORIENTED_EDGE('',*,*,#928,.T.);
#1177=ORIENTED_EDGE('',*,*,#929,.T.);
#1178=ORIENTED_EDGE('',*,*,#930,.F.);
#1179=ORIENTED_EDGE('',*,*,#928,.F.);
#1180=ORIENTED_EDGE('',*,*,#930,.T.);
#1181=ORIENTED_EDGE('',*,*,#931,.F.);
#1182=ORIENTED_EDGE('',*,*,#929,.F.);
#1183=ORIENTED_EDGE('',*,*,#932,.F.);
#1184=ORIENTED_EDGE('',*,*,#916,.F.);
#1185=ORIENTED_EDGE('',*,*,#933,.F.);
#1186=ORIENTED_EDGE('',*,*,#934,.F.);
#1187=ORIENTED_EDGE('',*,*,#931,.T.);
#1188=ORIENTED_EDGE('',*,*,#934,.T.);
#1189=ORIENTED_EDGE('',*,*,#915,.T.);
#1190=ORIENTED_EDGE('',*,*,#935,.F.);
#1191=ORIENTED_EDGE('',*,*,#917,.F.);
#1192=ORIENTED_EDGE('',*,*,#932,.T.);
#1193=ORIENTED_EDGE('',*,*,#933,.T.);
#1194=ORIENTED_EDGE('',*,*,#936,.T.);
#1195=ORIENTED_EDGE('',*,*,#937,.T.);
#1196=ORIENTED_EDGE('',*,*,#938,.T.);
#1197=ORIENTED_EDGE('',*,*,#939,.T.);
#1198=ORIENTED_EDGE('',*,*,#940,.T.);
#1199=ORIENTED_EDGE('',*,*,#941,.T.);
#1200=ORIENTED_EDGE('',*,*,#942,.T.);
#1201=ORIENTED_EDGE('',*,*,#943,.T.);
#1202=ORIENTED_EDGE('',*,*,#944,.T.);
#1203=ORIENTED_EDGE('',*,*,#945,.T.);
#1204=ORIENTED_EDGE('',*,*,#946,.T.);
#1205=ORIENTED_EDGE('',*,*,#906,.T.);
#1206=ORIENTED_EDGE('',*,*,#947,.T.);
#1207=ORIENTED_EDGE('',*,*,#902,.T.);
#1208=ORIENTED_EDGE('',*,*,#948,.T.);
#1209=ORIENTED_EDGE('',*,*,#949,.T.);
#1210=ORIENTED_EDGE('',*,*,#898,.T.);
#1211=ORIENTED_EDGE('',*,*,#950,.T.);
#1212=ORIENTED_EDGE('',*,*,#894,.T.);
#1213=ORIENTED_EDGE('',*,*,#951,.T.);
#1214=ORIENTED_EDGE('',*,*,#952,.T.);
#1215=ORIENTED_EDGE('',*,*,#890,.T.);
#1216=ORIENTED_EDGE('',*,*,#935,.T.);
#1217=ORIENTED_EDGE('',*,*,#918,.T.);
#1218=ORIENTED_EDGE('',*,*,#953,.T.);
#1219=ORIENTED_EDGE('',*,*,#953,.F.);
#1220=ORIENTED_EDGE('',*,*,#954,.F.);
#1221=ORIENTED_EDGE('',*,*,#912,.F.);
#1222=ORIENTED_EDGE('',*,*,#955,.F.);
#1223=ORIENTED_EDGE('',*,*,#954,.T.);
#1224=ORIENTED_EDGE('',*,*,#911,.T.);
#1225=ORIENTED_EDGE('',*,*,#927,.F.);
#1226=ORIENTED_EDGE('',*,*,#913,.F.);
#1227=ORIENTED_EDGE('',*,*,#955,.T.);
#1228=ORIENTED_EDGE('',*,*,#956,.T.);
#1229=ORIENTED_EDGE('',*,*,#957,.F.);
#1230=ORIENTED_EDGE('',*,*,#944,.F.);
#1231=ORIENTED_EDGE('',*,*,#957,.T.);
#1232=ORIENTED_EDGE('',*,*,#958,.T.);
#1233=ORIENTED_EDGE('',*,*,#959,.T.);
#1234=ORIENTED_EDGE('',*,*,#960,.T.);
#1235=ORIENTED_EDGE('',*,*,#961,.T.);
#1236=ORIENTED_EDGE('',*,*,#962,.T.);
#1237=ORIENTED_EDGE('',*,*,#963,.F.);
#1238=ORIENTED_EDGE('',*,*,#964,.F.);
#1239=ORIENTED_EDGE('',*,*,#965,.T.);
#1240=ORIENTED_EDGE('',*,*,#966,.T.);
#1241=ORIENTED_EDGE('',*,*,#967,.T.);
#1242=ORIENTED_EDGE('',*,*,#968,.T.);
#1243=ORIENTED_EDGE('',*,*,#969,.T.);
#1244=ORIENTED_EDGE('',*,*,#970,.F.);
#1245=ORIENTED_EDGE('',*,*,#971,.F.);
#1246=ORIENTED_EDGE('',*,*,#956,.F.);
#1247=ORIENTED_EDGE('',*,*,#972,.F.);
#1248=ORIENTED_EDGE('',*,*,#971,.T.);
#1249=ORIENTED_EDGE('',*,*,#973,.T.);
#1250=ORIENTED_EDGE('',*,*,#974,.T.);
#1251=ORIENTED_EDGE('',*,*,#975,.F.);
#1252=ORIENTED_EDGE('',*,*,#974,.F.);
#1253=ORIENTED_EDGE('',*,*,#976,.T.);
#1254=ORIENTED_EDGE('',*,*,#977,.F.);
#1255=ORIENTED_EDGE('',*,*,#978,.F.);
#1256=ORIENTED_EDGE('',*,*,#969,.F.);
#1257=ORIENTED_EDGE('',*,*,#979,.T.);
#1258=ORIENTED_EDGE('',*,*,#977,.T.);
#1259=ORIENTED_EDGE('',*,*,#979,.F.);
#1260=ORIENTED_EDGE('',*,*,#968,.F.);
#1261=ORIENTED_EDGE('',*,*,#980,.F.);
#1262=ORIENTED_EDGE('',*,*,#981,.T.);
#1263=ORIENTED_EDGE('',*,*,#982,.T.);
#1264=ORIENTED_EDGE('',*,*,#958,.F.);
#1265=ORIENTED_EDGE('',*,*,#972,.T.);
#1266=ORIENTED_EDGE('',*,*,#975,.T.);
#1267=ORIENTED_EDGE('',*,*,#983,.T.);
#1268=ORIENTED_EDGE('',*,*,#959,.F.);
#1269=ORIENTED_EDGE('',*,*,#982,.F.);
#1270=ORIENTED_EDGE('',*,*,#984,.T.);
#1271=ORIENTED_EDGE('',*,*,#985,.T.);
#1272=ORIENTED_EDGE('',*,*,#986,.T.);
#1273=ORIENTED_EDGE('',*,*,#987,.T.);
#1274=ORIENTED_EDGE('',*,*,#988,.T.);
#1275=ORIENTED_EDGE('',*,*,#989,.F.);
#1276=ORIENTED_EDGE('',*,*,#990,.F.);
#1277=ORIENTED_EDGE('',*,*,#991,.F.);
#1278=ORIENTED_EDGE('',*,*,#992,.F.);
#1279=ORIENTED_EDGE('',*,*,#993,.F.);
#1280=ORIENTED_EDGE('',*,*,#994,.F.);
#1281=ORIENTED_EDGE('',*,*,#995,.T.);
#1282=ORIENTED_EDGE('',*,*,#996,.T.);
#1283=ORIENTED_EDGE('',*,*,#997,.T.);
#1284=ORIENTED_EDGE('',*,*,#998,.T.);
#1285=ORIENTED_EDGE('',*,*,#999,.T.);
#1286=ORIENTED_EDGE('',*,*,#1000,.F.);
#1287=ORIENTED_EDGE('',*,*,#984,.F.);
#1288=ORIENTED_EDGE('',*,*,#981,.F.);
#1289=ORIENTED_EDGE('',*,*,#1001,.F.);
#1290=ORIENTED_EDGE('',*,*,#1002,.F.);
#1291=ORIENTED_EDGE('',*,*,#1003,.F.);
#1292=ORIENTED_EDGE('',*,*,#1004,.F.);
#1293=ORIENTED_EDGE('',*,*,#961,.F.);
#1294=ORIENTED_EDGE('',*,*,#1005,.F.);
#1295=ORIENTED_EDGE('',*,*,#1003,.T.);
#1296=ORIENTED_EDGE('',*,*,#1006,.T.);
#1297=ORIENTED_EDGE('',*,*,#965,.F.);
#1298=ORIENTED_EDGE('',*,*,#1007,.T.);
#1299=ORIENTED_EDGE('',*,*,#1008,.T.);
#1300=ORIENTED_EDGE('',*,*,#1008,.F.);
#1301=ORIENTED_EDGE('',*,*,#1009,.F.);
#1302=ORIENTED_EDGE('',*,*,#1010,.T.);
#1303=ORIENTED_EDGE('',*,*,#1011,.F.);
#1304=ORIENTED_EDGE('',*,*,#1012,.F.);
#1305=ORIENTED_EDGE('',*,*,#962,.F.);
#1306=ORIENTED_EDGE('',*,*,#1004,.T.);
#1307=ORIENTED_EDGE('',*,*,#1011,.T.);
#1308=ORIENTED_EDGE('',*,*,#1013,.F.);
#1309=ORIENTED_EDGE('',*,*,#963,.T.);
#1310=ORIENTED_EDGE('',*,*,#1012,.T.);
#1311=ORIENTED_EDGE('',*,*,#1010,.F.);
#1312=ORIENTED_EDGE('',*,*,#1007,.F.);
#1313=ORIENTED_EDGE('',*,*,#964,.T.);
#1314=ORIENTED_EDGE('',*,*,#1013,.T.);
#1315=ORIENTED_EDGE('',*,*,#1009,.T.);
#1316=ORIENTED_EDGE('',*,*,#1014,.T.);
#1317=ORIENTED_EDGE('',*,*,#966,.F.);
#1318=ORIENTED_EDGE('',*,*,#1006,.F.);
#1319=ORIENTED_EDGE('',*,*,#1002,.T.);
#1320=ORIENTED_EDGE('',*,*,#980,.T.);
#1321=ORIENTED_EDGE('',*,*,#967,.F.);
#1322=ORIENTED_EDGE('',*,*,#1014,.F.);
#1323=ORIENTED_EDGE('',*,*,#1001,.T.);
#1324=ORIENTED_EDGE('',*,*,#1005,.T.);
#1325=ORIENTED_EDGE('',*,*,#960,.F.);
#1326=ORIENTED_EDGE('',*,*,#983,.F.);
#1327=ORIENTED_EDGE('',*,*,#1000,.T.);
#1328=ORIENTED_EDGE('',*,*,#1015,.F.);
#1329=ORIENTED_EDGE('',*,*,#1016,.F.);
#1330=ORIENTED_EDGE('',*,*,#1017,.F.);
#1331=ORIENTED_EDGE('',*,*,#994,.T.);
#1332=ORIENTED_EDGE('',*,*,#1018,.T.);
#1333=ORIENTED_EDGE('',*,*,#1019,.F.);
#1334=ORIENTED_EDGE('',*,*,#1020,.T.);
#1335=ORIENTED_EDGE('',*,*,#1021,.T.);
#1336=ORIENTED_EDGE('',*,*,#1021,.F.);
#1337=ORIENTED_EDGE('',*,*,#1022,.F.);
#1338=ORIENTED_EDGE('',*,*,#1023,.T.);
#1339=ORIENTED_EDGE('',*,*,#1024,.F.);
#1340=ORIENTED_EDGE('',*,*,#1025,.F.);
#1341=ORIENTED_EDGE('',*,*,#1026,.F.);
#1342=ORIENTED_EDGE('',*,*,#1015,.T.);
#1343=ORIENTED_EDGE('',*,*,#1024,.T.);
#1344=ORIENTED_EDGE('',*,*,#1019,.T.);
#1345=ORIENTED_EDGE('',*,*,#1027,.T.);
#1346=ORIENTED_EDGE('',*,*,#1028,.T.);
#1347=ORIENTED_EDGE('',*,*,#1029,.T.);
#1348=ORIENTED_EDGE('',*,*,#1030,.T.);
#1349=ORIENTED_EDGE('',*,*,#1031,.F.);
#1350=ORIENTED_EDGE('',*,*,#1032,.F.);
#1351=ORIENTED_EDGE('',*,*,#1033,.T.);
#1352=ORIENTED_EDGE('',*,*,#1034,.T.);
#1353=ORIENTED_EDGE('',*,*,#1035,.T.);
#1354=ORIENTED_EDGE('',*,*,#1016,.T.);
#1355=ORIENTED_EDGE('',*,*,#1026,.T.);
#1356=ORIENTED_EDGE('',*,*,#1036,.F.);
#1357=ORIENTED_EDGE('',*,*,#1037,.F.);
#1358=ORIENTED_EDGE('',*,*,#1038,.F.);
#1359=ORIENTED_EDGE('',*,*,#1038,.T.);
#1360=ORIENTED_EDGE('',*,*,#1039,.F.);
#1361=ORIENTED_EDGE('',*,*,#945,.F.);
#1362=ORIENTED_EDGE('',*,*,#1039,.T.);
#1363=ORIENTED_EDGE('',*,*,#1020,.F.);
#1364=ORIENTED_EDGE('',*,*,#1037,.T.);
#1365=ORIENTED_EDGE('',*,*,#1040,.T.);
#1366=ORIENTED_EDGE('',*,*,#1022,.T.);
#1367=ORIENTED_EDGE('',*,*,#1040,.F.);
#1368=ORIENTED_EDGE('',*,*,#1036,.T.);
#1369=ORIENTED_EDGE('',*,*,#1025,.T.);
#1370=ORIENTED_EDGE('',*,*,#1023,.F.);
#1371=ORIENTED_EDGE('',*,*,#1017,.T.);
#1372=ORIENTED_EDGE('',*,*,#1035,.F.);
#1373=ORIENTED_EDGE('',*,*,#1041,.F.);
#1374=ORIENTED_EDGE('',*,*,#989,.T.);
#1375=ORIENTED_EDGE('',*,*,#1041,.T.);
#1376=ORIENTED_EDGE('',*,*,#1034,.F.);
#1377=ORIENTED_EDGE('',*,*,#1042,.F.);
#1378=ORIENTED_EDGE('',*,*,#990,.T.);
#1379=ORIENTED_EDGE('',*,*,#1043,.F.);
#1380=ORIENTED_EDGE('',*,*,#1029,.F.);
#1381=ORIENTED_EDGE('',*,*,#1044,.F.);
#1382=ORIENTED_EDGE('',*,*,#991,.T.);
#1383=ORIENTED_EDGE('',*,*,#1042,.T.);
#1384=ORIENTED_EDGE('',*,*,#1033,.F.);
#1385=ORIENTED_EDGE('',*,*,#1045,.T.);
#1386=ORIENTED_EDGE('',*,*,#1046,.T.);
#1387=ORIENTED_EDGE('',*,*,#1046,.F.);
#1388=ORIENTED_EDGE('',*,*,#1047,.F.);
#1389=ORIENTED_EDGE('',*,*,#1048,.T.);
#1390=ORIENTED_EDGE('',*,*,#1049,.F.);
#1391=ORIENTED_EDGE('',*,*,#1050,.F.);
#1392=ORIENTED_EDGE('',*,*,#1030,.F.);
#1393=ORIENTED_EDGE('',*,*,#1043,.T.);
#1394=ORIENTED_EDGE('',*,*,#1049,.T.);
#1395=ORIENTED_EDGE('',*,*,#1051,.F.);
#1396=ORIENTED_EDGE('',*,*,#1031,.T.);
#1397=ORIENTED_EDGE('',*,*,#1050,.T.);
#1398=ORIENTED_EDGE('',*,*,#1048,.F.);
#1399=ORIENTED_EDGE('',*,*,#1045,.F.);
#1400=ORIENTED_EDGE('',*,*,#1032,.T.);
#1401=ORIENTED_EDGE('',*,*,#1051,.T.);
#1402=ORIENTED_EDGE('',*,*,#1047,.T.);
#1403=ORIENTED_EDGE('',*,*,#1044,.T.);
#1404=ORIENTED_EDGE('',*,*,#1028,.F.);
#1405=ORIENTED_EDGE('',*,*,#1052,.F.);
#1406=ORIENTED_EDGE('',*,*,#992,.T.);
#1407=ORIENTED_EDGE('',*,*,#1052,.T.);
#1408=ORIENTED_EDGE('',*,*,#1027,.F.);
#1409=ORIENTED_EDGE('',*,*,#1018,.F.);
#1410=ORIENTED_EDGE('',*,*,#993,.T.);
#1411=ORIENTED_EDGE('',*,*,#1053,.F.);
#1412=ORIENTED_EDGE('',*,*,#988,.F.);
#1413=ORIENTED_EDGE('',*,*,#1054,.T.);
#1414=ORIENTED_EDGE('',*,*,#1055,.T.);
#1415=ORIENTED_EDGE('',*,*,#1056,.F.);
#1416=ORIENTED_EDGE('',*,*,#1055,.F.);
#1417=ORIENTED_EDGE('',*,*,#1057,.F.);
#1418=ORIENTED_EDGE('',*,*,#1058,.F.);
#1419=ORIENTED_EDGE('',*,*,#1059,.F.);
#1420=ORIENTED_EDGE('',*,*,#1058,.T.);
#1421=ORIENTED_EDGE('',*,*,#1060,.F.);
#1422=ORIENTED_EDGE('',*,*,#940,.F.);
#1423=ORIENTED_EDGE('',*,*,#1060,.T.);
#1424=ORIENTED_EDGE('',*,*,#1061,.T.);
#1425=ORIENTED_EDGE('',*,*,#1062,.F.);
#1426=ORIENTED_EDGE('',*,*,#941,.F.);
#1427=ORIENTED_EDGE('',*,*,#1063,.T.);
#1428=ORIENTED_EDGE('',*,*,#942,.F.);
#1429=ORIENTED_EDGE('',*,*,#1062,.T.);
#1430=ORIENTED_EDGE('',*,*,#1064,.T.);
#1431=ORIENTED_EDGE('',*,*,#1065,.T.);
#1432=ORIENTED_EDGE('',*,*,#1066,.F.);
#1433=ORIENTED_EDGE('',*,*,#1067,.T.);
#1434=ORIENTED_EDGE('',*,*,#1064,.F.);
#1435=ORIENTED_EDGE('',*,*,#1068,.T.);
#1436=ORIENTED_EDGE('',*,*,#985,.F.);
#1437=ORIENTED_EDGE('',*,*,#1053,.T.);
#1438=ORIENTED_EDGE('',*,*,#1056,.T.);
#1439=ORIENTED_EDGE('',*,*,#1069,.F.);
#1440=ORIENTED_EDGE('',*,*,#1070,.F.);
#1441=ORIENTED_EDGE('',*,*,#1071,.T.);
#1442=ORIENTED_EDGE('',*,*,#996,.F.);
#1443=ORIENTED_EDGE('',*,*,#1072,.F.);
#1444=ORIENTED_EDGE('',*,*,#908,.F.);
#1445=ORIENTED_EDGE('',*,*,#1073,.F.);
#1446=ORIENTED_EDGE('',*,*,#1072,.T.);
#1447=ORIENTED_EDGE('',*,*,#995,.F.);
#1448=ORIENTED_EDGE('',*,*,#1074,.T.);
#1449=ORIENTED_EDGE('',*,*,#1075,.T.);
#1450=ORIENTED_EDGE('',*,*,#1076,.F.);
#1451=ORIENTED_EDGE('',*,*,#1067,.F.);
#1452=ORIENTED_EDGE('',*,*,#1075,.F.);
#1453=ORIENTED_EDGE('',*,*,#1077,.F.);
#1454=ORIENTED_EDGE('',*,*,#1078,.F.);
#1455=ORIENTED_EDGE('',*,*,#1079,.F.);
#1456=ORIENTED_EDGE('',*,*,#1080,.F.);
#1457=ORIENTED_EDGE('',*,*,#1079,.T.);
#1458=ORIENTED_EDGE('',*,*,#1081,.F.);
#1459=ORIENTED_EDGE('',*,*,#936,.F.);
#1460=ORIENTED_EDGE('',*,*,#1081,.T.);
#1461=ORIENTED_EDGE('',*,*,#1082,.T.);
#1462=ORIENTED_EDGE('',*,*,#1083,.F.);
#1463=ORIENTED_EDGE('',*,*,#937,.F.);
#1464=ORIENTED_EDGE('',*,*,#1084,.T.);
#1465=ORIENTED_EDGE('',*,*,#938,.F.);
#1466=ORIENTED_EDGE('',*,*,#1083,.T.);
#1467=ORIENTED_EDGE('',*,*,#1085,.T.);
#1468=ORIENTED_EDGE('',*,*,#1086,.T.);
#1469=ORIENTED_EDGE('',*,*,#1087,.F.);
#1470=ORIENTED_EDGE('',*,*,#1070,.T.);
#1471=ORIENTED_EDGE('',*,*,#1085,.F.);
#1472=ORIENTED_EDGE('',*,*,#1071,.F.);
#1473=ORIENTED_EDGE('',*,*,#1087,.T.);
#1474=ORIENTED_EDGE('',*,*,#1088,.F.);
#1475=ORIENTED_EDGE('',*,*,#997,.F.);
#1476=ORIENTED_EDGE('',*,*,#1088,.T.);
#1477=ORIENTED_EDGE('',*,*,#1089,.T.);
#1478=ORIENTED_EDGE('',*,*,#1090,.F.);
#1479=ORIENTED_EDGE('',*,*,#998,.F.);
#1480=ORIENTED_EDGE('',*,*,#1074,.F.);
#1481=ORIENTED_EDGE('',*,*,#999,.F.);
#1482=ORIENTED_EDGE('',*,*,#1090,.T.);
#1483=ORIENTED_EDGE('',*,*,#1077,.T.);
#1484=ORIENTED_EDGE('',*,*,#1078,.T.);
#1485=ORIENTED_EDGE('',*,*,#1089,.F.);
#1486=ORIENTED_EDGE('',*,*,#1086,.F.);
#1487=ORIENTED_EDGE('',*,*,#1082,.F.);
#1488=ORIENTED_EDGE('',*,*,#1059,.T.);
#1489=ORIENTED_EDGE('',*,*,#939,.F.);
#1490=ORIENTED_EDGE('',*,*,#1084,.F.);
#1491=ORIENTED_EDGE('',*,*,#1069,.T.);
#1492=ORIENTED_EDGE('',*,*,#907,.T.);
#1493=ORIENTED_EDGE('',*,*,#919,.F.);
#1494=ORIENTED_EDGE('',*,*,#909,.T.);
#1495=ORIENTED_EDGE('',*,*,#1073,.T.);
#1496=ORIENTED_EDGE('',*,*,#1080,.T.);
#1497=ORIENTED_EDGE('',*,*,#943,.F.);
#1498=ORIENTED_EDGE('',*,*,#1063,.F.);
#1499=ORIENTED_EDGE('',*,*,#1076,.T.);
#1500=ORIENTED_EDGE('',*,*,#1068,.F.);
#1501=ORIENTED_EDGE('',*,*,#1066,.T.);
#1502=ORIENTED_EDGE('',*,*,#1091,.F.);
#1503=ORIENTED_EDGE('',*,*,#986,.F.);
#1504=ORIENTED_EDGE('',*,*,#1091,.T.);
#1505=ORIENTED_EDGE('',*,*,#1092,.T.);
#1506=ORIENTED_EDGE('',*,*,#1054,.F.);
#1507=ORIENTED_EDGE('',*,*,#987,.F.);
#1508=ORIENTED_EDGE('',*,*,#1057,.T.);
#1509=ORIENTED_EDGE('',*,*,#1092,.F.);
#1510=ORIENTED_EDGE('',*,*,#1065,.F.);
#1511=ORIENTED_EDGE('',*,*,#1061,.F.);
#1512=ORIENTED_EDGE('',*,*,#973,.F.);
#1513=ORIENTED_EDGE('',*,*,#970,.T.);
#1514=ORIENTED_EDGE('',*,*,#978,.T.);
#1515=ORIENTED_EDGE('',*,*,#976,.F.);
#1516=ORIENTED_EDGE('',*,*,#903,.T.);
#1517=ORIENTED_EDGE('',*,*,#946,.F.);
#1518=ORIENTED_EDGE('',*,*,#905,.F.);
#1519=ORIENTED_EDGE('',*,*,#1093,.T.);
#1520=ORIENTED_EDGE('',*,*,#1093,.F.);
#1521=ORIENTED_EDGE('',*,*,#1094,.F.);
#1522=ORIENTED_EDGE('',*,*,#1095,.T.);
#1523=ORIENTED_EDGE('',*,*,#1094,.T.);
#1524=ORIENTED_EDGE('',*,*,#904,.F.);
#1525=ORIENTED_EDGE('',*,*,#1095,.F.);
#1526=ORIENTED_EDGE('',*,*,#1096,.F.);
#1527=ORIENTED_EDGE('',*,*,#1096,.T.);
#1528=ORIENTED_EDGE('',*,*,#1097,.F.);
#1529=ORIENTED_EDGE('',*,*,#922,.F.);
#1530=ORIENTED_EDGE('',*,*,#1097,.T.);
#1531=ORIENTED_EDGE('',*,*,#899,.T.);
#1532=ORIENTED_EDGE('',*,*,#947,.F.);
#1533=ORIENTED_EDGE('',*,*,#901,.F.);
#1534=ORIENTED_EDGE('',*,*,#1098,.T.);
#1535=ORIENTED_EDGE('',*,*,#1098,.F.);
#1536=ORIENTED_EDGE('',*,*,#1099,.F.);
#1537=ORIENTED_EDGE('',*,*,#1100,.T.);
#1538=ORIENTED_EDGE('',*,*,#1099,.T.);
#1539=ORIENTED_EDGE('',*,*,#900,.F.);
#1540=ORIENTED_EDGE('',*,*,#1100,.F.);
#1541=ORIENTED_EDGE('',*,*,#1101,.F.);
#1542=ORIENTED_EDGE('',*,*,#1101,.T.);
#1543=ORIENTED_EDGE('',*,*,#1102,.F.);
#1544=ORIENTED_EDGE('',*,*,#920,.F.);
#1545=ORIENTED_EDGE('',*,*,#1102,.T.);
#1546=ORIENTED_EDGE('',*,*,#1103,.T.);
#1547=ORIENTED_EDGE('',*,*,#1104,.T.);
#1548=ORIENTED_EDGE('',*,*,#948,.F.);
#1549=ORIENTED_EDGE('',*,*,#1104,.F.);
#1550=ORIENTED_EDGE('',*,*,#1103,.F.);
#1551=ORIENTED_EDGE('',*,*,#1105,.F.);
#1552=ORIENTED_EDGE('',*,*,#1106,.T.);
#1553=ORIENTED_EDGE('',*,*,#1105,.T.);
#1554=ORIENTED_EDGE('',*,*,#1106,.F.);
#1555=ORIENTED_EDGE('',*,*,#1107,.F.);
#1556=ORIENTED_EDGE('',*,*,#1107,.T.);
#1557=ORIENTED_EDGE('',*,*,#1108,.F.);
#1558=ORIENTED_EDGE('',*,*,#921,.F.);
#1559=ORIENTED_EDGE('',*,*,#1108,.T.);
#1560=ORIENTED_EDGE('',*,*,#895,.T.);
#1561=ORIENTED_EDGE('',*,*,#949,.F.);
#1562=ORIENTED_EDGE('',*,*,#897,.F.);
#1563=ORIENTED_EDGE('',*,*,#1109,.T.);
#1564=ORIENTED_EDGE('',*,*,#1109,.F.);
#1565=ORIENTED_EDGE('',*,*,#1110,.F.);
#1566=ORIENTED_EDGE('',*,*,#1111,.F.);
#1567=ORIENTED_EDGE('',*,*,#1110,.T.);
#1568=ORIENTED_EDGE('',*,*,#896,.F.);
#1569=ORIENTED_EDGE('',*,*,#1111,.T.);
#1570=ORIENTED_EDGE('',*,*,#1112,.F.);
#1571=ORIENTED_EDGE('',*,*,#1112,.T.);
#1572=ORIENTED_EDGE('',*,*,#1113,.F.);
#1573=ORIENTED_EDGE('',*,*,#923,.F.);
#1574=ORIENTED_EDGE('',*,*,#1113,.T.);
#1575=ORIENTED_EDGE('',*,*,#891,.T.);
#1576=ORIENTED_EDGE('',*,*,#950,.F.);
#1577=ORIENTED_EDGE('',*,*,#893,.F.);
#1578=ORIENTED_EDGE('',*,*,#1114,.T.);
#1579=ORIENTED_EDGE('',*,*,#1115,.T.);
#1580=ORIENTED_EDGE('',*,*,#1114,.F.);
#1581=ORIENTED_EDGE('',*,*,#892,.F.);
#1582=ORIENTED_EDGE('',*,*,#1115,.F.);
#1583=ORIENTED_EDGE('',*,*,#1116,.F.);
#1584=ORIENTED_EDGE('',*,*,#1117,.T.);
#1585=ORIENTED_EDGE('',*,*,#1116,.T.);
#1586=ORIENTED_EDGE('',*,*,#1117,.F.);
#1587=ORIENTED_EDGE('',*,*,#1118,.F.);
#1588=ORIENTED_EDGE('',*,*,#1118,.T.);
#1589=ORIENTED_EDGE('',*,*,#1119,.F.);
#1590=ORIENTED_EDGE('',*,*,#924,.F.);
#1591=ORIENTED_EDGE('',*,*,#1119,.T.);
#1592=ORIENTED_EDGE('',*,*,#1120,.T.);
#1593=ORIENTED_EDGE('',*,*,#1121,.T.);
#1594=ORIENTED_EDGE('',*,*,#1122,.T.);
#1595=ORIENTED_EDGE('',*,*,#951,.F.);
#1596=ORIENTED_EDGE('',*,*,#1122,.F.);
#1597=ORIENTED_EDGE('',*,*,#1120,.F.);
#1598=ORIENTED_EDGE('',*,*,#1121,.F.);
#1599=ORIENTED_EDGE('',*,*,#1123,.F.);
#1600=ORIENTED_EDGE('',*,*,#1124,.T.);
#1601=ORIENTED_EDGE('',*,*,#1123,.T.);
#1602=ORIENTED_EDGE('',*,*,#1124,.F.);
#1603=ORIENTED_EDGE('',*,*,#1125,.F.);
#1604=ORIENTED_EDGE('',*,*,#1125,.T.);
#1605=ORIENTED_EDGE('',*,*,#1126,.F.);
#1606=ORIENTED_EDGE('',*,*,#925,.F.);
#1607=ORIENTED_EDGE('',*,*,#1126,.T.);
#1608=ORIENTED_EDGE('',*,*,#886,.T.);
#1609=ORIENTED_EDGE('',*,*,#952,.F.);
#1610=ORIENTED_EDGE('',*,*,#889,.F.);
#1611=ORIENTED_EDGE('',*,*,#1127,.T.);
#1612=ORIENTED_EDGE('',*,*,#1127,.F.);
#1613=ORIENTED_EDGE('',*,*,#888,.F.);
#1614=ORIENTED_EDGE('',*,*,#1128,.F.);
#1615=ORIENTED_EDGE('',*,*,#1129,.T.);
#1616=ORIENTED_EDGE('',*,*,#1128,.T.);
#1617=ORIENTED_EDGE('',*,*,#887,.F.);
#1618=ORIENTED_EDGE('',*,*,#1129,.F.);
#1619=ORIENTED_EDGE('',*,*,#1130,.F.);
#1620=ORIENTED_EDGE('',*,*,#1130,.T.);
#1621=ORIENTED_EDGE('',*,*,#1131,.F.);
#1622=ORIENTED_EDGE('',*,*,#926,.F.);
#1623=ORIENTED_EDGE('',*,*,#1131,.T.);
#1624=(
BOUNDED_SURFACE()
B_SPLINE_SURFACE(2,1,((#2374,#2375),(#2376,#2377),(#2378,#2379),(#2380,
#2381),(#2382,#2383),(#2384,#2385),(#2386,#2387),(#2388,#2389),(#2390,#2391),
(#2392,#2393),(#2394,#2395)),.UNSPECIFIED.,.T.,.F.,.F.)
B_SPLINE_SURFACE_WITH_KNOTS((3,2,2,2,2,3),(2,2),(-5.47477898240802,-4.188790204787,
-2.094395102394,0.,0.785398163397,0.808406324771976),(-0.14507487143,0.145074876995),
 .UNSPECIFIED.)
GEOMETRIC_REPRESENTATION_ITEM()
RATIONAL_B_SPLINE_SURFACE(((0.762999286179541,0.762999286179541),(0.692992793921424,
0.692992793921424),(1.,1.),(0.5,0.5),(1.,1.),(0.5,0.5),(1.,1.),(0.8125,
0.8125),(0.765625,0.765625),(0.764251801519644,0.764251801519644),(0.762999286179541,
0.762999286179541)))
REPRESENTATION_ITEM('')
SURFACE()
);
#1625=(
BOUNDED_SURFACE()
B_SPLINE_SURFACE(2,1,((#2406,#2407),(#2408,#2409),(#2410,#2411),(#2412,
#2413),(#2414,#2415),(#2416,#2417),(#2418,#2419),(#2420,#2421),(#2422,#2423),
(#2424,#2425),(#2426,#2427)),.UNSPECIFIED.,.T.,.F.,.F.)
B_SPLINE_SURFACE_WITH_KNOTS((3,2,2,2,2,3),(2,2),(5.474778962406,5.497787143782,
6.28318530718,8.377580409573,10.471975511966,11.757964269586),(-0.14507487143,
0.145074876995),.UNSPECIFIED.)
GEOMETRIC_REPRESENTATION_ITEM()
RATIONAL_B_SPLINE_SURFACE(((0.762999284001915,0.762999284001915),(0.764251800325921,
0.764251800325921),(0.765625,0.765625),(0.8125,0.8125),(1.,1.),(0.5,0.5),
(1.,1.),(0.5,0.5),(1.,1.),(0.692992798696317,0.692992798696317),(0.762999284001915,
0.762999284001915)))
REPRESENTATION_ITEM('')
SURFACE()
);
#1626=(
BOUNDED_SURFACE()
B_SPLINE_SURFACE(2,1,((#2436,#2437),(#2438,#2439),(#2440,#2441),(#2442,
#2443),(#2444,#2445),(#2446,#2447),(#2448,#2449),(#2450,#2451),(#2452,#2453),
(#2454,#2455),(#2456,#2457)),.UNSPECIFIED.,.T.,.F.,.F.)
B_SPLINE_SURFACE_WITH_KNOTS((3,2,2,2,2,3),(2,2),(1.53320361607536,1.570796326795,
2.094395102393,4.188790204786,6.28318530718,7.81638892325435),(-0.14507487143,
0.145074876989),.UNSPECIFIED.)
GEOMETRIC_REPRESENTATION_ITEM()
RATIONAL_B_SPLINE_SURFACE(((0.803847575077444,0.803847575077444),(0.808012700698556,
0.808012700698556),(0.8125,0.8125),(0.875,0.875),(1.,1.),(0.5,0.5),(1.,
1.),(0.5,0.5),(1.,1.),(0.633974598602888,0.633974598602888),(0.803847575077444,
0.803847575077444)))
REPRESENTATION_ITEM('')
SURFACE()
);
#1627=(
BOUNDED_SURFACE()
B_SPLINE_SURFACE(2,1,((#2466,#2467),(#2468,#2469),(#2470,#2471),(#2472,
#2473),(#2474,#2475),(#2476,#2477),(#2478,#2479),(#2480,#2481),(#2482,#2483),
(#2484,#2485),(#2486,#2487)),.UNSPECIFIED.,.T.,.F.,.F.)
B_SPLINE_SURFACE_WITH_KNOTS((3,2,2,2,2,3),(2,2),(5.47477896240569,5.497787143782,
6.28318530718,8.377580409573,10.471975511966,11.7579642695857),(-0.14507487143,
0.145074876995),.UNSPECIFIED.)
GEOMETRIC_REPRESENTATION_ITEM()
RATIONAL_B_SPLINE_SURFACE(((0.762999284001882,0.762999284001882),(0.764251800325903,
0.764251800325903),(0.765625,0.765625),(0.8125,0.8125),(1.,1.),(0.5,0.5),
(1.,1.),(0.5,0.5),(1.,1.),(0.69299279869639,0.69299279869639),(0.762999284001882,
0.762999284001882)))
REPRESENTATION_ITEM('')
SURFACE()
);
#1628=(
BOUNDED_SURFACE()
B_SPLINE_SURFACE(2,1,((#2496,#2497),(#2498,#2499),(#2500,#2501),(#2502,
#2503),(#2504,#2505),(#2506,#2507),(#2508,#2509),(#2510,#2511),(#2512,#2513)),
 .UNSPECIFIED.,.T.,.F.,.F.)
B_SPLINE_SURFACE_WITH_KNOTS((3,2,2,2,3),(2,2),(-5.497787143783,-4.188790204787,
-2.094395102394,0.,0.785398163397),(-0.14507487143,0.145074876995),
 .UNSPECIFIED.)
GEOMETRIC_REPRESENTATION_ITEM()
RATIONAL_B_SPLINE_SURFACE(((0.765625,0.765625),(0.6875,0.6875),(1.,1.),
(0.5,0.5),(1.,1.),(0.5,0.5),(1.,1.),(0.8125,0.8125),(0.765625,0.765625)))
REPRESENTATION_ITEM('')
SURFACE()
);
#1629=(
BOUNDED_SURFACE()
B_SPLINE_SURFACE(2,1,((#2522,#2523),(#2524,#2525),(#2526,#2527),(#2528,
#2529),(#2530,#2531),(#2532,#2533),(#2534,#2535),(#2536,#2537),(#2538,#2539),
(#2540,#2541),(#2542,#2543)),.UNSPECIFIED.,.T.,.F.,.F.)
B_SPLINE_SURFACE_WITH_KNOTS((3,2,2,2,2,3),(2,2),(1.53320361607419,1.570796326795,
2.094395102393,4.188790204786,6.28318530718,7.81638892325319),(-0.208397510977,
0.208397511302),.UNSPECIFIED.)
GEOMETRIC_REPRESENTATION_ITEM()
RATIONAL_B_SPLINE_SURFACE(((0.803847575077186,0.803847575077186),(0.808012700698417,
0.808012700698417),(0.8125,0.8125),(0.875,0.875),(1.,1.),(0.5,0.5),(1.,
1.),(0.5,0.5),(1.,1.),(0.633974598603166,0.633974598603166),(0.803847575077186,
0.803847575077186)))
REPRESENTATION_ITEM('')
SURFACE()
);
#1630=(
BOUNDED_SURFACE()
B_SPLINE_SURFACE(2,1,((#2552,#2553),(#2554,#2555),(#2556,#2557),(#2558,
#2559),(#2560,#2561),(#2562,#2563),(#2564,#2565),(#2566,#2567),(#2568,#2569)),
 .UNSPECIFIED.,.T.,.F.,.F.)
B_SPLINE_SURFACE_WITH_KNOTS((3,2,2,2,3),(2,2),(-4.712388980384,-4.188790204786,
-2.094395102393,1.00008890058234E-12,1.570796326795),(-0.212132032836,0.212132035876),
 .UNSPECIFIED.)
GEOMETRIC_REPRESENTATION_ITEM()
RATIONAL_B_SPLINE_SURFACE(((0.8125,0.8125),(0.875,0.875),(1.,1.),(0.5,0.5),
(1.,1.),(0.5,0.5),(1.,1.),(0.625,0.625),(0.8125,0.8125)))
REPRESENTATION_ITEM('')
SURFACE()
);
#1631=(
BOUNDED_SURFACE()
B_SPLINE_SURFACE(2,1,((#2578,#2579),(#2580,#2581),(#2582,#2583),(#2584,
#2585),(#2586,#2587),(#2588,#2589),(#2590,#2591),(#2592,#2593),(#2594,#2595),
(#2596,#2597),(#2598,#2599)),.UNSPECIFIED.,.T.,.F.,.F.)
B_SPLINE_SURFACE_WITH_KNOTS((3,2,2,2,2,3),(2,2),(1.53320361607536,1.570796326795,
2.094395102393,4.188790204786,6.28318530718,7.81638892325435),(-0.14507487143,
0.145074876989),.UNSPECIFIED.)
GEOMETRIC_REPRESENTATION_ITEM()
RATIONAL_B_SPLINE_SURFACE(((0.803847575077444,0.803847575077444),(0.808012700698556,
0.808012700698556),(0.8125,0.8125),(0.875,0.875),(1.,1.),(0.5,0.5),(1.,
1.),(0.5,0.5),(1.,1.),(0.633974598602888,0.633974598602888),(0.803847575077444,
0.803847575077444)))
REPRESENTATION_ITEM('')
SURFACE()
);
#1632=(
BOUNDED_SURFACE()
B_SPLINE_SURFACE(2,1,((#2627,#2628),(#2629,#2630),(#2631,#2632),(#2633,
#2634),(#2635,#2636),(#2637,#2638),(#2639,#2640)),.UNSPECIFIED.,.T.,.F.,
 .F.)
B_SPLINE_SURFACE_WITH_KNOTS((3,2,2,3),(2,2),(0.,2.094395102393,4.188790204786,
6.28318530718),(0.,0.297695048031356),.UNSPECIFIED.)
GEOMETRIC_REPRESENTATION_ITEM()
RATIONAL_B_SPLINE_SURFACE(((1.,1.),(0.5,0.5),(1.,1.),(0.5,0.5),(1.,1.),
(0.5,0.5),(1.,1.)))
REPRESENTATION_ITEM('')
SURFACE()
);
#1633=(
BOUNDED_SURFACE()
B_SPLINE_SURFACE(2,1,((#2647,#2648),(#2649,#2650),(#2651,#2652),(#2653,
#2654),(#2655,#2656),(#2657,#2658),(#2659,#2660)),.UNSPECIFIED.,.T.,.F.,
 .F.)
B_SPLINE_SURFACE_WITH_KNOTS((3,2,2,3),(2,2),(0.,2.094395102393,4.188790204786,
6.28318530718),(-2.904117038004,2.904117038004),.UNSPECIFIED.)
GEOMETRIC_REPRESENTATION_ITEM()
RATIONAL_B_SPLINE_SURFACE(((1.,1.),(0.5,0.5),(1.,1.),(0.5,0.5),(1.,1.),
(0.5,0.5),(1.,1.)))
REPRESENTATION_ITEM('')
SURFACE()
);
#1634=(
BOUNDED_SURFACE()
B_SPLINE_SURFACE(2,1,((#2665,#2666),(#2667,#2668),(#2669,#2670),(#2671,
#2672),(#2673,#2674),(#2675,#2676),(#2677,#2678),(#2679,#2680),(#2681,#2682)),
 .UNSPECIFIED.,.T.,.F.,.F.)
B_SPLINE_SURFACE_WITH_KNOTS((3,2,2,2,3),(2,2),(1.570796326795,2.094395102393,
4.188790204786,6.28318530718,7.853981633974),(-0.14507487143,0.145074876989),
 .UNSPECIFIED.)
GEOMETRIC_REPRESENTATION_ITEM()
RATIONAL_B_SPLINE_SURFACE(((0.8125,0.8125),(0.875,0.875),(1.,1.),(0.5,0.5),
(1.,1.),(0.5,0.5),(1.,1.),(0.625,0.625),(0.8125,0.8125)))
REPRESENTATION_ITEM('')
SURFACE()
);
#1635=(
BOUNDED_SURFACE()
B_SPLINE_SURFACE(2,1,((#2716,#2717),(#2718,#2719),(#2720,#2721),(#2722,
#2723),(#2724,#2725),(#2726,#2727),(#2728,#2729),(#2730,#2731),(#2732,#2733)),
 .UNSPECIFIED.,.T.,.F.,.F.)
B_SPLINE_SURFACE_WITH_KNOTS((3,2,2,2,3),(2,2),(3.14159265359,4.188790204786,
6.28318530718,8.377580409573,9.424777960769),(0.,1.14612593492436),
 .UNSPECIFIED.)
GEOMETRIC_REPRESENTATION_ITEM()
RATIONAL_B_SPLINE_SURFACE(((0.75,0.75),(0.75,0.75),(1.,1.),(0.5,0.5),(1.,
1.),(0.5,0.5),(1.,1.),(0.75,0.75),(0.75,0.75)))
REPRESENTATION_ITEM('')
SURFACE()
);
#1636=(
BOUNDED_SURFACE()
B_SPLINE_SURFACE(2,1,((#2736,#2737),(#2738,#2739),(#2740,#2741),(#2742,
#2743),(#2744,#2745),(#2746,#2747),(#2748,#2749),(#2750,#2751),(#2752,#2753)),
 .UNSPECIFIED.,.T.,.F.,.F.)
B_SPLINE_SURFACE_WITH_KNOTS((3,2,2,2,3),(2,2),(1.570796326795,2.094395102393,
4.188790204786,6.28318530718,7.853981633974),(-0.212132032836,0.212132035876),
 .UNSPECIFIED.)
GEOMETRIC_REPRESENTATION_ITEM()
RATIONAL_B_SPLINE_SURFACE(((0.8125,0.8125),(0.875,0.875),(1.,1.),(0.5,0.5),
(1.,1.),(0.5,0.5),(1.,1.),(0.625,0.625),(0.8125,0.8125)))
REPRESENTATION_ITEM('')
SURFACE()
);
#1637=(
BOUNDED_SURFACE()
B_SPLINE_SURFACE(2,1,((#2754,#2755),(#2756,#2757),(#2758,#2759),(#2760,
#2761),(#2762,#2763),(#2764,#2765),(#2766,#2767)),.UNSPECIFIED.,.T.,.F.,
 .F.)
B_SPLINE_SURFACE_WITH_KNOTS((3,2,2,3),(2,2),(0.,2.094395102393,4.188790204786,
6.28318530718),(0.,0.29769504803136),.UNSPECIFIED.)
GEOMETRIC_REPRESENTATION_ITEM()
RATIONAL_B_SPLINE_SURFACE(((1.,1.),(0.5,0.5),(1.,1.),(0.5,0.5),(1.,1.),
(0.5,0.5),(1.,1.)))
REPRESENTATION_ITEM('')
SURFACE()
);
#1638=(
BOUNDED_SURFACE()
B_SPLINE_SURFACE(2,1,((#2934,#2935),(#2936,#2937),(#2938,#2939),(#2940,
#2941),(#2942,#2943),(#2944,#2945),(#2946,#2947),(#2948,#2949),(#2950,#2951)),
 .UNSPECIFIED.,.T.,.F.,.F.)
B_SPLINE_SURFACE_WITH_KNOTS((3,2,2,2,3),(2,2),(3.14159265359,4.188790204786,
6.28318530718,8.377580409573,9.424777960769),(0.,0.29769504803136),
 .UNSPECIFIED.)
GEOMETRIC_REPRESENTATION_ITEM()
RATIONAL_B_SPLINE_SURFACE(((0.75,0.75),(0.75,0.75),(1.,1.),(0.5,0.5),(1.,
1.),(0.5,0.5),(1.,1.),(0.75,0.75),(0.75,0.75)))
REPRESENTATION_ITEM('')
SURFACE()
);
#1639=(
BOUNDED_SURFACE()
B_SPLINE_SURFACE(2,1,((#2999,#3000),(#3001,#3002),(#3003,#3004),(#3005,
#3006),(#3007,#3008)),.UNSPECIFIED.,.F.,.F.,.F.)
B_SPLINE_SURFACE_WITH_KNOTS((3,2,3),(2,2),(0.,1.570796330014,3.141592660027),
(-0.215801939883,0.215801940758),.UNSPECIFIED.)
GEOMETRIC_REPRESENTATION_ITEM()
RATIONAL_B_SPLINE_SURFACE(((1.,1.),(0.707106780049,0.707106780049),(1.,
1.),(0.707106780049,0.707106780049),(1.,1.)))
REPRESENTATION_ITEM('')
SURFACE()
);
#1640=(
BOUNDED_SURFACE()
B_SPLINE_SURFACE(2,1,((#3025,#3026),(#3027,#3028),(#3029,#3030),(#3031,
#3032),(#3033,#3034),(#3035,#3036),(#3037,#3038)),.UNSPECIFIED.,.T.,.F.,
 .F.)
B_SPLINE_SURFACE_WITH_KNOTS((3,2,2,3),(2,2),(0.,2.094395102393,4.188790204786,
6.28318530718),(-3.702255313916,3.702255313916),.UNSPECIFIED.)
GEOMETRIC_REPRESENTATION_ITEM()
RATIONAL_B_SPLINE_SURFACE(((1.,1.),(0.5,0.5),(1.,1.),(0.5,0.5),(1.,1.),
(0.5,0.5),(1.,1.)))
REPRESENTATION_ITEM('')
SURFACE()
);
#1641=(
BOUNDED_SURFACE()
B_SPLINE_SURFACE(2,1,((#3068,#3069),(#3070,#3071),(#3072,#3073),(#3074,
#3075),(#3076,#3077)),.UNSPECIFIED.,.F.,.F.,.F.)
B_SPLINE_SURFACE_WITH_KNOTS((3,2,3),(2,2),(3.141592648797,4.712388977988,
6.28318530718),(-0.215801939695,0.215801940758),.UNSPECIFIED.)
GEOMETRIC_REPRESENTATION_ITEM()
RATIONAL_B_SPLINE_SURFACE(((1.,1.),(0.707106780339,0.707106780339),(1.,
1.),(0.707106780339,0.707106780339),(1.,1.)))
REPRESENTATION_ITEM('')
SURFACE()
);
#1642=(
BOUNDED_SURFACE()
B_SPLINE_SURFACE(2,1,((#3090,#3091),(#3092,#3093),(#3094,#3095),(#3096,
#3097),(#3098,#3099)),.UNSPECIFIED.,.F.,.F.,.F.)
B_SPLINE_SURFACE_WITH_KNOTS((3,2,3),(2,2),(0.,1.570796330121,3.141592660243),
(-0.208397510759,0.208397511765),.UNSPECIFIED.)
GEOMETRIC_REPRESENTATION_ITEM()
RATIONAL_B_SPLINE_SURFACE(((1.,1.),(0.70710678001,0.70710678001),(1.,1.),
(0.70710678001,0.70710678001),(1.,1.)))
REPRESENTATION_ITEM('')
SURFACE()
);
#1643=(
BOUNDED_SURFACE()
B_SPLINE_SURFACE(2,1,((#3103,#3104),(#3105,#3106),(#3107,#3108),(#3109,
#3110),(#3111,#3112)),.UNSPECIFIED.,.F.,.F.,.F.)
B_SPLINE_SURFACE_WITH_KNOTS((3,2,3),(2,2),(-1.570796333231,1.086797318806E-10,
1.570796333449),(-1.951188611516,1.951188611659),.UNSPECIFIED.)
GEOMETRIC_REPRESENTATION_ITEM()
RATIONAL_B_SPLINE_SURFACE(((1.,1.),(0.707106778873,0.707106778873),(1.,
1.),(0.707106778873,0.707106778873),(1.,1.)))
REPRESENTATION_ITEM('')
SURFACE()
);
#1644=(
BOUNDED_SURFACE()
B_SPLINE_SURFACE(2,1,((#3113,#3114),(#3115,#3116),(#3117,#3118)),
 .UNSPECIFIED.,.F.,.F.,.F.)
B_SPLINE_SURFACE_WITH_KNOTS((3,3),(2,2),(2.065049327849,4.218135979329),
(-0.215801940107,0.215801940102),.UNSPECIFIED.)
GEOMETRIC_REPRESENTATION_ITEM()
RATIONAL_B_SPLINE_SURFACE(((1.,1.),(0.474374183099,0.474374183099),(1.,
1.)))
REPRESENTATION_ITEM('')
SURFACE()
);
#1645=(
BOUNDED_SURFACE()
B_SPLINE_SURFACE(2,1,((#3119,#3120),(#3121,#3122),(#3123,#3124),(#3125,
#3126),(#3127,#3128),(#3129,#3130),(#3131,#3132),(#3133,#3134),(#3135,#3136)),
 .UNSPECIFIED.,.T.,.F.,.F.)
B_SPLINE_SURFACE_WITH_KNOTS((3,2,2,2,3),(2,2),(1.570796326795,2.094395102393,
4.188790204786,6.28318530718,7.853981633974),(-0.208397510977,0.208397511302),
 .UNSPECIFIED.)
GEOMETRIC_REPRESENTATION_ITEM()
RATIONAL_B_SPLINE_SURFACE(((0.8125,0.8125),(0.875,0.875),(1.,1.),(0.5,0.5),
(1.,1.),(0.5,0.5),(1.,1.),(0.625,0.625),(0.8125,0.8125)))
REPRESENTATION_ITEM('')
SURFACE()
);
#1646=(
BOUNDED_SURFACE()
B_SPLINE_SURFACE(2,1,((#3137,#3138),(#3139,#3140),(#3141,#3142)),
 .UNSPECIFIED.,.F.,.F.,.F.)
B_SPLINE_SURFACE_WITH_KNOTS((3,3),(2,2),(-1.076543325739,1.076543325739),
(-0.215801940114,0.215801940102),.UNSPECIFIED.)
GEOMETRIC_REPRESENTATION_ITEM()
RATIONAL_B_SPLINE_SURFACE(((1.,1.),(0.474374183099,0.474374183099),(1.,
1.)))
REPRESENTATION_ITEM('')
SURFACE()
);
#1647=(
BOUNDED_SURFACE()
B_SPLINE_SURFACE(2,1,((#3145,#3146),(#3147,#3148),(#3149,#3150),(#3151,
#3152),(#3153,#3154)),.UNSPECIFIED.,.F.,.F.,.F.)
B_SPLINE_SURFACE_WITH_KNOTS((3,2,3),(2,2),(3.141592649618,4.712388978399,
6.28318530718),(-0.208397510759,0.208397511765),.UNSPECIFIED.)
GEOMETRIC_REPRESENTATION_ITEM()
RATIONAL_B_SPLINE_SURFACE(((1.,1.),(0.707106780484,0.707106780484),(1.,
1.),(0.707106780484,0.707106780484),(1.,1.)))
REPRESENTATION_ITEM('')
SURFACE()
);
#1648=(
BOUNDED_SURFACE()
B_SPLINE_SURFACE(2,1,((#3156,#3157),(#3158,#3159),(#3160,#3161),(#3162,
#3163),(#3164,#3165)),.UNSPECIFIED.,.F.,.F.,.F.)
B_SPLINE_SURFACE_WITH_KNOTS((3,2,3),(2,2),(1.570796320359,3.141592653698,
4.712388987038),(-1.951188611516,1.951188611624),.UNSPECIFIED.)
GEOMETRIC_REPRESENTATION_ITEM()
RATIONAL_B_SPLINE_SURFACE(((1.,1.),(0.707106778873,0.707106778873),(1.,
1.),(0.707106778873,0.707106778873),(1.,1.)))
REPRESENTATION_ITEM('')
SURFACE()
);
#1649=(
BOUNDED_SURFACE()
B_SPLINE_SURFACE(2,1,((#3167,#3168),(#3169,#3170),(#3171,#3172),(#3173,
#3174),(#3175,#3176),(#3177,#3178),(#3179,#3180),(#3181,#3182),(#3183,#3184),
(#3185,#3186),(#3187,#3188)),.UNSPECIFIED.,.T.,.F.,.F.)
B_SPLINE_SURFACE_WITH_KNOTS((3,2,2,2,2,3),(2,2),(0.783510574760794,0.785398163397,
2.094395102393,4.188790204786,6.28318530718,7.06669588194079),(-0.14507487143,
0.145074876995),.UNSPECIFIED.)
GEOMETRIC_REPRESENTATION_ITEM()
RATIONAL_B_SPLINE_SURFACE(((0.765851126560997,0.765851126560997),(0.765737657148241,
0.765737657148241),(0.765625,0.765625),(0.6875,0.6875),(1.,1.),(0.5,0.5),
(1.,1.),(0.5,0.5),(1.,1.),(0.812950628592965,0.812950628592965),(0.765851126560997,
0.765851126560997)))
REPRESENTATION_ITEM('')
SURFACE()
);
#1650=(
BOUNDED_SURFACE()
B_SPLINE_SURFACE(2,1,((#3190,#3191),(#3192,#3193),(#3194,#3195),(#3196,
#3197),(#3198,#3199),(#3200,#3201),(#3202,#3203)),.UNSPECIFIED.,.T.,.F.,
 .F.)
B_SPLINE_SURFACE_WITH_KNOTS((3,2,2,3),(2,2),(0.,2.094395102393,4.188790204786,
6.28318530718),(-2.904117038004,2.904117038003),.UNSPECIFIED.)
GEOMETRIC_REPRESENTATION_ITEM()
RATIONAL_B_SPLINE_SURFACE(((1.,1.),(0.5,0.5),(1.,1.),(0.5,0.5),(1.,1.),
(0.5,0.5),(1.,1.)))
REPRESENTATION_ITEM('')
SURFACE()
);
#1651=(
BOUNDED_SURFACE()
B_SPLINE_SURFACE(2,1,((#3210,#3211),(#3212,#3213),(#3214,#3215),(#3216,
#3217),(#3218,#3219),(#3220,#3221),(#3222,#3223)),.UNSPECIFIED.,.T.,.F.,
 .F.)
B_SPLINE_SURFACE_WITH_KNOTS((3,2,2,3),(2,2),(0.,2.094395102393,4.188790204786,
6.28318530718),(0.,0.297695048031356),.UNSPECIFIED.)
GEOMETRIC_REPRESENTATION_ITEM()
RATIONAL_B_SPLINE_SURFACE(((1.,1.),(0.5,0.5),(1.,1.),(0.5,0.5),(1.,1.),
(0.5,0.5),(1.,1.)))
REPRESENTATION_ITEM('')
SURFACE()
);
#1652=(
BOUNDED_SURFACE()
B_SPLINE_SURFACE(2,1,((#3225,#3226),(#3227,#3228),(#3229,#3230),(#3231,
#3232),(#3233,#3234),(#3235,#3236),(#3237,#3238),(#3239,#3240),(#3241,#3242)),
 .UNSPECIFIED.,.T.,.F.,.F.)
B_SPLINE_SURFACE_WITH_KNOTS((3,2,2,2,3),(2,2),(5.497787143782,6.28318530718,
8.377580409573,10.471975511966,11.780972450962),(-0.14507487143,0.145074876995),
 .UNSPECIFIED.)
GEOMETRIC_REPRESENTATION_ITEM()
RATIONAL_B_SPLINE_SURFACE(((0.765625,0.765625),(0.8125,0.8125),(1.,1.),
(0.5,0.5),(1.,1.),(0.5,0.5),(1.,1.),(0.6875,0.6875),(0.765625,0.765625)))
REPRESENTATION_ITEM('')
SURFACE()
);
#1653=(
BOUNDED_SURFACE()
B_SPLINE_SURFACE(2,1,((#3244,#3245),(#3246,#3247),(#3248,#3249),(#3250,
#3251),(#3252,#3253),(#3254,#3255),(#3256,#3257)),.UNSPECIFIED.,.T.,.F.,
 .F.)
B_SPLINE_SURFACE_WITH_KNOTS((3,2,2,3),(2,2),(0.,2.094395102393,4.188790204786,
6.28318530718),(-2.904117038004,2.904117038003),.UNSPECIFIED.)
GEOMETRIC_REPRESENTATION_ITEM()
RATIONAL_B_SPLINE_SURFACE(((1.,1.),(0.5,0.5),(1.,1.),(0.5,0.5),(1.,1.),
(0.5,0.5),(1.,1.)))
REPRESENTATION_ITEM('')
SURFACE()
);
#1654=(
BOUNDED_SURFACE()
B_SPLINE_SURFACE(2,1,((#3264,#3265),(#3266,#3267),(#3268,#3269),(#3270,
#3271),(#3272,#3273),(#3274,#3275),(#3276,#3277)),.UNSPECIFIED.,.T.,.F.,
 .F.)
B_SPLINE_SURFACE_WITH_KNOTS((3,2,2,3),(2,2),(0.,2.094395102393,4.188790204786,
6.28318530718),(0.,0.297695048031356),.UNSPECIFIED.)
GEOMETRIC_REPRESENTATION_ITEM()
RATIONAL_B_SPLINE_SURFACE(((1.,1.),(0.5,0.5),(1.,1.),(0.5,0.5),(1.,1.),
(0.5,0.5),(1.,1.)))
REPRESENTATION_ITEM('')
SURFACE()
);
#1655=(
BOUNDED_SURFACE()
B_SPLINE_SURFACE(2,1,((#3279,#3280),(#3281,#3282),(#3283,#3284),(#3285,
#3286),(#3287,#3288),(#3289,#3290),(#3291,#3292)),.UNSPECIFIED.,.T.,.F.,
 .F.)
B_SPLINE_SURFACE_WITH_KNOTS((3,2,2,3),(2,2),(0.,2.094395102393,4.188790204786,
6.28318530718),(-0.14507487143,0.145074876989),.UNSPECIFIED.)
GEOMETRIC_REPRESENTATION_ITEM()
RATIONAL_B_SPLINE_SURFACE(((1.,1.),(0.5,0.5),(1.,1.),(0.5,0.5),(1.,1.),
(0.5,0.5),(1.,1.)))
REPRESENTATION_ITEM('')
SURFACE()
);
#1656=(
BOUNDED_SURFACE()
B_SPLINE_SURFACE(2,1,((#3296,#3297),(#3298,#3299),(#3300,#3301),(#3302,
#3303),(#3304,#3305),(#3306,#3307),(#3308,#3309)),.UNSPECIFIED.,.T.,.F.,
 .F.)
B_SPLINE_SURFACE_WITH_KNOTS((3,2,2,3),(2,2),(0.,2.094395102393,4.188790204786,
6.28318530718),(-2.904117038004,2.904117038003),.UNSPECIFIED.)
GEOMETRIC_REPRESENTATION_ITEM()
RATIONAL_B_SPLINE_SURFACE(((1.,1.),(0.5,0.5),(1.,1.),(0.5,0.5),(1.,1.),
(0.5,0.5),(1.,1.)))
REPRESENTATION_ITEM('')
SURFACE()
);
#1657=(
BOUNDED_SURFACE()
B_SPLINE_SURFACE(2,1,((#3316,#3317),(#3318,#3319),(#3320,#3321),(#3322,
#3323),(#3324,#3325),(#3326,#3327),(#3328,#3329)),.UNSPECIFIED.,.T.,.F.,
 .F.)
B_SPLINE_SURFACE_WITH_KNOTS((3,2,2,3),(2,2),(0.,2.094395102393,4.188790204786,
6.28318530718),(0.,0.297695048031356),.UNSPECIFIED.)
GEOMETRIC_REPRESENTATION_ITEM()
RATIONAL_B_SPLINE_SURFACE(((1.,1.),(0.5,0.5),(1.,1.),(0.5,0.5),(1.,1.),
(0.5,0.5),(1.,1.)))
REPRESENTATION_ITEM('')
SURFACE()
);
#1658=(
BOUNDED_SURFACE()
B_SPLINE_SURFACE(2,1,((#3331,#3332),(#3333,#3334),(#3335,#3336),(#3337,
#3338),(#3339,#3340),(#3341,#3342),(#3343,#3344),(#3345,#3346),(#3347,#3348)),
 .UNSPECIFIED.,.T.,.F.,.F.)
B_SPLINE_SURFACE_WITH_KNOTS((3,2,2,2,3),(2,2),(1.570796326795,2.094395102393,
4.188790204786,6.28318530718,7.853981633974),(-0.14507487143,0.145074876989),
 .UNSPECIFIED.)
GEOMETRIC_REPRESENTATION_ITEM()
RATIONAL_B_SPLINE_SURFACE(((0.8125,0.8125),(0.875,0.875),(1.,1.),(0.5,0.5),
(1.,1.),(0.5,0.5),(1.,1.),(0.625,0.625),(0.8125,0.8125)))
REPRESENTATION_ITEM('')
SURFACE()
);
#1659=(
BOUNDED_SURFACE()
B_SPLINE_SURFACE(2,1,((#3350,#3351),(#3352,#3353),(#3354,#3355),(#3356,
#3357),(#3358,#3359),(#3360,#3361),(#3362,#3363)),.UNSPECIFIED.,.T.,.F.,
 .F.)
B_SPLINE_SURFACE_WITH_KNOTS((3,2,2,3),(2,2),(0.,2.094395102393,4.188790204786,
6.28318530718),(-2.904117038004,2.904117038003),.UNSPECIFIED.)
GEOMETRIC_REPRESENTATION_ITEM()
RATIONAL_B_SPLINE_SURFACE(((1.,1.),(0.5,0.5),(1.,1.),(0.5,0.5),(1.,1.),
(0.5,0.5),(1.,1.)))
REPRESENTATION_ITEM('')
SURFACE()
);
#1660=(
BOUNDED_SURFACE()
B_SPLINE_SURFACE(2,1,((#3370,#3371),(#3372,#3373),(#3374,#3375),(#3376,
#3377),(#3378,#3379),(#3380,#3381),(#3382,#3383)),.UNSPECIFIED.,.T.,.F.,
 .F.)
B_SPLINE_SURFACE_WITH_KNOTS((3,2,2,3),(2,2),(0.,2.094395102393,4.188790204786,
6.28318530718),(0.,0.297695048031356),.UNSPECIFIED.)
GEOMETRIC_REPRESENTATION_ITEM()
RATIONAL_B_SPLINE_SURFACE(((1.,1.),(0.5,0.5),(1.,1.),(0.5,0.5),(1.,1.),
(0.5,0.5),(1.,1.)))
REPRESENTATION_ITEM('')
SURFACE()
);
#1661=(
BOUNDED_SURFACE()
B_SPLINE_SURFACE(2,1,((#3385,#3386),(#3387,#3388),(#3389,#3390),(#3391,
#3392),(#3393,#3394),(#3395,#3396),(#3397,#3398),(#3399,#3400),(#3401,#3402),
(#3403,#3404),(#3405,#3406)),.UNSPECIFIED.,.T.,.F.,.F.)
B_SPLINE_SURFACE_WITH_KNOTS((3,2,2,2,2,3),(2,2),(5.49777712079807,5.497787143782,
6.28318530718,8.377580409573,10.471975511966,11.7809624279781),(-0.14507487143,
0.145074876995),.UNSPECIFIED.)
GEOMETRIC_REPRESENTATION_ITEM()
RATIONAL_B_SPLINE_SURFACE(((0.765623803617325,0.765623803617325),(0.765624401797211,
0.765624401797211),(0.765625,0.765625),(0.8125,0.8125),(1.,1.),(0.5,0.5),
(1.,1.),(0.5,0.5),(1.,1.),(0.687502392811155,0.687502392811155),(0.765623803617325,
0.765623803617325)))
REPRESENTATION_ITEM('')
SURFACE()
);
#1662=(
BOUNDED_SURFACE()
B_SPLINE_SURFACE(2,1,((#3410,#3411),(#3412,#3413),(#3414,#3415),(#3416,
#3417),(#3418,#3419),(#3420,#3421),(#3422,#3423)),.UNSPECIFIED.,.T.,.F.,
 .F.)
B_SPLINE_SURFACE_WITH_KNOTS((3,2,2,3),(2,2),(0.,2.094395102393,4.188790204786,
6.28318530718),(-2.904117038004,2.904117038005),.UNSPECIFIED.)
GEOMETRIC_REPRESENTATION_ITEM()
RATIONAL_B_SPLINE_SURFACE(((1.,1.),(0.5,0.5),(1.,1.),(0.5,0.5),(1.,1.),
(0.5,0.5),(1.,1.)))
REPRESENTATION_ITEM('')
SURFACE()
);
#1663=(
BOUNDED_SURFACE()
B_SPLINE_SURFACE(2,1,((#3430,#3431),(#3432,#3433),(#3434,#3435),(#3436,
#3437),(#3438,#3439),(#3440,#3441),(#3442,#3443)),.UNSPECIFIED.,.T.,.F.,
 .F.)
B_SPLINE_SURFACE_WITH_KNOTS((3,2,2,3),(2,2),(0.,2.094395102393,4.188790204786,
6.28318530718),(0.,0.297695048031356),.UNSPECIFIED.)
GEOMETRIC_REPRESENTATION_ITEM()
RATIONAL_B_SPLINE_SURFACE(((1.,1.),(0.5,0.5),(1.,1.),(0.5,0.5),(1.,1.),
(0.5,0.5),(1.,1.)))
REPRESENTATION_ITEM('')
SURFACE()
);
#1664=(
BOUNDED_SURFACE()
B_SPLINE_SURFACE(2,1,((#3445,#3446),(#3447,#3448),(#3449,#3450),(#3451,
#3452),(#3453,#3454),(#3455,#3456),(#3457,#3458)),.UNSPECIFIED.,.T.,.F.,
 .F.)
B_SPLINE_SURFACE_WITH_KNOTS((3,2,2,3),(2,2),(0.,2.094395102393,4.188790204786,
6.28318530718),(-0.14507487143,0.145074876989),.UNSPECIFIED.)
GEOMETRIC_REPRESENTATION_ITEM()
RATIONAL_B_SPLINE_SURFACE(((1.,1.),(0.5,0.5),(1.,1.),(0.5,0.5),(1.,1.),
(0.5,0.5),(1.,1.)))
REPRESENTATION_ITEM('')
SURFACE()
);
#1665=(
BOUNDED_SURFACE()
B_SPLINE_SURFACE(2,1,((#3464,#3465),(#3466,#3467),(#3468,#3469),(#3470,
#3471),(#3472,#3473),(#3474,#3475),(#3476,#3477)),.UNSPECIFIED.,.T.,.F.,
 .F.)
B_SPLINE_SURFACE_WITH_KNOTS((3,2,2,3),(2,2),(0.,2.094395102393,4.188790204786,
6.28318530718),(-2.904117038004,2.904117038004),.UNSPECIFIED.)
GEOMETRIC_REPRESENTATION_ITEM()
RATIONAL_B_SPLINE_SURFACE(((1.,1.),(0.5,0.5),(1.,1.),(0.5,0.5),(1.,1.),
(0.5,0.5),(1.,1.)))
REPRESENTATION_ITEM('')
SURFACE()
);
#1666=(
BOUNDED_SURFACE()
B_SPLINE_SURFACE(2,1,((#3484,#3485),(#3486,#3487),(#3488,#3489),(#3490,
#3491),(#3492,#3493),(#3494,#3495),(#3496,#3497)),.UNSPECIFIED.,.T.,.F.,
 .F.)
B_SPLINE_SURFACE_WITH_KNOTS((3,2,2,3),(2,2),(0.,2.094395102393,4.188790204786,
6.28318530718),(0.,0.297695048031356),.UNSPECIFIED.)
GEOMETRIC_REPRESENTATION_ITEM()
RATIONAL_B_SPLINE_SURFACE(((1.,1.),(0.5,0.5),(1.,1.),(0.5,0.5),(1.,1.),
(0.5,0.5),(1.,1.)))
REPRESENTATION_ITEM('')
SURFACE()
);
#1667=(
BOUNDED_SURFACE()
B_SPLINE_SURFACE(2,1,((#3499,#3500),(#3501,#3502),(#3503,#3504),(#3505,
#3506),(#3507,#3508),(#3509,#3510),(#3511,#3512),(#3513,#3514),(#3515,#3516),
(#3517,#3518),(#3519,#3520)),.UNSPECIFIED.,.T.,.F.,.F.)
B_SPLINE_SURFACE_WITH_KNOTS((3,2,2,2,2,3),(2,2),(0.783510574760689,0.785398163397,
2.094395102393,4.188790204786,6.28318530718,7.06669588194069),(-0.14507487143,
0.145074876995),.UNSPECIFIED.)
GEOMETRIC_REPRESENTATION_ITEM()
RATIONAL_B_SPLINE_SURFACE(((0.76585112656101,0.76585112656101),(0.765737657148247,
0.765737657148247),(0.765625,0.765625),(0.6875,0.6875),(1.,1.),(0.5,0.5),
(1.,1.),(0.5,0.5),(1.,1.),(0.81295062859299,0.81295062859299),(0.76585112656101,
0.76585112656101)))
REPRESENTATION_ITEM('')
SURFACE()
);
#1668=(
BOUNDED_SURFACE()
B_SPLINE_SURFACE(2,1,((#3522,#3523),(#3524,#3525),(#3526,#3527),(#3528,
#3529),(#3530,#3531),(#3532,#3533),(#3534,#3535)),.UNSPECIFIED.,.T.,.F.,
 .F.)
B_SPLINE_SURFACE_WITH_KNOTS((3,2,2,3),(2,2),(0.,2.094395102393,4.188790204786,
6.28318530718),(-2.904117038004,2.904117038005),.UNSPECIFIED.)
GEOMETRIC_REPRESENTATION_ITEM()
RATIONAL_B_SPLINE_SURFACE(((1.,1.),(0.5,0.5),(1.,1.),(0.5,0.5),(1.,1.),
(0.5,0.5),(1.,1.)))
REPRESENTATION_ITEM('')
SURFACE()
);
#1669=(
BOUNDED_SURFACE()
B_SPLINE_SURFACE(2,1,((#3542,#3543),(#3544,#3545),(#3546,#3547),(#3548,
#3549),(#3550,#3551),(#3552,#3553),(#3554,#3555)),.UNSPECIFIED.,.T.,.F.,
 .F.)
B_SPLINE_SURFACE_WITH_KNOTS((3,2,2,3),(2,2),(0.,2.094395102393,4.188790204786,
6.28318530718),(0.,0.297695048031356),.UNSPECIFIED.)
GEOMETRIC_REPRESENTATION_ITEM()
RATIONAL_B_SPLINE_SURFACE(((1.,1.),(0.5,0.5),(1.,1.),(0.5,0.5),(1.,1.),
(0.5,0.5),(1.,1.)))
REPRESENTATION_ITEM('')
SURFACE()
);
#1670=ADVANCED_FACE('',(#110),#1624,.F.);
#1671=ADVANCED_FACE('',(#111),#1625,.F.);
#1672=ADVANCED_FACE('',(#112),#1626,.F.);
#1673=ADVANCED_FACE('',(#113),#1627,.F.);
#1674=ADVANCED_FACE('',(#114),#1628,.F.);
#1675=ADVANCED_FACE('',(#115),#1629,.T.);
#1676=ADVANCED_FACE('',(#116),#1630,.F.);
#1677=ADVANCED_FACE('',(#117),#1631,.F.);
#1678=ADVANCED_FACE('',(#118,#24,#25,#26,#27,#28,#29,#30,#31,#32),#56,.F.);
#1679=ADVANCED_FACE('',(#119),#1632,.F.);
#1680=ADVANCED_FACE('',(#120,#33),#57,.T.);
#1681=ADVANCED_FACE('',(#121),#1633,.F.);
#1682=ADVANCED_FACE('',(#122),#1634,.F.);
#1683=ADVANCED_FACE('',(#123,#34,#35,#36,#37,#38,#39,#40,#41,#42,#43,#44),
#58,.T.);
#1684=ADVANCED_FACE('',(#124),#1635,.F.);
#1685=ADVANCED_FACE('',(#125),#1636,.F.);
#1686=ADVANCED_FACE('',(#126),#1637,.F.);
#1687=ADVANCED_FACE('',(#127,#45),#59,.T.);
#1688=ADVANCED_FACE('',(#128),#60,.T.);
#1689=ADVANCED_FACE('',(#129),#61,.T.);
#1690=ADVANCED_FACE('',(#130),#62,.T.);
#1691=ADVANCED_FACE('',(#131),#63,.F.);
#1692=ADVANCED_FACE('',(#132),#64,.F.);
#1693=ADVANCED_FACE('',(#133,#46),#65,.F.);
#1694=ADVANCED_FACE('',(#134,#47),#66,.F.);
#1695=ADVANCED_FACE('',(#135),#67,.F.);
#1696=ADVANCED_FACE('',(#136),#68,.T.);
#1697=ADVANCED_FACE('',(#137),#69,.T.);
#1698=ADVANCED_FACE('',(#138),#70,.T.);
#1699=ADVANCED_FACE('',(#139),#71,.T.);
#1700=ADVANCED_FACE('',(#140),#72,.F.);
#1701=ADVANCED_FACE('',(#141),#73,.F.);
#1702=ADVANCED_FACE('',(#142),#74,.F.);
#1703=ADVANCED_FACE('',(#143),#75,.F.);
#1704=ADVANCED_FACE('',(#144),#76,.T.);
#1705=ADVANCED_FACE('',(#145),#77,.T.);
#1706=ADVANCED_FACE('',(#146,#48),#78,.T.);
#1707=ADVANCED_FACE('',(#147),#1638,.F.);
#1708=ADVANCED_FACE('',(#148),#79,.T.);
#1709=ADVANCED_FACE('',(#149),#80,.T.);
#1710=ADVANCED_FACE('',(#150),#81,.F.);
#1711=ADVANCED_FACE('',(#151),#82,.F.);
#1712=ADVANCED_FACE('',(#152),#83,.F.);
#1713=ADVANCED_FACE('',(#153),#84,.T.);
#1714=ADVANCED_FACE('',(#154),#85,.T.);
#1715=ADVANCED_FACE('',(#155),#86,.T.);
#1716=ADVANCED_FACE('',(#156),#87,.T.);
#1717=ADVANCED_FACE('',(#157),#88,.F.);
#1718=ADVANCED_FACE('',(#158),#89,.F.);
#1719=ADVANCED_FACE('',(#159),#90,.T.);
#1720=ADVANCED_FACE('',(#160),#91,.T.);
#1721=ADVANCED_FACE('',(#161),#92,.T.);
#1722=ADVANCED_FACE('',(#162),#1639,.T.);
#1723=ADVANCED_FACE('',(#163),#93,.T.);
#1724=ADVANCED_FACE('',(#164),#94,.T.);
#1725=ADVANCED_FACE('',(#165),#1640,.T.);
#1726=ADVANCED_FACE('',(#166),#95,.T.);
#1727=ADVANCED_FACE('',(#167),#96,.T.);
#1728=ADVANCED_FACE('',(#168),#1641,.T.);
#1729=ADVANCED_FACE('',(#169),#97,.T.);
#1730=ADVANCED_FACE('',(#170),#98,.T.);
#1731=ADVANCED_FACE('',(#171),#99,.T.);
#1732=ADVANCED_FACE('',(#172),#1642,.T.);
#1733=ADVANCED_FACE('',(#173),#100,.T.);
#1734=ADVANCED_FACE('',(#174),#1643,.T.);
#1735=ADVANCED_FACE('',(#175),#1644,.T.);
#1736=ADVANCED_FACE('',(#176),#1645,.T.);
#1737=ADVANCED_FACE('',(#177),#1646,.T.);
#1738=ADVANCED_FACE('',(#178),#101,.T.);
#1739=ADVANCED_FACE('',(#179),#1647,.T.);
#1740=ADVANCED_FACE('',(#180),#1648,.T.);
#1741=ADVANCED_FACE('',(#181),#102,.T.);
#1742=ADVANCED_FACE('',(#182),#1649,.F.);
#1743=ADVANCED_FACE('',(#183),#1650,.F.);
#1744=ADVANCED_FACE('',(#184,#49),#103,.T.);
#1745=ADVANCED_FACE('',(#185),#1651,.F.);
#1746=ADVANCED_FACE('',(#186),#1652,.F.);
#1747=ADVANCED_FACE('',(#187),#1653,.F.);
#1748=ADVANCED_FACE('',(#188,#50),#104,.T.);
#1749=ADVANCED_FACE('',(#189),#1654,.F.);
#1750=ADVANCED_FACE('',(#190),#1655,.F.);
#1751=ADVANCED_FACE('',(#191),#1656,.F.);
#1752=ADVANCED_FACE('',(#192,#51),#105,.T.);
#1753=ADVANCED_FACE('',(#193),#1657,.F.);
#1754=ADVANCED_FACE('',(#194),#1658,.F.);
#1755=ADVANCED_FACE('',(#195),#1659,.F.);
#1756=ADVANCED_FACE('',(#196,#52),#106,.T.);
#1757=ADVANCED_FACE('',(#197),#1660,.F.);
#1758=ADVANCED_FACE('',(#198),#1661,.F.);
#1759=ADVANCED_FACE('',(#199),#1662,.F.);
#1760=ADVANCED_FACE('',(#200,#53),#107,.T.);
#1761=ADVANCED_FACE('',(#201),#1663,.F.);
#1762=ADVANCED_FACE('',(#202),#1664,.F.);
#1763=ADVANCED_FACE('',(#203),#1665,.F.);
#1764=ADVANCED_FACE('',(#204,#54),#108,.T.);
#1765=ADVANCED_FACE('',(#205),#1666,.F.);
#1766=ADVANCED_FACE('',(#206),#1667,.F.);
#1767=ADVANCED_FACE('',(#207),#1668,.F.);
#1768=ADVANCED_FACE('',(#208,#55),#109,.T.);
#1769=ADVANCED_FACE('',(#209),#1669,.F.);
#1770=CLOSED_SHELL('',(#1670,#1671,#1672,#1673,#1674,#1675,#1676,#1677,
#1678,#1679,#1680,#1681,#1682,#1683,#1684,#1685,#1686,#1687,#1688,#1689,
#1690,#1691,#1692,#1693,#1694,#1695,#1696,#1697,#1698,#1699,#1700,#1701,
#1702,#1703,#1704,#1705,#1706,#1707,#1708,#1709,#1710,#1711,#1712,#1713,
#1714,#1715,#1716,#1717,#1718,#1719,#1720,#1721,#1722,#1723,#1724,#1725,
#1726,#1727,#1728,#1729,#1730,#1731,#1732,#1733,#1734,#1735,#1736,#1737,
#1738,#1739,#1740,#1741,#1742,#1743,#1744,#1745,#1746,#1747,#1748,#1749,
#1750,#1751,#1752,#1753,#1754,#1755,#1756,#1757,#1758,#1759,#1760,#1761,
#1762,#1763,#1764,#1765,#1766,#1767,#1768,#1769));
#1771=DERIVED_UNIT_ELEMENT(#1773,1.);
#1772=DERIVED_UNIT_ELEMENT(#3562,-3.);
#1773=(
MASS_UNIT()
NAMED_UNIT(*)
SI_UNIT(.KILO.,.GRAM.)
);
#1774=DERIVED_UNIT((#1771,#1772));
#1775=MEASURE_REPRESENTATION_ITEM('density measure',
POSITIVE_RATIO_MEASURE(7850.),#1774);
#1776=PROPERTY_DEFINITION_REPRESENTATION(#1781,#1778);
#1777=PROPERTY_DEFINITION_REPRESENTATION(#1782,#1779);
#1778=REPRESENTATION('material name',(#1780),#3559);
#1779=REPRESENTATION('density',(#1775),#3559);
#1780=DESCRIPTIVE_REPRESENTATION_ITEM('\X2\AC15CCA0\X0\','\X2\AC15CCA0\X0\');
#1781=PROPERTY_DEFINITION('material property','material name',#3569);
#1782=PROPERTY_DEFINITION('material property','density of part',#3569);
#1783=AXIS2_PLACEMENT_3D('',#2373,#1930,#1931);
#1784=AXIS2_PLACEMENT_3D('',#2400,#1933,#1934);
#1785=AXIS2_PLACEMENT_3D('',#2402,#1935,#1936);
#1786=AXIS2_PLACEMENT_3D('',#2405,#1938,#1939);
#1787=AXIS2_PLACEMENT_3D('',#2432,#1941,#1942);
#1788=AXIS2_PLACEMENT_3D('',#2435,#1944,#1945);
#1789=AXIS2_PLACEMENT_3D('',#2462,#1947,#1948);
#1790=AXIS2_PLACEMENT_3D('',#2465,#1950,#1951);
#1791=AXIS2_PLACEMENT_3D('',#2492,#1953,#1954);
#1792=AXIS2_PLACEMENT_3D('',#2495,#1956,#1957);
#1793=AXIS2_PLACEMENT_3D('',#2518,#1959,#1960);
#1794=AXIS2_PLACEMENT_3D('',#2521,#1962,#1963);
#1795=AXIS2_PLACEMENT_3D('',#2548,#1965,#1966);
#1796=AXIS2_PLACEMENT_3D('',#2551,#1968,#1969);
#1797=AXIS2_PLACEMENT_3D('',#2574,#1971,#1972);
#1798=AXIS2_PLACEMENT_3D('',#2577,#1974,#1975);
#1799=AXIS2_PLACEMENT_3D('',#2604,#1977,#1978);
#1800=AXIS2_PLACEMENT_3D('',#2607,#1980,#1981);
#1801=AXIS2_PLACEMENT_3D('',#2608,#1982,#1983);
#1802=AXIS2_PLACEMENT_3D('',#2609,#1984,#1985);
#1803=AXIS2_PLACEMENT_3D('',#2611,#1986,#1987);
#1804=AXIS2_PLACEMENT_3D('',#2613,#1988,#1989);
#1805=AXIS2_PLACEMENT_3D('',#2615,#1990,#1991);
#1806=AXIS2_PLACEMENT_3D('',#2617,#1992,#1993);
#1807=AXIS2_PLACEMENT_3D('',#2619,#1994,#1995);
#1808=AXIS2_PLACEMENT_3D('',#2621,#1996,#1997);
#1809=AXIS2_PLACEMENT_3D('',#2623,#1998,#1999);
#1810=AXIS2_PLACEMENT_3D('',#2624,#2000,#2001);
#1811=AXIS2_PLACEMENT_3D('',#2626,#2002,#2003);
#1812=AXIS2_PLACEMENT_3D('',#2642,#2004,#2005);
#1813=AXIS2_PLACEMENT_3D('',#2644,#2007,#2008);
#1814=AXIS2_PLACEMENT_3D('',#2646,#2009,#2010);
#1815=AXIS2_PLACEMENT_3D('',#2662,#2011,#2012);
#1816=AXIS2_PLACEMENT_3D('',#2663,#2013,#2014);
#1817=AXIS2_PLACEMENT_3D('',#2683,#2016,#2017);
#1818=AXIS2_PLACEMENT_3D('',#2684,#2018,#2019);
#1819=AXIS2_PLACEMENT_3D('',#2689,#2021,#2022);
#1820=AXIS2_PLACEMENT_3D('',#2693,#2024,#2025);
#1821=AXIS2_PLACEMENT_3D('',#2697,#2027,#2028);
#1822=AXIS2_PLACEMENT_3D('',#2700,#2030,#2031);
#1823=AXIS2_PLACEMENT_3D('',#2702,#2032,#2033);
#1824=AXIS2_PLACEMENT_3D('',#2704,#2034,#2035);
#1825=AXIS2_PLACEMENT_3D('',#2705,#2036,#2037);
#1826=AXIS2_PLACEMENT_3D('',#2706,#2038,#2039);
#1827=AXIS2_PLACEMENT_3D('',#2708,#2040,#2041);
#1828=AXIS2_PLACEMENT_3D('',#2709,#2042,#2043);
#1829=AXIS2_PLACEMENT_3D('',#2710,#2044,#2045);
#1830=AXIS2_PLACEMENT_3D('',#2712,#2046,#2047);
#1831=AXIS2_PLACEMENT_3D('',#2713,#2048,#2049);
#1832=AXIS2_PLACEMENT_3D('',#2715,#2050,#2051);
#1833=AXIS2_PLACEMENT_3D('',#2735,#2053,#2054);
#1834=AXIS2_PLACEMENT_3D('',#2769,#2055,#2056);
#1835=AXIS2_PLACEMENT_3D('',#2771,#2058,#2059);
#1836=AXIS2_PLACEMENT_3D('',#2800,#2074,#2075);
#1837=AXIS2_PLACEMENT_3D('',#2806,#2079,#2080);
#1838=AXIS2_PLACEMENT_3D('',#2812,#2084,#2085);
#1839=AXIS2_PLACEMENT_3D('',#2815,#2088,#2089);
#1840=AXIS2_PLACEMENT_3D('',#2821,#2093,#2094);
#1841=AXIS2_PLACEMENT_3D('',#2825,#2097,#2098);
#1842=AXIS2_PLACEMENT_3D('',#2828,#2099,#2100);
#1843=AXIS2_PLACEMENT_3D('',#2832,#2102,#2103);
#1844=AXIS2_PLACEMENT_3D('',#2846,#2111,#2112);
#1845=AXIS2_PLACEMENT_3D('',#2849,#2113,#2114);
#1846=AXIS2_PLACEMENT_3D('',#2851,#2115,#2116);
#1847=AXIS2_PLACEMENT_3D('',#2855,#2118,#2119);
#1848=AXIS2_PLACEMENT_3D('',#2864,#2125,#2126);
#1849=AXIS2_PLACEMENT_3D('',#2872,#2132,#2133);
#1850=AXIS2_PLACEMENT_3D('',#2878,#2137,#2138);
#1851=AXIS2_PLACEMENT_3D('',#2880,#2140,#2141);
#1852=AXIS2_PLACEMENT_3D('',#2882,#2143,#2144);
#1853=AXIS2_PLACEMENT_3D('',#2883,#2145,#2146);
#1854=AXIS2_PLACEMENT_3D('',#2885,#2148,#2149);
#1855=AXIS2_PLACEMENT_3D('',#2886,#2150,#2151);
#1856=AXIS2_PLACEMENT_3D('',#2887,#2152,#2153);
#1857=AXIS2_PLACEMENT_3D('',#2901,#2161,#2162);
#1858=AXIS2_PLACEMENT_3D('',#2907,#2166,#2167);
#1859=AXIS2_PLACEMENT_3D('',#2911,#2170,#2171);
#1860=AXIS2_PLACEMENT_3D('',#2933,#2183,#2184);
#1861=AXIS2_PLACEMENT_3D('',#2953,#2186,#2187);
#1862=AXIS2_PLACEMENT_3D('',#2955,#2189,#2190);
#1863=AXIS2_PLACEMENT_3D('',#2956,#2191,#2192);
#1864=AXIS2_PLACEMENT_3D('',#2958,#2194,#2195);
#1865=AXIS2_PLACEMENT_3D('',#2960,#2197,#2198);
#1866=AXIS2_PLACEMENT_3D('',#2967,#2203,#2204);
#1867=AXIS2_PLACEMENT_3D('',#2973,#2208,#2209);
#1868=AXIS2_PLACEMENT_3D('',#2975,#2211,#2212);
#1869=AXIS2_PLACEMENT_3D('',#2977,#2214,#2215);
#1870=AXIS2_PLACEMENT_3D('',#2978,#2216,#2217);
#1871=AXIS2_PLACEMENT_3D('',#2980,#2219,#2220);
#1872=AXIS2_PLACEMENT_3D('',#2981,#2221,#2222);
#1873=AXIS2_PLACEMENT_3D('',#2983,#2223,#2224);
#1874=AXIS2_PLACEMENT_3D('',#2987,#2227,#2228);
#1875=AXIS2_PLACEMENT_3D('',#2996,#2231,#2232);
#1876=AXIS2_PLACEMENT_3D('',#2997,#2233,#2234);
#1877=AXIS2_PLACEMENT_3D('',#3010,#2236,#2237);
#1878=AXIS2_PLACEMENT_3D('',#3012,#2239,#2240);
#1879=AXIS2_PLACEMENT_3D('',#3014,#2241,#2242);
#1880=AXIS2_PLACEMENT_3D('',#3016,#2244,#2245);
#1881=AXIS2_PLACEMENT_3D('',#3039,#2248,#2249);
#1882=AXIS2_PLACEMENT_3D('',#3041,#2250,#2251);
#1883=AXIS2_PLACEMENT_3D('',#3047,#2252,#2253);
#1884=AXIS2_PLACEMENT_3D('',#3050,#2254,#2255);
#1885=AXIS2_PLACEMENT_3D('',#3052,#2256,#2257);
#1886=AXIS2_PLACEMENT_3D('',#3058,#2258,#2259);
#1887=AXIS2_PLACEMENT_3D('',#3059,#2260,#2261);
#1888=AXIS2_PLACEMENT_3D('',#3065,#2265,#2266);
#1889=AXIS2_PLACEMENT_3D('',#3066,#2267,#2268);
#1890=AXIS2_PLACEMENT_3D('',#3079,#2270,#2271);
#1891=AXIS2_PLACEMENT_3D('',#3081,#2273,#2274);
#1892=AXIS2_PLACEMENT_3D('',#3082,#2275,#2276);
#1893=AXIS2_PLACEMENT_3D('',#3084,#2278,#2279);
#1894=AXIS2_PLACEMENT_3D('',#3088,#2282,#2283);
#1895=AXIS2_PLACEMENT_3D('',#3100,#2285,#2286);
#1896=AXIS2_PLACEMENT_3D('',#3102,#2288,#2289);
#1897=AXIS2_PLACEMENT_3D('',#3143,#2290,#2291);
#1898=AXIS2_PLACEMENT_3D('',#3155,#2293,#2294);
#1899=AXIS2_PLACEMENT_3D('',#3166,#2295,#2296);
#1900=AXIS2_PLACEMENT_3D('',#3189,#2297,#2298);
#1901=AXIS2_PLACEMENT_3D('',#3206,#2300,#2301);
#1902=AXIS2_PLACEMENT_3D('',#3207,#2302,#2303);
#1903=AXIS2_PLACEMENT_3D('',#3209,#2304,#2305);
#1904=AXIS2_PLACEMENT_3D('',#3243,#2307,#2308);
#1905=AXIS2_PLACEMENT_3D('',#3260,#2310,#2311);
#1906=AXIS2_PLACEMENT_3D('',#3261,#2312,#2313);
#1907=AXIS2_PLACEMENT_3D('',#3263,#2314,#2315);
#1908=AXIS2_PLACEMENT_3D('',#3294,#2317,#2318);
#1909=AXIS2_PLACEMENT_3D('',#3312,#2321,#2322);
#1910=AXIS2_PLACEMENT_3D('',#3313,#2323,#2324);
#1911=AXIS2_PLACEMENT_3D('',#3315,#2325,#2326);
#1912=AXIS2_PLACEMENT_3D('',#3349,#2328,#2329);
#1913=AXIS2_PLACEMENT_3D('',#3366,#2331,#2332);
#1914=AXIS2_PLACEMENT_3D('',#3367,#2333,#2334);
#1915=AXIS2_PLACEMENT_3D('',#3369,#2335,#2336);
#1916=AXIS2_PLACEMENT_3D('',#3408,#2338,#2339);
#1917=AXIS2_PLACEMENT_3D('',#3409,#2340,#2341);
#1918=AXIS2_PLACEMENT_3D('',#3426,#2343,#2344);
#1919=AXIS2_PLACEMENT_3D('',#3427,#2345,#2346);
#1920=AXIS2_PLACEMENT_3D('',#3429,#2347,#2348);
#1921=AXIS2_PLACEMENT_3D('',#3461,#2350,#2351);
#1922=AXIS2_PLACEMENT_3D('',#3462,#2352,#2353);
#1923=AXIS2_PLACEMENT_3D('',#3480,#2356,#2357);
#1924=AXIS2_PLACEMENT_3D('',#3481,#2358,#2359);
#1925=AXIS2_PLACEMENT_3D('',#3483,#2360,#2361);
#1926=AXIS2_PLACEMENT_3D('',#3521,#2363,#2364);
#1927=AXIS2_PLACEMENT_3D('',#3538,#2366,#2367);
#1928=AXIS2_PLACEMENT_3D('',#3539,#2368,#2369);
#1929=AXIS2_PLACEMENT_3D('',#3541,#2370,#2371);
#1930=DIRECTION('axis',(0.,0.,1.));
#1931=DIRECTION('refdir',(1.,0.,0.));
#1932=DIRECTION('',(0.690314415144198,-0.513167299573416,-0.510024833603866));
#1933=DIRECTION('center_axis',(-1.,0.,0.));
#1934=DIRECTION('ref_axis',(0.,3.63639293677565E-12,-1.));
#1935=DIRECTION('center_axis',(-1.,-1.43636802912989E-14,1.37499230271722E-14));
#1936=DIRECTION('ref_axis',(-1.37499230268679E-14,-2.1186057267332E-11,
-1.));
#1937=DIRECTION('',(0.689921446625696,-0.500569525450007,-0.522913518353333));
#1938=DIRECTION('center_axis',(-1.,-6.70205752076126E-15,2.69705542029347E-14));
#1939=DIRECTION('ref_axis',(2.69705542029019E-14,4.90048283062152E-12,1.));
#1940=DIRECTION('',(0.690314415144138,-0.513167299573371,0.510024833603993));
#1941=DIRECTION('center_axis',(-1.,0.,0.));
#1942=DIRECTION('ref_axis',(0.,-3.17525615134759E-12,-1.));
#1943=DIRECTION('',(0.6899214466257,-0.500569525449464,0.522913518353848));
#1944=DIRECTION('center_axis',(-1.,0.,0.));
#1945=DIRECTION('ref_axis',(0.,-1.96198774386163E-11,1.));
#1946=DIRECTION('',(0.682187983509693,0.0269221956423085,-0.73068101832248));
#1947=DIRECTION('center_axis',(-1.,0.,0.));
#1948=DIRECTION('ref_axis',(0.,-5.50214273187979E-11,1.));
#1949=DIRECTION('',(0.68216542106839,3.41724268029694E-13,-0.731197879030421));
#1950=DIRECTION('center_axis',(-1.,-9.36273026874378E-15,-8.96266262606089E-15));
#1951=DIRECTION('ref_axis',(8.96266262590247E-15,1.69203359323254E-11,-1.));
#1952=DIRECTION('',(0.69031441514414,-0.513167299573367,0.510024833603994));
#1953=DIRECTION('center_axis',(-1.,-4.81840641805474E-15,1.05724993002608E-14));
#1954=DIRECTION('ref_axis',(1.05724993002999E-14,-8.11495524355974E-12,
1.));
#1955=DIRECTION('',(0.68992144662564,-0.500569525449415,0.522913518353974));
#1956=DIRECTION('center_axis',(-1.,-1.26350245497442E-16,-1.27960703648197E-14));
#1957=DIRECTION('ref_axis',(1.27960703648214E-14,-1.38012581694772E-11,
-1.));
#1958=DIRECTION('',(0.69031441514414,-0.513167299573367,-0.510024833603994));
#1959=DIRECTION('center_axis',(-1.,-1.10444254508888E-14,-4.61251684932797E-15));
#1960=DIRECTION('ref_axis',(-4.61251684923255E-15,-8.63958953935571E-12,
1.));
#1961=DIRECTION('',(0.689921446626192,-0.500569525450361,-0.52291351835234));
#1962=DIRECTION('center_axis',(-1.,0.,0.));
#1963=DIRECTION('ref_axis',(0.,2.39681186281573E-11,-1.));
#1964=DIRECTION('',(-0.688537058908108,-0.0267021692496015,0.724709398771354));
#1965=DIRECTION('center_axis',(-1.,4.05956113795757E-15,6.73091723997451E-16));
#1966=DIRECTION('ref_axis',(6.73091724002859E-16,1.33219220637361E-12,1.));
#1967=DIRECTION('',(0.688514657163596,5.99393628157595E-13,-0.725222425791492));
#1968=DIRECTION('center_axis',(-1.,0.,0.));
#1969=DIRECTION('ref_axis',(0.,-1.55789029113122E-12,-1.));
#1970=DIRECTION('',(-0.701083223052268,0.0262558439161991,0.712595919869664));
#1971=DIRECTION('center_axis',(1.,3.0559323018819E-15,-6.47599595611544E-15));
#1972=DIRECTION('ref_axis',(-6.47599595607371E-15,-1.36565165988667E-11,
-1.));
#1973=DIRECTION('',(-0.70106116924001,1.2904336387354E-12,0.713101140781467));
#1974=DIRECTION('center_axis',(1.,0.,0.));
#1975=DIRECTION('ref_axis',(0.,-5.43893824440403E-12,-1.));
#1976=DIRECTION('',(0.682187983533118,0.026922195643233,-0.730681018300575));
#1977=DIRECTION('center_axis',(-1.,4.05987863899091E-14,1.1086905451745E-29));
#1978=DIRECTION('ref_axis',(1.25293959683659E-26,3.08888121762542E-13,-1.));
#1979=DIRECTION('',(0.682165421090986,3.41724268058711E-13,-0.731197879009341));
#1980=DIRECTION('center_axis',(-1.,0.,0.));
#1981=DIRECTION('ref_axis',(0.,-2.59415029208429E-11,1.));
#1982=DIRECTION('center_axis',(1.,0.,0.));
#1983=DIRECTION('ref_axis',(0.,0.,-1.));
#1984=DIRECTION('center_axis',(-1.,0.,0.));
#1985=DIRECTION('ref_axis',(0.,-1.55789029113122E-12,-1.));
#1986=DIRECTION('center_axis',(1.,0.,0.));
#1987=DIRECTION('ref_axis',(0.,1.81307579161937E-11,1.));
#1988=DIRECTION('center_axis',(1.,0.,0.));
#1989=DIRECTION('ref_axis',(0.,-3.21621984762244E-11,1.));
#1990=DIRECTION('center_axis',(1.,0.,0.));
#1991=DIRECTION('ref_axis',(0.,-2.43595333229514E-11,1.));
#1992=DIRECTION('center_axis',(1.,0.,0.));
#1993=DIRECTION('ref_axis',(0.,-2.09087213167978E-11,1.));
#1994=DIRECTION('center_axis',(1.,0.,0.));
#1995=DIRECTION('ref_axis',(0.,1.65895900731785E-11,1.));
#1996=DIRECTION('center_axis',(1.,0.,0.));
#1997=DIRECTION('ref_axis',(0.,2.18206908477769E-12,1.));
#1998=DIRECTION('center_axis',(1.,0.,0.));
#1999=DIRECTION('ref_axis',(0.,-1.59271817109857E-11,1.));
#2000=DIRECTION('center_axis',(1.,0.,0.));
#2001=DIRECTION('ref_axis',(0.,-5.43893824440403E-12,-1.));
#2002=DIRECTION('center_axis',(1.,0.,0.));
#2003=DIRECTION('ref_axis',(0.,-2.00077261524801E-11,1.));
#2004=DIRECTION('center_axis',(1.,4.05245486129056E-14,-6.71913474464383E-15));
#2005=DIRECTION('ref_axis',(-6.71913474503032E-15,9.53713839040184E-12,
-1.));
#2006=DIRECTION('',(1.,4.22913621926396E-17,0.));
#2007=DIRECTION('center_axis',(1.,0.,0.));
#2008=DIRECTION('ref_axis',(0.,0.,-1.));
#2009=DIRECTION('center_axis',(-1.,2.02622743065461E-14,3.35956737234565E-15));
#2010=DIRECTION('ref_axis',(3.35956737230728E-15,-1.89361431554352E-12,
1.));
#2011=DIRECTION('center_axis',(-1.,1.01496965974463E-14,-9.71600203666379E-15));
#2012=DIRECTION('ref_axis',(9.71600203676438E-15,9.9105746738667E-12,-1.));
#2013=DIRECTION('center_axis',(-1.,4.05987863899091E-14,1.1086905451745E-29));
#2014=DIRECTION('ref_axis',(1.25293959683659E-26,3.08888121762542E-13,-1.));
#2015=DIRECTION('',(0.998582158936355,-1.87223959107719E-17,0.0532322444953018));
#2016=DIRECTION('center_axis',(-1.,0.,0.));
#2017=DIRECTION('ref_axis',(0.,-2.59415029208429E-11,1.));
#2018=DIRECTION('center_axis',(1.,0.,0.));
#2019=DIRECTION('ref_axis',(0.,0.,-1.));
#2020=DIRECTION('',(3.31550103460835E-11,3.26464492759348E-11,-1.));
#2021=DIRECTION('center_axis',(1.,0.,0.));
#2022=DIRECTION('ref_axis',(0.,-4.31951303552393E-12,1.));
#2023=DIRECTION('',(-5.86623493004601E-11,5.61111906465053E-11,1.));
#2024=DIRECTION('center_axis',(1.,0.,0.));
#2025=DIRECTION('ref_axis',(0.,4.57821032450714E-12,1.));
#2026=DIRECTION('',(3.31550102085856E-11,-3.29014375825113E-11,1.));
#2027=DIRECTION('center_axis',(1.,0.,0.));
#2028=DIRECTION('ref_axis',(0.,-5.8380918061447E-12,1.));
#2029=DIRECTION('',(-5.86623495721674E-11,-5.61110493248067E-11,-1.));
#2030=DIRECTION('center_axis',(1.,0.,0.));
#2031=DIRECTION('ref_axis',(0.,6.06036474595237E-13,1.));
#2032=DIRECTION('center_axis',(-1.,0.,0.));
#2033=DIRECTION('ref_axis',(0.,-3.38193181874921E-13,-1.));
#2034=DIRECTION('center_axis',(-1.,2.05942043340466E-14,2.7685967991847E-15));
#2035=DIRECTION('ref_axis',(2.7685967991577E-15,-1.3110002583906E-12,1.));
#2036=DIRECTION('center_axis',(-1.,0.,0.));
#2037=DIRECTION('ref_axis',(0.,2.39681186281573E-11,-1.));
#2038=DIRECTION('center_axis',(-1.,-1.26350245497442E-16,-1.27960703648197E-14));
#2039=DIRECTION('ref_axis',(1.27960703648214E-14,-1.38012581694772E-11,
-1.));
#2040=DIRECTION('center_axis',(-1.,0.,0.));
#2041=DIRECTION('ref_axis',(0.,8.90525163630195E-13,-1.));
#2042=DIRECTION('center_axis',(-1.,-9.36273026874378E-15,-8.96266262606089E-15));
#2043=DIRECTION('ref_axis',(8.96266262590247E-15,1.69203359323254E-11,-1.));
#2044=DIRECTION('center_axis',(-1.,0.,0.));
#2045=DIRECTION('ref_axis',(0.,-1.96198774386163E-11,1.));
#2046=DIRECTION('center_axis',(-1.,0.,0.));
#2047=DIRECTION('ref_axis',(0.,1.69549998746713E-11,1.));
#2048=DIRECTION('center_axis',(-1.,-6.70205752076126E-15,2.69705542029347E-14));
#2049=DIRECTION('ref_axis',(2.69705542029019E-14,4.90048283062152E-12,1.));
#2050=DIRECTION('center_axis',(-1.,1.98950934993807E-14,-3.45094179373594E-15));
#2051=DIRECTION('ref_axis',(-3.45094179394471E-15,-1.04936831306632E-11,
1.));
#2052=DIRECTION('',(1.,5.68854129676552E-18,0.));
#2053=DIRECTION('center_axis',(1.,3.0559323018819E-15,-6.47599595611544E-15));
#2054=DIRECTION('ref_axis',(-6.47599595607371E-15,-1.36565165988667E-11,
-1.));
#2055=DIRECTION('center_axis',(-1.,-1.98120015441844E-14,-3.2849103196218E-15));
#2056=DIRECTION('ref_axis',(-3.28491031959606E-15,-1.29905049094262E-12,
1.));
#2057=DIRECTION('',(-1.,-5.43746085333925E-17,0.));
#2058=DIRECTION('center_axis',(-1.,0.,0.));
#2059=DIRECTION('ref_axis',(0.,0.,1.));
#2060=DIRECTION('',(0.,0.,1.));
#2061=DIRECTION('',(0.,0.856311405850463,0.516459849562774));
#2062=DIRECTION('',(0.,0.856311405850382,-0.516459849562909));
#2063=DIRECTION('',(0.,0.,-1.));
#2064=DIRECTION('',(0.,-1.,2.85660464281715E-10));
#2065=DIRECTION('',(0.,0.,1.));
#2066=DIRECTION('',(0.,-1.,0.));
#2067=DIRECTION('',(0.,0.,-1.));
#2068=DIRECTION('',(0.,-0.856311405850429,-0.516459849562832));
#2069=DIRECTION('',(0.,-0.856311405850404,0.516459849562872));
#2070=DIRECTION('',(0.,0.,1.));
#2071=DIRECTION('',(0.,1.,0.));
#2072=DIRECTION('',(0.,0.,-1.));
#2073=DIRECTION('',(0.,1.,0.));
#2074=DIRECTION('center_axis',(0.,0.,1.));
#2075=DIRECTION('ref_axis',(1.,0.,0.));
#2076=DIRECTION('',(-1.,0.,0.));
#2077=DIRECTION('',(-1.,0.,0.));
#2078=DIRECTION('',(-0.716461852274563,-0.697626271176267,1.99284244519334E-10));
#2079=DIRECTION('center_axis',(-0.69762627117627,0.71646185227456,0.));
#2080=DIRECTION('ref_axis',(0.,0.,1.));
#2081=DIRECTION('',(0.,0.,-1.));
#2082=DIRECTION('',(0.,0.,-1.));
#2083=DIRECTION('',(0.716461852274563,0.697626271176267,0.));
#2084=DIRECTION('center_axis',(0.,0.,-1.));
#2085=DIRECTION('ref_axis',(-1.,0.,0.));
#2086=DIRECTION('',(-1.,0.,0.));
#2087=DIRECTION('',(-1.,0.,0.));
#2088=DIRECTION('center_axis',(0.,-1.,0.));
#2089=DIRECTION('ref_axis',(0.,0.,-1.));
#2090=DIRECTION('',(1.,0.,0.));
#2091=DIRECTION('',(0.,0.,1.));
#2092=DIRECTION('',(1.,0.,0.));
#2093=DIRECTION('center_axis',(0.,-0.516459849564262,0.856311405849566));
#2094=DIRECTION('ref_axis',(1.,0.,0.));
#2095=DIRECTION('',(1.,0.,0.));
#2096=DIRECTION('',(0.,0.856311405850463,0.516459849562774));
#2097=DIRECTION('center_axis',(1.,0.,0.));
#2098=DIRECTION('ref_axis',(0.,0.,-1.));
#2099=DIRECTION('center_axis',(1.,0.,-3.99557808697095E-14));
#2100=DIRECTION('ref_axis',(3.99557808697095E-14,3.76894939308598E-12,1.));
#2101=DIRECTION('',(-5.61110609032363E-11,5.66549038317242E-11,1.));
#2102=DIRECTION('center_axis',(-1.,0.,0.));
#2103=DIRECTION('ref_axis',(0.,2.52249599564435E-12,-1.));
#2104=DIRECTION('',(3.20716014336206E-11,3.31377768679726E-11,-1.));
#2105=DIRECTION('',(0.,-0.856311405850403,0.516459849562874));
#2106=DIRECTION('',(0.,-0.856311405850435,-0.516459849562821));
#2107=DIRECTION('',(0.,0.,-1.));
#2108=DIRECTION('',(0.,0.856311405848401,-0.516459849566193));
#2109=DIRECTION('',(0.,0.856311405850457,0.516459849562785));
#2110=DIRECTION('',(0.,0.,1.));
#2111=DIRECTION('center_axis',(1.,0.,0.));
#2112=DIRECTION('ref_axis',(0.,0.,-1.));
#2113=DIRECTION('center_axis',(1.,-3.8571502879133E-14,-1.53212621449596E-13));
#2114=DIRECTION('ref_axis',(1.53212621457998E-13,2.17836484047874E-10,1.));
#2115=DIRECTION('center_axis',(1.,3.85715028791733E-14,-1.53212621449616E-13));
#2116=DIRECTION('ref_axis',(1.53212621458518E-13,-2.30804911814614E-10,
1.));
#2117=DIRECTION('',(-5.61110609032357E-11,-5.66547554839526E-11,-1.));
#2118=DIRECTION('center_axis',(-1.,0.,0.));
#2119=DIRECTION('ref_axis',(0.,1.15229087336892E-13,-1.));
#2120=DIRECTION('',(3.20716014337062E-11,-3.3404951204679E-11,1.));
#2121=DIRECTION('',(0.,0.856311405850382,-0.516459849562909));
#2122=DIRECTION('',(0.,-0.856311405850404,0.516459849562872));
#2123=DIRECTION('',(0.,-0.856311405850429,-0.516459849562832));
#2124=DIRECTION('',(0.,0.,-1.));
#2125=DIRECTION('center_axis',(0.,1.,0.));
#2126=DIRECTION('ref_axis',(0.,0.,1.));
#2127=DIRECTION('',(-1.,0.,0.));
#2128=DIRECTION('',(1.,0.,0.));
#2129=DIRECTION('',(1.,0.,0.));
#2130=DIRECTION('',(-1.,0.,0.));
#2131=DIRECTION('',(0.,0.,1.));
#2132=DIRECTION('center_axis',(-0.697626271176267,-0.716461852274563,0.));
#2133=DIRECTION('ref_axis',(0.,0.,1.));
#2134=DIRECTION('',(-0.71646185227456,0.69762627117627,0.));
#2135=DIRECTION('',(0.,0.,1.));
#2136=DIRECTION('',(0.71646185227456,-0.69762627117627,0.));
#2137=DIRECTION('center_axis',(0.,0.,1.));
#2138=DIRECTION('ref_axis',(1.,0.,0.));
#2139=DIRECTION('',(-1.,0.,0.));
#2140=DIRECTION('center_axis',(0.,-1.,0.));
#2141=DIRECTION('ref_axis',(0.,0.,-1.));
#2142=DIRECTION('',(-1.,0.,0.));
#2143=DIRECTION('center_axis',(0.,0.,-1.));
#2144=DIRECTION('ref_axis',(-1.,0.,0.));
#2145=DIRECTION('center_axis',(0.,0.516459849561622,-0.856311405851158));
#2146=DIRECTION('ref_axis',(-1.,0.,0.));
#2147=DIRECTION('',(1.,0.,0.));
#2148=DIRECTION('center_axis',(0.,-0.516459849561483,-0.856311405851242));
#2149=DIRECTION('ref_axis',(-1.,0.,0.));
#2150=DIRECTION('center_axis',(0.,0.516459849564217,0.856311405849593));
#2151=DIRECTION('ref_axis',(1.,0.,0.));
#2152=DIRECTION('center_axis',(0.,-1.,0.));
#2153=DIRECTION('ref_axis',(0.,0.,-1.));
#2154=DIRECTION('',(-1.,0.,0.));
#2155=DIRECTION('',(0.,0.,1.));
#2156=DIRECTION('',(1.,0.,0.));
#2157=DIRECTION('',(1.,0.,0.));
#2158=DIRECTION('',(0.,0.,1.));
#2159=DIRECTION('',(-1.,0.,0.));
#2160=DIRECTION('',(0.,0.,-1.));
#2161=DIRECTION('center_axis',(-0.69762627117627,0.71646185227456,0.));
#2162=DIRECTION('ref_axis',(0.,0.,1.));
#2163=DIRECTION('',(-0.716461852274563,-0.697626271176267,0.));
#2164=DIRECTION('',(0.,0.,-1.));
#2165=DIRECTION('',(0.716461852274563,0.697626271176267,0.));
#2166=DIRECTION('center_axis',(0.,0.,-1.));
#2167=DIRECTION('ref_axis',(-1.,0.,0.));
#2168=DIRECTION('',(-1.,0.,0.));
#2169=DIRECTION('',(0.,1.,-2.86677049563854E-10));
#2170=DIRECTION('center_axis',(-1.,0.,0.));
#2171=DIRECTION('ref_axis',(0.,0.,1.));
#2172=DIRECTION('',(0.,0.856311405850457,0.516459849562785));
#2173=DIRECTION('',(0.,0.856311405848401,-0.516459849566193));
#2174=DIRECTION('',(0.,0.,-1.));
#2175=DIRECTION('',(0.,-1.,0.));
#2176=DIRECTION('',(0.,0.,1.));
#2177=DIRECTION('',(0.,-1.,0.));
#2178=DIRECTION('',(0.,0.,-1.));
#2179=DIRECTION('',(0.,-0.856311405850435,-0.516459849562821));
#2180=DIRECTION('',(0.,-0.856311405850403,0.516459849562874));
#2181=DIRECTION('',(0.,0.,-1.));
#2182=DIRECTION('',(0.,1.,0.));
#2183=DIRECTION('center_axis',(-1.,-5.37724036920605E-15,-1.17488888270763E-14));
#2184=DIRECTION('ref_axis',(-1.17488888270692E-14,-1.31259723592169E-12,
1.));
#2185=DIRECTION('',(-1.,-5.43746085333911E-17,0.));
#2186=DIRECTION('center_axis',(0.,0.,1.));
#2187=DIRECTION('ref_axis',(1.,0.,0.));
#2188=DIRECTION('',(-1.,0.,0.));
#2189=DIRECTION('center_axis',(0.,1.,0.));
#2190=DIRECTION('ref_axis',(0.,0.,1.));
#2191=DIRECTION('center_axis',(0.,-0.516459849560909,-0.856311405851588));
#2192=DIRECTION('ref_axis',(-1.,0.,0.));
#2193=DIRECTION('',(1.,0.,0.));
#2194=DIRECTION('center_axis',(0.,0.516459849561048,-0.856311405851504));
#2195=DIRECTION('ref_axis',(-1.,0.,0.));
#2196=DIRECTION('',(1.,0.,0.));
#2197=DIRECTION('center_axis',(0.,1.,0.));
#2198=DIRECTION('ref_axis',(0.,0.,1.));
#2199=DIRECTION('',(-1.,0.,0.));
#2200=DIRECTION('',(1.,0.,0.));
#2201=DIRECTION('',(-1.,0.,0.));
#2202=DIRECTION('',(0.,0.,1.));
#2203=DIRECTION('center_axis',(-0.697626271176267,-0.716461852274563,0.));
#2204=DIRECTION('ref_axis',(0.,0.,1.));
#2205=DIRECTION('',(-0.71646185227456,0.69762627117627,0.));
#2206=DIRECTION('',(0.,0.,1.));
#2207=DIRECTION('',(0.71646185227456,-0.69762627117627,0.));
#2208=DIRECTION('center_axis',(0.,0.,1.));
#2209=DIRECTION('ref_axis',(1.,0.,0.));
#2210=DIRECTION('',(-1.,0.,0.));
#2211=DIRECTION('center_axis',(0.,-1.,0.));
#2212=DIRECTION('ref_axis',(0.,0.,-1.));
#2213=DIRECTION('',(-1.,0.,0.));
#2214=DIRECTION('center_axis',(0.,0.,-1.));
#2215=DIRECTION('ref_axis',(-1.,0.,0.));
#2216=DIRECTION('center_axis',(0.,0.51645984956153,0.856311405851214));
#2217=DIRECTION('ref_axis',(1.,0.,0.));
#2218=DIRECTION('',(1.,0.,0.));
#2219=DIRECTION('center_axis',(0.,-0.516459849561575,0.856311405851187));
#2220=DIRECTION('ref_axis',(1.,0.,0.));
#2221=DIRECTION('center_axis',(-0.71002535673581,0.704176109217137,0.));
#2222=DIRECTION('ref_axis',(0.,0.,1.));
#2223=DIRECTION('center_axis',(-0.70999258760726,0.704209137495586,0.000127320348390774));
#2224=DIRECTION('ref_axis',(0.249987957480108,0.251871998846683,0.934915246058112));
#2225=DIRECTION('',(0.704176109229268,0.710025356723779,1.02324739544319E-8));
#2226=DIRECTION('',(2.59775996436338E-11,2.62351262475611E-11,-1.));
#2227=DIRECTION('center_axis',(-0.0339830725826658,0.999422408582998,0.));
#2228=DIRECTION('ref_axis',(0.,0.,1.));
#2229=DIRECTION('',(-0.999422408582998,-0.0339830725826658,5.05973784926243E-9));
#2230=DIRECTION('',(5.27480432975361E-11,-5.09062484720795E-11,1.));
#2231=DIRECTION('center_axis',(0.685026451470906,0.728518195232746,0.));
#2232=DIRECTION('ref_axis',(0.,0.,-1.));
#2233=DIRECTION('center_axis',(0.685127636683385,0.728422963488885,0.000328199191809194));
#2234=DIRECTION('ref_axis',(0.672309476678963,-0.632175829745115,-0.385167090823884));
#2235=DIRECTION('',(-0.72851819522847,0.685026451475453,-3.12182357058764E-8));
#2236=DIRECTION('center_axis',(1.,-4.62996900187759E-15,4.43213130336628E-15));
#2237=DIRECTION('ref_axis',(-4.43213130336116E-15,1.10505889867206E-12,
1.));
#2238=DIRECTION('',(-0.72851819523337,-0.685026451470243,1.23238221169828E-8));
#2239=DIRECTION('center_axis',(0.6850264514639,-0.728518195239334,0.));
#2240=DIRECTION('ref_axis',(0.,0.,-1.));
#2241=DIRECTION('center_axis',(-0.685127424736524,0.728423163147752,-0.000327511408074406));
#2242=DIRECTION('ref_axis',(0.67230948351141,0.632175830958588,-0.385167076906165));
#2243=DIRECTION('',(-5.01148581680879E-11,-4.64223369915353E-11,-1.));
#2244=DIRECTION('center_axis',(-0.0339830725826158,-0.999422408583,0.));
#2245=DIRECTION('ref_axis',(0.,0.,-1.));
#2246=DIRECTION('',(-0.999422408583,0.0339830725826161,-4.14114607190033E-9));
#2247=DIRECTION('',(-8.57214644263312E-11,8.64976490314538E-11,1.));
#2248=DIRECTION('center_axis',(-0.709992588834215,-0.704209136259411,0.00012731561057394));
#2249=DIRECTION('ref_axis',(0.233551715288382,-0.235299235975326,0.943444680855896));
#2250=DIRECTION('center_axis',(1.,0.,0.));
#2251=DIRECTION('ref_axis',(0.,-4.31095088930491E-14,1.));
#2252=DIRECTION('center_axis',(-0.709993202247344,0.704208518234748,-0.000124932712584948));
#2253=DIRECTION('ref_axis',(0.233549922409989,0.235301030736142,-0.943444677062093));
#2254=DIRECTION('center_axis',(-1.,4.05956113795757E-15,6.73091723997451E-16));
#2255=DIRECTION('ref_axis',(6.73091724002859E-16,1.33219220637361E-12,1.));
#2256=DIRECTION('center_axis',(-0.709993201094682,-0.70420851939609,-0.000124937160964905));
#2257=DIRECTION('ref_axis',(0.249986147965919,-0.251873777270665,-0.934915250784032));
#2258=DIRECTION('center_axis',(1.,1.29467288592526E-14,-2.48060905826386E-15));
#2259=DIRECTION('ref_axis',(2.48060905833625E-15,-5.59109801996279E-12,
1.));
#2260=DIRECTION('center_axis',(-0.0339830725826658,-0.999422408582998,0.));
#2261=DIRECTION('ref_axis',(0.,0.,-1.));
#2262=DIRECTION('',(2.59775996435665E-11,-2.59752925743264E-11,1.));
#2263=DIRECTION('',(-0.999422408582998,0.0339830725826658,-5.05973784890458E-9));
#2264=DIRECTION('',(5.27480436564912E-11,5.09063952367249E-11,-1.));
#2265=DIRECTION('center_axis',(0.685026451473314,-0.728518195230483,0.));
#2266=DIRECTION('ref_axis',(0.,0.,-1.));
#2267=DIRECTION('center_axis',(0.685128535509764,-0.728422116765102,-0.000331115831997641));
#2268=DIRECTION('ref_axis',(0.672309449654711,0.632175826507324,0.38516714330893));
#2269=DIRECTION('',(-0.728518195236883,-0.685026451466506,3.12181195806645E-8));
#2270=DIRECTION('center_axis',(1.,0.,0.));
#2271=DIRECTION('ref_axis',(0.,-4.08253752268965E-12,1.));
#2272=DIRECTION('',(-0.728518195243785,0.685026451459167,-1.22910719418516E-8));
#2273=DIRECTION('center_axis',(0.685026451463901,0.728518195239333,0.));
#2274=DIRECTION('ref_axis',(0.,0.,-1.));
#2275=DIRECTION('center_axis',(-0.685127374620464,-0.728423210358123,0.000327348799407685));
#2276=DIRECTION('ref_axis',(0.67230948001777,-0.632175826421012,0.385167090451854));
#2277=DIRECTION('',(-5.01148579774775E-11,4.6158637595584E-11,1.));
#2278=DIRECTION('center_axis',(-0.0339830725826158,0.999422408583,0.));
#2279=DIRECTION('ref_axis',(0.,0.,1.));
#2280=DIRECTION('',(-0.999422408583,-0.0339830725826158,4.14114607215605E-9));
#2281=DIRECTION('',(-8.57214644261082E-11,-8.64977932230558E-11,-1.));
#2282=DIRECTION('center_axis',(-0.710025356748123,0.704176109204723,0.));
#2283=DIRECTION('ref_axis',(0.,0.,1.));
#2284=DIRECTION('',(0.704176109217012,0.710025356735934,3.26963450315416E-8));
#2285=DIRECTION('center_axis',(-1.,-4.74776535881364E-15,4.54489427558445E-15));
#2286=DIRECTION('ref_axis',(-4.54489427560088E-15,3.46105727932591E-12,
-1.));
#2287=DIRECTION('',(0.704176109227573,-0.71002535672546,-1.02324739544072E-8));
#2288=DIRECTION('center_axis',(-0.71002535673581,-0.704176109217137,0.));
#2289=DIRECTION('ref_axis',(0.,0.,1.));
#2290=DIRECTION('center_axis',(-0.710025356748122,-0.704176109204724,0.));
#2291=DIRECTION('ref_axis',(0.,0.,1.));
#2292=DIRECTION('',(0.704176109218706,-0.710025356734253,-3.26963450316203E-8));
#2293=DIRECTION('center_axis',(-1.,0.,0.));
#2294=DIRECTION('ref_axis',(0.,-2.37392031505524E-12,-1.));
#2295=DIRECTION('center_axis',(0.,1.,0.));
#2296=DIRECTION('ref_axis',(0.,0.,1.));
#2297=DIRECTION('center_axis',(-1.,-1.10444254508888E-14,-4.61251684932797E-15));
#2298=DIRECTION('ref_axis',(-4.61251684923255E-15,-8.63958953935571E-12,
1.));
#2299=DIRECTION('',(0.99864132785933,-0.0360346285680693,-0.0376431113925984));
#2300=DIRECTION('center_axis',(-1.,-1.68092032183602E-14,1.13398034937291E-14));
#2301=DIRECTION('ref_axis',(1.13398034936924E-14,2.18409741315233E-12,1.));
#2302=DIRECTION('center_axis',(1.,0.,0.));
#2303=DIRECTION('ref_axis',(0.,0.,-1.));
#2304=DIRECTION('center_axis',(1.,-2.36919598208009E-14,3.21818984705595E-14));
#2305=DIRECTION('ref_axis',(3.21818984700659E-14,-2.08343840279663E-11,
-1.));
#2306=DIRECTION('',(1.,0.,0.));
#2307=DIRECTION('center_axis',(-1.,-4.81840641805474E-15,1.05724993002608E-14));
#2308=DIRECTION('ref_axis',(1.05724993002999E-14,-8.11495524355974E-12,
1.));
#2309=DIRECTION('',(0.99864132785924,-0.0360346285680659,0.0376431113949895));
#2310=DIRECTION('center_axis',(-1.,1.1845979910443E-14,1.60909492353926E-14));
#2311=DIRECTION('ref_axis',(1.60909492353694E-14,-1.95664082280975E-12,
1.));
#2312=DIRECTION('center_axis',(1.,0.,0.));
#2313=DIRECTION('ref_axis',(0.,0.,-1.));
#2314=DIRECTION('center_axis',(1.,3.36184064365718E-14,2.26796069873604E-14));
#2315=DIRECTION('ref_axis',(2.26796069873226E-14,1.12334102016598E-12,-1.));
#2316=DIRECTION('',(1.,0.,0.));
#2317=DIRECTION('center_axis',(-1.,-1.12167159833621E-14,4.21434400683346E-15));
#2318=DIRECTION('ref_axis',(4.21434400669022E-15,1.27706115141026E-11,1.));
#2319=DIRECTION('',(0.697948185395627,-0.716148260140979,0.));
#2320=DIRECTION('',(0.998700507301312,-0.0509636803626164,0.));
#2321=DIRECTION('center_axis',(-1.,-3.50952885757838E-15,1.9396471267852E-14));
#2322=DIRECTION('ref_axis',(1.93964712678522E-14,-4.37683289605407E-14,
1.));
#2323=DIRECTION('center_axis',(1.,0.,0.));
#2324=DIRECTION('ref_axis',(0.,0.,-1.));
#2325=DIRECTION('center_axis',(1.,7.01905771512737E-15,3.87929425354277E-14));
#2326=DIRECTION('ref_axis',(3.87929425354372E-14,-1.35129025129279E-12,
-1.));
#2327=DIRECTION('',(1.,0.,0.));
#2328=DIRECTION('center_axis',(-1.,0.,0.));
#2329=DIRECTION('ref_axis',(0.,-5.50214273187979E-11,1.));
#2330=DIRECTION('',(0.998582158936355,-1.87223959107719E-17,-0.0532322444953018));
#2331=DIRECTION('center_axis',(1.,-2.02622743065505E-14,3.35956737234324E-15));
#2332=DIRECTION('ref_axis',(3.35956737216722E-15,-8.6873304346212E-12,-1.));
#2333=DIRECTION('center_axis',(1.,0.,0.));
#2334=DIRECTION('ref_axis',(0.,0.,-1.));
#2335=DIRECTION('center_axis',(1.,-4.05245486129187E-14,6.71913474462904E-15));
#2336=DIRECTION('ref_axis',(6.7191347446651E-15,8.89804274564609E-13,-1.));
#2337=DIRECTION('',(1.,4.22913621926396E-17,0.));
#2338=DIRECTION('center_axis',(-1.,-2.60893680255548E-16,1.3490756108225E-14));
#2339=DIRECTION('ref_axis',(-1.34907561082304E-14,2.0844024263785E-11,-1.));
#2340=DIRECTION('center_axis',(-1.,0.,0.));
#2341=DIRECTION('ref_axis',(0.,-3.17525615134759E-12,-1.));
#2342=DIRECTION('',(0.99864132785933,0.0360346285680691,-0.0376431113925942));
#2343=DIRECTION('center_axis',(-1.,-1.18459799104411E-14,-1.60909492353968E-14));
#2344=DIRECTION('ref_axis',(-1.60909492353373E-14,-5.02496089173447E-12,
1.));
#2345=DIRECTION('center_axis',(1.,0.,0.));
#2346=DIRECTION('ref_axis',(0.,0.,-1.));
#2347=DIRECTION('center_axis',(1.,-3.36184064365313E-14,-2.26796069873074E-14));
#2348=DIRECTION('ref_axis',(-2.26796069863275E-14,2.91479945442076E-11,
-1.));
#2349=DIRECTION('',(1.,0.,0.));
#2350=DIRECTION('center_axis',(-1.,1.01496965975144E-14,-9.34922731890039E-15));
#2351=DIRECTION('ref_axis',(9.34922731891145E-15,1.09000673647366E-12,-1.));
#2352=DIRECTION('center_axis',(-1.,0.,0.));
#2353=DIRECTION('ref_axis',(0.,-8.12986889745197E-13,-1.));
#2354=DIRECTION('',(0.697948185395629,-0.716148260140977,0.));
#2355=DIRECTION('',(0.998700507301312,0.0509636803626164,0.));
#2356=DIRECTION('center_axis',(-1.,3.5095288575782E-15,-1.93964712678523E-14));
#2357=DIRECTION('ref_axis',(-1.93964712678513E-14,2.74251178642844E-13,
1.));
#2358=DIRECTION('center_axis',(1.,0.,0.));
#2359=DIRECTION('ref_axis',(0.,0.,-1.));
#2360=DIRECTION('center_axis',(1.,-7.01905771512526E-15,-3.87929425354369E-14));
#2361=DIRECTION('ref_axis',(-3.87929425356254E-14,-2.68513170217876E-11,
-1.));
#2362=DIRECTION('',(1.,0.,0.));
#2363=DIRECTION('center_axis',(-1.,0.,0.));
#2364=DIRECTION('ref_axis',(0.,3.63639293677565E-12,-1.));
#2365=DIRECTION('',(0.99864132785924,0.036034628568066,0.0376431113949853));
#2366=DIRECTION('center_axis',(-1.,1.68092032183545E-14,-1.13398034937317E-14));
#2367=DIRECTION('ref_axis',(-1.1339803493623E-14,6.46531021528796E-12,1.));
#2368=DIRECTION('center_axis',(1.,0.,0.));
#2369=DIRECTION('ref_axis',(0.,0.,-1.));
#2370=DIRECTION('center_axis',(1.,2.3691959820701E-14,-3.21818984705539E-14));
#2371=DIRECTION('ref_axis',(-3.21818984701023E-14,-1.9059644655562E-11,
-1.));
#2372=DIRECTION('',(1.,0.,0.));
#2373=CARTESIAN_POINT('',(0.,0.,0.));
#2374=CARTESIAN_POINT('Ctrl Pts',(192.14079072549,-5.18168185614558,208.315054377403));
#2375=CARTESIAN_POINT('Ctrl Pts',(192.28415833126,-5.28570160435606,208.206391487294));
#2376=CARTESIAN_POINT('Ctrl Pts',(192.14079072549,-4.23207765384561,207.323062536151));
#2377=CARTESIAN_POINT('Ctrl Pts',(192.28415833126,-4.25628024280595,207.131019675128));
#2378=CARTESIAN_POINT('Ctrl Pts',(192.14079072549,-3.069054764622,208.02450668638));
#2379=CARTESIAN_POINT('Ctrl Pts',(192.28415833126,-2.995501696082,207.89142236757));
#2380=CARTESIAN_POINT('Ctrl Pts',(192.14079072549,-0.443818400652,209.60784327204));
#2381=CARTESIAN_POINT('Ctrl Pts',(192.28415833126,-0.149606126493,209.60784327204));
#2382=CARTESIAN_POINT('Ctrl Pts',(192.14079072549,-3.069054764622,211.1911798577));
#2383=CARTESIAN_POINT('Ctrl Pts',(192.28415833126,-2.995501696082,211.32426417651));
#2384=CARTESIAN_POINT('Ctrl Pts',(192.14079072549,-5.694291128591,212.77451644336));
#2385=CARTESIAN_POINT('Ctrl Pts',(192.28415833126,-5.84139726567,213.04068508098));
#2386=CARTESIAN_POINT('Ctrl Pts',(192.14079072549,-5.694291128591,209.60784327204));
#2387=CARTESIAN_POINT('Ctrl Pts',(192.28415833126,-5.84139726567,209.60784327204));
#2388=CARTESIAN_POINT('Ctrl Pts',(192.14079072549,-5.694291128591,208.8770725402));
#2389=CARTESIAN_POINT('Ctrl Pts',(192.28415833126,-5.84139726567,208.81564900844));
#2390=CARTESIAN_POINT('Ctrl Pts',(192.14079072549,-5.212104857658,208.34763660182));
#2391=CARTESIAN_POINT('Ctrl Pts',(192.28415833126,-5.318681752889,208.24171234807));
#2392=CARTESIAN_POINT('Ctrl Pts',(192.14079072549,-5.19708749140723,208.331147676539));
#2393=CARTESIAN_POINT('Ctrl Pts',(192.28415833126,-5.30240213073134,208.223837477811));
#2394=CARTESIAN_POINT('Ctrl Pts',(192.14079072549,-5.18168185614558,208.315054377403));
#2395=CARTESIAN_POINT('Ctrl Pts',(192.28415833126,-5.28570160435606,208.206391487294));
#2396=CARTESIAN_POINT('',(192.14079072549,-5.212104857658,208.34763660182));
#2397=CARTESIAN_POINT('',(192.28415833126,-5.318681752889,208.24171234807));
#2398=CARTESIAN_POINT('',(192.14079072549,-5.212104857658,208.34763660182));
#2399=CARTESIAN_POINT('',(192.14079072549,-2.706585262494,210.90063218069));
#2400=CARTESIAN_POINT('Origin',(192.1407907255,-3.9441335526112,209.607843272039));
#2401=CARTESIAN_POINT('',(192.14079072549,-5.181681842731,208.31505436339));
#2402=CARTESIAN_POINT('Origin',(192.14079072549,-3.9441335526098,209.607843272038));
#2403=CARTESIAN_POINT('',(192.28415833126,-5.285701589819,208.2063914721));
#2404=CARTESIAN_POINT('',(192.14079072549,-5.18168184273211,208.31505436339));
#2405=CARTESIAN_POINT('Origin',(192.28415833126,-3.94413355261192,209.607843272038));
#2406=CARTESIAN_POINT('Ctrl Pts',(192.14079072549,-5.18168182931734,219.161331879663));
#2407=CARTESIAN_POINT('Ctrl Pts',(192.28415833126,-5.28570157527282,219.269994772128));
#2408=CARTESIAN_POINT('Ctrl Pts',(192.14079072549,-5.19708747832915,219.145238566861));
#2409=CARTESIAN_POINT('Ctrl Pts',(192.28415833126,-5.30240211655402,219.252548766795));
#2410=CARTESIAN_POINT('Ctrl Pts',(192.14079072549,-5.212104857658,219.12874962722));
#2411=CARTESIAN_POINT('Ctrl Pts',(192.28415833126,-5.318681752889,219.23467388097));
#2412=CARTESIAN_POINT('Ctrl Pts',(192.14079072549,-5.694291128591,218.59931368885));
#2413=CARTESIAN_POINT('Ctrl Pts',(192.28415833126,-5.84139726567,218.6607372206));
#2414=CARTESIAN_POINT('Ctrl Pts',(192.14079072549,-5.694291128591,217.868542957));
#2415=CARTESIAN_POINT('Ctrl Pts',(192.28415833126,-5.84139726567,217.868542957));
#2416=CARTESIAN_POINT('Ctrl Pts',(192.14079072549,-5.694291128591,214.70186978568));
#2417=CARTESIAN_POINT('Ctrl Pts',(192.28415833126,-5.84139726567,214.43570114806));
#2418=CARTESIAN_POINT('Ctrl Pts',(192.14079072549,-3.069054764622,216.28520637134));
#2419=CARTESIAN_POINT('Ctrl Pts',(192.28415833126,-2.995501696082,216.15212205253));
#2420=CARTESIAN_POINT('Ctrl Pts',(192.14079072549,-0.443818400652,217.868542957));
#2421=CARTESIAN_POINT('Ctrl Pts',(192.28415833126,-0.149606126493,217.868542957));
#2422=CARTESIAN_POINT('Ctrl Pts',(192.14079072549,-3.069054764622,219.45187954266));
#2423=CARTESIAN_POINT('Ctrl Pts',(192.28415833126,-2.995501696082,219.58496386147));
#2424=CARTESIAN_POINT('Ctrl Pts',(192.14079072549,-4.23207762774356,220.153323677147));
#2425=CARTESIAN_POINT('Ctrl Pts',(192.28415833126,-4.25628021450995,220.345366536846));
#2426=CARTESIAN_POINT('Ctrl Pts',(192.14079072549,-5.18168182931734,219.161331879663));
#2427=CARTESIAN_POINT('Ctrl Pts',(192.28415833126,-5.28570157527282,219.269994772128));
#2428=CARTESIAN_POINT('',(192.14079072549,-5.212104857658,219.12874962722));
#2429=CARTESIAN_POINT('',(192.28415833126,-5.318681752889,219.23467388097));
#2430=CARTESIAN_POINT('',(192.14079072549,-5.212104857658,219.12874962722));
#2431=CARTESIAN_POINT('',(192.14079072549,-5.181681842731,219.16133186565));
#2432=CARTESIAN_POINT('Origin',(192.14079072549,-3.94413355261124,217.868542957001));
#2433=CARTESIAN_POINT('',(192.28415833126,-5.285701589819,219.26999475694));
#2434=CARTESIAN_POINT('',(192.14079072549,-5.18168184273077,219.161331865651));
#2435=CARTESIAN_POINT('Origin',(192.28415833126,-3.94413355261175,217.868542957001));
#2436=CARTESIAN_POINT('Ctrl Pts',(192.14079072549,0.00972722673560749,217.75111027121));
#2437=CARTESIAN_POINT('Ctrl Pts',(192.28415833126,0.00972722522216295,217.597437736627));
#2438=CARTESIAN_POINT('Ctrl Pts',(192.14079072549,0.0433965684874709,217.751110270849));
#2439=CARTESIAN_POINT('Ctrl Pts',(192.28415833126,0.0462265788946789,217.597437736235));
#2440=CARTESIAN_POINT('Ctrl Pts',(192.14079072549,0.07704099766341,217.7524630495));
#2441=CARTESIAN_POINT('Ctrl Pts',(192.28415833126,0.0826989260125,217.5989042201));
#2442=CARTESIAN_POINT('Ctrl Pts',(192.14079072549,0.50977226645,217.76986235264));
#2443=CARTESIAN_POINT('Ctrl Pts',(192.28415833126,0.551802591329,217.61776598828));
#2444=CARTESIAN_POINT('Ctrl Pts',(192.14079072549,0.884806032731,217.99605329344));
#2445=CARTESIAN_POINT('Ctrl Pts',(192.28415833126,0.958359101269,217.86296897463));
#2446=CARTESIAN_POINT('Ctrl Pts',(192.14079072549,3.5100423967,219.5793898791));
#2447=CARTESIAN_POINT('Ctrl Pts',(192.28415833126,3.804254670853,219.5793898791));
#2448=CARTESIAN_POINT('Ctrl Pts',(192.14079072549,0.884806032731,221.16272646476));
#2449=CARTESIAN_POINT('Ctrl Pts',(192.28415833126,0.958359101269,221.29581078357));
#2450=CARTESIAN_POINT('Ctrl Pts',(192.14079072549,-1.740430331238,222.74606305042));
#2451=CARTESIAN_POINT('Ctrl Pts',(192.28415833126,-1.887536468315,223.01223168804));
#2452=CARTESIAN_POINT('Ctrl Pts',(192.14079072549,-1.740430331238,219.5793898791));
#2453=CARTESIAN_POINT('Ctrl Pts',(192.28415833126,-1.887536468315,219.5793898791));
#2454=CARTESIAN_POINT('Ctrl Pts',(192.14079072549,-1.740430331238,217.751110290014));
#2455=CARTESIAN_POINT('Ctrl Pts',(192.28415833126,-1.887536468315,217.597437757017));
#2456=CARTESIAN_POINT('Ctrl Pts',(192.14079072549,0.00972722673560749,217.75111027121));
#2457=CARTESIAN_POINT('Ctrl Pts',(192.28415833126,0.00972722522216295,217.597437736627));
#2458=CARTESIAN_POINT('',(192.14079072549,0.07704099766341,217.7524630495));
#2459=CARTESIAN_POINT('',(192.28415833126,0.0826989260125,217.5989042201));
#2460=CARTESIAN_POINT('',(192.14079072549,0.07704099766341,217.7524630495));
#2461=CARTESIAN_POINT('',(192.14079072549,0.00972724474112,217.75111027121));
#2462=CARTESIAN_POINT('Origin',(192.14079072549,0.00972724474266721,219.579389879103));
#2463=CARTESIAN_POINT('',(192.28415833126,0.009727244741119,217.59743773663));
#2464=CARTESIAN_POINT('',(192.14079072549,0.00972724474228038,217.75111027121));
#2465=CARTESIAN_POINT('Origin',(192.28415833126,0.00972724474566974,219.579389879102));
#2466=CARTESIAN_POINT('Ctrl Pts',(192.14079072549,2.72603976538807,210.900632194704));
#2467=CARTESIAN_POINT('Ctrl Pts',(192.28415833126,2.62202001943262,211.009295087168));
#2468=CARTESIAN_POINT('Ctrl Pts',(192.14079072549,2.71063411637605,210.884538881901));
#2469=CARTESIAN_POINT('Ctrl Pts',(192.28415833126,2.6053194781512,210.991849081836));
#2470=CARTESIAN_POINT('Ctrl Pts',(192.14079072549,2.695616737047,210.86804994226));
#2471=CARTESIAN_POINT('Ctrl Pts',(192.28415833126,2.589039841816,210.97397419601));
#2472=CARTESIAN_POINT('Ctrl Pts',(192.14079072549,2.213430466114,210.33861400388));
#2473=CARTESIAN_POINT('Ctrl Pts',(192.28415833126,2.066324329035,210.40003753564));
#2474=CARTESIAN_POINT('Ctrl Pts',(192.14079072549,2.213430466114,209.60784327204));
#2475=CARTESIAN_POINT('Ctrl Pts',(192.28415833126,2.066324329035,209.60784327204));
#2476=CARTESIAN_POINT('Ctrl Pts',(192.14079072549,2.213430466114,206.44117010072));
#2477=CARTESIAN_POINT('Ctrl Pts',(192.28415833126,2.066324329035,206.1750014631));
#2478=CARTESIAN_POINT('Ctrl Pts',(192.14079072549,4.838666830083,208.02450668638));
#2479=CARTESIAN_POINT('Ctrl Pts',(192.28415833126,4.912219898623,207.89142236757));
#2480=CARTESIAN_POINT('Ctrl Pts',(192.14079072549,7.463903194053,209.60784327204));
#2481=CARTESIAN_POINT('Ctrl Pts',(192.28415833126,7.758115468212,209.60784327204));
#2482=CARTESIAN_POINT('Ctrl Pts',(192.14079072549,4.838666830083,211.1911798577));
#2483=CARTESIAN_POINT('Ctrl Pts',(192.28415833126,4.912219898623,211.32426417651));
#2484=CARTESIAN_POINT('Ctrl Pts',(192.14079072549,3.67564396696184,211.892623992186));
#2485=CARTESIAN_POINT('Ctrl Pts',(192.28415833126,3.65144138019549,212.084666851885));
#2486=CARTESIAN_POINT('Ctrl Pts',(192.14079072549,2.72603976538807,210.900632194704));
#2487=CARTESIAN_POINT('Ctrl Pts',(192.28415833126,2.62202001943262,211.009295087168));
#2488=CARTESIAN_POINT('',(192.14079072549,2.695616737047,210.86804994226));
#2489=CARTESIAN_POINT('',(192.28415833126,2.589039841816,210.97397419601));
#2490=CARTESIAN_POINT('',(192.14079072549,2.695616737047,210.86804994226));
#2491=CARTESIAN_POINT('',(192.14079072549,2.726039751976,210.90063218069));
#2492=CARTESIAN_POINT('Origin',(192.14079072549,3.96358804210016,209.607843272034));
#2493=CARTESIAN_POINT('',(192.28415833126,2.62202000489,211.00929507197));
#2494=CARTESIAN_POINT('',(192.14079072549,2.72603975197423,210.900632180691));
#2495=CARTESIAN_POINT('Origin',(192.28415833126,3.96358804209533,209.607843272044));
#2496=CARTESIAN_POINT('Ctrl Pts',(192.14079072549,2.695616737047,216.60833628678));
#2497=CARTESIAN_POINT('Ctrl Pts',(192.28415833126,2.589039841816,216.50241203303));
#2498=CARTESIAN_POINT('Ctrl Pts',(192.14079072549,3.645377573734,215.56550792331));
#2499=CARTESIAN_POINT('Ctrl Pts',(192.28415833126,3.618631003356,215.37193073232));
#2500=CARTESIAN_POINT('Ctrl Pts',(192.14079072549,4.838666830083,216.28520637134));
#2501=CARTESIAN_POINT('Ctrl Pts',(192.28415833126,4.912219898623,216.15212205253));
#2502=CARTESIAN_POINT('Ctrl Pts',(192.14079072549,7.463903194053,217.868542957));
#2503=CARTESIAN_POINT('Ctrl Pts',(192.28415833126,7.758115468212,217.868542957));
#2504=CARTESIAN_POINT('Ctrl Pts',(192.14079072549,4.838666830083,219.45187954266));
#2505=CARTESIAN_POINT('Ctrl Pts',(192.28415833126,4.912219898623,219.58496386147));
#2506=CARTESIAN_POINT('Ctrl Pts',(192.14079072549,2.213430466114,221.03521612832));
#2507=CARTESIAN_POINT('Ctrl Pts',(192.28415833126,2.066324329035,221.30138476595));
#2508=CARTESIAN_POINT('Ctrl Pts',(192.14079072549,2.213430466114,217.868542957));
#2509=CARTESIAN_POINT('Ctrl Pts',(192.28415833126,2.066324329035,217.868542957));
#2510=CARTESIAN_POINT('Ctrl Pts',(192.14079072549,2.213430466114,217.13777222516));
#2511=CARTESIAN_POINT('Ctrl Pts',(192.28415833126,2.066324329035,217.0763486934));
#2512=CARTESIAN_POINT('Ctrl Pts',(192.14079072549,2.695616737047,216.60833628678));
#2513=CARTESIAN_POINT('Ctrl Pts',(192.28415833126,2.589039841816,216.50241203303));
#2514=CARTESIAN_POINT('',(192.14079072549,2.695616737047,216.60833628678));
#2515=CARTESIAN_POINT('',(192.28415833126,2.589039841816,216.50241203303));
#2516=CARTESIAN_POINT('',(192.14079072549,2.695616737047,216.60833628678));
#2517=CARTESIAN_POINT('',(192.14079072549,2.726039751976,216.57575404836));
#2518=CARTESIAN_POINT('Origin',(192.14079072549,3.96358804210124,217.868542957011));
#2519=CARTESIAN_POINT('',(192.28415833126,2.62202000489,216.46709115707));
#2520=CARTESIAN_POINT('',(192.14079072549,2.72603975197289,216.57575404835));
#2521=CARTESIAN_POINT('Origin',(192.28415833126,3.96358804208891,217.868542957003));
#2522=CARTESIAN_POINT('Ctrl Pts',(186.54158410225,0.00972716792783521,205.939518430616));
#2523=CARTESIAN_POINT('Ctrl Pts',(186.7494151502,0.009727165771928,205.720606988164));
#2524=CARTESIAN_POINT('Ctrl Pts',(186.54158410225,0.153346471024675,205.939518429072));
#2525=CARTESIAN_POINT('Ctrl Pts',(186.7494151502,0.157377911399601,205.720606986577));
#2526=CARTESIAN_POINT('Ctrl Pts',(186.54158410225,0.296859507512,205.94528881593));
#2527=CARTESIAN_POINT('Ctrl Pts',(186.7494151502,0.304919407478,205.72653935015));
#2528=CARTESIAN_POINT('Ctrl Pts',(186.54158410225,2.142709768184,206.0195069521));
#2529=CARTESIAN_POINT('Ctrl Pts',(186.7494151502,2.202583310787,205.80284081457));
#2530=CARTESIAN_POINT('Ctrl Pts',(186.54158410225,3.742446660767,206.98434272241));
#2531=CARTESIAN_POINT('Ctrl Pts',(186.7494151502,3.847225360321,206.79475985206));
#2532=CARTESIAN_POINT('Ctrl Pts',(186.54158410225,14.940604908843,213.73819311452));
#2533=CARTESIAN_POINT('Ctrl Pts',(186.7494151502,15.359719707062,213.73819311452));
#2534=CARTESIAN_POINT('Ctrl Pts',(186.54158410225,3.742446660767,220.49204350664));
#2535=CARTESIAN_POINT('Ctrl Pts',(186.7494151502,3.847225360321,220.68162637698));
#2536=CARTESIAN_POINT('Ctrl Pts',(186.54158410225,-7.45571158731,227.24589389875));
#2537=CARTESIAN_POINT('Ctrl Pts',(186.7494151502,-7.665268986419,227.62505963944));
#2538=CARTESIAN_POINT('Ctrl Pts',(186.54158410225,-7.45571158731,213.73819311452));
#2539=CARTESIAN_POINT('Ctrl Pts',(186.7494151502,-7.665268986419,213.73819311452));
#2540=CARTESIAN_POINT('Ctrl Pts',(186.54158410225,-7.45571158731,205.939518510852));
#2541=CARTESIAN_POINT('Ctrl Pts',(186.7494151502,-7.665268986419,205.720607070653));
#2542=CARTESIAN_POINT('Ctrl Pts',(186.54158410225,0.00972716792783521,205.939518430616));
#2543=CARTESIAN_POINT('Ctrl Pts',(186.7494151502,0.009727165771928,205.720606988164));
#2544=CARTESIAN_POINT('',(186.7494151502,0.304919407478,205.72653935015));
#2545=CARTESIAN_POINT('',(186.54158410225,0.296859507512,205.94528881593));
#2546=CARTESIAN_POINT('',(186.7494151502,0.304919407478,205.72653935015));
#2547=CARTESIAN_POINT('',(186.74941515019,0.00972724474112,205.72060698815));
#2548=CARTESIAN_POINT('Origin',(186.74941515019,0.00972724474248731,213.738193114522));
#2549=CARTESIAN_POINT('',(186.54158410225,0.009727244741117,205.93951843061));
#2550=CARTESIAN_POINT('',(186.54158410225,0.00972724473801605,205.939518430616));
#2551=CARTESIAN_POINT('Origin',(186.54158410225,0.00972724474246772,213.738193114524));
#2552=CARTESIAN_POINT('Ctrl Pts',(186.75693063583,0.11860221797,216.69311095864));
#2553=CARTESIAN_POINT('Ctrl Pts',(186.54158410225,0.126667030802,216.91199376191));
#2554=CARTESIAN_POINT('Ctrl Pts',(186.75693063583,0.818512760156,216.66496888394));
#2555=CARTESIAN_POINT('Ctrl Pts',(186.54158410225,0.878422798335,216.88176708908));
#2556=CARTESIAN_POINT('Ctrl Pts',(186.75693063583,1.425101896718,216.29912191276));
#2557=CARTESIAN_POINT('Ctrl Pts',(186.54158410225,1.529944463531,216.48882034226));
#2558=CARTESIAN_POINT('Ctrl Pts',(186.75693063583,5.671225852648,213.73819311452));
#2559=CARTESIAN_POINT('Ctrl Pts',(186.54158410225,6.0905961199,213.73819311452));
#2560=CARTESIAN_POINT('Ctrl Pts',(186.75693063583,1.425101896718,211.17726431628));
#2561=CARTESIAN_POINT('Ctrl Pts',(186.54158410225,1.529944463531,210.98756588678));
#2562=CARTESIAN_POINT('Ctrl Pts',(186.75693063583,-2.821022059213,208.61633551804));
#2563=CARTESIAN_POINT('Ctrl Pts',(186.54158410225,-3.030707192838,208.23693865905));
#2564=CARTESIAN_POINT('Ctrl Pts',(186.75693063583,-2.821022059213,213.73819311452));
#2565=CARTESIAN_POINT('Ctrl Pts',(186.54158410225,-3.030707192838,213.73819311452));
#2566=CARTESIAN_POINT('Ctrl Pts',(186.75693063583,-2.821022059213,216.81130767241));
#2567=CARTESIAN_POINT('Ctrl Pts',(186.54158410225,-3.030707192838,217.03894578781));
#2568=CARTESIAN_POINT('Ctrl Pts',(186.75693063583,0.11860221797,216.69311095864));
#2569=CARTESIAN_POINT('Ctrl Pts',(186.54158410225,0.126667030802,216.91199376191));
#2570=CARTESIAN_POINT('',(186.75693063583,0.11860221797,216.69311095864));
#2571=CARTESIAN_POINT('',(186.54158410225,0.126667030802,216.91199376191));
#2572=CARTESIAN_POINT('',(186.75693063583,0.11860221797,216.69311095864));
#2573=CARTESIAN_POINT('',(186.75693063583,0.00972724474112,216.6952989766));
#2574=CARTESIAN_POINT('Origin',(186.75693063583,0.00972724474139976,213.738193114519));
#2575=CARTESIAN_POINT('',(186.54158410225,0.00972724474112,216.91434385527));
#2576=CARTESIAN_POINT('',(186.75693063583,0.00972724474285148,216.695298976596));
#2577=CARTESIAN_POINT('Origin',(186.54158410225,0.00972724474209716,213.738193114521));
#2578=CARTESIAN_POINT('Ctrl Pts',(192.14079072549,0.00972722673560749,206.068716742041));
#2579=CARTESIAN_POINT('Ctrl Pts',(192.28415833126,0.00972722522216295,205.915044207467));
#2580=CARTESIAN_POINT('Ctrl Pts',(192.14079072549,0.0433965684874709,206.068716741679));
#2581=CARTESIAN_POINT('Ctrl Pts',(192.28415833126,0.0462265788946789,205.915044207075));
#2582=CARTESIAN_POINT('Ctrl Pts',(192.14079072549,0.07704099766341,206.07006952033));
#2583=CARTESIAN_POINT('Ctrl Pts',(192.28415833126,0.0826989260125,205.91651069094));
#2584=CARTESIAN_POINT('Ctrl Pts',(192.14079072549,0.50977226645,206.08746882347));
#2585=CARTESIAN_POINT('Ctrl Pts',(192.28415833126,0.551802591329,205.93537245912));
#2586=CARTESIAN_POINT('Ctrl Pts',(192.14079072549,0.884806032731,206.31365976428));
#2587=CARTESIAN_POINT('Ctrl Pts',(192.28415833126,0.958359101269,206.18057544547));
#2588=CARTESIAN_POINT('Ctrl Pts',(192.14079072549,3.5100423967,207.89699634994));
#2589=CARTESIAN_POINT('Ctrl Pts',(192.28415833126,3.804254670853,207.89699634994));
#2590=CARTESIAN_POINT('Ctrl Pts',(192.14079072549,0.884806032731,209.4803329356));
#2591=CARTESIAN_POINT('Ctrl Pts',(192.28415833126,0.958359101269,209.61341725441));
#2592=CARTESIAN_POINT('Ctrl Pts',(192.14079072549,-1.740430331238,211.06366952126));
#2593=CARTESIAN_POINT('Ctrl Pts',(192.28415833126,-1.887536468315,211.32983815888));
#2594=CARTESIAN_POINT('Ctrl Pts',(192.14079072549,-1.740430331238,207.89699634994));
#2595=CARTESIAN_POINT('Ctrl Pts',(192.28415833126,-1.887536468315,207.89699634994));
#2596=CARTESIAN_POINT('Ctrl Pts',(192.14079072549,-1.740430331238,206.068716760854));
#2597=CARTESIAN_POINT('Ctrl Pts',(192.28415833126,-1.887536468315,205.915044227857));
#2598=CARTESIAN_POINT('Ctrl Pts',(192.14079072549,0.00972722673560749,206.068716742041));
#2599=CARTESIAN_POINT('Ctrl Pts',(192.28415833126,0.00972722522216295,205.915044207467));
#2600=CARTESIAN_POINT('',(192.14079072549,0.07704099766341,206.07006952033));
#2601=CARTESIAN_POINT('',(192.28415833126,0.0826989260125,205.91651069094));
#2602=CARTESIAN_POINT('',(192.14079072549,0.07704099766341,206.07006952033));
#2603=CARTESIAN_POINT('',(192.14079072549,0.00972724474112,206.06871674203));
#2604=CARTESIAN_POINT('Origin',(192.14079072549,0.00972724474201094,207.89699634993));
#2605=CARTESIAN_POINT('',(192.28415833126,0.00972724474112,205.91504420746));
#2606=CARTESIAN_POINT('',(192.140790725497,0.00972724474228038,206.068716742033));
#2607=CARTESIAN_POINT('Origin',(192.28415833126,0.00972724474169774,207.896996349941));
#2608=CARTESIAN_POINT('Origin',(186.54158410225,-7.455711587315,213.738193114525));
#2609=CARTESIAN_POINT('Origin',(186.54158410225,0.00972724474246772,213.738193114524));
#2610=CARTESIAN_POINT('',(186.54158410225,3.419932182458,210.17576637538));
#2611=CARTESIAN_POINT('Origin',(186.54158410225,3.96358804209394,209.60784327204));
#2612=CARTESIAN_POINT('',(186.54158410225,4.832485318132,213.73819311452));
#2613=CARTESIAN_POINT('Origin',(186.54158410225,5.60133080809267,213.738193114519));
#2614=CARTESIAN_POINT('',(186.54158410225,3.419932182458,217.30061985366));
#2615=CARTESIAN_POINT('Origin',(186.54158410225,3.96358804209357,217.868542957));
#2616=CARTESIAN_POINT('',(186.54158410225,0.009727244741119,218.77622532397));
#2617=CARTESIAN_POINT('Origin',(186.54158410225,0.00972724473931572,219.579389879102));
#2618=CARTESIAN_POINT('',(186.54158410225,-3.400477692975,217.30061985366));
#2619=CARTESIAN_POINT('Origin',(186.54158410225,-3.94413355261101,217.868542957));
#2620=CARTESIAN_POINT('',(186.54158410225,-4.813030828649,213.73819311452));
#2621=CARTESIAN_POINT('Origin',(186.54158410225,-5.58187631861017,213.73819311452));
#2622=CARTESIAN_POINT('',(186.54158410225,-3.400477692975,210.17576637538));
#2623=CARTESIAN_POINT('Origin',(186.54158410225,-3.94413355261097,209.60784327204));
#2624=CARTESIAN_POINT('Origin',(186.54158410225,0.00972724474209716,213.738193114521));
#2625=CARTESIAN_POINT('',(186.54158410225,0.00972724474112,208.70016090507));
#2626=CARTESIAN_POINT('Origin',(186.54158410225,0.00972724474279628,207.896996349938));
#2627=CARTESIAN_POINT('Ctrl Pts',(186.54158410225,0.00972724474112,208.70016090507));
#2628=CARTESIAN_POINT('Ctrl Pts',(189.518534582564,0.00972724474112,208.70016090507));
#2629=CARTESIAN_POINT('Ctrl Pts',(186.54158410225,-1.321952207041,208.70016090507));
#2630=CARTESIAN_POINT('Ctrl Pts',(189.518534582564,-1.321952207041,208.70016090507));
#2631=CARTESIAN_POINT('Ctrl Pts',(186.54158410225,-0.65611248115,207.49541407237));
#2632=CARTESIAN_POINT('Ctrl Pts',(189.518534582564,-0.65611248115,207.49541407237));
#2633=CARTESIAN_POINT('Ctrl Pts',(186.54158410225,0.009727244741119,206.29066723968));
#2634=CARTESIAN_POINT('Ctrl Pts',(189.518534582564,0.009727244741119,206.29066723968));
#2635=CARTESIAN_POINT('Ctrl Pts',(186.54158410225,0.675566970632,207.49541407237));
#2636=CARTESIAN_POINT('Ctrl Pts',(189.518534582564,0.675566970632,207.49541407237));
#2637=CARTESIAN_POINT('Ctrl Pts',(186.54158410225,1.341406696523,208.70016090507));
#2638=CARTESIAN_POINT('Ctrl Pts',(189.518534582564,1.341406696523,208.70016090507));
#2639=CARTESIAN_POINT('Ctrl Pts',(186.54158410225,0.00972724474112,208.70016090507));
#2640=CARTESIAN_POINT('Ctrl Pts',(189.518534582564,0.00972724474112,208.70016090507));
#2641=CARTESIAN_POINT('',(187.9772276595,0.00972724474112,208.70016090507));
#2642=CARTESIAN_POINT('Origin',(187.9772276595,0.00972724474147386,207.896996349931));
#2643=CARTESIAN_POINT('',(186.54158410225,0.00972724474111994,208.70016090507));
#2644=CARTESIAN_POINT('Origin',(187.9772276595,-1.527963735188,207.89699634993));
#2645=CARTESIAN_POINT('',(187.9772276595,0.00972724474112,209.5033254602));
#2646=CARTESIAN_POINT('Origin',(187.9772276595,0.00972724474132924,207.896996349933));
#2647=CARTESIAN_POINT('Ctrl Pts',(187.9772276595,0.00972724474112,209.5033254602));
#2648=CARTESIAN_POINT('Ctrl Pts',(192.14079072549,0.00972724474112,209.72527595783));
#2649=CARTESIAN_POINT('Ctrl Pts',(187.9772276595,-2.653631658823,209.5033254602));
#2650=CARTESIAN_POINT('Ctrl Pts',(192.14079072549,-3.021634598102,209.72527595783));
#2651=CARTESIAN_POINT('Ctrl Pts',(187.9772276595,-1.321952207041,207.09383179481));
#2652=CARTESIAN_POINT('Ctrl Pts',(192.14079072549,-1.50595367668,206.98285654599));
#2653=CARTESIAN_POINT('Ctrl Pts',(187.9772276595,0.009727244741119,204.68433812942));
#2654=CARTESIAN_POINT('Ctrl Pts',(192.14079072549,0.009727244741119,204.24043713415));
#2655=CARTESIAN_POINT('Ctrl Pts',(187.9772276595,1.341406696523,207.09383179481));
#2656=CARTESIAN_POINT('Ctrl Pts',(192.14079072549,1.525408166163,206.98285654599));
#2657=CARTESIAN_POINT('Ctrl Pts',(187.9772276595,2.673086148305,209.5033254602));
#2658=CARTESIAN_POINT('Ctrl Pts',(192.14079072549,3.041089087584,209.72527595783));
#2659=CARTESIAN_POINT('Ctrl Pts',(187.9772276595,0.00972724474112,209.5033254602));
#2660=CARTESIAN_POINT('Ctrl Pts',(192.14079072549,0.00972724474112,209.72527595783));
#2661=CARTESIAN_POINT('',(192.14079072549,0.00972724474112,209.72527595783));
#2662=CARTESIAN_POINT('Origin',(192.140790725497,0.00972724474399846,207.896996349939));
#2663=CARTESIAN_POINT('Origin',(192.14079072549,0.00972724474201094,207.89699634993));
#2664=CARTESIAN_POINT('',(187.9772276595,0.00972724474112008,209.5033254602));
#2665=CARTESIAN_POINT('Ctrl Pts',(192.14079072549,0.07704099766341,206.07006952033));
#2666=CARTESIAN_POINT('Ctrl Pts',(192.28415833126,0.0826989260125,205.91651069094));
#2667=CARTESIAN_POINT('Ctrl Pts',(192.14079072549,0.50977226645,206.08746882347));
#2668=CARTESIAN_POINT('Ctrl Pts',(192.28415833126,0.551802591329,205.93537245912));
#2669=CARTESIAN_POINT('Ctrl Pts',(192.14079072549,0.884806032731,206.31365976428));
#2670=CARTESIAN_POINT('Ctrl Pts',(192.28415833126,0.958359101269,206.18057544547));
#2671=CARTESIAN_POINT('Ctrl Pts',(192.14079072549,3.5100423967,207.89699634994));
#2672=CARTESIAN_POINT('Ctrl Pts',(192.28415833126,3.804254670853,207.89699634994));
#2673=CARTESIAN_POINT('Ctrl Pts',(192.14079072549,0.884806032731,209.4803329356));
#2674=CARTESIAN_POINT('Ctrl Pts',(192.28415833126,0.958359101269,209.61341725441));
#2675=CARTESIAN_POINT('Ctrl Pts',(192.14079072549,-1.740430331238,211.06366952126));
#2676=CARTESIAN_POINT('Ctrl Pts',(192.28415833126,-1.887536468315,211.32983815888));
#2677=CARTESIAN_POINT('Ctrl Pts',(192.14079072549,-1.740430331238,207.89699634994));
#2678=CARTESIAN_POINT('Ctrl Pts',(192.28415833126,-1.887536468315,207.89699634994));
#2679=CARTESIAN_POINT('Ctrl Pts',(192.14079072549,-1.740430331238,205.99699244715));
#2680=CARTESIAN_POINT('Ctrl Pts',(192.28415833126,-1.887536468315,205.83729126458));
#2681=CARTESIAN_POINT('Ctrl Pts',(192.14079072549,0.07704099766341,206.07006952033));
#2682=CARTESIAN_POINT('Ctrl Pts',(192.28415833126,0.0826989260125,205.91651069094));
#2683=CARTESIAN_POINT('Origin',(192.28415833126,0.00972724474169774,207.896996349941));
#2684=CARTESIAN_POINT('Origin',(192.28415833125,-7.636329954002,213.73819311452));
#2685=CARTESIAN_POINT('',(192.28415833125,-3.617364892842,206.70673800559));
#2686=CARTESIAN_POINT('',(192.284158331324,-3.61736489278429,202.785949195587));
#2687=CARTESIAN_POINT('',(192.28415833126,-3.617364892849,206.70673800559));
#2688=CARTESIAN_POINT('',(192.28415833137,3.63681938222613,202.785949197282));
#2689=CARTESIAN_POINT('Origin',(192.28415833126,0.00972724474150033,202.785949180922));
#2690=CARTESIAN_POINT('',(192.28415833125,3.636819382325,206.70673800559));
#2691=CARTESIAN_POINT('',(192.28415833148,3.636819382119,202.78594918093));
#2692=CARTESIAN_POINT('',(192.28415833125,3.636819382325,220.76964822345));
#2693=CARTESIAN_POINT('Origin',(192.28415833126,0.0097272447452762,213.738193114511));
#2694=CARTESIAN_POINT('',(192.284158331324,3.63681938226644,224.690437033595));
#2695=CARTESIAN_POINT('',(192.28415833126,3.636819382332,220.76964822345));
#2696=CARTESIAN_POINT('',(192.284158331369,-3.61736489274268,224.69043703051));
#2697=CARTESIAN_POINT('Origin',(192.28415833126,0.00972724474149977,224.69043704813));
#2698=CARTESIAN_POINT('',(192.28415833125,-3.617364892842,220.76964822345));
#2699=CARTESIAN_POINT('',(192.28415833148,-3.617364892637,224.69043702995));
#2700=CARTESIAN_POINT('Origin',(192.28415833126,0.00972724474861575,213.738193114514));
#2701=CARTESIAN_POINT('',(192.28415833126,0.009727244741119,204.42878577097));
#2702=CARTESIAN_POINT('Origin',(192.28415833126,0.00972724474113505,202.78594918093));
#2703=CARTESIAN_POINT('',(192.28415833126,0.00972724474112,226.33327363817));
#2704=CARTESIAN_POINT('Origin',(192.28415833126,0.00972724474109243,224.69043704811));
#2705=CARTESIAN_POINT('Origin',(192.28415833126,3.96358804208891,217.868542957003));
#2706=CARTESIAN_POINT('Origin',(192.28415833126,3.96358804209533,209.607843272044));
#2707=CARTESIAN_POINT('',(192.28415833126,3.704067095037,213.73819311452));
#2708=CARTESIAN_POINT('Origin',(192.28415833126,5.60133080809283,213.73819311452));
#2709=CARTESIAN_POINT('Origin',(192.28415833126,0.00972724474566974,219.579389879102));
#2710=CARTESIAN_POINT('Origin',(192.28415833126,-3.94413355261175,217.868542957001));
#2711=CARTESIAN_POINT('',(192.28415833126,-7.479140031669,213.73819311452));
#2712=CARTESIAN_POINT('Origin',(192.28415833126,-5.58187631861744,213.738193114523));
#2713=CARTESIAN_POINT('Origin',(192.28415833126,-3.94413355261192,209.607843272038));
#2714=CARTESIAN_POINT('',(192.28415833126,0.00972724474112,216.6952989766));
#2715=CARTESIAN_POINT('Origin',(192.28415833126,0.00972724474123441,213.738193114521));
#2716=CARTESIAN_POINT('Ctrl Pts',(186.75693063583,0.009727244741119,216.69529897659));
#2717=CARTESIAN_POINT('Ctrl Pts',(198.218189985074,0.009727244741119,216.69529897659));
#2718=CARTESIAN_POINT('Ctrl Pts',(186.75693063583,-1.624606627901,216.69529897659));
#2719=CARTESIAN_POINT('Ctrl Pts',(198.218189985074,-1.624606627901,216.69529897659));
#2720=CARTESIAN_POINT('Ctrl Pts',(186.75693063583,-2.441773564222,215.21674604556));
#2721=CARTESIAN_POINT('Ctrl Pts',(198.218189985074,-2.441773564222,215.21674604556));
#2722=CARTESIAN_POINT('Ctrl Pts',(186.75693063583,-4.893274373185,210.78108725245));
#2723=CARTESIAN_POINT('Ctrl Pts',(198.218189985074,-4.893274373185,210.78108725245));
#2724=CARTESIAN_POINT('Ctrl Pts',(186.75693063583,0.00972724474112,210.78108725245));
#2725=CARTESIAN_POINT('Ctrl Pts',(198.218189985074,0.00972724474112,210.78108725245));
#2726=CARTESIAN_POINT('Ctrl Pts',(186.75693063583,4.912728862667,210.78108725245));
#2727=CARTESIAN_POINT('Ctrl Pts',(198.218189985074,4.912728862667,210.78108725245));
#2728=CARTESIAN_POINT('Ctrl Pts',(186.75693063583,2.461228053704,215.21674604556));
#2729=CARTESIAN_POINT('Ctrl Pts',(198.218189985074,2.461228053704,215.21674604556));
#2730=CARTESIAN_POINT('Ctrl Pts',(186.75693063583,1.644061117383,216.69529897659));
#2731=CARTESIAN_POINT('Ctrl Pts',(198.218189985074,1.644061117383,216.69529897659));
#2732=CARTESIAN_POINT('Ctrl Pts',(186.75693063583,0.009727244741119,216.69529897659));
#2733=CARTESIAN_POINT('Ctrl Pts',(198.218189985074,0.009727244741119,216.69529897659));
#2734=CARTESIAN_POINT('',(186.75693063583,0.00972724474111897,216.69529897659));
#2735=CARTESIAN_POINT('Origin',(186.75693063583,0.00972724474139976,213.738193114519));
#2736=CARTESIAN_POINT('Ctrl Pts',(186.75693063583,0.11860221797,216.69311095864));
#2737=CARTESIAN_POINT('Ctrl Pts',(186.54158410225,0.126667030802,216.91199376191));
#2738=CARTESIAN_POINT('Ctrl Pts',(186.75693063583,0.818512760156,216.66496888394));
#2739=CARTESIAN_POINT('Ctrl Pts',(186.54158410225,0.878422798335,216.88176708908));
#2740=CARTESIAN_POINT('Ctrl Pts',(186.75693063583,1.425101896718,216.29912191276));
#2741=CARTESIAN_POINT('Ctrl Pts',(186.54158410225,1.529944463531,216.48882034226));
#2742=CARTESIAN_POINT('Ctrl Pts',(186.75693063583,5.671225852648,213.73819311452));
#2743=CARTESIAN_POINT('Ctrl Pts',(186.54158410225,6.0905961199,213.73819311452));
#2744=CARTESIAN_POINT('Ctrl Pts',(186.75693063583,1.425101896718,211.17726431628));
#2745=CARTESIAN_POINT('Ctrl Pts',(186.54158410225,1.529944463531,210.98756588678));
#2746=CARTESIAN_POINT('Ctrl Pts',(186.75693063583,-2.821022059213,208.61633551804));
#2747=CARTESIAN_POINT('Ctrl Pts',(186.54158410225,-3.030707192838,208.23693865905));
#2748=CARTESIAN_POINT('Ctrl Pts',(186.75693063583,-2.821022059213,213.73819311452));
#2749=CARTESIAN_POINT('Ctrl Pts',(186.54158410225,-3.030707192838,213.73819311452));
#2750=CARTESIAN_POINT('Ctrl Pts',(186.75693063583,-2.821022059213,216.81130767241));
#2751=CARTESIAN_POINT('Ctrl Pts',(186.54158410225,-3.030707192838,217.03894578781));
#2752=CARTESIAN_POINT('Ctrl Pts',(186.75693063583,0.11860221797,216.69311095864));
#2753=CARTESIAN_POINT('Ctrl Pts',(186.54158410225,0.126667030802,216.91199376191));
#2754=CARTESIAN_POINT('Ctrl Pts',(192.28415833126,0.00972724474112,204.42878577097));
#2755=CARTESIAN_POINT('Ctrl Pts',(189.307207850946,0.00972724474112,204.42878577097));
#2756=CARTESIAN_POINT('Ctrl Pts',(192.28415833126,2.733617032478,204.42878577097));
#2757=CARTESIAN_POINT('Ctrl Pts',(189.307207850946,2.733617032478,204.42878577097));
#2758=CARTESIAN_POINT('Ctrl Pts',(192.28415833126,1.371672138609,201.96453088591));
#2759=CARTESIAN_POINT('Ctrl Pts',(189.307207850946,1.371672138609,201.96453088591));
#2760=CARTESIAN_POINT('Ctrl Pts',(192.28415833126,0.00972724474112,199.50027600085));
#2761=CARTESIAN_POINT('Ctrl Pts',(189.307207850946,0.00972724474112,199.50027600085));
#2762=CARTESIAN_POINT('Ctrl Pts',(192.28415833126,-1.352217649127,201.96453088591));
#2763=CARTESIAN_POINT('Ctrl Pts',(189.307207850946,-1.352217649127,201.96453088591));
#2764=CARTESIAN_POINT('Ctrl Pts',(192.28415833126,-2.714162542995,204.42878577097));
#2765=CARTESIAN_POINT('Ctrl Pts',(189.307207850946,-2.714162542995,204.42878577097));
#2766=CARTESIAN_POINT('Ctrl Pts',(192.28415833126,0.00972724474112,204.42878577097));
#2767=CARTESIAN_POINT('Ctrl Pts',(189.307207850946,0.00972724474112,204.42878577097));
#2768=CARTESIAN_POINT('',(190.84851477401,0.00972724474112,204.42878577097));
#2769=CARTESIAN_POINT('Origin',(190.84851477401,0.00972724474107119,202.785949180923));
#2770=CARTESIAN_POINT('',(192.28415833126,0.00972724474112008,204.42878577097));
#2771=CARTESIAN_POINT('Origin',(190.848514774,0.0097272447409999,200.46741282038));
#2772=CARTESIAN_POINT('',(190.848514774,-1.912386480161,203.0049940596));
#2773=CARTESIAN_POINT('',(190.848514774,-1.912386480161,203.9452173612));
#2774=CARTESIAN_POINT('',(190.84851477401,-1.912386480168,203.0049940596));
#2775=CARTESIAN_POINT('',(190.848514774,0.00972724474112,205.10448554147));
#2776=CARTESIAN_POINT('',(190.84851477401,-1.91238648016,203.9452173612));
#2777=CARTESIAN_POINT('',(190.848514774,1.931840969643,203.9452173612));
#2778=CARTESIAN_POINT('',(190.84851477401,0.009727244738093,205.10448554146));
#2779=CARTESIAN_POINT('',(190.848514774,1.931840969643,203.0049940596));
#2780=CARTESIAN_POINT('',(190.84851477401,1.93184096965,203.9452173612));
#2781=CARTESIAN_POINT('',(190.848514774,1.896893447372,203.0049940596));
#2782=CARTESIAN_POINT('',(190.84851477401,1.931840969643,203.00499405959));
#2783=CARTESIAN_POINT('',(190.848514774,1.896893447372,202.56690430226));
#2784=CARTESIAN_POINT('',(190.84851477401,1.896893447379,202.56690430226));
#2785=CARTESIAN_POINT('',(190.848514774,1.931840969643,202.56690430226));
#2786=CARTESIAN_POINT('',(190.84851477401,1.931840969643,202.56690430225));
#2787=CARTESIAN_POINT('',(190.848514774,1.931840969643,201.62668100066));
#2788=CARTESIAN_POINT('',(190.84851477401,1.93184096965,202.56690430226));
#2789=CARTESIAN_POINT('',(190.848514774,0.00972724474112,200.46741282039));
#2790=CARTESIAN_POINT('',(190.84851477401,1.931840969648,201.62668100065));
#2791=CARTESIAN_POINT('',(190.848514774,-1.912386480161,201.62668100066));
#2792=CARTESIAN_POINT('',(190.84851477401,0.009727244738093,200.46741282039));
#2793=CARTESIAN_POINT('',(190.848514774,-1.912386480161,202.56690430226));
#2794=CARTESIAN_POINT('',(190.84851477401,-1.912386480168,201.62668100066));
#2795=CARTESIAN_POINT('',(190.848514774,-1.87743895789,202.56690430226));
#2796=CARTESIAN_POINT('',(190.84851477401,-1.912386480161,202.56690430225));
#2797=CARTESIAN_POINT('',(190.848514774,-1.87743895789,203.0049940596));
#2798=CARTESIAN_POINT('',(190.84851477401,-1.877438957897,203.0049940596));
#2799=CARTESIAN_POINT('',(190.84851477401,-1.912386480161,203.00499405959));
#2800=CARTESIAN_POINT('Origin',(190.489603884695,-1.912386480168,203.0049940596));
#2801=CARTESIAN_POINT('',(190.13069299538,-1.912386480161,203.0049940596));
#2802=CARTESIAN_POINT('',(190.848514774,-1.912386480168,203.00499405959));
#2803=CARTESIAN_POINT('',(190.16658408431,-1.87743895789,203.0049940596));
#2804=CARTESIAN_POINT('',(190.848514774,-1.877438957897,203.00499405959));
#2805=CARTESIAN_POINT('',(190.16658408431,-1.877438957897,203.00499405959));
#2806=CARTESIAN_POINT('Origin',(190.13069299538,-1.912386480161,202.785949180925));
#2807=CARTESIAN_POINT('',(190.13069299538,-1.912386480161,202.56690430226));
#2808=CARTESIAN_POINT('',(190.13069299538,-1.912386480168,203.0049940596));
#2809=CARTESIAN_POINT('',(190.16658408431,-1.87743895789,202.56690430226));
#2810=CARTESIAN_POINT('',(190.16658408431,-1.877438957897,203.0049940596));
#2811=CARTESIAN_POINT('',(190.13069299538,-1.912386480168,202.56690430225));
#2812=CARTESIAN_POINT('Origin',(190.13069299538,-1.894912719029,202.56690430226));
#2813=CARTESIAN_POINT('',(190.848514774,-1.877438957897,202.56690430225));
#2814=CARTESIAN_POINT('',(190.848514774,-1.912386480168,202.56690430225));
#2815=CARTESIAN_POINT('Origin',(189.951237550725,-1.912386480161,203.9452173612));
#2816=CARTESIAN_POINT('',(189.05396032744,-1.912386480161,201.62668100066));
#2817=CARTESIAN_POINT('',(189.05396032744,-1.912386480168,201.62668100065));
#2818=CARTESIAN_POINT('',(189.05396032744,-1.912386480161,203.9452173612));
#2819=CARTESIAN_POINT('',(189.05396032744,-1.912386480168,201.62668100066));
#2820=CARTESIAN_POINT('',(189.05396032744,-1.912386480168,203.94521736119));
#2821=CARTESIAN_POINT('Origin',(190.84851477401,-0.951329617714174,204.52485145133));
#2822=CARTESIAN_POINT('',(189.05396032744,0.00972724474112,205.10448554147));
#2823=CARTESIAN_POINT('',(189.05396032744,0.00972724474112,205.10448554146));
#2824=CARTESIAN_POINT('',(189.05396032744,-1.91238648016,203.9452173612));
#2825=CARTESIAN_POINT('Origin',(189.05396032744,-3.522174132026,224.664234434115));
#2826=CARTESIAN_POINT('',(189.05396032744,3.541628621501,220.94847646071));
#2827=CARTESIAN_POINT('',(189.05396032744,-3.522174132019,220.94847646071));
#2828=CARTESIAN_POINT('Origin',(189.05396032744,0.00972724474022746,213.738193114434));
#2829=CARTESIAN_POINT('',(189.05396032733,-3.52217413192122,224.690437033369));
#2830=CARTESIAN_POINT('',(189.05396032743,-3.522174132026,220.94847646071));
#2831=CARTESIAN_POINT('',(189.05396032732,3.541628621384,224.69043703347));
#2832=CARTESIAN_POINT('Origin',(189.05396032744,0.00972724474100017,224.69043704812));
#2833=CARTESIAN_POINT('',(189.05396032732,3.541628621391,224.69043703347));
#2834=CARTESIAN_POINT('',(189.05396032744,0.00972724474112,222.37190068758));
#2835=CARTESIAN_POINT('',(189.05396032744,-1.912386480161,223.53116886784));
#2836=CARTESIAN_POINT('',(189.05396032744,0.009727244744146,222.37190068758));
#2837=CARTESIAN_POINT('',(189.05396032744,1.931840969643,223.53116886784));
#2838=CARTESIAN_POINT('',(189.05396032744,1.931840969642,223.53116886785));
#2839=CARTESIAN_POINT('',(189.05396032744,1.931840969643,225.84970522838));
#2840=CARTESIAN_POINT('',(189.05396032744,1.93184096965,225.84970522838));
#2841=CARTESIAN_POINT('',(189.05396032744,0.00972724474112,227.00897340865));
#2842=CARTESIAN_POINT('',(189.05396032744,0.009727244744146,227.00897340866));
#2843=CARTESIAN_POINT('',(189.05396032744,-1.912386480161,225.84970522838));
#2844=CARTESIAN_POINT('',(189.05396032744,-1.912386480166,225.84970522839));
#2845=CARTESIAN_POINT('',(189.05396032744,-1.912386480168,223.53116886784));
#2846=CARTESIAN_POINT('Origin',(189.05396032744,-3.522174132033,202.812151794925));
#2847=CARTESIAN_POINT('',(189.05396032744,-3.522174132019,206.52790976833));
#2848=CARTESIAN_POINT('',(189.05396032744,0.00972724474112,205.63874840007));
#2849=CARTESIAN_POINT('Origin',(189.053960327441,0.00972724489008037,213.738193115162));
#2850=CARTESIAN_POINT('',(189.05396032744,3.541628621501,206.52790976833));
#2851=CARTESIAN_POINT('Origin',(189.053960327441,0.00972724458368753,213.738193115268));
#2852=CARTESIAN_POINT('',(189.053960327329,3.54162862140285,202.785949195535));
#2853=CARTESIAN_POINT('',(189.05396032743,3.541628621508,206.52790976833));
#2854=CARTESIAN_POINT('',(189.053960327378,-3.52217413196911,202.785949194924));
#2855=CARTESIAN_POINT('Origin',(189.05396032744,0.00972724474099906,202.785949180932));
#2856=CARTESIAN_POINT('',(189.05396032732,-3.522174131908,202.78594919558));
#2857=CARTESIAN_POINT('',(189.05396032744,1.931840969643,203.9452173612));
#2858=CARTESIAN_POINT('',(189.05396032744,0.009727244738093,205.10448554146));
#2859=CARTESIAN_POINT('',(189.05396032744,0.00972724474112,200.46741282039));
#2860=CARTESIAN_POINT('',(189.05396032744,0.009727244738093,200.46741282039));
#2861=CARTESIAN_POINT('',(189.05396032744,1.931840969643,201.62668100066));
#2862=CARTESIAN_POINT('',(189.05396032744,1.931840969648,201.62668100065));
#2863=CARTESIAN_POINT('',(189.05396032744,1.93184096965,203.9452173612));
#2864=CARTESIAN_POINT('Origin',(190.84851477401,1.931840969643,202.785949180925));
#2865=CARTESIAN_POINT('',(190.13069299538,1.931840969643,203.0049940596));
#2866=CARTESIAN_POINT('',(190.848514774,1.93184096965,203.00499405959));
#2867=CARTESIAN_POINT('',(189.05396032744,1.93184096965,203.94521736119));
#2868=CARTESIAN_POINT('',(189.05396032744,1.93184096965,201.62668100065));
#2869=CARTESIAN_POINT('',(190.13069299538,1.931840969643,202.56690430226));
#2870=CARTESIAN_POINT('',(190.848514774,1.93184096965,202.56690430225));
#2871=CARTESIAN_POINT('',(190.13069299538,1.93184096965,202.56690430226));
#2872=CARTESIAN_POINT('Origin',(190.148638539845,1.9143672085075,202.56690430225));
#2873=CARTESIAN_POINT('',(190.16658408431,1.896893447372,202.56690430226));
#2874=CARTESIAN_POINT('',(190.16658408431,1.896893447379,202.56690430225));
#2875=CARTESIAN_POINT('',(190.16658408431,1.896893447372,203.0049940596));
#2876=CARTESIAN_POINT('',(190.16658408431,1.896893447379,202.56690430226));
#2877=CARTESIAN_POINT('',(190.13069299538,1.93184096965,203.00499405959));
#2878=CARTESIAN_POINT('Origin',(190.489603884695,1.896893447372,203.0049940596));
#2879=CARTESIAN_POINT('',(190.848514774,1.896893447379,203.00499405959));
#2880=CARTESIAN_POINT('Origin',(190.50754942916,1.896893447372,203.0049940596));
#2881=CARTESIAN_POINT('',(190.848514774,1.896893447379,202.56690430225));
#2882=CARTESIAN_POINT('Origin',(190.13069299538,1.914367208511,202.56690430226));
#2883=CARTESIAN_POINT('Origin',(189.951237550725,0.009727244738558,200.46741282039));
#2884=CARTESIAN_POINT('',(189.05396032744,0.00972724474112,200.46741282038));
#2885=CARTESIAN_POINT('Origin',(189.951237550725,-1.912386480163,201.62668100066));
#2886=CARTESIAN_POINT('Origin',(189.951237550725,0.009727244741119,205.10448554147));
#2887=CARTESIAN_POINT('Origin',(189.951237550725,-1.912386480161,225.84970522839));
#2888=CARTESIAN_POINT('',(190.848514774,-1.912386480161,224.47139216944));
#2889=CARTESIAN_POINT('',(190.13069299538,-1.912386480161,224.47139216944));
#2890=CARTESIAN_POINT('',(190.848514774,-1.912386480168,224.47139216945));
#2891=CARTESIAN_POINT('',(190.848514774,-1.912386480161,223.53116886784));
#2892=CARTESIAN_POINT('',(190.84851477401,-1.912386480168,223.53116886784));
#2893=CARTESIAN_POINT('',(189.05396032744,-1.912386480168,223.53116886785));
#2894=CARTESIAN_POINT('',(190.848514774,-1.912386480161,225.84970522838));
#2895=CARTESIAN_POINT('',(189.05396032744,-1.912386480168,225.84970522839));
#2896=CARTESIAN_POINT('',(190.848514774,-1.912386480161,224.90948192679));
#2897=CARTESIAN_POINT('',(190.84851477401,-1.912386480168,224.90948192679));
#2898=CARTESIAN_POINT('',(190.13069299538,-1.912386480161,224.90948192679));
#2899=CARTESIAN_POINT('',(190.848514774,-1.912386480168,224.90948192679));
#2900=CARTESIAN_POINT('',(190.13069299538,-1.912386480168,224.90948192679));
#2901=CARTESIAN_POINT('Origin',(190.13069299538,-1.912386480161,224.690437048115));
#2902=CARTESIAN_POINT('',(190.16658408431,-1.87743895789,224.90948192679));
#2903=CARTESIAN_POINT('',(190.16658408431,-1.877438957897,224.90948192679));
#2904=CARTESIAN_POINT('',(190.16658408431,-1.87743895789,224.47139216944));
#2905=CARTESIAN_POINT('',(190.16658408431,-1.877438957897,224.90948192679));
#2906=CARTESIAN_POINT('',(190.13069299538,-1.912386480168,224.47139216945));
#2907=CARTESIAN_POINT('Origin',(190.13069299538,-1.894912719029,224.47139216944));
#2908=CARTESIAN_POINT('',(190.848514774,-1.87743895789,224.47139216944));
#2909=CARTESIAN_POINT('',(190.848514774,-1.877438957897,224.47139216945));
#2910=CARTESIAN_POINT('',(190.84851477401,-1.912386480161,224.47139216945));
#2911=CARTESIAN_POINT('Origin',(190.848514774,0.0097272447409999,222.37190068758));
#2912=CARTESIAN_POINT('',(190.848514774,0.00972724474112,227.00897340865));
#2913=CARTESIAN_POINT('',(190.84851477401,-1.912386480166,225.84970522839));
#2914=CARTESIAN_POINT('',(190.848514774,1.931840969643,225.84970522838));
#2915=CARTESIAN_POINT('',(190.84851477401,0.009727244744146,227.00897340866));
#2916=CARTESIAN_POINT('',(190.848514774,1.931840969643,224.90948192679));
#2917=CARTESIAN_POINT('',(190.84851477401,1.93184096965,225.84970522838));
#2918=CARTESIAN_POINT('',(190.848514774,1.896893447372,224.90948192679));
#2919=CARTESIAN_POINT('',(190.84851477401,1.931840969643,224.90948192679));
#2920=CARTESIAN_POINT('',(190.848514774,1.896893447372,224.47139216944));
#2921=CARTESIAN_POINT('',(190.84851477401,1.896893447379,224.47139216944));
#2922=CARTESIAN_POINT('',(190.848514774,1.931840969643,224.47139216944));
#2923=CARTESIAN_POINT('',(190.84851477401,1.931840969643,224.47139216945));
#2924=CARTESIAN_POINT('',(190.848514774,1.931840969643,223.53116886784));
#2925=CARTESIAN_POINT('',(190.84851477401,1.93184096965,224.47139216944));
#2926=CARTESIAN_POINT('',(190.848514774,0.00972724474112,222.37190068758));
#2927=CARTESIAN_POINT('',(190.84851477401,1.931840969642,223.53116886785));
#2928=CARTESIAN_POINT('',(190.84851477401,0.009727244744146,222.37190068758));
#2929=CARTESIAN_POINT('',(190.848514774,-1.87743895789,224.90948192679));
#2930=CARTESIAN_POINT('',(190.84851477401,-1.877438957897,224.90948192679));
#2931=CARTESIAN_POINT('',(190.84851477401,-1.912386480161,224.90948192679));
#2932=CARTESIAN_POINT('',(190.84851477401,0.00972724474112,226.33327363817));
#2933=CARTESIAN_POINT('Origin',(190.84851477401,0.00972724474109283,224.69043704811));
#2934=CARTESIAN_POINT('Ctrl Pts',(192.28415833126,0.00972724474112,226.33327363815));
#2935=CARTESIAN_POINT('Ctrl Pts',(189.307207850946,0.00972724474112,226.33327363815));
#2936=CARTESIAN_POINT('Ctrl Pts',(192.28415833126,0.91769050732,226.33327363815));
#2937=CARTESIAN_POINT('Ctrl Pts',(189.307207850946,0.91769050732,226.33327363815));
#2938=CARTESIAN_POINT('Ctrl Pts',(192.28415833126,1.371672138609,225.51185534313));
#2939=CARTESIAN_POINT('Ctrl Pts',(189.307207850946,1.371672138609,225.51185534313));
#2940=CARTESIAN_POINT('Ctrl Pts',(192.28415833126,2.733617032478,223.04760045807));
#2941=CARTESIAN_POINT('Ctrl Pts',(189.307207850946,2.733617032478,223.04760045807));
#2942=CARTESIAN_POINT('Ctrl Pts',(192.28415833126,0.00972724474112,223.04760045807));
#2943=CARTESIAN_POINT('Ctrl Pts',(189.307207850946,0.00972724474112,223.04760045807));
#2944=CARTESIAN_POINT('Ctrl Pts',(192.28415833126,-2.714162542995,223.04760045807));
#2945=CARTESIAN_POINT('Ctrl Pts',(189.307207850946,-2.714162542995,223.04760045807));
#2946=CARTESIAN_POINT('Ctrl Pts',(192.28415833126,-1.352217649127,225.51185534313));
#2947=CARTESIAN_POINT('Ctrl Pts',(189.307207850946,-1.352217649127,225.51185534313));
#2948=CARTESIAN_POINT('Ctrl Pts',(192.28415833126,-0.898236017838,226.33327363815));
#2949=CARTESIAN_POINT('Ctrl Pts',(189.307207850946,-0.898236017838,226.33327363815));
#2950=CARTESIAN_POINT('Ctrl Pts',(192.28415833126,0.00972724474112,226.33327363815));
#2951=CARTESIAN_POINT('Ctrl Pts',(189.307207850946,0.00972724474112,226.33327363815));
#2952=CARTESIAN_POINT('',(192.28415833126,0.00972724474112008,226.33327363815));
#2953=CARTESIAN_POINT('Origin',(190.489603884695,-1.912386480168,224.90948192679));
#2954=CARTESIAN_POINT('',(190.848514774,-1.877438957897,224.90948192679));
#2955=CARTESIAN_POINT('Origin',(190.84851477401,-1.87743895789,224.690437048115));
#2956=CARTESIAN_POINT('Origin',(189.951237550725,-1.912386480169,223.53116886785));
#2957=CARTESIAN_POINT('',(189.05396032744,0.00972724474112,222.37190068758));
#2958=CARTESIAN_POINT('Origin',(189.951237550725,0.009727244741587,222.37190068758));
#2959=CARTESIAN_POINT('',(189.05396032744,1.93184096965,223.53116886785));
#2960=CARTESIAN_POINT('Origin',(190.84851477401,1.931840969643,224.690437048115));
#2961=CARTESIAN_POINT('',(190.13069299538,1.931840969643,224.90948192679));
#2962=CARTESIAN_POINT('',(190.848514774,1.93184096965,224.90948192679));
#2963=CARTESIAN_POINT('',(189.05396032744,1.93184096965,225.84970522839));
#2964=CARTESIAN_POINT('',(190.13069299538,1.931840969643,224.47139216944));
#2965=CARTESIAN_POINT('',(190.848514774,1.93184096965,224.47139216945));
#2966=CARTESIAN_POINT('',(190.13069299538,1.93184096965,224.47139216944));
#2967=CARTESIAN_POINT('Origin',(190.148638539845,1.9143672085075,224.90948192679));
#2968=CARTESIAN_POINT('',(190.16658408431,1.896893447372,224.47139216944));
#2969=CARTESIAN_POINT('',(190.16658408431,1.896893447379,224.47139216945));
#2970=CARTESIAN_POINT('',(190.16658408431,1.896893447372,224.90948192679));
#2971=CARTESIAN_POINT('',(190.16658408431,1.896893447379,224.47139216944));
#2972=CARTESIAN_POINT('',(190.13069299538,1.93184096965,224.90948192679));
#2973=CARTESIAN_POINT('Origin',(190.489603884695,1.896893447372,224.90948192679));
#2974=CARTESIAN_POINT('',(190.848514774,1.896893447379,224.90948192679));
#2975=CARTESIAN_POINT('Origin',(190.50754942916,1.896893447372,224.90948192679));
#2976=CARTESIAN_POINT('',(190.848514774,1.896893447379,224.47139216945));
#2977=CARTESIAN_POINT('Origin',(190.13069299538,1.914367208511,224.47139216944));
#2978=CARTESIAN_POINT('Origin',(189.951237550725,0.009727244738092,227.00897340865));
#2979=CARTESIAN_POINT('',(189.05396032744,0.00972724474112,227.00897340866));
#2980=CARTESIAN_POINT('Origin',(190.84851477401,-0.95132961770966,226.429339318515));
#2981=CARTESIAN_POINT('Origin',(189.05396032732,3.541628621384,222.765530743555));
#2982=CARTESIAN_POINT('',(189.26179137539,3.751186020609,220.84062445062));
#2983=CARTESIAN_POINT('Origin',(186.100772582797,0.566344119793166,209.018916348922));
#2984=CARTESIAN_POINT('',(189.26179137529,3.751186020515,224.69043703647));
#2985=CARTESIAN_POINT('',(189.05396032731,3.541628621391,224.69043703347));
#2986=CARTESIAN_POINT('',(189.2617913753,3.751186020522,224.69043703647));
#2987=CARTESIAN_POINT('Origin',(189.26179137529,3.751186020606,222.765530749355));
#2988=CARTESIAN_POINT('',(192.06129631203,3.846376781425,220.89916365714));
#2989=CARTESIAN_POINT('Ctrl Pts',(189.26179137539,3.75118602061238,220.840624450614));
#2990=CARTESIAN_POINT('Ctrl Pts',(190.194958060821,3.78291625035987,220.860217881904));
#2991=CARTESIAN_POINT('Ctrl Pts',(191.128126394956,3.81464643259643,220.879730335968));
#2992=CARTESIAN_POINT('Ctrl Pts',(192.061296312029,3.84637678143553,220.899163657144));
#2993=CARTESIAN_POINT('',(192.061296312123,3.84637678136725,224.690437023118));
#2994=CARTESIAN_POINT('',(192.061296312018,3.84637678143278,224.690437022314));
#2995=CARTESIAN_POINT('',(192.06129631204,3.846376781432,220.89916365714));
#2996=CARTESIAN_POINT('Origin',(192.28415833138,3.636819382196,222.73004263578));
#2997=CARTESIAN_POINT('Origin',(191.932024967851,3.96804638806366,220.717673552324));
#2998=CARTESIAN_POINT('',(192.28415833125,3.636819382332,224.69043703186));
#2999=CARTESIAN_POINT('Ctrl Pts',(192.28415833147,-3.61736489263,224.69043704811));
#3000=CARTESIAN_POINT('Ctrl Pts',(192.06129631202,-3.826922291951,224.69043704811));
#3001=CARTESIAN_POINT('Ctrl Pts',(192.28415833147,-3.61736489263,228.47943222379));
#3002=CARTESIAN_POINT('Ctrl Pts',(192.06129631202,-3.826922291951,228.69834366717));
#3003=CARTESIAN_POINT('Ctrl Pts',(192.28415833147,0.009727256415865,228.4794322116));
#3004=CARTESIAN_POINT('Ctrl Pts',(192.06129631202,0.00972725709038,228.69834365427));
#3005=CARTESIAN_POINT('Ctrl Pts',(192.28415833147,3.636819405462,228.4794321994));
#3006=CARTESIAN_POINT('Ctrl Pts',(192.06129631202,3.846376806131,228.69834364137));
#3007=CARTESIAN_POINT('Ctrl Pts',(192.28415833147,3.636819382112,224.69043702372));
#3008=CARTESIAN_POINT('Ctrl Pts',(192.06129631202,3.846376781433,224.69043702231));
#3009=CARTESIAN_POINT('',(192.061296312106,-3.82692229189698,224.690437034307));
#3010=CARTESIAN_POINT('Origin',(192.06129631202,0.00972724474099962,224.690437048112));
#3011=CARTESIAN_POINT('',(192.28415833148,-3.617364892637,224.69043702995));
#3012=CARTESIAN_POINT('Origin',(192.28415833147,-3.61736489263,222.730042628585));
#3013=CARTESIAN_POINT('',(192.06129631202,-3.82692229195,220.89916365715));
#3014=CARTESIAN_POINT('Origin',(191.932024246458,-3.94859233450598,220.71767414138));
#3015=CARTESIAN_POINT('',(192.06129631221,-3.826922291788,224.6904370337));
#3016=CARTESIAN_POINT('Origin',(190.661543843625,-3.7793269115355,224.69043704811));
#3017=CARTESIAN_POINT('',(189.261791375236,-3.73173153101589,224.690437022927));
#3018=CARTESIAN_POINT('',(192.061296312193,-3.82692229195576,224.690437033704));
#3019=CARTESIAN_POINT('',(189.26179137539,-3.731731531127,220.84062445062));
#3020=CARTESIAN_POINT('',(189.26179137539,-3.731731531134,220.84062445062));
#3021=CARTESIAN_POINT('Ctrl Pts',(189.261791375391,-3.73173153112455,220.840624450617));
#3022=CARTESIAN_POINT('Ctrl Pts',(190.194958060822,-3.76346176087074,220.860217881908));
#3023=CARTESIAN_POINT('Ctrl Pts',(191.128126394954,-3.79519194310713,220.879730335972));
#3024=CARTESIAN_POINT('Ctrl Pts',(192.061296312021,-3.82692229194763,220.899163657147));
#3025=CARTESIAN_POINT('Ctrl Pts',(186.74941515019,0.00972724474112,205.72060698816));
#3026=CARTESIAN_POINT('Ctrl Pts',(192.06129631203,0.00972724474112,205.53192633382));
#3027=CARTESIAN_POINT('Ctrl Pts',(186.74941515019,13.30321066501,205.72060698816));
#3028=CARTESIAN_POINT('Ctrl Pts',(192.06129631203,13.616050852899,205.53192633382));
#3029=CARTESIAN_POINT('Ctrl Pts',(186.74941515019,6.656468954875,217.7469861777));
#3030=CARTESIAN_POINT('Ctrl Pts',(192.06129631203,6.81288904882,217.84132650487));
#3031=CARTESIAN_POINT('Ctrl Pts',(186.74941515019,0.009727244741121,229.77336536724));
#3032=CARTESIAN_POINT('Ctrl Pts',(192.06129631203,0.009727244741121,230.15072667592));
#3033=CARTESIAN_POINT('Ctrl Pts',(186.74941515019,-6.637014465393,217.7469861777));
#3034=CARTESIAN_POINT('Ctrl Pts',(192.06129631203,-6.793434559338,217.84132650487));
#3035=CARTESIAN_POINT('Ctrl Pts',(186.74941515019,-13.28375617552,205.72060698816));
#3036=CARTESIAN_POINT('Ctrl Pts',(192.06129631203,-13.59659636341,205.53192633382));
#3037=CARTESIAN_POINT('Ctrl Pts',(186.74941515019,0.00972724474112,205.72060698816));
#3038=CARTESIAN_POINT('Ctrl Pts',(192.06129631203,0.00972724474112,205.53192633382));
#3039=CARTESIAN_POINT('Origin',(186.100772622143,-0.546889579351139,209.018916325867));
#3040=CARTESIAN_POINT('',(192.06129631202,3.846376781433,206.5772225719));
#3041=CARTESIAN_POINT('Origin',(192.06129631203,0.00972724474100628,213.73819311452));
#3042=CARTESIAN_POINT('',(189.26179137539,3.751186020609,206.63576177843));
#3043=CARTESIAN_POINT('Ctrl Pts',(189.261791375392,3.75118602060815,206.635761778423));
#3044=CARTESIAN_POINT('Ctrl Pts',(190.194958060744,3.78291624659656,206.616168344976));
#3045=CARTESIAN_POINT('Ctrl Pts',(191.128126394922,3.81464643338815,206.596655893536));
#3046=CARTESIAN_POINT('Ctrl Pts',(192.061296312023,3.84637678143186,206.577222571894));
#3047=CARTESIAN_POINT('Origin',(186.10079234288,0.566318402889611,218.457481770538));
#3048=CARTESIAN_POINT('Ctrl Pts',(186.74941515019,0.00972724474112,205.72060698816));
#3049=CARTESIAN_POINT('Ctrl Pts',(189.05396032744,0.00972724474112,205.638748400072));
#3050=CARTESIAN_POINT('Origin',(186.74941515019,0.00972724474248731,213.738193114522));
#3051=CARTESIAN_POINT('',(189.26179137539,-3.731731531127,206.63576177843));
#3052=CARTESIAN_POINT('Origin',(186.100792305968,-0.5468639612938,218.457481748756));
#3053=CARTESIAN_POINT('',(192.06129631202,-3.82692229195,206.5772225719));
#3054=CARTESIAN_POINT('Ctrl Pts',(189.261791375391,-3.73173153112949,206.635761778426));
#3055=CARTESIAN_POINT('Ctrl Pts',(190.194958060743,-3.7634617571197,206.61616834498));
#3056=CARTESIAN_POINT('Ctrl Pts',(191.128126394922,-3.79519194390959,206.596655893539));
#3057=CARTESIAN_POINT('Ctrl Pts',(192.061296312022,-3.82692229195154,206.577222571896));
#3058=CARTESIAN_POINT('Origin',(192.06129631203,0.00972724473471298,213.738193114519));
#3059=CARTESIAN_POINT('Origin',(190.66154384376,-3.77932691154,206.63576177845));
#3060=CARTESIAN_POINT('',(189.261791375347,-3.73173153109999,202.78594919207));
#3061=CARTESIAN_POINT('',(189.2617913753,-3.73173153104,202.78594919257));
#3062=CARTESIAN_POINT('',(192.061296312125,-3.82692229188602,202.785949205918));
#3063=CARTESIAN_POINT('',(192.061296312216,-3.82692229195651,202.785949206723));
#3064=CARTESIAN_POINT('',(192.06129631204,-3.82692229195,206.5772225719));
#3065=CARTESIAN_POINT('Origin',(192.28415833138,-3.617364892714,204.746343601385));
#3066=CARTESIAN_POINT('Origin',(191.932027716124,-3.94859034246421,206.758715260683));
#3067=CARTESIAN_POINT('',(192.28415833138,-3.617364892728,202.78594919718));
#3068=CARTESIAN_POINT('Ctrl Pts',(192.28415833138,3.636819382203,202.78594919909));
#3069=CARTESIAN_POINT('Ctrl Pts',(192.06129631202,3.846376781433,202.78594920014));
#3070=CARTESIAN_POINT('Ctrl Pts',(192.28415833138,3.636819399586,198.99695402643));
#3071=CARTESIAN_POINT('Ctrl Pts',(192.06129631202,3.84637679982,198.77804258438));
#3072=CARTESIAN_POINT('Ctrl Pts',(192.28415833138,0.00972725343257,198.99695401735));
#3073=CARTESIAN_POINT('Ctrl Pts',(192.06129631202,0.009727253934724,198.77804257477));
#3074=CARTESIAN_POINT('Ctrl Pts',(192.28415833138,-3.617364892721,198.99695400827));
#3075=CARTESIAN_POINT('Ctrl Pts',(192.06129631202,-3.826922291951,198.77804256517));
#3076=CARTESIAN_POINT('Ctrl Pts',(192.28415833138,-3.617364892721,202.78594918093));
#3077=CARTESIAN_POINT('Ctrl Pts',(192.06129631202,-3.826922291951,202.78594918093));
#3078=CARTESIAN_POINT('',(192.061296312111,3.84637678138029,202.785949194433));
#3079=CARTESIAN_POINT('Origin',(192.06129631203,0.00972724474149922,202.785949180922));
#3080=CARTESIAN_POINT('',(192.28415833126,3.636819382332,202.78594919909));
#3081=CARTESIAN_POINT('Origin',(192.28415833147,3.636819382112,204.74634359326));
#3082=CARTESIAN_POINT('Origin',(191.93202486181,3.96804618778107,206.75871178243));
#3083=CARTESIAN_POINT('',(192.06129631221,3.846376781271,202.78594918093));
#3084=CARTESIAN_POINT('Origin',(189.26179137505,3.751186020598,204.71085547968));
#3085=CARTESIAN_POINT('',(189.261791375233,3.75118602049713,202.78594920612));
#3086=CARTESIAN_POINT('',(192.06129631202,3.84637678143288,202.785949195336));
#3087=CARTESIAN_POINT('',(189.26179137539,3.751186020616,206.63576177843));
#3088=CARTESIAN_POINT('Origin',(189.05396032723,3.541628621289,204.71085547968));
#3089=CARTESIAN_POINT('',(189.05396032743,3.541628621508,202.78594919728));
#3090=CARTESIAN_POINT('Ctrl Pts',(189.05396032732,-3.522174131901,202.78594918093));
#3091=CARTESIAN_POINT('Ctrl Pts',(189.26179137539,-3.731731531134,202.78594918093));
#3092=CARTESIAN_POINT('Ctrl Pts',(189.05396032732,-3.522174131901,199.09639380939));
#3093=CARTESIAN_POINT('Ctrl Pts',(189.26179137539,-3.731731531134,198.87748236608));
#3094=CARTESIAN_POINT('Ctrl Pts',(189.05396032732,0.009727256489731,199.09639382166));
#3095=CARTESIAN_POINT('Ctrl Pts',(189.26179137539,0.009727257186808,198.87748237908));
#3096=CARTESIAN_POINT('Ctrl Pts',(189.05396032732,3.541628644881,199.09639383393));
#3097=CARTESIAN_POINT('Ctrl Pts',(189.26179137539,3.751186045507,198.87748239208));
#3098=CARTESIAN_POINT('Ctrl Pts',(189.05396032732,3.541628621384,202.78594920548));
#3099=CARTESIAN_POINT('Ctrl Pts',(189.26179137539,3.751186020616,202.78594920693));
#3100=CARTESIAN_POINT('Origin',(189.26179137539,0.00972724474100073,202.785949180931));
#3101=CARTESIAN_POINT('',(189.05396032731,-3.522174131908,202.78594919557));
#3102=CARTESIAN_POINT('Origin',(189.15787585136,-3.6269528315215,202.78594919255));
#3103=CARTESIAN_POINT('Ctrl Pts',(189.26179137529,-3.731731531124,202.78594920609));
#3104=CARTESIAN_POINT('Ctrl Pts',(192.06129631222,-3.826922291957,202.78594920673));
#3105=CARTESIAN_POINT('Ctrl Pts',(189.26179137529,-3.731731555205,198.87748237867));
#3106=CARTESIAN_POINT('Ctrl Pts',(192.06129631222,-3.826922316651,198.77804257433));
#3107=CARTESIAN_POINT('Ctrl Pts',(189.26179137529,0.009727245147738,198.87748237909));
#3108=CARTESIAN_POINT('Ctrl Pts',(192.06129631222,0.009727245158083,198.77804257477));
#3109=CARTESIAN_POINT('Ctrl Pts',(189.26179137529,3.7511860455,198.87748237952));
#3110=CARTESIAN_POINT('Ctrl Pts',(192.06129631222,3.846376806967,198.7780425752));
#3111=CARTESIAN_POINT('Ctrl Pts',(189.26179137529,3.751186020606,202.78594920694));
#3112=CARTESIAN_POINT('Ctrl Pts',(192.06129631222,3.846376781439,202.7859492076));
#3113=CARTESIAN_POINT('Ctrl Pts',(192.28415833125,3.636819382314,220.76964822346));
#3114=CARTESIAN_POINT('Ctrl Pts',(192.06129631202,3.736228002329,220.96236106961));
#3115=CARTESIAN_POINT('Ctrl Pts',(192.28415833125,16.127925644153,213.73819311454));
#3116=CARTESIAN_POINT('Ctrl Pts',(192.06129631202,16.569681132915,213.73819311454));
#3117=CARTESIAN_POINT('Ctrl Pts',(192.28415833125,3.636819382326,206.70673800559));
#3118=CARTESIAN_POINT('Ctrl Pts',(192.06129631202,3.736228002342,206.51402515944));
#3119=CARTESIAN_POINT('Ctrl Pts',(186.54158410225,0.296859507512,205.94528881593));
#3120=CARTESIAN_POINT('Ctrl Pts',(186.7494151502,0.304919407478,205.72653935015));
#3121=CARTESIAN_POINT('Ctrl Pts',(186.54158410225,2.142709768184,206.0195069521));
#3122=CARTESIAN_POINT('Ctrl Pts',(186.7494151502,2.202583310787,205.80284081457));
#3123=CARTESIAN_POINT('Ctrl Pts',(186.54158410225,3.742446660767,206.98434272241));
#3124=CARTESIAN_POINT('Ctrl Pts',(186.7494151502,3.847225360321,206.79475985206));
#3125=CARTESIAN_POINT('Ctrl Pts',(186.54158410225,14.940604908843,213.73819311452));
#3126=CARTESIAN_POINT('Ctrl Pts',(186.7494151502,15.359719707062,213.73819311452));
#3127=CARTESIAN_POINT('Ctrl Pts',(186.54158410225,3.742446660767,220.49204350664));
#3128=CARTESIAN_POINT('Ctrl Pts',(186.7494151502,3.847225360321,220.68162637698));
#3129=CARTESIAN_POINT('Ctrl Pts',(186.54158410225,-7.45571158731,227.24589389875));
#3130=CARTESIAN_POINT('Ctrl Pts',(186.7494151502,-7.665268986419,227.62505963944));
#3131=CARTESIAN_POINT('Ctrl Pts',(186.54158410225,-7.45571158731,213.73819311452));
#3132=CARTESIAN_POINT('Ctrl Pts',(186.7494151502,-7.665268986419,213.73819311452));
#3133=CARTESIAN_POINT('Ctrl Pts',(186.54158410225,-7.45571158731,205.63357264398));
#3134=CARTESIAN_POINT('Ctrl Pts',(186.7494151502,-7.665268986419,205.40607319957));
#3135=CARTESIAN_POINT('Ctrl Pts',(186.54158410225,0.296859507512,205.94528881593));
#3136=CARTESIAN_POINT('Ctrl Pts',(186.7494151502,0.304919407478,205.72653935015));
#3137=CARTESIAN_POINT('Ctrl Pts',(192.28415833125,-3.617364892843,206.7067380056));
#3138=CARTESIAN_POINT('Ctrl Pts',(192.06129631202,-3.71677351286,206.51402515944));
#3139=CARTESIAN_POINT('Ctrl Pts',(192.28415833125,-16.10847115464,213.73819311452));
#3140=CARTESIAN_POINT('Ctrl Pts',(192.06129631202,-16.5502266434,213.73819311452));
#3141=CARTESIAN_POINT('Ctrl Pts',(192.28415833125,-3.617364892841,220.76964822345));
#3142=CARTESIAN_POINT('Ctrl Pts',(192.06129631202,-3.716773512858,220.9623610696));
#3143=CARTESIAN_POINT('Origin',(189.15787585131,-3.6269528314705,220.84062445062));
#3144=CARTESIAN_POINT('',(189.05396032743,-3.522174132026,224.69043703176));
#3145=CARTESIAN_POINT('Ctrl Pts',(189.05396032732,3.541628621384,224.69043703346));
#3146=CARTESIAN_POINT('Ctrl Pts',(189.26179137539,3.751186020616,224.69043703259));
#3147=CARTESIAN_POINT('Ctrl Pts',(189.05396032732,3.541628635412,228.37999240005));
#3148=CARTESIAN_POINT('Ctrl Pts',(189.26179137539,3.751186035476,228.5989038422));
#3149=CARTESIAN_POINT('Ctrl Pts',(189.05396032732,0.00972725175509,228.37999240738));
#3150=CARTESIAN_POINT('Ctrl Pts',(189.26179137539,0.009727252171248,228.59890384996));
#3151=CARTESIAN_POINT('Ctrl Pts',(189.05396032732,-3.522174131901,228.37999241471));
#3152=CARTESIAN_POINT('Ctrl Pts',(189.26179137539,-3.731731531134,228.59890385772));
#3153=CARTESIAN_POINT('Ctrl Pts',(189.05396032732,-3.522174131901,224.69043704811));
#3154=CARTESIAN_POINT('Ctrl Pts',(189.26179137539,-3.731731531134,224.69043704811));
#3155=CARTESIAN_POINT('Origin',(189.26179137539,0.00972724474099962,224.690437048119));
#3156=CARTESIAN_POINT('Ctrl Pts',(189.26179137529,3.751186020606,224.69043702296));
#3157=CARTESIAN_POINT('Ctrl Pts',(192.06129631219,3.846376781439,224.69043702232));
#3158=CARTESIAN_POINT('Ctrl Pts',(189.26179137529,3.751186044687,228.59890385038));
#3159=CARTESIAN_POINT('Ctrl Pts',(192.06129631219,3.846376806132,228.69834365471));
#3160=CARTESIAN_POINT('Ctrl Pts',(189.26179137529,0.009727244334498,228.59890384995));
#3161=CARTESIAN_POINT('Ctrl Pts',(192.06129631219,0.009727244324152,228.69834365427));
#3162=CARTESIAN_POINT('Ctrl Pts',(189.26179137529,-3.731731556018,228.59890384953));
#3163=CARTESIAN_POINT('Ctrl Pts',(192.06129631219,-3.826922317484,228.69834365384));
#3164=CARTESIAN_POINT('Ctrl Pts',(189.26179137529,-3.731731531124,224.69043702211));
#3165=CARTESIAN_POINT('Ctrl Pts',(192.06129631219,-3.826922291956,224.69043702145));
#3166=CARTESIAN_POINT('Origin',(190.84851477401,-1.87743895789,202.785949180925));
#3167=CARTESIAN_POINT('Ctrl Pts',(192.14079072549,2.6931601073902,216.611039154297));
#3168=CARTESIAN_POINT('Ctrl Pts',(192.28415833126,2.58637672486685,216.505342084891));
#3169=CARTESIAN_POINT('Ctrl Pts',(192.14079072549,2.69438710357125,216.609686412639));
#3170=CARTESIAN_POINT('Ctrl Pts',(192.28415833126,2.5877068538577,216.503875641127));
#3171=CARTESIAN_POINT('Ctrl Pts',(192.14079072549,2.695616737047,216.60833628678));
#3172=CARTESIAN_POINT('Ctrl Pts',(192.28415833126,2.589039841816,216.50241203303));
#3173=CARTESIAN_POINT('Ctrl Pts',(192.14079072549,3.645377573734,215.56550792331));
#3174=CARTESIAN_POINT('Ctrl Pts',(192.28415833126,3.618631003356,215.37193073232));
#3175=CARTESIAN_POINT('Ctrl Pts',(192.14079072549,4.838666830083,216.28520637134));
#3176=CARTESIAN_POINT('Ctrl Pts',(192.28415833126,4.912219898623,216.15212205253));
#3177=CARTESIAN_POINT('Ctrl Pts',(192.14079072549,7.463903194053,217.868542957));
#3178=CARTESIAN_POINT('Ctrl Pts',(192.28415833126,7.758115468212,217.868542957));
#3179=CARTESIAN_POINT('Ctrl Pts',(192.14079072549,4.838666830083,219.45187954266));
#3180=CARTESIAN_POINT('Ctrl Pts',(192.28415833126,4.912219898623,219.58496386147));
#3181=CARTESIAN_POINT('Ctrl Pts',(192.14079072549,2.213430466114,221.03521612832));
#3182=CARTESIAN_POINT('Ctrl Pts',(192.28415833126,2.066324329035,221.30138476595));
#3183=CARTESIAN_POINT('Ctrl Pts',(192.14079072549,2.213430466114,217.868542957));
#3184=CARTESIAN_POINT('Ctrl Pts',(192.28415833126,2.066324329035,217.868542957));
#3185=CARTESIAN_POINT('Ctrl Pts',(192.14079072549,2.213430466114,217.139932626543));
#3186=CARTESIAN_POINT('Ctrl Pts',(192.28415833126,2.066324329035,217.078690683176));
#3187=CARTESIAN_POINT('Ctrl Pts',(192.14079072549,2.6931601073902,216.611039154297));
#3188=CARTESIAN_POINT('Ctrl Pts',(192.28415833126,2.58637672486685,216.505342084891));
#3189=CARTESIAN_POINT('Origin',(192.14079072549,3.96358804210124,217.868542957011));
#3190=CARTESIAN_POINT('Ctrl Pts',(187.9772276595,2.876276322822,216.73269675032));
#3191=CARTESIAN_POINT('Ctrl Pts',(192.14079072549,2.726039751976,216.57575404836));
#3192=CARTESIAN_POINT('Ctrl Pts',(187.9772276595,4.759555464266,214.76535341076));
#3193=CARTESIAN_POINT('Ctrl Pts',(192.14079072549,4.86953626728,214.33657797512));
#3194=CARTESIAN_POINT('Ctrl Pts',(187.9772276595,5.448883472451,217.45279439056));
#3195=CARTESIAN_POINT('Ctrl Pts',(192.14079072549,5.654110444805,217.39534937471));
#3196=CARTESIAN_POINT('Ctrl Pts',(187.9772276595,6.138211480637,220.14023537037));
#3197=CARTESIAN_POINT('Ctrl Pts',(192.14079072549,6.438684622329,220.4541207743));
#3198=CARTESIAN_POINT('Ctrl Pts',(187.9772276595,3.565604331007,219.42013773012));
#3199=CARTESIAN_POINT('Ctrl Pts',(192.14079072549,3.5106139295,219.63452544794));
#3200=CARTESIAN_POINT('Ctrl Pts',(187.9772276595,0.992997181378,218.70004008988));
#3201=CARTESIAN_POINT('Ctrl Pts',(192.14079072549,0.582543236671,218.81493012159));
#3202=CARTESIAN_POINT('Ctrl Pts',(187.9772276595,2.876276322822,216.73269675032));
#3203=CARTESIAN_POINT('Ctrl Pts',(192.14079072549,2.726039751976,216.57575404836));
#3204=CARTESIAN_POINT('',(187.9772276595,2.876276322822,216.73269675032));
#3205=CARTESIAN_POINT('',(187.9772276595,2.876276322822,216.73269675032));
#3206=CARTESIAN_POINT('Origin',(187.9772276595,3.96358804210059,217.86854295701));
#3207=CARTESIAN_POINT('Origin',(187.9772276595,2.425897062169,217.86854295701));
#3208=CARTESIAN_POINT('',(187.9772276595,3.419932182458,217.30061985366));
#3209=CARTESIAN_POINT('Origin',(187.9772276595,3.96358804210056,217.86854295701));
#3210=CARTESIAN_POINT('Ctrl Pts',(186.54158410225,3.419932182458,217.30061985366));
#3211=CARTESIAN_POINT('Ctrl Pts',(189.518534582564,3.419932182458,217.30061985366));
#3212=CARTESIAN_POINT('Ctrl Pts',(186.54158410225,4.36157175318004,216.31694818388));
#3213=CARTESIAN_POINT('Ctrl Pts',(189.518534582564,4.36157175318004,216.31694818388));
#3214=CARTESIAN_POINT('Ctrl Pts',(186.54158410225,4.706235757273,217.66066867378));
#3215=CARTESIAN_POINT('Ctrl Pts',(189.518534582564,4.706235757273,217.66066867378));
#3216=CARTESIAN_POINT('Ctrl Pts',(186.54158410225,5.050899761365,219.00438916368));
#3217=CARTESIAN_POINT('Ctrl Pts',(189.518534582564,5.050899761365,219.00438916368));
#3218=CARTESIAN_POINT('Ctrl Pts',(186.54158410225,3.76459618655,218.64434034356));
#3219=CARTESIAN_POINT('Ctrl Pts',(189.518534582564,3.76459618655,218.64434034356));
#3220=CARTESIAN_POINT('Ctrl Pts',(186.54158410225,2.478292611735,218.28429152344));
#3221=CARTESIAN_POINT('Ctrl Pts',(189.518534582564,2.478292611735,218.28429152344));
#3222=CARTESIAN_POINT('Ctrl Pts',(186.54158410225,3.419932182458,217.30061985366));
#3223=CARTESIAN_POINT('Ctrl Pts',(189.518534582564,3.419932182458,217.30061985366));
#3224=CARTESIAN_POINT('',(186.54158410225,3.419932182458,217.30061985366));
#3225=CARTESIAN_POINT('Ctrl Pts',(192.14079072549,2.695616737047,210.86804994226));
#3226=CARTESIAN_POINT('Ctrl Pts',(192.28415833126,2.589039841816,210.97397419601));
#3227=CARTESIAN_POINT('Ctrl Pts',(192.14079072549,2.213430466114,210.33861400388));
#3228=CARTESIAN_POINT('Ctrl Pts',(192.28415833126,2.066324329035,210.40003753564));
#3229=CARTESIAN_POINT('Ctrl Pts',(192.14079072549,2.213430466114,209.60784327204));
#3230=CARTESIAN_POINT('Ctrl Pts',(192.28415833126,2.066324329035,209.60784327204));
#3231=CARTESIAN_POINT('Ctrl Pts',(192.14079072549,2.213430466114,206.44117010072));
#3232=CARTESIAN_POINT('Ctrl Pts',(192.28415833126,2.066324329035,206.1750014631));
#3233=CARTESIAN_POINT('Ctrl Pts',(192.14079072549,4.838666830083,208.02450668638));
#3234=CARTESIAN_POINT('Ctrl Pts',(192.28415833126,4.912219898623,207.89142236757));
#3235=CARTESIAN_POINT('Ctrl Pts',(192.14079072549,7.463903194053,209.60784327204));
#3236=CARTESIAN_POINT('Ctrl Pts',(192.28415833126,7.758115468212,209.60784327204));
#3237=CARTESIAN_POINT('Ctrl Pts',(192.14079072549,4.838666830083,211.1911798577));
#3238=CARTESIAN_POINT('Ctrl Pts',(192.28415833126,4.912219898623,211.32426417651));
#3239=CARTESIAN_POINT('Ctrl Pts',(192.14079072549,3.645377573734,211.91087830573));
#3240=CARTESIAN_POINT('Ctrl Pts',(192.28415833126,3.618631003356,212.10445549673));
#3241=CARTESIAN_POINT('Ctrl Pts',(192.14079072549,2.695616737047,210.86804994226));
#3242=CARTESIAN_POINT('Ctrl Pts',(192.28415833126,2.589039841816,210.97397419601));
#3243=CARTESIAN_POINT('Origin',(192.14079072549,3.96358804210016,209.607843272034));
#3244=CARTESIAN_POINT('Ctrl Pts',(187.9772276595,2.876276322822,210.74368947872));
#3245=CARTESIAN_POINT('Ctrl Pts',(192.14079072549,2.726039751976,210.90063218069));
#3246=CARTESIAN_POINT('Ctrl Pts',(187.9772276595,0.992997181378,208.77634613916));
#3247=CARTESIAN_POINT('Ctrl Pts',(192.14079072549,0.582543236671,208.66145610745));
#3248=CARTESIAN_POINT('Ctrl Pts',(187.9772276595,3.565604331007,208.05624849892));
#3249=CARTESIAN_POINT('Ctrl Pts',(192.14079072549,3.5106139295,207.8418607811));
#3250=CARTESIAN_POINT('Ctrl Pts',(187.9772276595,6.138211480637,207.33615085868));
#3251=CARTESIAN_POINT('Ctrl Pts',(192.14079072549,6.438684622329,207.02226545475));
#3252=CARTESIAN_POINT('Ctrl Pts',(187.9772276595,5.448883472451,210.02359183848));
#3253=CARTESIAN_POINT('Ctrl Pts',(192.14079072549,5.654110444805,210.08103685434));
#3254=CARTESIAN_POINT('Ctrl Pts',(187.9772276595,4.759555464266,212.71103281828));
#3255=CARTESIAN_POINT('Ctrl Pts',(192.14079072549,4.86953626728,213.13980825393));
#3256=CARTESIAN_POINT('Ctrl Pts',(187.9772276595,2.876276322822,210.74368947872));
#3257=CARTESIAN_POINT('Ctrl Pts',(192.14079072549,2.726039751976,210.90063218069));
#3258=CARTESIAN_POINT('',(187.9772276595,2.876276322822,210.74368947872));
#3259=CARTESIAN_POINT('',(187.9772276595,2.876276322822,210.74368947872));
#3260=CARTESIAN_POINT('Origin',(187.9772276595,3.96358804210056,209.60784327203));
#3261=CARTESIAN_POINT('Origin',(187.9772276595,2.425897062169,209.60784327203));
#3262=CARTESIAN_POINT('',(187.9772276595,3.419932182458,210.17576637538));
#3263=CARTESIAN_POINT('Origin',(187.9772276595,3.96358804210001,209.607843272031));
#3264=CARTESIAN_POINT('Ctrl Pts',(186.54158410225,3.419932182458,210.17576637538));
#3265=CARTESIAN_POINT('Ctrl Pts',(189.518534582564,3.419932182458,210.17576637538));
#3266=CARTESIAN_POINT('Ctrl Pts',(186.54158410225,2.478292611735,209.1920947056));
#3267=CARTESIAN_POINT('Ctrl Pts',(189.518534582564,2.478292611735,209.1920947056));
#3268=CARTESIAN_POINT('Ctrl Pts',(186.54158410225,3.76459618655,208.83204588548));
#3269=CARTESIAN_POINT('Ctrl Pts',(189.518534582564,3.76459618655,208.83204588548));
#3270=CARTESIAN_POINT('Ctrl Pts',(186.54158410225,5.050899761365,208.47199706536));
#3271=CARTESIAN_POINT('Ctrl Pts',(189.518534582564,5.050899761365,208.47199706536));
#3272=CARTESIAN_POINT('Ctrl Pts',(186.54158410225,4.706235757273,209.81571755526));
#3273=CARTESIAN_POINT('Ctrl Pts',(189.518534582564,4.706235757273,209.81571755526));
#3274=CARTESIAN_POINT('Ctrl Pts',(186.54158410225,4.36157175318,211.15943804516));
#3275=CARTESIAN_POINT('Ctrl Pts',(189.518534582564,4.36157175318,211.15943804516));
#3276=CARTESIAN_POINT('Ctrl Pts',(186.54158410225,3.419932182458,210.17576637538));
#3277=CARTESIAN_POINT('Ctrl Pts',(189.518534582564,3.419932182458,210.17576637538));
#3278=CARTESIAN_POINT('',(186.54158410225,3.419932182458,210.17576637538));
#3279=CARTESIAN_POINT('Ctrl Pts',(192.14079072549,3.851173232113,213.73819311452));
#3280=CARTESIAN_POINT('Ctrl Pts',(192.28415833126,3.704067095037,213.73819311452));
#3281=CARTESIAN_POINT('Ctrl Pts',(192.14079072549,3.851173232113,210.5715199432));
#3282=CARTESIAN_POINT('Ctrl Pts',(192.28415833126,3.704067095037,210.30535130558));
#3283=CARTESIAN_POINT('Ctrl Pts',(192.14079072549,6.476409596082,212.15485652886));
#3284=CARTESIAN_POINT('Ctrl Pts',(192.28415833126,6.549962664621,212.02177221005));
#3285=CARTESIAN_POINT('Ctrl Pts',(192.14079072549,9.101645960052,213.73819311452));
#3286=CARTESIAN_POINT('Ctrl Pts',(192.28415833126,9.395858234204,213.73819311452));
#3287=CARTESIAN_POINT('Ctrl Pts',(192.14079072549,6.476409596082,215.32152970018));
#3288=CARTESIAN_POINT('Ctrl Pts',(192.28415833126,6.549962664621,215.45461401899));
#3289=CARTESIAN_POINT('Ctrl Pts',(192.14079072549,3.851173232113,216.90486628584));
#3290=CARTESIAN_POINT('Ctrl Pts',(192.28415833126,3.704067095037,217.17103492346));
#3291=CARTESIAN_POINT('Ctrl Pts',(192.14079072549,3.851173232113,213.73819311452));
#3292=CARTESIAN_POINT('Ctrl Pts',(192.28415833126,3.704067095037,213.73819311452));
#3293=CARTESIAN_POINT('',(192.14079072549,3.851173232116,213.73819311452));
#3294=CARTESIAN_POINT('Origin',(192.14079072549,5.60133080809876,213.738193114521));
#3295=CARTESIAN_POINT('',(192.14079072549,3.851173232113,213.73819311452));
#3296=CARTESIAN_POINT('Ctrl Pts',(187.9772276595,4.063639828171,213.73819311452));
#3297=CARTESIAN_POINT('Ctrl Pts',(192.14079072549,3.851173232116,213.73819311452));
#3298=CARTESIAN_POINT('Ctrl Pts',(187.9772276595,4.063639828171,210.95594948187));
#3299=CARTESIAN_POINT('Ctrl Pts',(192.14079072549,3.851173232116,210.57151994321));
#3300=CARTESIAN_POINT('Ctrl Pts',(187.9772276595,6.370176298053,212.3470712982));
#3301=CARTESIAN_POINT('Ctrl Pts',(192.14079072549,6.476409596081,212.15485652886));
#3302=CARTESIAN_POINT('Ctrl Pts',(187.9772276595,8.676712767935,213.73819311452));
#3303=CARTESIAN_POINT('Ctrl Pts',(192.14079072549,9.101645960045,213.73819311452));
#3304=CARTESIAN_POINT('Ctrl Pts',(187.9772276595,6.370176298053,215.12931493084));
#3305=CARTESIAN_POINT('Ctrl Pts',(192.14079072549,6.476409596081,215.32152970018));
#3306=CARTESIAN_POINT('Ctrl Pts',(187.9772276595,4.063639828171,216.52043674717));
#3307=CARTESIAN_POINT('Ctrl Pts',(192.14079072549,3.851173232116,216.90486628584));
#3308=CARTESIAN_POINT('Ctrl Pts',(187.9772276595,4.063639828171,213.73819311452));
#3309=CARTESIAN_POINT('Ctrl Pts',(192.14079072549,3.851173232116,213.73819311452));
#3310=CARTESIAN_POINT('',(187.9772276595,4.063639828171,213.73819311452));
#3311=CARTESIAN_POINT('',(187.9772276595,4.063639828171,213.73819311452));
#3312=CARTESIAN_POINT('Origin',(187.9772276595,5.60133080809966,213.73819311452));
#3313=CARTESIAN_POINT('Origin',(187.9772276595,4.063639828171,213.73819311452));
#3314=CARTESIAN_POINT('',(187.9772276595,4.832485318132,213.73819311452));
#3315=CARTESIAN_POINT('Origin',(187.9772276595,5.60133080809979,213.738193114521));
#3316=CARTESIAN_POINT('Ctrl Pts',(186.54158410225,4.832485318132,213.73819311452));
#3317=CARTESIAN_POINT('Ctrl Pts',(189.518534582564,4.832485318132,213.73819311452));
#3318=CARTESIAN_POINT('Ctrl Pts',(186.54158410225,4.832485318132,212.3470712982));
#3319=CARTESIAN_POINT('Ctrl Pts',(189.518534582564,4.832485318132,212.3470712982));
#3320=CARTESIAN_POINT('Ctrl Pts',(186.54158410225,5.985753553073,213.04263220636));
#3321=CARTESIAN_POINT('Ctrl Pts',(189.518534582564,5.985753553073,213.04263220636));
#3322=CARTESIAN_POINT('Ctrl Pts',(186.54158410225,7.139021788014,213.73819311452));
#3323=CARTESIAN_POINT('Ctrl Pts',(189.518534582564,7.139021788014,213.73819311452));
#3324=CARTESIAN_POINT('Ctrl Pts',(186.54158410225,5.985753553073,214.43375402268));
#3325=CARTESIAN_POINT('Ctrl Pts',(189.518534582564,5.985753553073,214.43375402268));
#3326=CARTESIAN_POINT('Ctrl Pts',(186.54158410225,4.832485318132,215.12931493085));
#3327=CARTESIAN_POINT('Ctrl Pts',(189.518534582564,4.832485318132,215.12931493085));
#3328=CARTESIAN_POINT('Ctrl Pts',(186.54158410225,4.832485318132,213.73819311452));
#3329=CARTESIAN_POINT('Ctrl Pts',(189.518534582564,4.832485318132,213.73819311452));
#3330=CARTESIAN_POINT('',(186.54158410225,4.832485318132,213.73819311452));
#3331=CARTESIAN_POINT('Ctrl Pts',(192.14079072549,0.07704099766341,217.7524630495));
#3332=CARTESIAN_POINT('Ctrl Pts',(192.28415833126,0.0826989260125,217.5989042201));
#3333=CARTESIAN_POINT('Ctrl Pts',(192.14079072549,0.50977226645,217.76986235264));
#3334=CARTESIAN_POINT('Ctrl Pts',(192.28415833126,0.551802591329,217.61776598828));
#3335=CARTESIAN_POINT('Ctrl Pts',(192.14079072549,0.884806032731,217.99605329344));
#3336=CARTESIAN_POINT('Ctrl Pts',(192.28415833126,0.958359101269,217.86296897463));
#3337=CARTESIAN_POINT('Ctrl Pts',(192.14079072549,3.5100423967,219.5793898791));
#3338=CARTESIAN_POINT('Ctrl Pts',(192.28415833126,3.804254670853,219.5793898791));
#3339=CARTESIAN_POINT('Ctrl Pts',(192.14079072549,0.884806032731,221.16272646476));
#3340=CARTESIAN_POINT('Ctrl Pts',(192.28415833126,0.958359101269,221.29581078357));
#3341=CARTESIAN_POINT('Ctrl Pts',(192.14079072549,-1.740430331238,222.74606305042));
#3342=CARTESIAN_POINT('Ctrl Pts',(192.28415833126,-1.887536468315,223.01223168804));
#3343=CARTESIAN_POINT('Ctrl Pts',(192.14079072549,-1.740430331238,219.5793898791));
#3344=CARTESIAN_POINT('Ctrl Pts',(192.28415833126,-1.887536468315,219.5793898791));
#3345=CARTESIAN_POINT('Ctrl Pts',(192.14079072549,-1.740430331238,217.67938597631));
#3346=CARTESIAN_POINT('Ctrl Pts',(192.28415833126,-1.887536468315,217.51968479374));
#3347=CARTESIAN_POINT('Ctrl Pts',(192.14079072549,0.07704099766341,217.7524630495));
#3348=CARTESIAN_POINT('Ctrl Pts',(192.28415833126,0.0826989260125,217.5989042201));
#3349=CARTESIAN_POINT('Origin',(192.14079072549,0.00972724474266721,219.579389879103));
#3350=CARTESIAN_POINT('Ctrl Pts',(187.9772276595,0.00972724474112,217.97306076884));
#3351=CARTESIAN_POINT('Ctrl Pts',(192.14079072549,0.00972724474112,217.75111027121));
#3352=CARTESIAN_POINT('Ctrl Pts',(187.9772276595,2.673086148305,217.97306076884));
#3353=CARTESIAN_POINT('Ctrl Pts',(192.14079072549,3.041089087584,217.75111027121));
#3354=CARTESIAN_POINT('Ctrl Pts',(187.9772276595,1.341406696523,220.38255443423));
#3355=CARTESIAN_POINT('Ctrl Pts',(192.14079072549,1.525408166162,220.49352968305));
#3356=CARTESIAN_POINT('Ctrl Pts',(187.9772276595,0.00972724474112,222.79204809962));
#3357=CARTESIAN_POINT('Ctrl Pts',(192.14079072549,0.00972724474112,223.23594909489));
#3358=CARTESIAN_POINT('Ctrl Pts',(187.9772276595,-1.321952207041,220.38255443423));
#3359=CARTESIAN_POINT('Ctrl Pts',(192.14079072549,-1.50595367668,220.49352968305));
#3360=CARTESIAN_POINT('Ctrl Pts',(187.9772276595,-2.653631658823,217.97306076884));
#3361=CARTESIAN_POINT('Ctrl Pts',(192.14079072549,-3.021634598102,217.75111027121));
#3362=CARTESIAN_POINT('Ctrl Pts',(187.9772276595,0.00972724474112,217.97306076884));
#3363=CARTESIAN_POINT('Ctrl Pts',(192.14079072549,0.00972724474112,217.75111027121));
#3364=CARTESIAN_POINT('',(187.9772276595,0.00972724474112,217.97306076884));
#3365=CARTESIAN_POINT('',(187.9772276595,0.00972724474112008,217.97306076884));
#3366=CARTESIAN_POINT('Origin',(187.9772276595,0.0097272447417364,219.579389879108));
#3367=CARTESIAN_POINT('Origin',(187.9772276595,-1.527963735188,219.57938987911));
#3368=CARTESIAN_POINT('',(187.9772276595,0.00972724474112,218.77622532397));
#3369=CARTESIAN_POINT('Origin',(187.9772276595,0.00972724474114804,219.57938987911));
#3370=CARTESIAN_POINT('Ctrl Pts',(186.54158410225,0.00972724474112,218.77622532397));
#3371=CARTESIAN_POINT('Ctrl Pts',(189.518534582564,0.00972724474112,218.77622532397));
#3372=CARTESIAN_POINT('Ctrl Pts',(186.54158410225,1.341406696523,218.77622532397));
#3373=CARTESIAN_POINT('Ctrl Pts',(189.518534582564,1.341406696523,218.77622532397));
#3374=CARTESIAN_POINT('Ctrl Pts',(186.54158410225,0.675566970632,219.98097215667));
#3375=CARTESIAN_POINT('Ctrl Pts',(189.518534582564,0.675566970632,219.98097215667));
#3376=CARTESIAN_POINT('Ctrl Pts',(186.54158410225,0.00972724474112,221.18571898936));
#3377=CARTESIAN_POINT('Ctrl Pts',(189.518534582564,0.00972724474112,221.18571898936));
#3378=CARTESIAN_POINT('Ctrl Pts',(186.54158410225,-0.65611248115,219.98097215667));
#3379=CARTESIAN_POINT('Ctrl Pts',(189.518534582564,-0.65611248115,219.98097215667));
#3380=CARTESIAN_POINT('Ctrl Pts',(186.54158410225,-1.321952207041,218.77622532397));
#3381=CARTESIAN_POINT('Ctrl Pts',(189.518534582564,-1.321952207041,218.77622532397));
#3382=CARTESIAN_POINT('Ctrl Pts',(186.54158410225,0.00972724474112,218.77622532397));
#3383=CARTESIAN_POINT('Ctrl Pts',(189.518534582564,0.00972724474112,218.77622532397));
#3384=CARTESIAN_POINT('',(186.54158410225,0.00972724474111994,218.77622532397));
#3385=CARTESIAN_POINT('Ctrl Pts',(192.14079072549,-5.21209179709005,219.128763967444));
#3386=CARTESIAN_POINT('Ctrl Pts',(192.28415833126,-5.31866759454007,219.234689426534));
#3387=CARTESIAN_POINT('Ctrl Pts',(192.14079072549,-5.21209832741118,219.128756797369));
#3388=CARTESIAN_POINT('Ctrl Pts',(192.28415833126,-5.31867467375481,219.234681653792));
#3389=CARTESIAN_POINT('Ctrl Pts',(192.14079072549,-5.212104857658,219.12874962722));
#3390=CARTESIAN_POINT('Ctrl Pts',(192.28415833126,-5.318681752889,219.23467388097));
#3391=CARTESIAN_POINT('Ctrl Pts',(192.14079072549,-5.694291128591,218.59931368885));
#3392=CARTESIAN_POINT('Ctrl Pts',(192.28415833126,-5.84139726567,218.6607372206));
#3393=CARTESIAN_POINT('Ctrl Pts',(192.14079072549,-5.694291128591,217.868542957));
#3394=CARTESIAN_POINT('Ctrl Pts',(192.28415833126,-5.84139726567,217.868542957));
#3395=CARTESIAN_POINT('Ctrl Pts',(192.14079072549,-5.694291128591,214.70186978568));
#3396=CARTESIAN_POINT('Ctrl Pts',(192.28415833126,-5.84139726567,214.43570114806));
#3397=CARTESIAN_POINT('Ctrl Pts',(192.14079072549,-3.069054764622,216.28520637134));
#3398=CARTESIAN_POINT('Ctrl Pts',(192.28415833126,-2.995501696082,216.15212205253));
#3399=CARTESIAN_POINT('Ctrl Pts',(192.14079072549,-0.443818400652,217.868542957));
#3400=CARTESIAN_POINT('Ctrl Pts',(192.28415833126,-0.149606126493,217.868542957));
#3401=CARTESIAN_POINT('Ctrl Pts',(192.14079072549,-3.069054764622,219.45187954266));
#3402=CARTESIAN_POINT('Ctrl Pts',(192.28415833126,-2.995501696082,219.58496386147));
#3403=CARTESIAN_POINT('Ctrl Pts',(192.14079072549,-4.26233073081987,220.171569975114));
#3404=CARTESIAN_POINT('Ctrl Pts',(192.28415833126,-4.28907618411972,220.36514649238));
#3405=CARTESIAN_POINT('Ctrl Pts',(192.14079072549,-5.21209179709005,219.128763967444));
#3406=CARTESIAN_POINT('Ctrl Pts',(192.28415833126,-5.31866759454007,219.234689426534));
#3407=CARTESIAN_POINT('',(192.14079072549,-2.706585262494,216.57575404836));
#3408=CARTESIAN_POINT('Origin',(192.1407907255,-3.94413355260984,217.868542957002));
#3409=CARTESIAN_POINT('Origin',(192.14079072549,-3.94413355261124,217.868542957001));
#3410=CARTESIAN_POINT('Ctrl Pts',(187.9772276595,-2.856821833339,216.73269675032));
#3411=CARTESIAN_POINT('Ctrl Pts',(192.14079072549,-2.706585262493,216.57575404836));
#3412=CARTESIAN_POINT('Ctrl Pts',(187.9772276595,-0.973542691896,218.70004008988));
#3413=CARTESIAN_POINT('Ctrl Pts',(192.14079072549,-0.563088747189,218.81493012159));
#3414=CARTESIAN_POINT('Ctrl Pts',(187.9772276595,-3.546149841525,219.42013773012));
#3415=CARTESIAN_POINT('Ctrl Pts',(192.14079072549,-3.491159440018,219.63452544794));
#3416=CARTESIAN_POINT('Ctrl Pts',(187.9772276595,-6.118756991155,220.14023537037));
#3417=CARTESIAN_POINT('Ctrl Pts',(192.14079072549,-6.419230132847,220.4541207743));
#3418=CARTESIAN_POINT('Ctrl Pts',(187.9772276595,-5.429428982969,217.45279439056));
#3419=CARTESIAN_POINT('Ctrl Pts',(192.14079072549,-5.634655955322,217.39534937471));
#3420=CARTESIAN_POINT('Ctrl Pts',(187.9772276595,-4.740100974783,214.76535341076));
#3421=CARTESIAN_POINT('Ctrl Pts',(192.14079072549,-4.850081777798,214.33657797512));
#3422=CARTESIAN_POINT('Ctrl Pts',(187.9772276595,-2.856821833339,216.73269675032));
#3423=CARTESIAN_POINT('Ctrl Pts',(192.14079072549,-2.706585262493,216.57575404836));
#3424=CARTESIAN_POINT('',(187.9772276595,-2.856821833339,216.73269675032));
#3425=CARTESIAN_POINT('',(187.9772276595,-2.856821833339,216.73269675032));
#3426=CARTESIAN_POINT('Origin',(187.9772276595,-3.94413355261825,217.86854295701));
#3427=CARTESIAN_POINT('Origin',(187.9772276595,-5.48182453255,217.86854295701));
#3428=CARTESIAN_POINT('',(187.9772276595,-3.400477692975,217.30061985366));
#3429=CARTESIAN_POINT('Origin',(187.9772276595,-3.9441335526183,217.86854295701));
#3430=CARTESIAN_POINT('Ctrl Pts',(186.54158410225,-3.400477692975,217.30061985366));
#3431=CARTESIAN_POINT('Ctrl Pts',(189.518534582564,-3.400477692975,217.30061985366));
#3432=CARTESIAN_POINT('Ctrl Pts',(186.54158410225,-2.458838122253,218.28429152344));
#3433=CARTESIAN_POINT('Ctrl Pts',(189.518534582564,-2.458838122253,218.28429152344));
#3434=CARTESIAN_POINT('Ctrl Pts',(186.54158410225,-3.745141697068,218.64434034356));
#3435=CARTESIAN_POINT('Ctrl Pts',(189.518534582564,-3.745141697068,218.64434034356));
#3436=CARTESIAN_POINT('Ctrl Pts',(186.54158410225,-5.031445271883,219.00438916368));
#3437=CARTESIAN_POINT('Ctrl Pts',(189.518534582564,-5.031445271883,219.00438916368));
#3438=CARTESIAN_POINT('Ctrl Pts',(186.54158410225,-4.68678126779,217.66066867378));
#3439=CARTESIAN_POINT('Ctrl Pts',(189.518534582564,-4.68678126779,217.66066867378));
#3440=CARTESIAN_POINT('Ctrl Pts',(186.54158410225,-4.342117263697,216.31694818388));
#3441=CARTESIAN_POINT('Ctrl Pts',(189.518534582564,-4.342117263697,216.31694818388));
#3442=CARTESIAN_POINT('Ctrl Pts',(186.54158410225,-3.400477692975,217.30061985366));
#3443=CARTESIAN_POINT('Ctrl Pts',(189.518534582564,-3.400477692975,217.30061985366));
#3444=CARTESIAN_POINT('',(186.54158410225,-3.400477692975,217.30061985366));
#3445=CARTESIAN_POINT('Ctrl Pts',(192.14079072549,-7.33203389459,213.73819311452));
#3446=CARTESIAN_POINT('Ctrl Pts',(192.28415833126,-7.479140031666,213.73819311452));
#3447=CARTESIAN_POINT('Ctrl Pts',(192.14079072549,-7.33203389459,210.5715199432));
#3448=CARTESIAN_POINT('Ctrl Pts',(192.28415833126,-7.479140031666,210.30535130558));
#3449=CARTESIAN_POINT('Ctrl Pts',(192.14079072549,-4.706797530621,212.15485652886));
#3450=CARTESIAN_POINT('Ctrl Pts',(192.28415833126,-4.633244462082,212.02177221005));
#3451=CARTESIAN_POINT('Ctrl Pts',(192.14079072549,-2.081561166651,213.73819311452));
#3452=CARTESIAN_POINT('Ctrl Pts',(192.28415833126,-1.787348892498,213.73819311452));
#3453=CARTESIAN_POINT('Ctrl Pts',(192.14079072549,-4.706797530621,215.32152970018));
#3454=CARTESIAN_POINT('Ctrl Pts',(192.28415833126,-4.633244462082,215.45461401899));
#3455=CARTESIAN_POINT('Ctrl Pts',(192.14079072549,-7.33203389459,216.90486628584));
#3456=CARTESIAN_POINT('Ctrl Pts',(192.28415833126,-7.479140031666,217.17103492346));
#3457=CARTESIAN_POINT('Ctrl Pts',(192.14079072549,-7.33203389459,213.73819311452));
#3458=CARTESIAN_POINT('Ctrl Pts',(192.28415833126,-7.479140031666,213.73819311452));
#3459=CARTESIAN_POINT('',(192.14079072549,-7.33203389459,213.73819311452));
#3460=CARTESIAN_POINT('',(192.14079072549,-3.831718742634,213.73819311452));
#3461=CARTESIAN_POINT('Origin',(192.14079072549,-5.5818763186105,213.73819311452));
#3462=CARTESIAN_POINT('Origin',(192.14079072549,-5.5818763186105,213.73819311452));
#3463=CARTESIAN_POINT('',(192.14079072549,-7.33203389459,213.73819311452));
#3464=CARTESIAN_POINT('Ctrl Pts',(187.9772276595,-4.044185338689,213.73819311452));
#3465=CARTESIAN_POINT('Ctrl Pts',(192.14079072549,-3.831718742634,213.73819311452));
#3466=CARTESIAN_POINT('Ctrl Pts',(187.9772276595,-4.044185338689,216.52043674717));
#3467=CARTESIAN_POINT('Ctrl Pts',(192.14079072549,-3.831718742634,216.90486628584));
#3468=CARTESIAN_POINT('Ctrl Pts',(187.9772276595,-6.350721808571,215.12931493084));
#3469=CARTESIAN_POINT('Ctrl Pts',(192.14079072549,-6.456955106599,215.32152970018));
#3470=CARTESIAN_POINT('Ctrl Pts',(187.9772276595,-8.657258278453,213.73819311452));
#3471=CARTESIAN_POINT('Ctrl Pts',(192.14079072549,-9.082191470563,213.73819311452));
#3472=CARTESIAN_POINT('Ctrl Pts',(187.9772276595,-6.350721808571,212.3470712982));
#3473=CARTESIAN_POINT('Ctrl Pts',(192.14079072549,-6.456955106599,212.15485652886));
#3474=CARTESIAN_POINT('Ctrl Pts',(187.9772276595,-4.044185338689,210.95594948187));
#3475=CARTESIAN_POINT('Ctrl Pts',(192.14079072549,-3.831718742634,210.57151994321));
#3476=CARTESIAN_POINT('Ctrl Pts',(187.9772276595,-4.044185338689,213.73819311452));
#3477=CARTESIAN_POINT('Ctrl Pts',(192.14079072549,-3.831718742634,213.73819311452));
#3478=CARTESIAN_POINT('',(187.9772276595,-4.044185338689,213.73819311452));
#3479=CARTESIAN_POINT('',(187.9772276595,-4.044185338689,213.73819311452));
#3480=CARTESIAN_POINT('Origin',(187.9772276595,-5.58187631861766,213.73819311452));
#3481=CARTESIAN_POINT('Origin',(187.9772276595,-7.119567298546,213.73819311452));
#3482=CARTESIAN_POINT('',(187.9772276595,-4.813030828649,213.73819311452));
#3483=CARTESIAN_POINT('Origin',(187.9772276595,-5.58187631861725,213.738193114521));
#3484=CARTESIAN_POINT('Ctrl Pts',(186.54158410225,-4.813030828649,213.73819311452));
#3485=CARTESIAN_POINT('Ctrl Pts',(189.518534582564,-4.813030828649,213.73819311452));
#3486=CARTESIAN_POINT('Ctrl Pts',(186.54158410225,-4.813030828649,215.12931493085));
#3487=CARTESIAN_POINT('Ctrl Pts',(189.518534582564,-4.813030828649,215.12931493085));
#3488=CARTESIAN_POINT('Ctrl Pts',(186.54158410225,-5.966299063591,214.43375402268));
#3489=CARTESIAN_POINT('Ctrl Pts',(189.518534582564,-5.966299063591,214.43375402268));
#3490=CARTESIAN_POINT('Ctrl Pts',(186.54158410225,-7.119567298532,213.73819311452));
#3491=CARTESIAN_POINT('Ctrl Pts',(189.518534582564,-7.119567298532,213.73819311452));
#3492=CARTESIAN_POINT('Ctrl Pts',(186.54158410225,-5.966299063591,213.04263220636));
#3493=CARTESIAN_POINT('Ctrl Pts',(189.518534582564,-5.966299063591,213.04263220636));
#3494=CARTESIAN_POINT('Ctrl Pts',(186.54158410225,-4.813030828649,212.3470712982));
#3495=CARTESIAN_POINT('Ctrl Pts',(189.518534582564,-4.813030828649,212.3470712982));
#3496=CARTESIAN_POINT('Ctrl Pts',(186.54158410225,-4.813030828649,213.73819311452));
#3497=CARTESIAN_POINT('Ctrl Pts',(189.518534582564,-4.813030828649,213.73819311452));
#3498=CARTESIAN_POINT('',(186.54158410225,-4.813030828649,213.73819311452));
#3499=CARTESIAN_POINT('Ctrl Pts',(192.14079072549,-5.21456148731494,208.350339469337));
#3500=CARTESIAN_POINT('Ctrl Pts',(192.28415833126,-5.3213448698383,208.244642399931));
#3501=CARTESIAN_POINT('Ctrl Pts',(192.14079072549,-5.21333449113382,208.348986727679));
#3502=CARTESIAN_POINT('Ctrl Pts',(192.28415833126,-5.32001474084738,208.243175956167));
#3503=CARTESIAN_POINT('Ctrl Pts',(192.14079072549,-5.212104857658,208.34763660182));
#3504=CARTESIAN_POINT('Ctrl Pts',(192.28415833126,-5.318681752889,208.24171234807));
#3505=CARTESIAN_POINT('Ctrl Pts',(192.14079072549,-4.262344020971,207.30480823835));
#3506=CARTESIAN_POINT('Ctrl Pts',(192.28415833126,-4.289090591349,207.11123104735));
#3507=CARTESIAN_POINT('Ctrl Pts',(192.14079072549,-3.069054764622,208.02450668638));
#3508=CARTESIAN_POINT('Ctrl Pts',(192.28415833126,-2.995501696082,207.89142236757));
#3509=CARTESIAN_POINT('Ctrl Pts',(192.14079072549,-0.443818400652,209.60784327204));
#3510=CARTESIAN_POINT('Ctrl Pts',(192.28415833126,-0.149606126493,209.60784327204));
#3511=CARTESIAN_POINT('Ctrl Pts',(192.14079072549,-3.069054764622,211.1911798577));
#3512=CARTESIAN_POINT('Ctrl Pts',(192.28415833126,-2.995501696082,211.32426417651));
#3513=CARTESIAN_POINT('Ctrl Pts',(192.14079072549,-5.694291128591,212.77451644336));
#3514=CARTESIAN_POINT('Ctrl Pts',(192.28415833126,-5.84139726567,213.04068508098));
#3515=CARTESIAN_POINT('Ctrl Pts',(192.14079072549,-5.694291128591,209.60784327204));
#3516=CARTESIAN_POINT('Ctrl Pts',(192.28415833126,-5.84139726567,209.60784327204));
#3517=CARTESIAN_POINT('Ctrl Pts',(192.14079072549,-5.694291128591,208.879232941583));
#3518=CARTESIAN_POINT('Ctrl Pts',(192.28415833126,-5.84139726567,208.817990998216));
#3519=CARTESIAN_POINT('Ctrl Pts',(192.14079072549,-5.21456148731494,208.350339469337));
#3520=CARTESIAN_POINT('Ctrl Pts',(192.28415833126,-5.3213448698383,208.244642399931));
#3521=CARTESIAN_POINT('Origin',(192.1407907255,-3.9441335526112,209.607843272039));
#3522=CARTESIAN_POINT('Ctrl Pts',(187.9772276595,-2.856821833339,210.74368947872));
#3523=CARTESIAN_POINT('Ctrl Pts',(192.14079072549,-2.706585262493,210.90063218069));
#3524=CARTESIAN_POINT('Ctrl Pts',(187.9772276595,-4.740100974783,212.71103281828));
#3525=CARTESIAN_POINT('Ctrl Pts',(192.14079072549,-4.850081777798,213.13980825393));
#3526=CARTESIAN_POINT('Ctrl Pts',(187.9772276595,-5.429428982969,210.02359183848));
#3527=CARTESIAN_POINT('Ctrl Pts',(192.14079072549,-5.634655955322,210.08103685434));
#3528=CARTESIAN_POINT('Ctrl Pts',(187.9772276595,-6.118756991155,207.33615085868));
#3529=CARTESIAN_POINT('Ctrl Pts',(192.14079072549,-6.419230132847,207.02226545475));
#3530=CARTESIAN_POINT('Ctrl Pts',(187.9772276595,-3.546149841525,208.05624849892));
#3531=CARTESIAN_POINT('Ctrl Pts',(192.14079072549,-3.491159440018,207.8418607811));
#3532=CARTESIAN_POINT('Ctrl Pts',(187.9772276595,-0.973542691896,208.77634613916));
#3533=CARTESIAN_POINT('Ctrl Pts',(192.14079072549,-0.563088747189,208.66145610745));
#3534=CARTESIAN_POINT('Ctrl Pts',(187.9772276595,-2.856821833339,210.74368947872));
#3535=CARTESIAN_POINT('Ctrl Pts',(192.14079072549,-2.706585262493,210.90063218069));
#3536=CARTESIAN_POINT('',(187.9772276595,-2.856821833339,210.74368947872));
#3537=CARTESIAN_POINT('',(187.9772276595,-2.856821833339,210.74368947872));
#3538=CARTESIAN_POINT('Origin',(187.9772276595,-3.94413355261831,209.60784327203));
#3539=CARTESIAN_POINT('Origin',(187.9772276595,-5.48182453255,209.60784327203));
#3540=CARTESIAN_POINT('',(187.9772276595,-3.400477692975,210.17576637538));
#3541=CARTESIAN_POINT('Origin',(187.9772276595,-3.94413355261771,209.60784327203));
#3542=CARTESIAN_POINT('Ctrl Pts',(186.54158410225,-3.400477692975,210.17576637538));
#3543=CARTESIAN_POINT('Ctrl Pts',(189.518534582564,-3.400477692975,210.17576637538));
#3544=CARTESIAN_POINT('Ctrl Pts',(186.54158410225,-4.342117263697,211.15943804516));
#3545=CARTESIAN_POINT('Ctrl Pts',(189.518534582564,-4.342117263697,211.15943804516));
#3546=CARTESIAN_POINT('Ctrl Pts',(186.54158410225,-4.68678126779,209.81571755526));
#3547=CARTESIAN_POINT('Ctrl Pts',(189.518534582564,-4.68678126779,209.81571755526));
#3548=CARTESIAN_POINT('Ctrl Pts',(186.54158410225,-5.031445271883,208.47199706536));
#3549=CARTESIAN_POINT('Ctrl Pts',(189.518534582564,-5.031445271883,208.47199706536));
#3550=CARTESIAN_POINT('Ctrl Pts',(186.54158410225,-3.745141697068,208.83204588548));
#3551=CARTESIAN_POINT('Ctrl Pts',(189.518534582564,-3.745141697068,208.83204588548));
#3552=CARTESIAN_POINT('Ctrl Pts',(186.54158410225,-2.458838122253,209.1920947056));
#3553=CARTESIAN_POINT('Ctrl Pts',(189.518534582564,-2.458838122253,209.1920947056));
#3554=CARTESIAN_POINT('Ctrl Pts',(186.54158410225,-3.400477692975,210.17576637538));
#3555=CARTESIAN_POINT('Ctrl Pts',(189.518534582564,-3.400477692975,210.17576637538));
#3556=CARTESIAN_POINT('',(186.54158410225,-3.400477692975,210.17576637538));
#3557=UNCERTAINTY_MEASURE_WITH_UNIT(LENGTH_MEASURE(0.01),#3561,
'DISTANCE_ACCURACY_VALUE',
'Maximum model space distance between geometric entities at asserted c
onnectivities');
#3558=UNCERTAINTY_MEASURE_WITH_UNIT(LENGTH_MEASURE(0.01),#3561,
'DISTANCE_ACCURACY_VALUE',
'Maximum model space distance between geometric entities at asserted c
onnectivities');
#3559=(
GEOMETRIC_REPRESENTATION_CONTEXT(3)
GLOBAL_UNCERTAINTY_ASSIGNED_CONTEXT((#3557))
GLOBAL_UNIT_ASSIGNED_CONTEXT((#3561,#3563,#3564))
REPRESENTATION_CONTEXT('','3D')
);
#3560=(
GEOMETRIC_REPRESENTATION_CONTEXT(3)
GLOBAL_UNCERTAINTY_ASSIGNED_CONTEXT((#3558))
GLOBAL_UNIT_ASSIGNED_CONTEXT((#3561,#3563,#3564))
REPRESENTATION_CONTEXT('','3D')
);
#3561=(
LENGTH_UNIT()
NAMED_UNIT(*)
SI_UNIT(.MILLI.,.METRE.)
);
#3562=(
LENGTH_UNIT()
NAMED_UNIT(*)
SI_UNIT($,.METRE.)
);
#3563=(
NAMED_UNIT(*)
PLANE_ANGLE_UNIT()
SI_UNIT($,.RADIAN.)
);
#3564=(
NAMED_UNIT(*)
SI_UNIT($,.STERADIAN.)
SOLID_ANGLE_UNIT()
);
#3565=SHAPE_DEFINITION_REPRESENTATION(#3566,#3567);
#3566=PRODUCT_DEFINITION_SHAPE('',$,#3569);
#3567=SHAPE_REPRESENTATION('',(#1783),#3559);
#3568=PRODUCT_DEFINITION_CONTEXT('part definition',#3573,'design');
#3569=PRODUCT_DEFINITION('2026-07-27-14-19-00-281',
'scaled_gripper_part_187',#3570,#3568);
#3570=PRODUCT_DEFINITION_FORMATION('',$,#3575);
#3571=PRODUCT_RELATED_PRODUCT_CATEGORY('scaled_gripper_part_187',
'scaled_gripper_part_187',(#3575));
#3572=APPLICATION_PROTOCOL_DEFINITION('international standard',
'automotive_design',2009,#3573);
#3573=APPLICATION_CONTEXT(
'Core Data for Automotive Mechanical Design Process');
#3574=PRODUCT_CONTEXT('part definition',#3573,'mechanical');
#3575=PRODUCT('2026-07-27-14-19-00-281','scaled_gripper_part_187',$,(#3574));
#3576=PRESENTATION_STYLE_ASSIGNMENT((#3578));
#3577=PRESENTATION_STYLE_ASSIGNMENT((#3579));
#3578=SURFACE_STYLE_USAGE(.BOTH.,#3580);
#3579=SURFACE_STYLE_USAGE(.BOTH.,#3581);
#3580=SURFACE_SIDE_STYLE('',(#3582));
#3581=SURFACE_SIDE_STYLE('',(#3583));
#3582=SURFACE_STYLE_FILL_AREA(#3584);
#3583=SURFACE_STYLE_FILL_AREA(#3585);
#3584=FILL_AREA_STYLE('\X2\AC15CCA0\X0\ - \X2\C0C8D2F4\X0\',(#3586));
#3585=FILL_AREA_STYLE('Opaque(160,160,160)',(#3587));
#3586=FILL_AREA_STYLE_COLOUR('\X2\AC15CCA0\X0\ - \X2\C0C8D2F4\X0\',#3588);
#3587=FILL_AREA_STYLE_COLOUR('Opaque(160,160,160)',#3589);
#3588=COLOUR_RGB('\X2\AC15CCA0\X0\ - \X2\C0C8D2F4\X0\',0.627450980392157,
0.627450980392157,0.627450980392157);
#3589=COLOUR_RGB('Opaque(160,160,160)',0.627450980392157,0.627450980392157,
0.627450980392157);
ENDSEC;
END-ISO-10303-21;
