ISO-10303-21;
HEADER;
/* Generated by software containing ST-Developer
 * from STEP Tools, Inc. (www.steptools.com) 
 */

FILE_DESCRIPTION(
/* description */ (''),
/* implementation_level */ '2;1');

FILE_NAME(
/* name */ 'parallel_gripper_mover.step',
/* time_stamp */ '2026-07-27T14:37:52+09:00',
/* author */ (''),
/* organization */ (''),
/* preprocessor_version */ 'ST-DEVELOPER v20.1',
/* originating_system */ 'Autodesk Translation Framework v15.8.0.0',
/* authorisation */ '');

FILE_SCHEMA (('AUTOMOTIVE_DESIGN { 1 0 10303 214 3 1 1 }'));
ENDSEC;

DATA;
#10=MECHANICAL_DESIGN_GEOMETRIC_PRESENTATION_REPRESENTATION('',(#13),#3969);
#11=SHAPE_REPRESENTATION_RELATIONSHIP('SRR','None',#3976,#12);
#12=ADVANCED_BREP_SHAPE_REPRESENTATION('',(#14),#3968);
#13=STYLED_ITEM('',(#3986),#14);
#14=MANIFOLD_SOLID_BREP('\X2\BCF8CCB4\X0\1',#2282);
#15=B_SPLINE_CURVE_WITH_KNOTS('',3,(#3309,#3310,#3311,#3312,#3313,#3314,
#3315,#3316,#3317,#3318,#3319,#3320),.UNSPECIFIED.,.F.,.F.,(4,2,2,2,2,4),
(0.,0.0262451726634015,0.0547130079481739,0.0982393250321438,0.143941429621107,
0.187973285848734),.UNSPECIFIED.);
#16=B_SPLINE_CURVE_WITH_KNOTS('',3,(#3872,#3873,#3874,#3875,#3876,#3877,
#3878,#3879,#3880,#3881,#3882,#3883),.UNSPECIFIED.,.F.,.F.,(4,2,2,2,2,4),
(0.,0.0246073533624074,0.0512048506877589,0.0958488239682891,0.148533184402066,
0.200495629521891),.UNSPECIFIED.);
#17=FACE_BOUND('',#251,.T.);
#18=FACE_BOUND('',#254,.T.);
#19=FACE_BOUND('',#266,.T.);
#20=FACE_BOUND('',#273,.T.);
#21=FACE_BOUND('',#300,.T.);
#22=FACE_BOUND('',#330,.T.);
#23=FACE_BOUND('',#338,.T.);
#24=FACE_BOUND('',#339,.T.);
#25=FACE_BOUND('',#340,.T.);
#26=FACE_BOUND('',#341,.T.);
#27=FACE_BOUND('',#342,.T.);
#28=FACE_BOUND('',#343,.T.);
#29=FACE_BOUND('',#344,.T.);
#30=FACE_BOUND('',#353,.T.);
#31=FACE_BOUND('',#359,.T.);
#32=FACE_BOUND('',#362,.T.);
#33=FACE_BOUND('',#367,.T.);
#34=PLANE('',#2300);
#35=PLANE('',#2307);
#36=PLANE('',#2314);
#37=PLANE('',#2315);
#38=PLANE('',#2318);
#39=PLANE('',#2319);
#40=PLANE('',#2322);
#41=PLANE('',#2323);
#42=PLANE('',#2324);
#43=PLANE('',#2325);
#44=PLANE('',#2326);
#45=PLANE('',#2327);
#46=PLANE('',#2332);
#47=PLANE('',#2333);
#48=PLANE('',#2336);
#49=PLANE('',#2339);
#50=PLANE('',#2341);
#51=PLANE('',#2342);
#52=PLANE('',#2343);
#53=PLANE('',#2344);
#54=PLANE('',#2345);
#55=PLANE('',#2347);
#56=PLANE('',#2348);
#57=PLANE('',#2351);
#58=PLANE('',#2352);
#59=PLANE('',#2353);
#60=PLANE('',#2356);
#61=PLANE('',#2359);
#62=PLANE('',#2362);
#63=PLANE('',#2365);
#64=PLANE('',#2366);
#65=PLANE('',#2368);
#66=PLANE('',#2370);
#67=PLANE('',#2372);
#68=PLANE('',#2374);
#69=PLANE('',#2375);
#70=PLANE('',#2376);
#71=PLANE('',#2377);
#72=PLANE('',#2378);
#73=PLANE('',#2379);
#74=PLANE('',#2380);
#75=PLANE('',#2381);
#76=PLANE('',#2382);
#77=PLANE('',#2383);
#78=PLANE('',#2384);
#79=PLANE('',#2387);
#80=PLANE('',#2388);
#81=PLANE('',#2390);
#82=PLANE('',#2391);
#83=PLANE('',#2392);
#84=PLANE('',#2393);
#85=PLANE('',#2394);
#86=PLANE('',#2395);
#87=PLANE('',#2398);
#88=PLANE('',#2401);
#89=PLANE('',#2402);
#90=PLANE('',#2404);
#91=PLANE('',#2406);
#92=PLANE('',#2408);
#93=PLANE('',#2409);
#94=PLANE('',#2410);
#95=PLANE('',#2414);
#96=PLANE('',#2417);
#97=PLANE('',#2420);
#98=PLANE('',#2421);
#99=PLANE('',#2422);
#100=PLANE('',#2424);
#101=PLANE('',#2425);
#102=PLANE('',#2426);
#103=PLANE('',#2427);
#104=PLANE('',#2428);
#105=PLANE('',#2430);
#106=PLANE('',#2432);
#107=PLANE('',#2435);
#108=PLANE('',#2438);
#109=PLANE('',#2439);
#110=PLANE('',#2440);
#111=PLANE('',#2441);
#112=PLANE('',#2442);
#113=PLANE('',#2443);
#114=PLANE('',#2444);
#115=PLANE('',#2445);
#116=FACE_OUTER_BOUND('',#236,.T.);
#117=FACE_OUTER_BOUND('',#237,.T.);
#118=FACE_OUTER_BOUND('',#238,.T.);
#119=FACE_OUTER_BOUND('',#239,.T.);
#120=FACE_OUTER_BOUND('',#240,.T.);
#121=FACE_OUTER_BOUND('',#241,.T.);
#122=FACE_OUTER_BOUND('',#242,.T.);
#123=FACE_OUTER_BOUND('',#243,.T.);
#124=FACE_OUTER_BOUND('',#244,.T.);
#125=FACE_OUTER_BOUND('',#245,.T.);
#126=FACE_OUTER_BOUND('',#246,.T.);
#127=FACE_OUTER_BOUND('',#247,.T.);
#128=FACE_OUTER_BOUND('',#248,.T.);
#129=FACE_OUTER_BOUND('',#249,.T.);
#130=FACE_OUTER_BOUND('',#250,.T.);
#131=FACE_OUTER_BOUND('',#252,.T.);
#132=FACE_OUTER_BOUND('',#253,.T.);
#133=FACE_OUTER_BOUND('',#255,.T.);
#134=FACE_OUTER_BOUND('',#256,.T.);
#135=FACE_OUTER_BOUND('',#257,.T.);
#136=FACE_OUTER_BOUND('',#258,.T.);
#137=FACE_OUTER_BOUND('',#259,.T.);
#138=FACE_OUTER_BOUND('',#260,.T.);
#139=FACE_OUTER_BOUND('',#261,.T.);
#140=FACE_OUTER_BOUND('',#262,.T.);
#141=FACE_OUTER_BOUND('',#263,.T.);
#142=FACE_OUTER_BOUND('',#264,.T.);
#143=FACE_OUTER_BOUND('',#265,.T.);
#144=FACE_OUTER_BOUND('',#267,.T.);
#145=FACE_OUTER_BOUND('',#268,.T.);
#146=FACE_OUTER_BOUND('',#269,.T.);
#147=FACE_OUTER_BOUND('',#270,.T.);
#148=FACE_OUTER_BOUND('',#271,.T.);
#149=FACE_OUTER_BOUND('',#272,.T.);
#150=FACE_OUTER_BOUND('',#274,.T.);
#151=FACE_OUTER_BOUND('',#275,.T.);
#152=FACE_OUTER_BOUND('',#276,.T.);
#153=FACE_OUTER_BOUND('',#277,.T.);
#154=FACE_OUTER_BOUND('',#278,.T.);
#155=FACE_OUTER_BOUND('',#279,.T.);
#156=FACE_OUTER_BOUND('',#280,.T.);
#157=FACE_OUTER_BOUND('',#281,.T.);
#158=FACE_OUTER_BOUND('',#282,.T.);
#159=FACE_OUTER_BOUND('',#283,.T.);
#160=FACE_OUTER_BOUND('',#284,.T.);
#161=FACE_OUTER_BOUND('',#285,.T.);
#162=FACE_OUTER_BOUND('',#286,.T.);
#163=FACE_OUTER_BOUND('',#287,.T.);
#164=FACE_OUTER_BOUND('',#288,.T.);
#165=FACE_OUTER_BOUND('',#289,.T.);
#166=FACE_OUTER_BOUND('',#290,.T.);
#167=FACE_OUTER_BOUND('',#291,.T.);
#168=FACE_OUTER_BOUND('',#292,.T.);
#169=FACE_OUTER_BOUND('',#293,.T.);
#170=FACE_OUTER_BOUND('',#294,.T.);
#171=FACE_OUTER_BOUND('',#295,.T.);
#172=FACE_OUTER_BOUND('',#296,.T.);
#173=FACE_OUTER_BOUND('',#297,.T.);
#174=FACE_OUTER_BOUND('',#298,.T.);
#175=FACE_OUTER_BOUND('',#299,.T.);
#176=FACE_OUTER_BOUND('',#301,.T.);
#177=FACE_OUTER_BOUND('',#302,.T.);
#178=FACE_OUTER_BOUND('',#303,.T.);
#179=FACE_OUTER_BOUND('',#304,.T.);
#180=FACE_OUTER_BOUND('',#305,.T.);
#181=FACE_OUTER_BOUND('',#306,.T.);
#182=FACE_OUTER_BOUND('',#307,.T.);
#183=FACE_OUTER_BOUND('',#308,.T.);
#184=FACE_OUTER_BOUND('',#309,.T.);
#185=FACE_OUTER_BOUND('',#310,.T.);
#186=FACE_OUTER_BOUND('',#311,.T.);
#187=FACE_OUTER_BOUND('',#312,.T.);
#188=FACE_OUTER_BOUND('',#313,.T.);
#189=FACE_OUTER_BOUND('',#314,.T.);
#190=FACE_OUTER_BOUND('',#315,.T.);
#191=FACE_OUTER_BOUND('',#316,.T.);
#192=FACE_OUTER_BOUND('',#317,.T.);
#193=FACE_OUTER_BOUND('',#318,.T.);
#194=FACE_OUTER_BOUND('',#319,.T.);
#195=FACE_OUTER_BOUND('',#320,.T.);
#196=FACE_OUTER_BOUND('',#321,.T.);
#197=FACE_OUTER_BOUND('',#322,.T.);
#198=FACE_OUTER_BOUND('',#323,.T.);
#199=FACE_OUTER_BOUND('',#324,.T.);
#200=FACE_OUTER_BOUND('',#325,.T.);
#201=FACE_OUTER_BOUND('',#326,.T.);
#202=FACE_OUTER_BOUND('',#327,.T.);
#203=FACE_OUTER_BOUND('',#328,.T.);
#204=FACE_OUTER_BOUND('',#329,.T.);
#205=FACE_OUTER_BOUND('',#331,.T.);
#206=FACE_OUTER_BOUND('',#332,.T.);
#207=FACE_OUTER_BOUND('',#333,.T.);
#208=FACE_OUTER_BOUND('',#334,.T.);
#209=FACE_OUTER_BOUND('',#335,.T.);
#210=FACE_OUTER_BOUND('',#336,.T.);
#211=FACE_OUTER_BOUND('',#337,.T.);
#212=FACE_OUTER_BOUND('',#345,.T.);
#213=FACE_OUTER_BOUND('',#346,.T.);
#214=FACE_OUTER_BOUND('',#347,.T.);
#215=FACE_OUTER_BOUND('',#348,.T.);
#216=FACE_OUTER_BOUND('',#349,.T.);
#217=FACE_OUTER_BOUND('',#350,.T.);
#218=FACE_OUTER_BOUND('',#351,.T.);
#219=FACE_OUTER_BOUND('',#352,.T.);
#220=FACE_OUTER_BOUND('',#354,.T.);
#221=FACE_OUTER_BOUND('',#355,.T.);
#222=FACE_OUTER_BOUND('',#356,.T.);
#223=FACE_OUTER_BOUND('',#357,.T.);
#224=FACE_OUTER_BOUND('',#358,.T.);
#225=FACE_OUTER_BOUND('',#360,.T.);
#226=FACE_OUTER_BOUND('',#361,.T.);
#227=FACE_OUTER_BOUND('',#363,.T.);
#228=FACE_OUTER_BOUND('',#364,.T.);
#229=FACE_OUTER_BOUND('',#365,.T.);
#230=FACE_OUTER_BOUND('',#366,.T.);
#231=FACE_OUTER_BOUND('',#368,.T.);
#232=FACE_OUTER_BOUND('',#369,.T.);
#233=FACE_OUTER_BOUND('',#370,.T.);
#234=FACE_OUTER_BOUND('',#371,.T.);
#235=FACE_OUTER_BOUND('',#372,.T.);
#236=EDGE_LOOP('',(#1478,#1479,#1480,#1481));
#237=EDGE_LOOP('',(#1482,#1483,#1484,#1485));
#238=EDGE_LOOP('',(#1486,#1487,#1488,#1489));
#239=EDGE_LOOP('',(#1490,#1491,#1492,#1493));
#240=EDGE_LOOP('',(#1494,#1495,#1496,#1497));
#241=EDGE_LOOP('',(#1498,#1499,#1500,#1501));
#242=EDGE_LOOP('',(#1502,#1503,#1504,#1505));
#243=EDGE_LOOP('',(#1506,#1507,#1508,#1509));
#244=EDGE_LOOP('',(#1510,#1511,#1512,#1513));
#245=EDGE_LOOP('',(#1514,#1515,#1516,#1517));
#246=EDGE_LOOP('',(#1518,#1519,#1520,#1521,#1522,#1523,#1524,#1525,#1526,
#1527,#1528,#1529));
#247=EDGE_LOOP('',(#1530,#1531,#1532,#1533));
#248=EDGE_LOOP('',(#1534,#1535,#1536,#1537));
#249=EDGE_LOOP('',(#1538,#1539,#1540,#1541));
#250=EDGE_LOOP('',(#1542,#1543,#1544,#1545));
#251=EDGE_LOOP('',(#1546));
#252=EDGE_LOOP('',(#1547,#1548,#1549,#1550));
#253=EDGE_LOOP('',(#1551,#1552,#1553,#1554,#1555,#1556));
#254=EDGE_LOOP('',(#1557));
#255=EDGE_LOOP('',(#1558,#1559,#1560,#1561));
#256=EDGE_LOOP('',(#1562,#1563,#1564,#1565));
#257=EDGE_LOOP('',(#1566,#1567,#1568,#1569));
#258=EDGE_LOOP('',(#1570,#1571,#1572,#1573));
#259=EDGE_LOOP('',(#1574,#1575,#1576,#1577));
#260=EDGE_LOOP('',(#1578,#1579,#1580,#1581));
#261=EDGE_LOOP('',(#1582,#1583,#1584,#1585));
#262=EDGE_LOOP('',(#1586,#1587,#1588,#1589));
#263=EDGE_LOOP('',(#1590));
#264=EDGE_LOOP('',(#1591,#1592,#1593,#1594));
#265=EDGE_LOOP('',(#1595,#1596,#1597,#1598,#1599,#1600,#1601,#1602,#1603));
#266=EDGE_LOOP('',(#1604));
#267=EDGE_LOOP('',(#1605,#1606,#1607,#1608));
#268=EDGE_LOOP('',(#1609,#1610,#1611,#1612,#1613,#1614,#1615,#1616));
#269=EDGE_LOOP('',(#1617,#1618,#1619,#1620,#1621));
#270=EDGE_LOOP('',(#1622,#1623,#1624));
#271=EDGE_LOOP('',(#1625,#1626,#1627,#1628,#1629,#1630,#1631));
#272=EDGE_LOOP('',(#1632,#1633,#1634,#1635));
#273=EDGE_LOOP('',(#1636));
#274=EDGE_LOOP('',(#1637,#1638,#1639,#1640,#1641));
#275=EDGE_LOOP('',(#1642,#1643,#1644,#1645,#1646,#1647));
#276=EDGE_LOOP('',(#1648,#1649,#1650,#1651));
#277=EDGE_LOOP('',(#1652,#1653,#1654,#1655));
#278=EDGE_LOOP('',(#1656,#1657,#1658,#1659));
#279=EDGE_LOOP('',(#1660,#1661,#1662,#1663));
#280=EDGE_LOOP('',(#1664,#1665,#1666,#1667,#1668));
#281=EDGE_LOOP('',(#1669,#1670,#1671,#1672,#1673,#1674));
#282=EDGE_LOOP('',(#1675,#1676,#1677,#1678));
#283=EDGE_LOOP('',(#1679,#1680,#1681,#1682));
#284=EDGE_LOOP('',(#1683,#1684,#1685,#1686));
#285=EDGE_LOOP('',(#1687,#1688,#1689,#1690));
#286=EDGE_LOOP('',(#1691,#1692,#1693,#1694));
#287=EDGE_LOOP('',(#1695,#1696,#1697,#1698));
#288=EDGE_LOOP('',(#1699,#1700,#1701,#1702));
#289=EDGE_LOOP('',(#1703,#1704,#1705,#1706));
#290=EDGE_LOOP('',(#1707,#1708,#1709,#1710));
#291=EDGE_LOOP('',(#1711,#1712,#1713,#1714));
#292=EDGE_LOOP('',(#1715,#1716,#1717,#1718));
#293=EDGE_LOOP('',(#1719,#1720,#1721,#1722));
#294=EDGE_LOOP('',(#1723,#1724,#1725,#1726));
#295=EDGE_LOOP('',(#1727,#1728,#1729,#1730));
#296=EDGE_LOOP('',(#1731,#1732,#1733,#1734));
#297=EDGE_LOOP('',(#1735,#1736,#1737,#1738));
#298=EDGE_LOOP('',(#1739,#1740,#1741,#1742,#1743,#1744,#1745,#1746));
#299=EDGE_LOOP('',(#1747,#1748,#1749,#1750,#1751,#1752));
#300=EDGE_LOOP('',(#1753));
#301=EDGE_LOOP('',(#1754,#1755,#1756));
#302=EDGE_LOOP('',(#1757,#1758,#1759,#1760));
#303=EDGE_LOOP('',(#1761,#1762,#1763,#1764));
#304=EDGE_LOOP('',(#1765,#1766,#1767,#1768,#1769,#1770,#1771));
#305=EDGE_LOOP('',(#1772,#1773,#1774,#1775));
#306=EDGE_LOOP('',(#1776,#1777,#1778,#1779));
#307=EDGE_LOOP('',(#1780,#1781,#1782,#1783,#1784,#1785));
#308=EDGE_LOOP('',(#1786,#1787,#1788,#1789));
#309=EDGE_LOOP('',(#1790,#1791,#1792,#1793,#1794,#1795,#1796,#1797));
#310=EDGE_LOOP('',(#1798,#1799,#1800,#1801));
#311=EDGE_LOOP('',(#1802,#1803,#1804,#1805,#1806,#1807,#1808,#1809,#1810,
#1811,#1812,#1813,#1814,#1815,#1816,#1817));
#312=EDGE_LOOP('',(#1818));
#313=EDGE_LOOP('',(#1819,#1820,#1821,#1822,#1823,#1824));
#314=EDGE_LOOP('',(#1825,#1826,#1827,#1828,#1829,#1830,#1831));
#315=EDGE_LOOP('',(#1832,#1833,#1834,#1835,#1836,#1837,#1838,#1839,#1840,
#1841,#1842,#1843,#1844,#1845,#1846,#1847,#1848,#1849,#1850,#1851,#1852,
#1853));
#316=EDGE_LOOP('',(#1854,#1855,#1856,#1857,#1858,#1859));
#317=EDGE_LOOP('',(#1860,#1861,#1862,#1863));
#318=EDGE_LOOP('',(#1864,#1865,#1866,#1867));
#319=EDGE_LOOP('',(#1868,#1869,#1870,#1871));
#320=EDGE_LOOP('',(#1872,#1873,#1874,#1875));
#321=EDGE_LOOP('',(#1876,#1877,#1878,#1879));
#322=EDGE_LOOP('',(#1880,#1881,#1882,#1883));
#323=EDGE_LOOP('',(#1884,#1885,#1886,#1887));
#324=EDGE_LOOP('',(#1888,#1889,#1890,#1891));
#325=EDGE_LOOP('',(#1892,#1893,#1894,#1895));
#326=EDGE_LOOP('',(#1896,#1897,#1898,#1899));
#327=EDGE_LOOP('',(#1900,#1901,#1902,#1903));
#328=EDGE_LOOP('',(#1904,#1905,#1906,#1907));
#329=EDGE_LOOP('',(#1908,#1909,#1910,#1911,#1912,#1913,#1914,#1915,#1916,
#1917,#1918,#1919,#1920,#1921));
#330=EDGE_LOOP('',(#1922));
#331=EDGE_LOOP('',(#1923,#1924,#1925,#1926));
#332=EDGE_LOOP('',(#1927,#1928,#1929,#1930));
#333=EDGE_LOOP('',(#1931,#1932,#1933,#1934));
#334=EDGE_LOOP('',(#1935,#1936,#1937,#1938));
#335=EDGE_LOOP('',(#1939,#1940,#1941,#1942,#1943,#1944,#1945,#1946));
#336=EDGE_LOOP('',(#1947,#1948,#1949,#1950));
#337=EDGE_LOOP('',(#1951,#1952,#1953,#1954,#1955,#1956,#1957,#1958,#1959,
#1960,#1961,#1962,#1963,#1964,#1965,#1966));
#338=EDGE_LOOP('',(#1967));
#339=EDGE_LOOP('',(#1968));
#340=EDGE_LOOP('',(#1969));
#341=EDGE_LOOP('',(#1970,#1971,#1972,#1973,#1974,#1975,#1976,#1977));
#342=EDGE_LOOP('',(#1978));
#343=EDGE_LOOP('',(#1979,#1980,#1981,#1982,#1983,#1984,#1985,#1986));
#344=EDGE_LOOP('',(#1987));
#345=EDGE_LOOP('',(#1988,#1989,#1990,#1991));
#346=EDGE_LOOP('',(#1992,#1993,#1994));
#347=EDGE_LOOP('',(#1995,#1996,#1997,#1998));
#348=EDGE_LOOP('',(#1999,#2000,#2001,#2002));
#349=EDGE_LOOP('',(#2003,#2004,#2005,#2006));
#350=EDGE_LOOP('',(#2007,#2008,#2009,#2010,#2011));
#351=EDGE_LOOP('',(#2012,#2013,#2014,#2015,#2016,#2017));
#352=EDGE_LOOP('',(#2018,#2019,#2020,#2021,#2022,#2023,#2024));
#353=EDGE_LOOP('',(#2025));
#354=EDGE_LOOP('',(#2026,#2027,#2028));
#355=EDGE_LOOP('',(#2029,#2030,#2031,#2032));
#356=EDGE_LOOP('',(#2033,#2034,#2035,#2036,#2037));
#357=EDGE_LOOP('',(#2038,#2039,#2040,#2041,#2042));
#358=EDGE_LOOP('',(#2043,#2044,#2045,#2046,#2047,#2048,#2049,#2050,#2051));
#359=EDGE_LOOP('',(#2052));
#360=EDGE_LOOP('',(#2053,#2054,#2055,#2056));
#361=EDGE_LOOP('',(#2057,#2058,#2059,#2060));
#362=EDGE_LOOP('',(#2061));
#363=EDGE_LOOP('',(#2062,#2063,#2064,#2065));
#364=EDGE_LOOP('',(#2066,#2067,#2068,#2069));
#365=EDGE_LOOP('',(#2070,#2071,#2072,#2073));
#366=EDGE_LOOP('',(#2074,#2075,#2076,#2077,#2078,#2079,#2080,#2081,#2082,
#2083,#2084,#2085,#2086,#2087,#2088,#2089,#2090,#2091));
#367=EDGE_LOOP('',(#2092,#2093,#2094,#2095));
#368=EDGE_LOOP('',(#2096,#2097,#2098,#2099,#2100));
#369=EDGE_LOOP('',(#2101,#2102,#2103,#2104));
#370=EDGE_LOOP('',(#2105,#2106,#2107,#2108));
#371=EDGE_LOOP('',(#2109,#2110,#2111,#2112,#2113));
#372=EDGE_LOOP('',(#2114,#2115,#2116,#2117,#2118,#2119,#2120,#2121,#2122,
#2123));
#373=LINE('',#3023,#626);
#374=LINE('',#3033,#627);
#375=LINE('',#3037,#628);
#376=LINE('',#3041,#629);
#377=LINE('',#3043,#630);
#378=LINE('',#3044,#631);
#379=LINE('',#3053,#632);
#380=LINE('',#3065,#633);
#381=LINE('',#3075,#634);
#382=LINE('',#3080,#635);
#383=LINE('',#3082,#636);
#384=LINE('',#3083,#637);
#385=LINE('',#3092,#638);
#386=LINE('',#3103,#639);
#387=LINE('',#3107,#640);
#388=LINE('',#3119,#641);
#389=LINE('',#3122,#642);
#390=LINE('',#3124,#643);
#391=LINE('',#3126,#644);
#392=LINE('',#3128,#645);
#393=LINE('',#3130,#646);
#394=LINE('',#3132,#647);
#395=LINE('',#3134,#648);
#396=LINE('',#3136,#649);
#397=LINE('',#3138,#650);
#398=LINE('',#3140,#651);
#399=LINE('',#3141,#652);
#400=LINE('',#3144,#653);
#401=LINE('',#3146,#654);
#402=LINE('',#3147,#655);
#403=LINE('',#3161,#656);
#404=LINE('',#3164,#657);
#405=LINE('',#3165,#658);
#406=LINE('',#3188,#659);
#407=LINE('',#3192,#660);
#408=LINE('',#3194,#661);
#409=LINE('',#3196,#662);
#410=LINE('',#3198,#663);
#411=LINE('',#3199,#664);
#412=LINE('',#3202,#665);
#413=LINE('',#3203,#666);
#414=LINE('',#3206,#667);
#415=LINE('',#3207,#668);
#416=LINE('',#3210,#669);
#417=LINE('',#3211,#670);
#418=LINE('',#3214,#671);
#419=LINE('',#3215,#672);
#420=LINE('',#3217,#673);
#421=LINE('',#3228,#674);
#422=LINE('',#3238,#675);
#423=LINE('',#3242,#676);
#424=LINE('',#3244,#677);
#425=LINE('',#3245,#678);
#426=LINE('',#3265,#679);
#427=LINE('',#3269,#680);
#428=LINE('',#3271,#681);
#429=LINE('',#3275,#682);
#430=LINE('',#3277,#683);
#431=LINE('',#3279,#684);
#432=LINE('',#3281,#685);
#433=LINE('',#3283,#686);
#434=LINE('',#3284,#687);
#435=LINE('',#3289,#688);
#436=LINE('',#3291,#689);
#437=LINE('',#3295,#690);
#438=LINE('',#3297,#691);
#439=LINE('',#3299,#692);
#440=LINE('',#3301,#693);
#441=LINE('',#3303,#694);
#442=LINE('',#3305,#695);
#443=LINE('',#3306,#696);
#444=LINE('',#3322,#697);
#445=LINE('',#3324,#698);
#446=LINE('',#3325,#699);
#447=LINE('',#3328,#700);
#448=LINE('',#3329,#701);
#449=LINE('',#3333,#702);
#450=LINE('',#3334,#703);
#451=LINE('',#3336,#704);
#452=LINE('',#3337,#705);
#453=LINE('',#3340,#706);
#454=LINE('',#3341,#707);
#455=LINE('',#3350,#708);
#456=LINE('',#3353,#709);
#457=LINE('',#3355,#710);
#458=LINE('',#3357,#711);
#459=LINE('',#3359,#712);
#460=LINE('',#3360,#713);
#461=LINE('',#3362,#714);
#462=LINE('',#3363,#715);
#463=LINE('',#3382,#716);
#464=LINE('',#3400,#717);
#465=LINE('',#3403,#718);
#466=LINE('',#3404,#719);
#467=LINE('',#3408,#720);
#468=LINE('',#3410,#721);
#469=LINE('',#3412,#722);
#470=LINE('',#3414,#723);
#471=LINE('',#3415,#724);
#472=LINE('',#3417,#725);
#473=LINE('',#3418,#726);
#474=LINE('',#3429,#727);
#475=LINE('',#3432,#728);
#476=LINE('',#3435,#729);
#477=LINE('',#3437,#730);
#478=LINE('',#3438,#731);
#479=LINE('',#3449,#732);
#480=LINE('',#3452,#733);
#481=LINE('',#3454,#734);
#482=LINE('',#3455,#735);
#483=LINE('',#3466,#736);
#484=LINE('',#3469,#737);
#485=LINE('',#3471,#738);
#486=LINE('',#3472,#739);
#487=LINE('',#3483,#740);
#488=LINE('',#3485,#741);
#489=LINE('',#3486,#742);
#490=LINE('',#3489,#743);
#491=LINE('',#3491,#744);
#492=LINE('',#3492,#745);
#493=LINE('',#3501,#746);
#494=LINE('',#3504,#747);
#495=LINE('',#3505,#748);
#496=LINE('',#3514,#749);
#497=LINE('',#3517,#750);
#498=LINE('',#3518,#751);
#499=LINE('',#3527,#752);
#500=LINE('',#3530,#753);
#501=LINE('',#3531,#754);
#502=LINE('',#3541,#755);
#503=LINE('',#3544,#756);
#504=LINE('',#3545,#757);
#505=LINE('',#3548,#758);
#506=LINE('',#3550,#759);
#507=LINE('',#3551,#760);
#508=LINE('',#3554,#761);
#509=LINE('',#3556,#762);
#510=LINE('',#3557,#763);
#511=LINE('',#3560,#764);
#512=LINE('',#3561,#765);
#513=LINE('',#3564,#766);
#514=LINE('',#3565,#767);
#515=LINE('',#3568,#768);
#516=LINE('',#3570,#769);
#517=LINE('',#3571,#770);
#518=LINE('',#3574,#771);
#519=LINE('',#3576,#772);
#520=LINE('',#3577,#773);
#521=LINE('',#3580,#774);
#522=LINE('',#3582,#775);
#523=LINE('',#3583,#776);
#524=LINE('',#3599,#777);
#525=LINE('',#3601,#778);
#526=LINE('',#3603,#779);
#527=LINE('',#3604,#780);
#528=LINE('',#3611,#781);
#529=LINE('',#3613,#782);
#530=LINE('',#3615,#783);
#531=LINE('',#3617,#784);
#532=LINE('',#3619,#785);
#533=LINE('',#3620,#786);
#534=LINE('',#3624,#787);
#535=LINE('',#3626,#788);
#536=LINE('',#3628,#789);
#537=LINE('',#3630,#790);
#538=LINE('',#3631,#791);
#539=LINE('',#3632,#792);
#540=LINE('',#3635,#793);
#541=LINE('',#3637,#794);
#542=LINE('',#3639,#795);
#543=LINE('',#3640,#796);
#544=LINE('',#3641,#797);
#545=LINE('',#3643,#798);
#546=LINE('',#3645,#799);
#547=LINE('',#3647,#800);
#548=LINE('',#3648,#801);
#549=LINE('',#3650,#802);
#550=LINE('',#3654,#803);
#551=LINE('',#3656,#804);
#552=LINE('',#3658,#805);
#553=LINE('',#3659,#806);
#554=LINE('',#3670,#807);
#555=LINE('',#3673,#808);
#556=LINE('',#3675,#809);
#557=LINE('',#3676,#810);
#558=LINE('',#3687,#811);
#559=LINE('',#3690,#812);
#560=LINE('',#3692,#813);
#561=LINE('',#3693,#814);
#562=LINE('',#3696,#815);
#563=LINE('',#3698,#816);
#564=LINE('',#3699,#817);
#565=LINE('',#3708,#818);
#566=LINE('',#3711,#819);
#567=LINE('',#3712,#820);
#568=LINE('',#3721,#821);
#569=LINE('',#3724,#822);
#570=LINE('',#3725,#823);
#571=LINE('',#3745,#824);
#572=LINE('',#3749,#825);
#573=LINE('',#3750,#826);
#574=LINE('',#3751,#827);
#575=LINE('',#3754,#828);
#576=LINE('',#3755,#829);
#577=LINE('',#3766,#830);
#578=LINE('',#3776,#831);
#579=LINE('',#3780,#832);
#580=LINE('',#3789,#833);
#581=LINE('',#3792,#834);
#582=LINE('',#3794,#835);
#583=LINE('',#3796,#836);
#584=LINE('',#3797,#837);
#585=LINE('',#3800,#838);
#586=LINE('',#3809,#839);
#587=LINE('',#3813,#840);
#588=LINE('',#3815,#841);
#589=LINE('',#3816,#842);
#590=LINE('',#3818,#843);
#591=LINE('',#3839,#844);
#592=LINE('',#3843,#845);
#593=LINE('',#3844,#846);
#594=LINE('',#3845,#847);
#595=LINE('',#3848,#848);
#596=LINE('',#3850,#849);
#597=LINE('',#3852,#850);
#598=LINE('',#3853,#851);
#599=LINE('',#3857,#852);
#600=LINE('',#3859,#853);
#601=LINE('',#3861,#854);
#602=LINE('',#3862,#855);
#603=LINE('',#3863,#856);
#604=LINE('',#3865,#857);
#605=LINE('',#3866,#858);
#606=LINE('',#3869,#859);
#607=LINE('',#3909,#860);
#608=LINE('',#3912,#861);
#609=LINE('',#3930,#862);
#610=LINE('',#3934,#863);
#611=LINE('',#3939,#864);
#612=LINE('',#3940,#865);
#613=LINE('',#3941,#866);
#614=LINE('',#3944,#867);
#615=LINE('',#3946,#868);
#616=LINE('',#3947,#869);
#617=LINE('',#3949,#870);
#618=LINE('',#3951,#871);
#619=LINE('',#3952,#872);
#620=LINE('',#3955,#873);
#621=LINE('',#3957,#874);
#622=LINE('',#3958,#875);
#623=LINE('',#3960,#876);
#624=LINE('',#3962,#877);
#625=LINE('',#3964,#878);
#626=VECTOR('',#2450,10.);
#627=VECTOR('',#2453,10.);
#628=VECTOR('',#2456,10.);
#629=VECTOR('',#2461,10.);
#630=VECTOR('',#2462,10.);
#631=VECTOR('',#2463,10.);
#632=VECTOR('',#2464,10.);
#633=VECTOR('',#2471,10.);
#634=VECTOR('',#2474,10.);
#635=VECTOR('',#2481,10.);
#636=VECTOR('',#2482,10.);
#637=VECTOR('',#2483,10.);
#638=VECTOR('',#2484,10.);
#639=VECTOR('',#2489,10.);
#640=VECTOR('',#2492,10.);
#641=VECTOR('',#2499,10.);
#642=VECTOR('',#2502,10.);
#643=VECTOR('',#2503,10.);
#644=VECTOR('',#2504,10.);
#645=VECTOR('',#2505,10.);
#646=VECTOR('',#2506,10.);
#647=VECTOR('',#2507,10.);
#648=VECTOR('',#2508,10.);
#649=VECTOR('',#2509,10.);
#650=VECTOR('',#2510,10.);
#651=VECTOR('',#2511,10.);
#652=VECTOR('',#2512,10.);
#653=VECTOR('',#2515,10.);
#654=VECTOR('',#2516,10.);
#655=VECTOR('',#2517,10.);
#656=VECTOR('',#2520,10.);
#657=VECTOR('',#2525,10.);
#658=VECTOR('',#2526,10.);
#659=VECTOR('',#2531,10.);
#660=VECTOR('',#2536,10.);
#661=VECTOR('',#2537,10.);
#662=VECTOR('',#2538,10.);
#663=VECTOR('',#2539,10.);
#664=VECTOR('',#2540,10.);
#665=VECTOR('',#2543,10.);
#666=VECTOR('',#2544,10.);
#667=VECTOR('',#2547,10.);
#668=VECTOR('',#2548,10.);
#669=VECTOR('',#2551,10.);
#670=VECTOR('',#2552,10.);
#671=VECTOR('',#2555,10.);
#672=VECTOR('',#2556,10.);
#673=VECTOR('',#2559,10.);
#674=VECTOR('',#2564,10.);
#675=VECTOR('',#2567,10.);
#676=VECTOR('',#2572,10.);
#677=VECTOR('',#2573,10.);
#678=VECTOR('',#2574,10.);
#679=VECTOR('',#2581,10.);
#680=VECTOR('',#2584,10.);
#681=VECTOR('',#2585,10.);
#682=VECTOR('',#2588,10.);
#683=VECTOR('',#2589,10.);
#684=VECTOR('',#2590,10.);
#685=VECTOR('',#2591,10.);
#686=VECTOR('',#2592,10.);
#687=VECTOR('',#2593,10.);
#688=VECTOR('',#2598,10.);
#689=VECTOR('',#2599,10.);
#690=VECTOR('',#2604,9.99999999999999);
#691=VECTOR('',#2605,10.);
#692=VECTOR('',#2606,10.);
#693=VECTOR('',#2607,10.);
#694=VECTOR('',#2608,10.);
#695=VECTOR('',#2609,10.);
#696=VECTOR('',#2610,10.);
#697=VECTOR('',#2613,10.);
#698=VECTOR('',#2614,10.);
#699=VECTOR('',#2615,10.);
#700=VECTOR('',#2618,10.);
#701=VECTOR('',#2619,10.);
#702=VECTOR('',#2622,9.99999999999999);
#703=VECTOR('',#2623,10.);
#704=VECTOR('',#2624,9.99999999999999);
#705=VECTOR('',#2625,10.);
#706=VECTOR('',#2628,10.);
#707=VECTOR('',#2629,10.);
#708=VECTOR('',#2632,10.);
#709=VECTOR('',#2635,9.99999999999999);
#710=VECTOR('',#2636,10.);
#711=VECTOR('',#2637,10.);
#712=VECTOR('',#2638,10.);
#713=VECTOR('',#2639,10.);
#714=VECTOR('',#2642,10.);
#715=VECTOR('',#2643,10.);
#716=VECTOR('',#2644,10.);
#717=VECTOR('',#2647,10.);
#718=VECTOR('',#2652,10.);
#719=VECTOR('',#2653,10.);
#720=VECTOR('',#2656,10.);
#721=VECTOR('',#2657,9.99999999999999);
#722=VECTOR('',#2658,10.);
#723=VECTOR('',#2659,9.99999999999999);
#724=VECTOR('',#2660,9.99999999999999);
#725=VECTOR('',#2663,10.);
#726=VECTOR('',#2664,10.);
#727=VECTOR('',#2667,10.);
#728=VECTOR('',#2670,10.);
#729=VECTOR('',#2673,10.);
#730=VECTOR('',#2674,10.);
#731=VECTOR('',#2675,10.);
#732=VECTOR('',#2680,10.);
#733=VECTOR('',#2683,10.);
#734=VECTOR('',#2684,10.);
#735=VECTOR('',#2685,10.);
#736=VECTOR('',#2690,10.);
#737=VECTOR('',#2693,10.);
#738=VECTOR('',#2694,10.);
#739=VECTOR('',#2695,10.);
#740=VECTOR('',#2700,10.);
#741=VECTOR('',#2703,10.);
#742=VECTOR('',#2704,10.);
#743=VECTOR('',#2707,10.);
#744=VECTOR('',#2708,10.);
#745=VECTOR('',#2709,10.);
#746=VECTOR('',#2712,10.);
#747=VECTOR('',#2715,10.);
#748=VECTOR('',#2716,10.);
#749=VECTOR('',#2719,10.);
#750=VECTOR('',#2722,10.);
#751=VECTOR('',#2723,10.);
#752=VECTOR('',#2726,10.);
#753=VECTOR('',#2729,10.);
#754=VECTOR('',#2730,10.);
#755=VECTOR('',#2737,10.);
#756=VECTOR('',#2740,10.);
#757=VECTOR('',#2741,10.);
#758=VECTOR('',#2744,10.);
#759=VECTOR('',#2745,10.);
#760=VECTOR('',#2746,10.);
#761=VECTOR('',#2749,10.);
#762=VECTOR('',#2750,10.);
#763=VECTOR('',#2751,10.);
#764=VECTOR('',#2754,10.);
#765=VECTOR('',#2755,10.);
#766=VECTOR('',#2758,10.);
#767=VECTOR('',#2759,10.);
#768=VECTOR('',#2762,10.);
#769=VECTOR('',#2763,10.);
#770=VECTOR('',#2764,10.);
#771=VECTOR('',#2767,10.);
#772=VECTOR('',#2768,10.);
#773=VECTOR('',#2769,10.);
#774=VECTOR('',#2772,10.);
#775=VECTOR('',#2773,10.);
#776=VECTOR('',#2774,10.);
#777=VECTOR('',#2783,10.);
#778=VECTOR('',#2784,10.);
#779=VECTOR('',#2785,10.);
#780=VECTOR('',#2786,10.);
#781=VECTOR('',#2793,10.);
#782=VECTOR('',#2794,9.99999999999999);
#783=VECTOR('',#2795,9.99999999999999);
#784=VECTOR('',#2796,10.);
#785=VECTOR('',#2797,10.);
#786=VECTOR('',#2798,10.);
#787=VECTOR('',#2801,9.99999999999999);
#788=VECTOR('',#2802,10.);
#789=VECTOR('',#2803,9.99999999999999);
#790=VECTOR('',#2804,10.);
#791=VECTOR('',#2805,10.);
#792=VECTOR('',#2806,10.);
#793=VECTOR('',#2809,10.);
#794=VECTOR('',#2810,10.);
#795=VECTOR('',#2811,9.99999999999999);
#796=VECTOR('',#2812,10.);
#797=VECTOR('',#2813,10.);
#798=VECTOR('',#2816,10.);
#799=VECTOR('',#2817,10.);
#800=VECTOR('',#2818,10.);
#801=VECTOR('',#2819,10.);
#802=VECTOR('',#2822,10.);
#803=VECTOR('',#2825,10.);
#804=VECTOR('',#2826,10.);
#805=VECTOR('',#2827,10.);
#806=VECTOR('',#2828,10.);
#807=VECTOR('',#2833,10.);
#808=VECTOR('',#2836,10.);
#809=VECTOR('',#2837,10.);
#810=VECTOR('',#2838,10.);
#811=VECTOR('',#2843,10.);
#812=VECTOR('',#2846,10.);
#813=VECTOR('',#2847,10.);
#814=VECTOR('',#2848,10.);
#815=VECTOR('',#2851,10.);
#816=VECTOR('',#2852,10.);
#817=VECTOR('',#2853,10.);
#818=VECTOR('',#2856,10.);
#819=VECTOR('',#2859,10.);
#820=VECTOR('',#2860,9.99999999999998);
#821=VECTOR('',#2863,10.);
#822=VECTOR('',#2866,10.);
#823=VECTOR('',#2867,10.);
#824=VECTOR('',#2868,10.);
#825=VECTOR('',#2873,10.);
#826=VECTOR('',#2874,10.);
#827=VECTOR('',#2875,10.);
#828=VECTOR('',#2878,10.);
#829=VECTOR('',#2879,10.);
#830=VECTOR('',#2884,10.);
#831=VECTOR('',#2889,10.);
#832=VECTOR('',#2894,10.);
#833=VECTOR('',#2897,10.);
#834=VECTOR('',#2900,10.);
#835=VECTOR('',#2901,10.);
#836=VECTOR('',#2902,10.);
#837=VECTOR('',#2903,10.);
#838=VECTOR('',#2906,10.);
#839=VECTOR('',#2909,10.);
#840=VECTOR('',#2912,10.);
#841=VECTOR('',#2913,10.);
#842=VECTOR('',#2914,10.);
#843=VECTOR('',#2917,10.);
#844=VECTOR('',#2920,10.);
#845=VECTOR('',#2925,10.);
#846=VECTOR('',#2926,10.);
#847=VECTOR('',#2927,10.);
#848=VECTOR('',#2930,10.);
#849=VECTOR('',#2931,9.99999999999999);
#850=VECTOR('',#2932,10.);
#851=VECTOR('',#2933,10.);
#852=VECTOR('',#2936,10.);
#853=VECTOR('',#2937,10.);
#854=VECTOR('',#2938,10.);
#855=VECTOR('',#2939,10.);
#856=VECTOR('',#2940,10.);
#857=VECTOR('',#2943,10.);
#858=VECTOR('',#2944,10.);
#859=VECTOR('',#2947,10.);
#860=VECTOR('',#2958,10.);
#861=VECTOR('',#2963,10.);
#862=VECTOR('',#2964,10.);
#863=VECTOR('',#2967,10.);
#864=VECTOR('',#2972,10.);
#865=VECTOR('',#2973,10.);
#866=VECTOR('',#2974,10.);
#867=VECTOR('',#2977,10.);
#868=VECTOR('',#2978,10.);
#869=VECTOR('',#2979,10.);
#870=VECTOR('',#2982,10.);
#871=VECTOR('',#2983,10.);
#872=VECTOR('',#2984,10.);
#873=VECTOR('',#2987,10.);
#874=VECTOR('',#2988,10.);
#875=VECTOR('',#2989,10.);
#876=VECTOR('',#2992,10.);
#877=VECTOR('',#2995,10.);
#878=VECTOR('',#2998,10.);
#879=ELLIPSE('',#2296,4.38089757343677,4.19370267251204);
#880=ELLIPSE('',#2297,4.38089757343677,4.19370267251204);
#881=ELLIPSE('',#2298,1.82537398893929,1.74737611355402);
#882=ELLIPSE('',#2299,1.8253739889306,1.74737611355599);
#883=ELLIPSE('',#2301,1.82537398890806,1.74737611350566);
#884=ELLIPSE('',#2302,1.82537398894453,1.74737611351866);
#885=ELLIPSE('',#2303,7.30149595574209,6.98950445419938);
#886=ELLIPSE('',#2304,7.30149595574215,6.9895044541995);
#887=ELLIPSE('',#2305,1.82537398890222,1.74737611349614);
#888=ELLIPSE('',#2306,1.82537398895018,1.74737611362986);
#889=ELLIPSE('',#2308,1.82537398893946,1.74737611355434);
#890=ELLIPSE('',#2309,1.82537398893513,1.74737611356066);
#891=ELLIPSE('',#2310,1.46029919115501,1.39790089083714);
#892=ELLIPSE('',#2311,1.46029919115187,1.39790089086193);
#893=ELLIPSE('',#2312,1.8253739889282,1.74737611354061);
#894=ELLIPSE('',#2313,1.82537398893159,1.74737611355231);
#895=ELLIPSE('',#2316,4.56343497233675,4.36844028386686);
#896=ELLIPSE('',#2317,5.65865936569677,5.41686595201061);
#897=ELLIPSE('',#2320,1.642836590037,1.57263850219278);
#898=ELLIPSE('',#2321,1.64283659003732,1.57263850219329);
#899=ELLIPSE('',#2328,1.8253739889421,1.74737611355894);
#900=ELLIPSE('',#2329,1.82537398894207,1.74737611355889);
#901=ELLIPSE('',#2330,1.46029919116183,1.39790089082514);
#902=ELLIPSE('',#2331,1.46029919116183,1.39790089082514);
#903=ELLIPSE('',#2334,1.46029919115037,1.39790089084725);
#904=ELLIPSE('',#2335,1.46029919114502,1.39790089083569);
#905=ELLIPSE('',#2337,1.09598601990167,1.07678614281269);
#906=ELLIPSE('',#2338,0.985701655182326,0.96905940114251);
#907=ELLIPSE('',#2340,1.50382614973289,1.09512296669603);
#908=ELLIPSE('',#2346,0.985701655181763,0.969059401144172);
#909=ELLIPSE('',#2349,0.985701954029646,0.943583101323341);
#910=ELLIPSE('',#2350,0.985701954020977,0.94358310131689);
#911=ELLIPSE('',#2354,0.803164555139162,0.76884548996178);
#912=ELLIPSE('',#2355,0.584119676456509,0.559160356338542);
#913=ELLIPSE('',#2357,0.803164555136918,0.76884548996941);
#914=ELLIPSE('',#2358,0.584119676461984,0.559160356332238);
#915=ELLIPSE('',#2360,0.803164555138128,0.768845489968706);
#916=ELLIPSE('',#2361,0.584119676459533,0.559160356332718);
#917=ELLIPSE('',#2363,0.803164555137639,0.768845489968027);
#918=ELLIPSE('',#2364,0.584119676453764,0.559160356337112);
#919=ELLIPSE('',#2367,0.584119676469858,0.559160356341055);
#920=ELLIPSE('',#2369,0.584119676467416,0.559160356339267);
#921=ELLIPSE('',#2371,0.584119676465375,0.559160356337361);
#922=ELLIPSE('',#2373,0.584119676465248,0.55916035634723);
#923=ELLIPSE('',#2385,0.547612030665334,0.538366333980647);
#924=ELLIPSE('',#2386,0.547612030665316,0.53836633398764);
#925=ELLIPSE('',#2389,1.46029919114642,1.39790089084196);
#926=ELLIPSE('',#2396,0.584119676464649,0.559160356335162);
#927=ELLIPSE('',#2397,0.584119676460753,0.559160356342121);
#928=ELLIPSE('',#2399,0.584119676462222,0.559160356343502);
#929=ELLIPSE('',#2400,0.584119676465512,0.559160356347397);
#930=ELLIPSE('',#2403,0.803164555135232,0.76884548996719);
#931=ELLIPSE('',#2405,0.803164555137847,0.768845489968338);
#932=ELLIPSE('',#2407,1.46029919114642,1.39790089084196);
#933=ELLIPSE('',#2411,0.584119676463533,0.559160356335981);
#934=ELLIPSE('',#2412,0.803164555135359,0.768845489965792);
#935=ELLIPSE('',#2413,0.584119676467576,0.559160356349527);
#936=ELLIPSE('',#2415,0.584119676465121,0.559160356337055);
#937=ELLIPSE('',#2416,0.584119676454839,0.559160356336613);
#938=ELLIPSE('',#2418,0.803164555133036,0.76884548997087);
#939=ELLIPSE('',#2419,0.98570195402619,0.943583101313826);
#940=ELLIPSE('',#2423,0.98570195402619,0.943583101313826);
#941=ELLIPSE('',#2429,1.50385293093156,1.09510354038155);
#942=ELLIPSE('',#2431,1.09598112706737,1.07678345687425);
#943=ELLIPSE('',#2433,0.985701655189216,0.969059401147646);
#944=ELLIPSE('',#2434,0.985701655184208,0.969059401146038);
#945=ELLIPSE('',#2436,0.54761201548798,0.538366333950277);
#946=ELLIPSE('',#2437,0.547612030660325,0.538366333980563);
#947=VERTEX_POINT('',#3020);
#948=VERTEX_POINT('',#3022);
#949=VERTEX_POINT('',#3031);
#950=VERTEX_POINT('',#3032);
#951=VERTEX_POINT('',#3034);
#952=VERTEX_POINT('',#3036);
#953=VERTEX_POINT('',#3040);
#954=VERTEX_POINT('',#3042);
#955=VERTEX_POINT('',#3051);
#956=VERTEX_POINT('',#3052);
#957=VERTEX_POINT('',#3062);
#958=VERTEX_POINT('',#3064);
#959=VERTEX_POINT('',#3073);
#960=VERTEX_POINT('',#3074);
#961=VERTEX_POINT('',#3079);
#962=VERTEX_POINT('',#3081);
#963=VERTEX_POINT('',#3090);
#964=VERTEX_POINT('',#3091);
#965=VERTEX_POINT('',#3101);
#966=VERTEX_POINT('',#3102);
#967=VERTEX_POINT('',#3104);
#968=VERTEX_POINT('',#3106);
#969=VERTEX_POINT('',#3115);
#970=VERTEX_POINT('',#3117);
#971=VERTEX_POINT('',#3121);
#972=VERTEX_POINT('',#3123);
#973=VERTEX_POINT('',#3125);
#974=VERTEX_POINT('',#3127);
#975=VERTEX_POINT('',#3129);
#976=VERTEX_POINT('',#3131);
#977=VERTEX_POINT('',#3133);
#978=VERTEX_POINT('',#3135);
#979=VERTEX_POINT('',#3137);
#980=VERTEX_POINT('',#3139);
#981=VERTEX_POINT('',#3143);
#982=VERTEX_POINT('',#3145);
#983=VERTEX_POINT('',#3158);
#984=VERTEX_POINT('',#3160);
#985=VERTEX_POINT('',#3167);
#986=VERTEX_POINT('',#3187);
#987=VERTEX_POINT('',#3191);
#988=VERTEX_POINT('',#3193);
#989=VERTEX_POINT('',#3195);
#990=VERTEX_POINT('',#3197);
#991=VERTEX_POINT('',#3201);
#992=VERTEX_POINT('',#3205);
#993=VERTEX_POINT('',#3209);
#994=VERTEX_POINT('',#3213);
#995=VERTEX_POINT('',#3224);
#996=VERTEX_POINT('',#3226);
#997=VERTEX_POINT('',#3235);
#998=VERTEX_POINT('',#3237);
#999=VERTEX_POINT('',#3241);
#1000=VERTEX_POINT('',#3243);
#1001=VERTEX_POINT('',#3247);
#1002=VERTEX_POINT('',#3263);
#1003=VERTEX_POINT('',#3267);
#1004=VERTEX_POINT('',#3268);
#1005=VERTEX_POINT('',#3270);
#1006=VERTEX_POINT('',#3272);
#1007=VERTEX_POINT('',#3274);
#1008=VERTEX_POINT('',#3276);
#1009=VERTEX_POINT('',#3278);
#1010=VERTEX_POINT('',#3280);
#1011=VERTEX_POINT('',#3282);
#1012=VERTEX_POINT('',#3285);
#1013=VERTEX_POINT('',#3288);
#1014=VERTEX_POINT('',#3290);
#1015=VERTEX_POINT('',#3294);
#1016=VERTEX_POINT('',#3296);
#1017=VERTEX_POINT('',#3298);
#1018=VERTEX_POINT('',#3300);
#1019=VERTEX_POINT('',#3302);
#1020=VERTEX_POINT('',#3304);
#1021=VERTEX_POINT('',#3308);
#1022=VERTEX_POINT('',#3321);
#1023=VERTEX_POINT('',#3323);
#1024=VERTEX_POINT('',#3327);
#1025=VERTEX_POINT('',#3331);
#1026=VERTEX_POINT('',#3332);
#1027=VERTEX_POINT('',#3335);
#1028=VERTEX_POINT('',#3339);
#1029=VERTEX_POINT('',#3342);
#1030=VERTEX_POINT('',#3352);
#1031=VERTEX_POINT('',#3354);
#1032=VERTEX_POINT('',#3356);
#1033=VERTEX_POINT('',#3358);
#1034=VERTEX_POINT('',#3397);
#1035=VERTEX_POINT('',#3399);
#1036=VERTEX_POINT('',#3406);
#1037=VERTEX_POINT('',#3407);
#1038=VERTEX_POINT('',#3409);
#1039=VERTEX_POINT('',#3411);
#1040=VERTEX_POINT('',#3413);
#1041=VERTEX_POINT('',#3425);
#1042=VERTEX_POINT('',#3426);
#1043=VERTEX_POINT('',#3428);
#1044=VERTEX_POINT('',#3430);
#1045=VERTEX_POINT('',#3434);
#1046=VERTEX_POINT('',#3436);
#1047=VERTEX_POINT('',#3445);
#1048=VERTEX_POINT('',#3447);
#1049=VERTEX_POINT('',#3451);
#1050=VERTEX_POINT('',#3453);
#1051=VERTEX_POINT('',#3462);
#1052=VERTEX_POINT('',#3464);
#1053=VERTEX_POINT('',#3468);
#1054=VERTEX_POINT('',#3470);
#1055=VERTEX_POINT('',#3479);
#1056=VERTEX_POINT('',#3481);
#1057=VERTEX_POINT('',#3488);
#1058=VERTEX_POINT('',#3490);
#1059=VERTEX_POINT('',#3499);
#1060=VERTEX_POINT('',#3503);
#1061=VERTEX_POINT('',#3512);
#1062=VERTEX_POINT('',#3516);
#1063=VERTEX_POINT('',#3525);
#1064=VERTEX_POINT('',#3529);
#1065=VERTEX_POINT('',#3543);
#1066=VERTEX_POINT('',#3547);
#1067=VERTEX_POINT('',#3549);
#1068=VERTEX_POINT('',#3553);
#1069=VERTEX_POINT('',#3555);
#1070=VERTEX_POINT('',#3559);
#1071=VERTEX_POINT('',#3563);
#1072=VERTEX_POINT('',#3567);
#1073=VERTEX_POINT('',#3569);
#1074=VERTEX_POINT('',#3573);
#1075=VERTEX_POINT('',#3575);
#1076=VERTEX_POINT('',#3579);
#1077=VERTEX_POINT('',#3581);
#1078=VERTEX_POINT('',#3598);
#1079=VERTEX_POINT('',#3600);
#1080=VERTEX_POINT('',#3602);
#1081=VERTEX_POINT('',#3606);
#1082=VERTEX_POINT('',#3609);
#1083=VERTEX_POINT('',#3610);
#1084=VERTEX_POINT('',#3612);
#1085=VERTEX_POINT('',#3614);
#1086=VERTEX_POINT('',#3616);
#1087=VERTEX_POINT('',#3618);
#1088=VERTEX_POINT('',#3622);
#1089=VERTEX_POINT('',#3623);
#1090=VERTEX_POINT('',#3625);
#1091=VERTEX_POINT('',#3627);
#1092=VERTEX_POINT('',#3629);
#1093=VERTEX_POINT('',#3634);
#1094=VERTEX_POINT('',#3636);
#1095=VERTEX_POINT('',#3638);
#1096=VERTEX_POINT('',#3644);
#1097=VERTEX_POINT('',#3646);
#1098=VERTEX_POINT('',#3652);
#1099=VERTEX_POINT('',#3653);
#1100=VERTEX_POINT('',#3655);
#1101=VERTEX_POINT('',#3657);
#1102=VERTEX_POINT('',#3666);
#1103=VERTEX_POINT('',#3668);
#1104=VERTEX_POINT('',#3672);
#1105=VERTEX_POINT('',#3674);
#1106=VERTEX_POINT('',#3683);
#1107=VERTEX_POINT('',#3685);
#1108=VERTEX_POINT('',#3689);
#1109=VERTEX_POINT('',#3691);
#1110=VERTEX_POINT('',#3695);
#1111=VERTEX_POINT('',#3697);
#1112=VERTEX_POINT('',#3706);
#1113=VERTEX_POINT('',#3710);
#1114=VERTEX_POINT('',#3719);
#1115=VERTEX_POINT('',#3723);
#1116=VERTEX_POINT('',#3744);
#1117=VERTEX_POINT('',#3748);
#1118=VERTEX_POINT('',#3753);
#1119=VERTEX_POINT('',#3763);
#1120=VERTEX_POINT('',#3765);
#1121=VERTEX_POINT('',#3774);
#1122=VERTEX_POINT('',#3778);
#1123=VERTEX_POINT('',#3787);
#1124=VERTEX_POINT('',#3791);
#1125=VERTEX_POINT('',#3793);
#1126=VERTEX_POINT('',#3795);
#1127=VERTEX_POINT('',#3798);
#1128=VERTEX_POINT('',#3801);
#1129=VERTEX_POINT('',#3811);
#1130=VERTEX_POINT('',#3812);
#1131=VERTEX_POINT('',#3814);
#1132=VERTEX_POINT('',#3838);
#1133=VERTEX_POINT('',#3842);
#1134=VERTEX_POINT('',#3847);
#1135=VERTEX_POINT('',#3849);
#1136=VERTEX_POINT('',#3851);
#1137=VERTEX_POINT('',#3855);
#1138=VERTEX_POINT('',#3856);
#1139=VERTEX_POINT('',#3858);
#1140=VERTEX_POINT('',#3860);
#1141=VERTEX_POINT('',#3868);
#1142=VERTEX_POINT('',#3892);
#1143=VERTEX_POINT('',#3908);
#1144=VERTEX_POINT('',#3928);
#1145=VERTEX_POINT('',#3929);
#1146=VERTEX_POINT('',#3931);
#1147=VERTEX_POINT('',#3933);
#1148=VERTEX_POINT('',#3937);
#1149=VERTEX_POINT('',#3938);
#1150=VERTEX_POINT('',#3943);
#1151=VERTEX_POINT('',#3945);
#1152=VERTEX_POINT('',#3950);
#1153=VERTEX_POINT('',#3954);
#1154=VERTEX_POINT('',#3956);
#1155=EDGE_CURVE('',#947,#947,#879,.T.);
#1156=EDGE_CURVE('',#948,#947,#373,.T.);
#1157=EDGE_CURVE('',#948,#948,#880,.T.);
#1158=EDGE_CURVE('',#949,#950,#374,.T.);
#1159=EDGE_CURVE('',#951,#949,#881,.T.);
#1160=EDGE_CURVE('',#951,#952,#375,.T.);
#1161=EDGE_CURVE('',#950,#952,#882,.T.);
#1162=EDGE_CURVE('',#951,#953,#376,.T.);
#1163=EDGE_CURVE('',#953,#954,#377,.T.);
#1164=EDGE_CURVE('',#952,#954,#378,.T.);
#1165=EDGE_CURVE('',#955,#956,#379,.T.);
#1166=EDGE_CURVE('',#954,#956,#883,.T.);
#1167=EDGE_CURVE('',#955,#953,#884,.T.);
#1168=EDGE_CURVE('',#957,#955,#885,.T.);
#1169=EDGE_CURVE('',#957,#958,#380,.T.);
#1170=EDGE_CURVE('',#958,#956,#886,.T.);
#1171=EDGE_CURVE('',#959,#960,#381,.T.);
#1172=EDGE_CURVE('',#958,#960,#887,.T.);
#1173=EDGE_CURVE('',#959,#957,#888,.T.);
#1174=EDGE_CURVE('',#960,#961,#382,.T.);
#1175=EDGE_CURVE('',#959,#962,#383,.T.);
#1176=EDGE_CURVE('',#962,#961,#384,.T.);
#1177=EDGE_CURVE('',#963,#964,#385,.T.);
#1178=EDGE_CURVE('',#961,#963,#889,.T.);
#1179=EDGE_CURVE('',#964,#962,#890,.T.);
#1180=EDGE_CURVE('',#965,#966,#386,.T.);
#1181=EDGE_CURVE('',#967,#965,#891,.T.);
#1182=EDGE_CURVE('',#967,#968,#387,.T.);
#1183=EDGE_CURVE('',#966,#968,#892,.T.);
#1184=EDGE_CURVE('',#969,#968,#893,.T.);
#1185=EDGE_CURVE('',#970,#967,#894,.T.);
#1186=EDGE_CURVE('',#970,#969,#388,.T.);
#1187=EDGE_CURVE('',#970,#971,#389,.T.);
#1188=EDGE_CURVE('',#972,#971,#390,.T.);
#1189=EDGE_CURVE('',#973,#972,#391,.T.);
#1190=EDGE_CURVE('',#974,#973,#392,.T.);
#1191=EDGE_CURVE('',#974,#975,#393,.T.);
#1192=EDGE_CURVE('',#975,#976,#394,.T.);
#1193=EDGE_CURVE('',#976,#977,#395,.T.);
#1194=EDGE_CURVE('',#977,#978,#396,.T.);
#1195=EDGE_CURVE('',#979,#978,#397,.T.);
#1196=EDGE_CURVE('',#979,#980,#398,.T.);
#1197=EDGE_CURVE('',#980,#969,#399,.T.);
#1198=EDGE_CURVE('',#981,#979,#400,.T.);
#1199=EDGE_CURVE('',#982,#981,#401,.T.);
#1200=EDGE_CURVE('',#982,#980,#402,.T.);
#1201=EDGE_CURVE('',#983,#981,#895,.T.);
#1202=EDGE_CURVE('',#984,#983,#403,.T.);
#1203=EDGE_CURVE('',#984,#982,#896,.T.);
#1204=EDGE_CURVE('',#977,#984,#404,.T.);
#1205=EDGE_CURVE('',#978,#983,#405,.T.);
#1206=EDGE_CURVE('',#985,#985,#897,.T.);
#1207=EDGE_CURVE('',#986,#985,#406,.T.);
#1208=EDGE_CURVE('',#986,#986,#898,.T.);
#1209=EDGE_CURVE('',#972,#987,#407,.T.);
#1210=EDGE_CURVE('',#987,#988,#408,.T.);
#1211=EDGE_CURVE('',#989,#988,#409,.T.);
#1212=EDGE_CURVE('',#989,#990,#410,.T.);
#1213=EDGE_CURVE('',#973,#990,#411,.T.);
#1214=EDGE_CURVE('',#990,#991,#412,.T.);
#1215=EDGE_CURVE('',#974,#991,#413,.T.);
#1216=EDGE_CURVE('',#989,#992,#414,.T.);
#1217=EDGE_CURVE('',#991,#992,#415,.T.);
#1218=EDGE_CURVE('',#993,#988,#416,.T.);
#1219=EDGE_CURVE('',#993,#992,#417,.T.);
#1220=EDGE_CURVE('',#994,#987,#418,.T.);
#1221=EDGE_CURVE('',#993,#994,#419,.T.);
#1222=EDGE_CURVE('',#971,#994,#420,.T.);
#1223=EDGE_CURVE('',#995,#976,#899,.T.);
#1224=EDGE_CURVE('',#996,#975,#900,.T.);
#1225=EDGE_CURVE('',#995,#996,#421,.T.);
#1226=EDGE_CURVE('',#997,#996,#901,.T.);
#1227=EDGE_CURVE('',#998,#997,#422,.T.);
#1228=EDGE_CURVE('',#998,#995,#902,.T.);
#1229=EDGE_CURVE('',#997,#999,#423,.T.);
#1230=EDGE_CURVE('',#1000,#999,#424,.T.);
#1231=EDGE_CURVE('',#1000,#998,#425,.T.);
#1232=EDGE_CURVE('',#1001,#1001,#903,.T.);
#1233=EDGE_CURVE('',#1002,#1002,#904,.T.);
#1234=EDGE_CURVE('',#1001,#1002,#426,.T.);
#1235=EDGE_CURVE('',#1003,#1004,#427,.T.);
#1236=EDGE_CURVE('',#1003,#1005,#428,.T.);
#1237=EDGE_CURVE('',#1005,#1006,#905,.T.);
#1238=EDGE_CURVE('',#1007,#1006,#429,.T.);
#1239=EDGE_CURVE('',#1008,#1007,#430,.T.);
#1240=EDGE_CURVE('',#1008,#1009,#431,.T.);
#1241=EDGE_CURVE('',#1010,#1009,#432,.T.);
#1242=EDGE_CURVE('',#1010,#1011,#433,.T.);
#1243=EDGE_CURVE('',#1004,#1011,#434,.T.);
#1244=EDGE_CURVE('',#1012,#1012,#906,.T.);
#1245=EDGE_CURVE('',#1013,#1003,#435,.T.);
#1246=EDGE_CURVE('',#1013,#1014,#436,.T.);
#1247=EDGE_CURVE('',#1014,#1005,#907,.T.);
#1248=EDGE_CURVE('',#1015,#1013,#437,.T.);
#1249=EDGE_CURVE('',#1016,#1015,#438,.T.);
#1250=EDGE_CURVE('',#1016,#1017,#439,.T.);
#1251=EDGE_CURVE('',#1017,#1018,#440,.T.);
#1252=EDGE_CURVE('',#1018,#1019,#441,.T.);
#1253=EDGE_CURVE('',#1020,#1019,#442,.T.);
#1254=EDGE_CURVE('',#1014,#1020,#443,.T.);
#1255=EDGE_CURVE('',#1021,#1020,#15,.F.);
#1256=EDGE_CURVE('',#1019,#1022,#444,.T.);
#1257=EDGE_CURVE('',#1023,#1022,#445,.T.);
#1258=EDGE_CURVE('',#1021,#1023,#446,.T.);
#1259=EDGE_CURVE('',#1024,#1019,#447,.T.);
#1260=EDGE_CURVE('',#1024,#1022,#448,.T.);
#1261=EDGE_CURVE('',#1025,#1026,#449,.T.);
#1262=EDGE_CURVE('',#1025,#1015,#450,.T.);
#1263=EDGE_CURVE('',#1004,#1027,#451,.T.);
#1264=EDGE_CURVE('',#1027,#1026,#452,.T.);
#1265=EDGE_CURVE('',#1018,#1028,#453,.T.);
#1266=EDGE_CURVE('',#1028,#1024,#454,.T.);
#1267=EDGE_CURVE('',#1029,#1029,#908,.T.);
#1268=EDGE_CURVE('',#1006,#1021,#455,.T.);
#1269=EDGE_CURVE('',#1011,#1030,#456,.T.);
#1270=EDGE_CURVE('',#1031,#1010,#457,.T.);
#1271=EDGE_CURVE('',#1032,#1031,#458,.T.);
#1272=EDGE_CURVE('',#1032,#1033,#459,.T.);
#1273=EDGE_CURVE('',#1033,#1030,#460,.T.);
#1274=EDGE_CURVE('',#1030,#999,#461,.T.);
#1275=EDGE_CURVE('',#1000,#1033,#462,.T.);
#1276=EDGE_CURVE('',#1029,#1012,#463,.T.);
#1277=EDGE_CURVE('',#1034,#1034,#909,.T.);
#1278=EDGE_CURVE('',#1035,#1034,#464,.T.);
#1279=EDGE_CURVE('',#1035,#1035,#910,.T.);
#1280=EDGE_CURVE('',#1009,#950,#465,.T.);
#1281=EDGE_CURVE('',#949,#1008,#466,.T.);
#1282=EDGE_CURVE('',#1036,#1037,#467,.T.);
#1283=EDGE_CURVE('',#1038,#1036,#468,.T.);
#1284=EDGE_CURVE('',#1038,#1039,#469,.T.);
#1285=EDGE_CURVE('',#1040,#1039,#470,.T.);
#1286=EDGE_CURVE('',#1037,#1040,#471,.T.);
#1287=EDGE_CURVE('',#1023,#1039,#472,.T.);
#1288=EDGE_CURVE('',#1007,#1038,#473,.T.);
#1289=EDGE_CURVE('',#1041,#1042,#911,.T.);
#1290=EDGE_CURVE('',#1041,#1043,#474,.T.);
#1291=EDGE_CURVE('',#1043,#1044,#912,.T.);
#1292=EDGE_CURVE('',#1042,#1044,#475,.T.);
#1293=EDGE_CURVE('',#1044,#1045,#476,.T.);
#1294=EDGE_CURVE('',#1046,#1045,#477,.T.);
#1295=EDGE_CURVE('',#1042,#1046,#478,.T.);
#1296=EDGE_CURVE('',#1046,#1047,#913,.T.);
#1297=EDGE_CURVE('',#1045,#1048,#914,.T.);
#1298=EDGE_CURVE('',#1047,#1048,#479,.T.);
#1299=EDGE_CURVE('',#1048,#1049,#480,.T.);
#1300=EDGE_CURVE('',#1050,#1049,#481,.T.);
#1301=EDGE_CURVE('',#1047,#1050,#482,.T.);
#1302=EDGE_CURVE('',#1050,#1051,#915,.T.);
#1303=EDGE_CURVE('',#1049,#1052,#916,.T.);
#1304=EDGE_CURVE('',#1051,#1052,#483,.T.);
#1305=EDGE_CURVE('',#1052,#1053,#484,.T.);
#1306=EDGE_CURVE('',#1054,#1053,#485,.T.);
#1307=EDGE_CURVE('',#1051,#1054,#486,.T.);
#1308=EDGE_CURVE('',#1054,#1055,#917,.T.);
#1309=EDGE_CURVE('',#1053,#1056,#918,.T.);
#1310=EDGE_CURVE('',#1055,#1056,#487,.T.);
#1311=EDGE_CURVE('',#1056,#1043,#488,.T.);
#1312=EDGE_CURVE('',#1055,#1041,#489,.T.);
#1313=EDGE_CURVE('',#1056,#1057,#490,.T.);
#1314=EDGE_CURVE('',#1058,#1057,#491,.T.);
#1315=EDGE_CURVE('',#1043,#1058,#492,.T.);
#1316=EDGE_CURVE('',#1059,#1058,#919,.T.);
#1317=EDGE_CURVE('',#1044,#1059,#493,.T.);
#1318=EDGE_CURVE('',#1060,#1059,#494,.T.);
#1319=EDGE_CURVE('',#1045,#1060,#495,.T.);
#1320=EDGE_CURVE('',#1061,#1060,#920,.T.);
#1321=EDGE_CURVE('',#1048,#1061,#496,.T.);
#1322=EDGE_CURVE('',#1062,#1061,#497,.T.);
#1323=EDGE_CURVE('',#1049,#1062,#498,.T.);
#1324=EDGE_CURVE('',#1063,#1062,#921,.T.);
#1325=EDGE_CURVE('',#1052,#1063,#499,.T.);
#1326=EDGE_CURVE('',#1064,#1063,#500,.T.);
#1327=EDGE_CURVE('',#1053,#1064,#501,.T.);
#1328=EDGE_CURVE('',#1057,#1064,#922,.T.);
#1329=EDGE_CURVE('',#1028,#1040,#502,.T.);
#1330=EDGE_CURVE('',#1065,#1040,#503,.T.);
#1331=EDGE_CURVE('',#1037,#1065,#504,.T.);
#1332=EDGE_CURVE('',#1016,#1066,#505,.T.);
#1333=EDGE_CURVE('',#1066,#1067,#506,.T.);
#1334=EDGE_CURVE('',#1017,#1067,#507,.T.);
#1335=EDGE_CURVE('',#1026,#1068,#508,.T.);
#1336=EDGE_CURVE('',#1069,#1068,#509,.T.);
#1337=EDGE_CURVE('',#1069,#1025,#510,.T.);
#1338=EDGE_CURVE('',#1067,#1070,#511,.T.);
#1339=EDGE_CURVE('',#1070,#1065,#512,.T.);
#1340=EDGE_CURVE('',#1071,#1070,#513,.T.);
#1341=EDGE_CURVE('',#1037,#1071,#514,.T.);
#1342=EDGE_CURVE('',#1068,#1072,#515,.T.);
#1343=EDGE_CURVE('',#1072,#1073,#516,.T.);
#1344=EDGE_CURVE('',#1073,#1069,#517,.T.);
#1345=EDGE_CURVE('',#1066,#1074,#518,.T.);
#1346=EDGE_CURVE('',#1074,#1075,#519,.T.);
#1347=EDGE_CURVE('',#1075,#1071,#520,.T.);
#1348=EDGE_CURVE('',#1074,#1076,#521,.T.);
#1349=EDGE_CURVE('',#1077,#1076,#522,.T.);
#1350=EDGE_CURVE('',#1077,#1075,#523,.T.);
#1351=EDGE_CURVE('',#1073,#1076,#923,.T.);
#1352=EDGE_CURVE('',#1077,#1072,#924,.T.);
#1353=EDGE_CURVE('',#1078,#1032,#524,.T.);
#1354=EDGE_CURVE('',#1079,#1078,#525,.T.);
#1355=EDGE_CURVE('',#1079,#1080,#526,.T.);
#1356=EDGE_CURVE('',#966,#1080,#527,.T.);
#1357=EDGE_CURVE('',#1081,#1081,#925,.T.);
#1358=EDGE_CURVE('',#1082,#1083,#528,.T.);
#1359=EDGE_CURVE('',#1084,#1082,#529,.T.);
#1360=EDGE_CURVE('',#1085,#1084,#530,.T.);
#1361=EDGE_CURVE('',#1085,#1086,#531,.T.);
#1362=EDGE_CURVE('',#1086,#1087,#532,.T.);
#1363=EDGE_CURVE('',#1087,#1083,#533,.T.);
#1364=EDGE_CURVE('',#1088,#1089,#534,.T.);
#1365=EDGE_CURVE('',#1088,#1090,#535,.T.);
#1366=EDGE_CURVE('',#1090,#1091,#536,.T.);
#1367=EDGE_CURVE('',#1091,#1092,#537,.T.);
#1368=EDGE_CURVE('',#1092,#1084,#538,.T.);
#1369=EDGE_CURVE('',#1082,#1089,#539,.T.);
#1370=EDGE_CURVE('',#1093,#965,#540,.T.);
#1371=EDGE_CURVE('',#1093,#1094,#541,.T.);
#1372=EDGE_CURVE('',#1094,#1095,#542,.T.);
#1373=EDGE_CURVE('',#1095,#1091,#543,.T.);
#1374=EDGE_CURVE('',#1090,#1027,#544,.T.);
#1375=EDGE_CURVE('',#1094,#1079,#545,.T.);
#1376=EDGE_CURVE('',#1096,#1078,#546,.T.);
#1377=EDGE_CURVE('',#1097,#1096,#547,.T.);
#1378=EDGE_CURVE('',#1095,#1097,#548,.T.);
#1379=EDGE_CURVE('',#1093,#1080,#549,.T.);
#1380=EDGE_CURVE('',#1098,#1099,#550,.T.);
#1381=EDGE_CURVE('',#1100,#1099,#551,.T.);
#1382=EDGE_CURVE('',#1101,#1100,#552,.T.);
#1383=EDGE_CURVE('',#1098,#1101,#553,.T.);
#1384=EDGE_CURVE('',#1101,#1102,#926,.T.);
#1385=EDGE_CURVE('',#1103,#1100,#927,.T.);
#1386=EDGE_CURVE('',#1102,#1103,#554,.T.);
#1387=EDGE_CURVE('',#1104,#1103,#555,.T.);
#1388=EDGE_CURVE('',#1105,#1104,#556,.T.);
#1389=EDGE_CURVE('',#1102,#1105,#557,.T.);
#1390=EDGE_CURVE('',#1105,#1106,#928,.T.);
#1391=EDGE_CURVE('',#1107,#1104,#929,.T.);
#1392=EDGE_CURVE('',#1106,#1107,#558,.T.);
#1393=EDGE_CURVE('',#1108,#1107,#559,.T.);
#1394=EDGE_CURVE('',#1109,#1108,#560,.T.);
#1395=EDGE_CURVE('',#1106,#1109,#561,.T.);
#1396=EDGE_CURVE('',#1110,#1106,#562,.T.);
#1397=EDGE_CURVE('',#1111,#1109,#563,.T.);
#1398=EDGE_CURVE('',#1110,#1111,#564,.T.);
#1399=EDGE_CURVE('',#1112,#1110,#930,.T.);
#1400=EDGE_CURVE('',#1112,#1105,#565,.T.);
#1401=EDGE_CURVE('',#1113,#1102,#566,.T.);
#1402=EDGE_CURVE('',#1113,#1112,#567,.T.);
#1403=EDGE_CURVE('',#1114,#1113,#931,.T.);
#1404=EDGE_CURVE('',#1114,#1101,#568,.T.);
#1405=EDGE_CURVE('',#1115,#1098,#569,.T.);
#1406=EDGE_CURVE('',#1115,#1114,#570,.T.);
#1407=EDGE_CURVE('',#1081,#1116,#571,.T.);
#1408=EDGE_CURVE('',#1116,#1116,#932,.T.);
#1409=EDGE_CURVE('',#963,#1117,#572,.T.);
#1410=EDGE_CURVE('',#1117,#1097,#573,.T.);
#1411=EDGE_CURVE('',#1096,#1031,#574,.T.);
#1412=EDGE_CURVE('',#1118,#964,#575,.T.);
#1413=EDGE_CURVE('',#1117,#1118,#576,.T.);
#1414=EDGE_CURVE('',#1109,#1119,#933,.T.);
#1415=EDGE_CURVE('',#1120,#1119,#577,.T.);
#1416=EDGE_CURVE('',#1111,#1120,#934,.T.);
#1417=EDGE_CURVE('',#1121,#1108,#935,.T.);
#1418=EDGE_CURVE('',#1119,#1121,#578,.T.);
#1419=EDGE_CURVE('',#1099,#1122,#936,.T.);
#1420=EDGE_CURVE('',#1122,#1121,#579,.T.);
#1421=EDGE_CURVE('',#1123,#1098,#937,.T.);
#1422=EDGE_CURVE('',#1123,#1122,#580,.T.);
#1423=EDGE_CURVE('',#1036,#1124,#581,.T.);
#1424=EDGE_CURVE('',#1124,#1125,#582,.T.);
#1425=EDGE_CURVE('',#1125,#1126,#583,.T.);
#1426=EDGE_CURVE('',#1126,#1118,#584,.T.);
#1427=EDGE_CURVE('',#1127,#1115,#938,.T.);
#1428=EDGE_CURVE('',#1120,#1127,#585,.T.);
#1429=EDGE_CURVE('',#1128,#1128,#939,.T.);
#1430=EDGE_CURVE('',#1127,#1123,#586,.T.);
#1431=EDGE_CURVE('',#1129,#1130,#587,.T.);
#1432=EDGE_CURVE('',#1130,#1131,#588,.T.);
#1433=EDGE_CURVE('',#1129,#1131,#589,.T.);
#1434=EDGE_CURVE('',#1119,#1123,#590,.T.);
#1435=EDGE_CURVE('',#1132,#1128,#591,.T.);
#1436=EDGE_CURVE('',#1132,#1132,#940,.T.);
#1437=EDGE_CURVE('',#1125,#1133,#592,.T.);
#1438=EDGE_CURVE('',#1124,#1130,#593,.T.);
#1439=EDGE_CURVE('',#1133,#1129,#594,.T.);
#1440=EDGE_CURVE('',#1134,#1126,#595,.T.);
#1441=EDGE_CURVE('',#1135,#1133,#596,.T.);
#1442=EDGE_CURVE('',#1135,#1136,#597,.T.);
#1443=EDGE_CURVE('',#1134,#1136,#598,.T.);
#1444=EDGE_CURVE('',#1137,#1138,#599,.T.);
#1445=EDGE_CURVE('',#1139,#1138,#600,.T.);
#1446=EDGE_CURVE('',#1139,#1140,#601,.T.);
#1447=EDGE_CURVE('',#1135,#1140,#602,.T.);
#1448=EDGE_CURVE('',#1129,#1137,#603,.T.);
#1449=EDGE_CURVE('',#1139,#1087,#604,.T.);
#1450=EDGE_CURVE('',#1140,#1087,#605,.T.);
#1451=EDGE_CURVE('',#1141,#1092,#606,.T.);
#1452=EDGE_CURVE('',#1141,#1085,#941,.T.);
#1453=EDGE_CURVE('',#1086,#1136,#16,.T.);
#1454=EDGE_CURVE('',#1134,#1141,#942,.T.);
#1455=EDGE_CURVE('',#1142,#1142,#943,.T.);
#1456=EDGE_CURVE('',#1143,#1142,#607,.T.);
#1457=EDGE_CURVE('',#1143,#1143,#944,.T.);
#1458=EDGE_CURVE('',#1138,#1083,#608,.T.);
#1459=EDGE_CURVE('',#1144,#1145,#609,.T.);
#1460=EDGE_CURVE('',#1146,#1144,#945,.T.);
#1461=EDGE_CURVE('',#1147,#1146,#610,.T.);
#1462=EDGE_CURVE('',#1145,#1147,#946,.T.);
#1463=EDGE_CURVE('',#1148,#1149,#611,.T.);
#1464=EDGE_CURVE('',#1148,#1144,#612,.T.);
#1465=EDGE_CURVE('',#1145,#1149,#613,.T.);
#1466=EDGE_CURVE('',#1150,#1146,#614,.T.);
#1467=EDGE_CURVE('',#1151,#1150,#615,.T.);
#1468=EDGE_CURVE('',#1147,#1151,#616,.T.);
#1469=EDGE_CURVE('',#1149,#1088,#617,.T.);
#1470=EDGE_CURVE('',#1152,#1151,#618,.T.);
#1471=EDGE_CURVE('',#1152,#1130,#619,.T.);
#1472=EDGE_CURVE('',#1150,#1153,#620,.T.);
#1473=EDGE_CURVE('',#1153,#1154,#621,.T.);
#1474=EDGE_CURVE('',#1154,#1152,#622,.T.);
#1475=EDGE_CURVE('',#1089,#1148,#623,.T.);
#1476=EDGE_CURVE('',#1131,#1154,#624,.T.);
#1477=EDGE_CURVE('',#1137,#1153,#625,.T.);
#1478=ORIENTED_EDGE('',*,*,#1155,.T.);
#1479=ORIENTED_EDGE('',*,*,#1156,.F.);
#1480=ORIENTED_EDGE('',*,*,#1157,.F.);
#1481=ORIENTED_EDGE('',*,*,#1156,.T.);
#1482=ORIENTED_EDGE('',*,*,#1158,.F.);
#1483=ORIENTED_EDGE('',*,*,#1159,.F.);
#1484=ORIENTED_EDGE('',*,*,#1160,.T.);
#1485=ORIENTED_EDGE('',*,*,#1161,.F.);
#1486=ORIENTED_EDGE('',*,*,#1162,.T.);
#1487=ORIENTED_EDGE('',*,*,#1163,.T.);
#1488=ORIENTED_EDGE('',*,*,#1164,.F.);
#1489=ORIENTED_EDGE('',*,*,#1160,.F.);
#1490=ORIENTED_EDGE('',*,*,#1165,.T.);
#1491=ORIENTED_EDGE('',*,*,#1166,.F.);
#1492=ORIENTED_EDGE('',*,*,#1163,.F.);
#1493=ORIENTED_EDGE('',*,*,#1167,.F.);
#1494=ORIENTED_EDGE('',*,*,#1168,.F.);
#1495=ORIENTED_EDGE('',*,*,#1169,.T.);
#1496=ORIENTED_EDGE('',*,*,#1170,.T.);
#1497=ORIENTED_EDGE('',*,*,#1165,.F.);
#1498=ORIENTED_EDGE('',*,*,#1171,.T.);
#1499=ORIENTED_EDGE('',*,*,#1172,.F.);
#1500=ORIENTED_EDGE('',*,*,#1169,.F.);
#1501=ORIENTED_EDGE('',*,*,#1173,.F.);
#1502=ORIENTED_EDGE('',*,*,#1174,.F.);
#1503=ORIENTED_EDGE('',*,*,#1171,.F.);
#1504=ORIENTED_EDGE('',*,*,#1175,.T.);
#1505=ORIENTED_EDGE('',*,*,#1176,.T.);
#1506=ORIENTED_EDGE('',*,*,#1177,.F.);
#1507=ORIENTED_EDGE('',*,*,#1178,.F.);
#1508=ORIENTED_EDGE('',*,*,#1176,.F.);
#1509=ORIENTED_EDGE('',*,*,#1179,.F.);
#1510=ORIENTED_EDGE('',*,*,#1180,.F.);
#1511=ORIENTED_EDGE('',*,*,#1181,.F.);
#1512=ORIENTED_EDGE('',*,*,#1182,.T.);
#1513=ORIENTED_EDGE('',*,*,#1183,.F.);
#1514=ORIENTED_EDGE('',*,*,#1184,.T.);
#1515=ORIENTED_EDGE('',*,*,#1182,.F.);
#1516=ORIENTED_EDGE('',*,*,#1185,.F.);
#1517=ORIENTED_EDGE('',*,*,#1186,.T.);
#1518=ORIENTED_EDGE('',*,*,#1186,.F.);
#1519=ORIENTED_EDGE('',*,*,#1187,.T.);
#1520=ORIENTED_EDGE('',*,*,#1188,.F.);
#1521=ORIENTED_EDGE('',*,*,#1189,.F.);
#1522=ORIENTED_EDGE('',*,*,#1190,.F.);
#1523=ORIENTED_EDGE('',*,*,#1191,.T.);
#1524=ORIENTED_EDGE('',*,*,#1192,.T.);
#1525=ORIENTED_EDGE('',*,*,#1193,.T.);
#1526=ORIENTED_EDGE('',*,*,#1194,.T.);
#1527=ORIENTED_EDGE('',*,*,#1195,.F.);
#1528=ORIENTED_EDGE('',*,*,#1196,.T.);
#1529=ORIENTED_EDGE('',*,*,#1197,.T.);
#1530=ORIENTED_EDGE('',*,*,#1196,.F.);
#1531=ORIENTED_EDGE('',*,*,#1198,.F.);
#1532=ORIENTED_EDGE('',*,*,#1199,.F.);
#1533=ORIENTED_EDGE('',*,*,#1200,.T.);
#1534=ORIENTED_EDGE('',*,*,#1199,.T.);
#1535=ORIENTED_EDGE('',*,*,#1201,.F.);
#1536=ORIENTED_EDGE('',*,*,#1202,.F.);
#1537=ORIENTED_EDGE('',*,*,#1203,.T.);
#1538=ORIENTED_EDGE('',*,*,#1194,.F.);
#1539=ORIENTED_EDGE('',*,*,#1204,.T.);
#1540=ORIENTED_EDGE('',*,*,#1202,.T.);
#1541=ORIENTED_EDGE('',*,*,#1205,.F.);
#1542=ORIENTED_EDGE('',*,*,#1195,.T.);
#1543=ORIENTED_EDGE('',*,*,#1205,.T.);
#1544=ORIENTED_EDGE('',*,*,#1201,.T.);
#1545=ORIENTED_EDGE('',*,*,#1198,.T.);
#1546=ORIENTED_EDGE('',*,*,#1206,.F.);
#1547=ORIENTED_EDGE('',*,*,#1206,.T.);
#1548=ORIENTED_EDGE('',*,*,#1207,.F.);
#1549=ORIENTED_EDGE('',*,*,#1208,.T.);
#1550=ORIENTED_EDGE('',*,*,#1207,.T.);
#1551=ORIENTED_EDGE('',*,*,#1209,.T.);
#1552=ORIENTED_EDGE('',*,*,#1210,.T.);
#1553=ORIENTED_EDGE('',*,*,#1211,.F.);
#1554=ORIENTED_EDGE('',*,*,#1212,.T.);
#1555=ORIENTED_EDGE('',*,*,#1213,.F.);
#1556=ORIENTED_EDGE('',*,*,#1189,.T.);
#1557=ORIENTED_EDGE('',*,*,#1208,.F.);
#1558=ORIENTED_EDGE('',*,*,#1213,.T.);
#1559=ORIENTED_EDGE('',*,*,#1214,.T.);
#1560=ORIENTED_EDGE('',*,*,#1215,.F.);
#1561=ORIENTED_EDGE('',*,*,#1190,.T.);
#1562=ORIENTED_EDGE('',*,*,#1212,.F.);
#1563=ORIENTED_EDGE('',*,*,#1216,.T.);
#1564=ORIENTED_EDGE('',*,*,#1217,.F.);
#1565=ORIENTED_EDGE('',*,*,#1214,.F.);
#1566=ORIENTED_EDGE('',*,*,#1211,.T.);
#1567=ORIENTED_EDGE('',*,*,#1218,.F.);
#1568=ORIENTED_EDGE('',*,*,#1219,.T.);
#1569=ORIENTED_EDGE('',*,*,#1216,.F.);
#1570=ORIENTED_EDGE('',*,*,#1220,.F.);
#1571=ORIENTED_EDGE('',*,*,#1221,.F.);
#1572=ORIENTED_EDGE('',*,*,#1218,.T.);
#1573=ORIENTED_EDGE('',*,*,#1210,.F.);
#1574=ORIENTED_EDGE('',*,*,#1222,.T.);
#1575=ORIENTED_EDGE('',*,*,#1220,.T.);
#1576=ORIENTED_EDGE('',*,*,#1209,.F.);
#1577=ORIENTED_EDGE('',*,*,#1188,.T.);
#1578=ORIENTED_EDGE('',*,*,#1223,.T.);
#1579=ORIENTED_EDGE('',*,*,#1192,.F.);
#1580=ORIENTED_EDGE('',*,*,#1224,.F.);
#1581=ORIENTED_EDGE('',*,*,#1225,.F.);
#1582=ORIENTED_EDGE('',*,*,#1225,.T.);
#1583=ORIENTED_EDGE('',*,*,#1226,.F.);
#1584=ORIENTED_EDGE('',*,*,#1227,.F.);
#1585=ORIENTED_EDGE('',*,*,#1228,.T.);
#1586=ORIENTED_EDGE('',*,*,#1229,.T.);
#1587=ORIENTED_EDGE('',*,*,#1230,.F.);
#1588=ORIENTED_EDGE('',*,*,#1231,.T.);
#1589=ORIENTED_EDGE('',*,*,#1227,.T.);
#1590=ORIENTED_EDGE('',*,*,#1232,.T.);
#1591=ORIENTED_EDGE('',*,*,#1233,.T.);
#1592=ORIENTED_EDGE('',*,*,#1234,.F.);
#1593=ORIENTED_EDGE('',*,*,#1232,.F.);
#1594=ORIENTED_EDGE('',*,*,#1234,.T.);
#1595=ORIENTED_EDGE('',*,*,#1235,.F.);
#1596=ORIENTED_EDGE('',*,*,#1236,.T.);
#1597=ORIENTED_EDGE('',*,*,#1237,.T.);
#1598=ORIENTED_EDGE('',*,*,#1238,.F.);
#1599=ORIENTED_EDGE('',*,*,#1239,.F.);
#1600=ORIENTED_EDGE('',*,*,#1240,.T.);
#1601=ORIENTED_EDGE('',*,*,#1241,.F.);
#1602=ORIENTED_EDGE('',*,*,#1242,.T.);
#1603=ORIENTED_EDGE('',*,*,#1243,.F.);
#1604=ORIENTED_EDGE('',*,*,#1244,.F.);
#1605=ORIENTED_EDGE('',*,*,#1245,.F.);
#1606=ORIENTED_EDGE('',*,*,#1246,.T.);
#1607=ORIENTED_EDGE('',*,*,#1247,.T.);
#1608=ORIENTED_EDGE('',*,*,#1236,.F.);
#1609=ORIENTED_EDGE('',*,*,#1248,.F.);
#1610=ORIENTED_EDGE('',*,*,#1249,.F.);
#1611=ORIENTED_EDGE('',*,*,#1250,.T.);
#1612=ORIENTED_EDGE('',*,*,#1251,.T.);
#1613=ORIENTED_EDGE('',*,*,#1252,.T.);
#1614=ORIENTED_EDGE('',*,*,#1253,.F.);
#1615=ORIENTED_EDGE('',*,*,#1254,.F.);
#1616=ORIENTED_EDGE('',*,*,#1246,.F.);
#1617=ORIENTED_EDGE('',*,*,#1255,.T.);
#1618=ORIENTED_EDGE('',*,*,#1253,.T.);
#1619=ORIENTED_EDGE('',*,*,#1256,.T.);
#1620=ORIENTED_EDGE('',*,*,#1257,.F.);
#1621=ORIENTED_EDGE('',*,*,#1258,.F.);
#1622=ORIENTED_EDGE('',*,*,#1256,.F.);
#1623=ORIENTED_EDGE('',*,*,#1259,.F.);
#1624=ORIENTED_EDGE('',*,*,#1260,.T.);
#1625=ORIENTED_EDGE('',*,*,#1261,.F.);
#1626=ORIENTED_EDGE('',*,*,#1262,.T.);
#1627=ORIENTED_EDGE('',*,*,#1248,.T.);
#1628=ORIENTED_EDGE('',*,*,#1245,.T.);
#1629=ORIENTED_EDGE('',*,*,#1235,.T.);
#1630=ORIENTED_EDGE('',*,*,#1263,.T.);
#1631=ORIENTED_EDGE('',*,*,#1264,.T.);
#1632=ORIENTED_EDGE('',*,*,#1259,.T.);
#1633=ORIENTED_EDGE('',*,*,#1252,.F.);
#1634=ORIENTED_EDGE('',*,*,#1265,.T.);
#1635=ORIENTED_EDGE('',*,*,#1266,.T.);
#1636=ORIENTED_EDGE('',*,*,#1267,.T.);
#1637=ORIENTED_EDGE('',*,*,#1237,.F.);
#1638=ORIENTED_EDGE('',*,*,#1247,.F.);
#1639=ORIENTED_EDGE('',*,*,#1254,.T.);
#1640=ORIENTED_EDGE('',*,*,#1255,.F.);
#1641=ORIENTED_EDGE('',*,*,#1268,.F.);
#1642=ORIENTED_EDGE('',*,*,#1269,.F.);
#1643=ORIENTED_EDGE('',*,*,#1242,.F.);
#1644=ORIENTED_EDGE('',*,*,#1270,.F.);
#1645=ORIENTED_EDGE('',*,*,#1271,.F.);
#1646=ORIENTED_EDGE('',*,*,#1272,.T.);
#1647=ORIENTED_EDGE('',*,*,#1273,.T.);
#1648=ORIENTED_EDGE('',*,*,#1274,.F.);
#1649=ORIENTED_EDGE('',*,*,#1273,.F.);
#1650=ORIENTED_EDGE('',*,*,#1275,.F.);
#1651=ORIENTED_EDGE('',*,*,#1230,.T.);
#1652=ORIENTED_EDGE('',*,*,#1244,.T.);
#1653=ORIENTED_EDGE('',*,*,#1276,.F.);
#1654=ORIENTED_EDGE('',*,*,#1267,.F.);
#1655=ORIENTED_EDGE('',*,*,#1276,.T.);
#1656=ORIENTED_EDGE('',*,*,#1277,.T.);
#1657=ORIENTED_EDGE('',*,*,#1278,.F.);
#1658=ORIENTED_EDGE('',*,*,#1279,.F.);
#1659=ORIENTED_EDGE('',*,*,#1278,.T.);
#1660=ORIENTED_EDGE('',*,*,#1280,.F.);
#1661=ORIENTED_EDGE('',*,*,#1240,.F.);
#1662=ORIENTED_EDGE('',*,*,#1281,.F.);
#1663=ORIENTED_EDGE('',*,*,#1158,.T.);
#1664=ORIENTED_EDGE('',*,*,#1282,.F.);
#1665=ORIENTED_EDGE('',*,*,#1283,.F.);
#1666=ORIENTED_EDGE('',*,*,#1284,.T.);
#1667=ORIENTED_EDGE('',*,*,#1285,.F.);
#1668=ORIENTED_EDGE('',*,*,#1286,.F.);
#1669=ORIENTED_EDGE('',*,*,#1258,.T.);
#1670=ORIENTED_EDGE('',*,*,#1287,.T.);
#1671=ORIENTED_EDGE('',*,*,#1284,.F.);
#1672=ORIENTED_EDGE('',*,*,#1288,.F.);
#1673=ORIENTED_EDGE('',*,*,#1238,.T.);
#1674=ORIENTED_EDGE('',*,*,#1268,.T.);
#1675=ORIENTED_EDGE('',*,*,#1289,.F.);
#1676=ORIENTED_EDGE('',*,*,#1290,.T.);
#1677=ORIENTED_EDGE('',*,*,#1291,.T.);
#1678=ORIENTED_EDGE('',*,*,#1292,.F.);
#1679=ORIENTED_EDGE('',*,*,#1292,.T.);
#1680=ORIENTED_EDGE('',*,*,#1293,.T.);
#1681=ORIENTED_EDGE('',*,*,#1294,.F.);
#1682=ORIENTED_EDGE('',*,*,#1295,.F.);
#1683=ORIENTED_EDGE('',*,*,#1296,.F.);
#1684=ORIENTED_EDGE('',*,*,#1294,.T.);
#1685=ORIENTED_EDGE('',*,*,#1297,.T.);
#1686=ORIENTED_EDGE('',*,*,#1298,.F.);
#1687=ORIENTED_EDGE('',*,*,#1298,.T.);
#1688=ORIENTED_EDGE('',*,*,#1299,.T.);
#1689=ORIENTED_EDGE('',*,*,#1300,.F.);
#1690=ORIENTED_EDGE('',*,*,#1301,.F.);
#1691=ORIENTED_EDGE('',*,*,#1302,.F.);
#1692=ORIENTED_EDGE('',*,*,#1300,.T.);
#1693=ORIENTED_EDGE('',*,*,#1303,.T.);
#1694=ORIENTED_EDGE('',*,*,#1304,.F.);
#1695=ORIENTED_EDGE('',*,*,#1304,.T.);
#1696=ORIENTED_EDGE('',*,*,#1305,.T.);
#1697=ORIENTED_EDGE('',*,*,#1306,.F.);
#1698=ORIENTED_EDGE('',*,*,#1307,.F.);
#1699=ORIENTED_EDGE('',*,*,#1308,.F.);
#1700=ORIENTED_EDGE('',*,*,#1306,.T.);
#1701=ORIENTED_EDGE('',*,*,#1309,.T.);
#1702=ORIENTED_EDGE('',*,*,#1310,.F.);
#1703=ORIENTED_EDGE('',*,*,#1310,.T.);
#1704=ORIENTED_EDGE('',*,*,#1311,.T.);
#1705=ORIENTED_EDGE('',*,*,#1290,.F.);
#1706=ORIENTED_EDGE('',*,*,#1312,.F.);
#1707=ORIENTED_EDGE('',*,*,#1313,.T.);
#1708=ORIENTED_EDGE('',*,*,#1314,.F.);
#1709=ORIENTED_EDGE('',*,*,#1315,.F.);
#1710=ORIENTED_EDGE('',*,*,#1311,.F.);
#1711=ORIENTED_EDGE('',*,*,#1291,.F.);
#1712=ORIENTED_EDGE('',*,*,#1315,.T.);
#1713=ORIENTED_EDGE('',*,*,#1316,.F.);
#1714=ORIENTED_EDGE('',*,*,#1317,.F.);
#1715=ORIENTED_EDGE('',*,*,#1317,.T.);
#1716=ORIENTED_EDGE('',*,*,#1318,.F.);
#1717=ORIENTED_EDGE('',*,*,#1319,.F.);
#1718=ORIENTED_EDGE('',*,*,#1293,.F.);
#1719=ORIENTED_EDGE('',*,*,#1297,.F.);
#1720=ORIENTED_EDGE('',*,*,#1319,.T.);
#1721=ORIENTED_EDGE('',*,*,#1320,.F.);
#1722=ORIENTED_EDGE('',*,*,#1321,.F.);
#1723=ORIENTED_EDGE('',*,*,#1321,.T.);
#1724=ORIENTED_EDGE('',*,*,#1322,.F.);
#1725=ORIENTED_EDGE('',*,*,#1323,.F.);
#1726=ORIENTED_EDGE('',*,*,#1299,.F.);
#1727=ORIENTED_EDGE('',*,*,#1303,.F.);
#1728=ORIENTED_EDGE('',*,*,#1323,.T.);
#1729=ORIENTED_EDGE('',*,*,#1324,.F.);
#1730=ORIENTED_EDGE('',*,*,#1325,.F.);
#1731=ORIENTED_EDGE('',*,*,#1325,.T.);
#1732=ORIENTED_EDGE('',*,*,#1326,.F.);
#1733=ORIENTED_EDGE('',*,*,#1327,.F.);
#1734=ORIENTED_EDGE('',*,*,#1305,.F.);
#1735=ORIENTED_EDGE('',*,*,#1309,.F.);
#1736=ORIENTED_EDGE('',*,*,#1327,.T.);
#1737=ORIENTED_EDGE('',*,*,#1328,.F.);
#1738=ORIENTED_EDGE('',*,*,#1313,.F.);
#1739=ORIENTED_EDGE('',*,*,#1322,.T.);
#1740=ORIENTED_EDGE('',*,*,#1320,.T.);
#1741=ORIENTED_EDGE('',*,*,#1318,.T.);
#1742=ORIENTED_EDGE('',*,*,#1316,.T.);
#1743=ORIENTED_EDGE('',*,*,#1314,.T.);
#1744=ORIENTED_EDGE('',*,*,#1328,.T.);
#1745=ORIENTED_EDGE('',*,*,#1326,.T.);
#1746=ORIENTED_EDGE('',*,*,#1324,.T.);
#1747=ORIENTED_EDGE('',*,*,#1329,.T.);
#1748=ORIENTED_EDGE('',*,*,#1285,.T.);
#1749=ORIENTED_EDGE('',*,*,#1287,.F.);
#1750=ORIENTED_EDGE('',*,*,#1257,.T.);
#1751=ORIENTED_EDGE('',*,*,#1260,.F.);
#1752=ORIENTED_EDGE('',*,*,#1266,.F.);
#1753=ORIENTED_EDGE('',*,*,#1279,.T.);
#1754=ORIENTED_EDGE('',*,*,#1286,.T.);
#1755=ORIENTED_EDGE('',*,*,#1330,.F.);
#1756=ORIENTED_EDGE('',*,*,#1331,.F.);
#1757=ORIENTED_EDGE('',*,*,#1332,.T.);
#1758=ORIENTED_EDGE('',*,*,#1333,.T.);
#1759=ORIENTED_EDGE('',*,*,#1334,.F.);
#1760=ORIENTED_EDGE('',*,*,#1250,.F.);
#1761=ORIENTED_EDGE('',*,*,#1261,.T.);
#1762=ORIENTED_EDGE('',*,*,#1335,.T.);
#1763=ORIENTED_EDGE('',*,*,#1336,.F.);
#1764=ORIENTED_EDGE('',*,*,#1337,.T.);
#1765=ORIENTED_EDGE('',*,*,#1334,.T.);
#1766=ORIENTED_EDGE('',*,*,#1338,.T.);
#1767=ORIENTED_EDGE('',*,*,#1339,.T.);
#1768=ORIENTED_EDGE('',*,*,#1330,.T.);
#1769=ORIENTED_EDGE('',*,*,#1329,.F.);
#1770=ORIENTED_EDGE('',*,*,#1265,.F.);
#1771=ORIENTED_EDGE('',*,*,#1251,.F.);
#1772=ORIENTED_EDGE('',*,*,#1339,.F.);
#1773=ORIENTED_EDGE('',*,*,#1340,.F.);
#1774=ORIENTED_EDGE('',*,*,#1341,.F.);
#1775=ORIENTED_EDGE('',*,*,#1331,.T.);
#1776=ORIENTED_EDGE('',*,*,#1336,.T.);
#1777=ORIENTED_EDGE('',*,*,#1342,.T.);
#1778=ORIENTED_EDGE('',*,*,#1343,.T.);
#1779=ORIENTED_EDGE('',*,*,#1344,.T.);
#1780=ORIENTED_EDGE('',*,*,#1345,.T.);
#1781=ORIENTED_EDGE('',*,*,#1346,.T.);
#1782=ORIENTED_EDGE('',*,*,#1347,.T.);
#1783=ORIENTED_EDGE('',*,*,#1340,.T.);
#1784=ORIENTED_EDGE('',*,*,#1338,.F.);
#1785=ORIENTED_EDGE('',*,*,#1333,.F.);
#1786=ORIENTED_EDGE('',*,*,#1348,.T.);
#1787=ORIENTED_EDGE('',*,*,#1349,.F.);
#1788=ORIENTED_EDGE('',*,*,#1350,.T.);
#1789=ORIENTED_EDGE('',*,*,#1346,.F.);
#1790=ORIENTED_EDGE('',*,*,#1344,.F.);
#1791=ORIENTED_EDGE('',*,*,#1351,.T.);
#1792=ORIENTED_EDGE('',*,*,#1348,.F.);
#1793=ORIENTED_EDGE('',*,*,#1345,.F.);
#1794=ORIENTED_EDGE('',*,*,#1332,.F.);
#1795=ORIENTED_EDGE('',*,*,#1249,.T.);
#1796=ORIENTED_EDGE('',*,*,#1262,.F.);
#1797=ORIENTED_EDGE('',*,*,#1337,.F.);
#1798=ORIENTED_EDGE('',*,*,#1343,.F.);
#1799=ORIENTED_EDGE('',*,*,#1352,.F.);
#1800=ORIENTED_EDGE('',*,*,#1349,.T.);
#1801=ORIENTED_EDGE('',*,*,#1351,.F.);
#1802=ORIENTED_EDGE('',*,*,#1353,.F.);
#1803=ORIENTED_EDGE('',*,*,#1354,.F.);
#1804=ORIENTED_EDGE('',*,*,#1355,.T.);
#1805=ORIENTED_EDGE('',*,*,#1356,.F.);
#1806=ORIENTED_EDGE('',*,*,#1183,.T.);
#1807=ORIENTED_EDGE('',*,*,#1184,.F.);
#1808=ORIENTED_EDGE('',*,*,#1197,.F.);
#1809=ORIENTED_EDGE('',*,*,#1200,.F.);
#1810=ORIENTED_EDGE('',*,*,#1203,.F.);
#1811=ORIENTED_EDGE('',*,*,#1204,.F.);
#1812=ORIENTED_EDGE('',*,*,#1193,.F.);
#1813=ORIENTED_EDGE('',*,*,#1223,.F.);
#1814=ORIENTED_EDGE('',*,*,#1228,.F.);
#1815=ORIENTED_EDGE('',*,*,#1231,.F.);
#1816=ORIENTED_EDGE('',*,*,#1275,.T.);
#1817=ORIENTED_EDGE('',*,*,#1272,.F.);
#1818=ORIENTED_EDGE('',*,*,#1357,.T.);
#1819=ORIENTED_EDGE('',*,*,#1358,.F.);
#1820=ORIENTED_EDGE('',*,*,#1359,.F.);
#1821=ORIENTED_EDGE('',*,*,#1360,.F.);
#1822=ORIENTED_EDGE('',*,*,#1361,.T.);
#1823=ORIENTED_EDGE('',*,*,#1362,.T.);
#1824=ORIENTED_EDGE('',*,*,#1363,.T.);
#1825=ORIENTED_EDGE('',*,*,#1364,.F.);
#1826=ORIENTED_EDGE('',*,*,#1365,.T.);
#1827=ORIENTED_EDGE('',*,*,#1366,.T.);
#1828=ORIENTED_EDGE('',*,*,#1367,.T.);
#1829=ORIENTED_EDGE('',*,*,#1368,.T.);
#1830=ORIENTED_EDGE('',*,*,#1359,.T.);
#1831=ORIENTED_EDGE('',*,*,#1369,.T.);
#1832=ORIENTED_EDGE('',*,*,#1370,.F.);
#1833=ORIENTED_EDGE('',*,*,#1371,.T.);
#1834=ORIENTED_EDGE('',*,*,#1372,.T.);
#1835=ORIENTED_EDGE('',*,*,#1373,.T.);
#1836=ORIENTED_EDGE('',*,*,#1366,.F.);
#1837=ORIENTED_EDGE('',*,*,#1374,.T.);
#1838=ORIENTED_EDGE('',*,*,#1263,.F.);
#1839=ORIENTED_EDGE('',*,*,#1243,.T.);
#1840=ORIENTED_EDGE('',*,*,#1269,.T.);
#1841=ORIENTED_EDGE('',*,*,#1274,.T.);
#1842=ORIENTED_EDGE('',*,*,#1229,.F.);
#1843=ORIENTED_EDGE('',*,*,#1226,.T.);
#1844=ORIENTED_EDGE('',*,*,#1224,.T.);
#1845=ORIENTED_EDGE('',*,*,#1191,.F.);
#1846=ORIENTED_EDGE('',*,*,#1215,.T.);
#1847=ORIENTED_EDGE('',*,*,#1217,.T.);
#1848=ORIENTED_EDGE('',*,*,#1219,.F.);
#1849=ORIENTED_EDGE('',*,*,#1221,.T.);
#1850=ORIENTED_EDGE('',*,*,#1222,.F.);
#1851=ORIENTED_EDGE('',*,*,#1187,.F.);
#1852=ORIENTED_EDGE('',*,*,#1185,.T.);
#1853=ORIENTED_EDGE('',*,*,#1181,.T.);
#1854=ORIENTED_EDGE('',*,*,#1372,.F.);
#1855=ORIENTED_EDGE('',*,*,#1375,.T.);
#1856=ORIENTED_EDGE('',*,*,#1354,.T.);
#1857=ORIENTED_EDGE('',*,*,#1376,.F.);
#1858=ORIENTED_EDGE('',*,*,#1377,.F.);
#1859=ORIENTED_EDGE('',*,*,#1378,.F.);
#1860=ORIENTED_EDGE('',*,*,#1371,.F.);
#1861=ORIENTED_EDGE('',*,*,#1379,.T.);
#1862=ORIENTED_EDGE('',*,*,#1355,.F.);
#1863=ORIENTED_EDGE('',*,*,#1375,.F.);
#1864=ORIENTED_EDGE('',*,*,#1380,.T.);
#1865=ORIENTED_EDGE('',*,*,#1381,.F.);
#1866=ORIENTED_EDGE('',*,*,#1382,.F.);
#1867=ORIENTED_EDGE('',*,*,#1383,.F.);
#1868=ORIENTED_EDGE('',*,*,#1384,.F.);
#1869=ORIENTED_EDGE('',*,*,#1382,.T.);
#1870=ORIENTED_EDGE('',*,*,#1385,.F.);
#1871=ORIENTED_EDGE('',*,*,#1386,.F.);
#1872=ORIENTED_EDGE('',*,*,#1386,.T.);
#1873=ORIENTED_EDGE('',*,*,#1387,.F.);
#1874=ORIENTED_EDGE('',*,*,#1388,.F.);
#1875=ORIENTED_EDGE('',*,*,#1389,.F.);
#1876=ORIENTED_EDGE('',*,*,#1390,.F.);
#1877=ORIENTED_EDGE('',*,*,#1388,.T.);
#1878=ORIENTED_EDGE('',*,*,#1391,.F.);
#1879=ORIENTED_EDGE('',*,*,#1392,.F.);
#1880=ORIENTED_EDGE('',*,*,#1392,.T.);
#1881=ORIENTED_EDGE('',*,*,#1393,.F.);
#1882=ORIENTED_EDGE('',*,*,#1394,.F.);
#1883=ORIENTED_EDGE('',*,*,#1395,.F.);
#1884=ORIENTED_EDGE('',*,*,#1396,.T.);
#1885=ORIENTED_EDGE('',*,*,#1395,.T.);
#1886=ORIENTED_EDGE('',*,*,#1397,.F.);
#1887=ORIENTED_EDGE('',*,*,#1398,.F.);
#1888=ORIENTED_EDGE('',*,*,#1399,.F.);
#1889=ORIENTED_EDGE('',*,*,#1400,.T.);
#1890=ORIENTED_EDGE('',*,*,#1390,.T.);
#1891=ORIENTED_EDGE('',*,*,#1396,.F.);
#1892=ORIENTED_EDGE('',*,*,#1401,.T.);
#1893=ORIENTED_EDGE('',*,*,#1389,.T.);
#1894=ORIENTED_EDGE('',*,*,#1400,.F.);
#1895=ORIENTED_EDGE('',*,*,#1402,.F.);
#1896=ORIENTED_EDGE('',*,*,#1403,.F.);
#1897=ORIENTED_EDGE('',*,*,#1404,.T.);
#1898=ORIENTED_EDGE('',*,*,#1384,.T.);
#1899=ORIENTED_EDGE('',*,*,#1401,.F.);
#1900=ORIENTED_EDGE('',*,*,#1405,.T.);
#1901=ORIENTED_EDGE('',*,*,#1383,.T.);
#1902=ORIENTED_EDGE('',*,*,#1404,.F.);
#1903=ORIENTED_EDGE('',*,*,#1406,.F.);
#1904=ORIENTED_EDGE('',*,*,#1357,.F.);
#1905=ORIENTED_EDGE('',*,*,#1407,.T.);
#1906=ORIENTED_EDGE('',*,*,#1408,.T.);
#1907=ORIENTED_EDGE('',*,*,#1407,.F.);
#1908=ORIENTED_EDGE('',*,*,#1409,.T.);
#1909=ORIENTED_EDGE('',*,*,#1410,.T.);
#1910=ORIENTED_EDGE('',*,*,#1377,.T.);
#1911=ORIENTED_EDGE('',*,*,#1411,.T.);
#1912=ORIENTED_EDGE('',*,*,#1270,.T.);
#1913=ORIENTED_EDGE('',*,*,#1241,.T.);
#1914=ORIENTED_EDGE('',*,*,#1280,.T.);
#1915=ORIENTED_EDGE('',*,*,#1161,.T.);
#1916=ORIENTED_EDGE('',*,*,#1164,.T.);
#1917=ORIENTED_EDGE('',*,*,#1166,.T.);
#1918=ORIENTED_EDGE('',*,*,#1170,.F.);
#1919=ORIENTED_EDGE('',*,*,#1172,.T.);
#1920=ORIENTED_EDGE('',*,*,#1174,.T.);
#1921=ORIENTED_EDGE('',*,*,#1178,.T.);
#1922=ORIENTED_EDGE('',*,*,#1155,.F.);
#1923=ORIENTED_EDGE('',*,*,#1412,.F.);
#1924=ORIENTED_EDGE('',*,*,#1413,.F.);
#1925=ORIENTED_EDGE('',*,*,#1409,.F.);
#1926=ORIENTED_EDGE('',*,*,#1177,.T.);
#1927=ORIENTED_EDGE('',*,*,#1356,.T.);
#1928=ORIENTED_EDGE('',*,*,#1379,.F.);
#1929=ORIENTED_EDGE('',*,*,#1370,.T.);
#1930=ORIENTED_EDGE('',*,*,#1180,.T.);
#1931=ORIENTED_EDGE('',*,*,#1414,.T.);
#1932=ORIENTED_EDGE('',*,*,#1415,.F.);
#1933=ORIENTED_EDGE('',*,*,#1416,.F.);
#1934=ORIENTED_EDGE('',*,*,#1397,.T.);
#1935=ORIENTED_EDGE('',*,*,#1417,.F.);
#1936=ORIENTED_EDGE('',*,*,#1418,.F.);
#1937=ORIENTED_EDGE('',*,*,#1414,.F.);
#1938=ORIENTED_EDGE('',*,*,#1394,.T.);
#1939=ORIENTED_EDGE('',*,*,#1419,.T.);
#1940=ORIENTED_EDGE('',*,*,#1420,.T.);
#1941=ORIENTED_EDGE('',*,*,#1417,.T.);
#1942=ORIENTED_EDGE('',*,*,#1393,.T.);
#1943=ORIENTED_EDGE('',*,*,#1391,.T.);
#1944=ORIENTED_EDGE('',*,*,#1387,.T.);
#1945=ORIENTED_EDGE('',*,*,#1385,.T.);
#1946=ORIENTED_EDGE('',*,*,#1381,.T.);
#1947=ORIENTED_EDGE('',*,*,#1421,.F.);
#1948=ORIENTED_EDGE('',*,*,#1422,.T.);
#1949=ORIENTED_EDGE('',*,*,#1419,.F.);
#1950=ORIENTED_EDGE('',*,*,#1380,.F.);
#1951=ORIENTED_EDGE('',*,*,#1412,.T.);
#1952=ORIENTED_EDGE('',*,*,#1179,.T.);
#1953=ORIENTED_EDGE('',*,*,#1175,.F.);
#1954=ORIENTED_EDGE('',*,*,#1173,.T.);
#1955=ORIENTED_EDGE('',*,*,#1168,.T.);
#1956=ORIENTED_EDGE('',*,*,#1167,.T.);
#1957=ORIENTED_EDGE('',*,*,#1162,.F.);
#1958=ORIENTED_EDGE('',*,*,#1159,.T.);
#1959=ORIENTED_EDGE('',*,*,#1281,.T.);
#1960=ORIENTED_EDGE('',*,*,#1239,.T.);
#1961=ORIENTED_EDGE('',*,*,#1288,.T.);
#1962=ORIENTED_EDGE('',*,*,#1283,.T.);
#1963=ORIENTED_EDGE('',*,*,#1423,.T.);
#1964=ORIENTED_EDGE('',*,*,#1424,.T.);
#1965=ORIENTED_EDGE('',*,*,#1425,.T.);
#1966=ORIENTED_EDGE('',*,*,#1426,.T.);
#1967=ORIENTED_EDGE('',*,*,#1408,.F.);
#1968=ORIENTED_EDGE('',*,*,#1277,.F.);
#1969=ORIENTED_EDGE('',*,*,#1233,.F.);
#1970=ORIENTED_EDGE('',*,*,#1295,.T.);
#1971=ORIENTED_EDGE('',*,*,#1296,.T.);
#1972=ORIENTED_EDGE('',*,*,#1301,.T.);
#1973=ORIENTED_EDGE('',*,*,#1302,.T.);
#1974=ORIENTED_EDGE('',*,*,#1307,.T.);
#1975=ORIENTED_EDGE('',*,*,#1308,.T.);
#1976=ORIENTED_EDGE('',*,*,#1312,.T.);
#1977=ORIENTED_EDGE('',*,*,#1289,.T.);
#1978=ORIENTED_EDGE('',*,*,#1157,.T.);
#1979=ORIENTED_EDGE('',*,*,#1427,.T.);
#1980=ORIENTED_EDGE('',*,*,#1406,.T.);
#1981=ORIENTED_EDGE('',*,*,#1403,.T.);
#1982=ORIENTED_EDGE('',*,*,#1402,.T.);
#1983=ORIENTED_EDGE('',*,*,#1399,.T.);
#1984=ORIENTED_EDGE('',*,*,#1398,.T.);
#1985=ORIENTED_EDGE('',*,*,#1416,.T.);
#1986=ORIENTED_EDGE('',*,*,#1428,.T.);
#1987=ORIENTED_EDGE('',*,*,#1429,.F.);
#1988=ORIENTED_EDGE('',*,*,#1427,.F.);
#1989=ORIENTED_EDGE('',*,*,#1430,.T.);
#1990=ORIENTED_EDGE('',*,*,#1421,.T.);
#1991=ORIENTED_EDGE('',*,*,#1405,.F.);
#1992=ORIENTED_EDGE('',*,*,#1431,.T.);
#1993=ORIENTED_EDGE('',*,*,#1432,.T.);
#1994=ORIENTED_EDGE('',*,*,#1433,.F.);
#1995=ORIENTED_EDGE('',*,*,#1418,.T.);
#1996=ORIENTED_EDGE('',*,*,#1420,.F.);
#1997=ORIENTED_EDGE('',*,*,#1422,.F.);
#1998=ORIENTED_EDGE('',*,*,#1434,.F.);
#1999=ORIENTED_EDGE('',*,*,#1415,.T.);
#2000=ORIENTED_EDGE('',*,*,#1434,.T.);
#2001=ORIENTED_EDGE('',*,*,#1430,.F.);
#2002=ORIENTED_EDGE('',*,*,#1428,.F.);
#2003=ORIENTED_EDGE('',*,*,#1429,.T.);
#2004=ORIENTED_EDGE('',*,*,#1435,.F.);
#2005=ORIENTED_EDGE('',*,*,#1436,.F.);
#2006=ORIENTED_EDGE('',*,*,#1435,.T.);
#2007=ORIENTED_EDGE('',*,*,#1437,.F.);
#2008=ORIENTED_EDGE('',*,*,#1424,.F.);
#2009=ORIENTED_EDGE('',*,*,#1438,.T.);
#2010=ORIENTED_EDGE('',*,*,#1431,.F.);
#2011=ORIENTED_EDGE('',*,*,#1439,.F.);
#2012=ORIENTED_EDGE('',*,*,#1440,.T.);
#2013=ORIENTED_EDGE('',*,*,#1425,.F.);
#2014=ORIENTED_EDGE('',*,*,#1437,.T.);
#2015=ORIENTED_EDGE('',*,*,#1441,.F.);
#2016=ORIENTED_EDGE('',*,*,#1442,.T.);
#2017=ORIENTED_EDGE('',*,*,#1443,.F.);
#2018=ORIENTED_EDGE('',*,*,#1444,.T.);
#2019=ORIENTED_EDGE('',*,*,#1445,.F.);
#2020=ORIENTED_EDGE('',*,*,#1446,.T.);
#2021=ORIENTED_EDGE('',*,*,#1447,.F.);
#2022=ORIENTED_EDGE('',*,*,#1441,.T.);
#2023=ORIENTED_EDGE('',*,*,#1439,.T.);
#2024=ORIENTED_EDGE('',*,*,#1448,.T.);
#2025=ORIENTED_EDGE('',*,*,#1436,.T.);
#2026=ORIENTED_EDGE('',*,*,#1446,.F.);
#2027=ORIENTED_EDGE('',*,*,#1449,.T.);
#2028=ORIENTED_EDGE('',*,*,#1450,.F.);
#2029=ORIENTED_EDGE('',*,*,#1368,.F.);
#2030=ORIENTED_EDGE('',*,*,#1451,.F.);
#2031=ORIENTED_EDGE('',*,*,#1452,.T.);
#2032=ORIENTED_EDGE('',*,*,#1360,.T.);
#2033=ORIENTED_EDGE('',*,*,#1442,.F.);
#2034=ORIENTED_EDGE('',*,*,#1447,.T.);
#2035=ORIENTED_EDGE('',*,*,#1450,.T.);
#2036=ORIENTED_EDGE('',*,*,#1362,.F.);
#2037=ORIENTED_EDGE('',*,*,#1453,.T.);
#2038=ORIENTED_EDGE('',*,*,#1361,.F.);
#2039=ORIENTED_EDGE('',*,*,#1452,.F.);
#2040=ORIENTED_EDGE('',*,*,#1454,.F.);
#2041=ORIENTED_EDGE('',*,*,#1443,.T.);
#2042=ORIENTED_EDGE('',*,*,#1453,.F.);
#2043=ORIENTED_EDGE('',*,*,#1426,.F.);
#2044=ORIENTED_EDGE('',*,*,#1440,.F.);
#2045=ORIENTED_EDGE('',*,*,#1454,.T.);
#2046=ORIENTED_EDGE('',*,*,#1451,.T.);
#2047=ORIENTED_EDGE('',*,*,#1367,.F.);
#2048=ORIENTED_EDGE('',*,*,#1373,.F.);
#2049=ORIENTED_EDGE('',*,*,#1378,.T.);
#2050=ORIENTED_EDGE('',*,*,#1410,.F.);
#2051=ORIENTED_EDGE('',*,*,#1413,.T.);
#2052=ORIENTED_EDGE('',*,*,#1455,.F.);
#2053=ORIENTED_EDGE('',*,*,#1455,.T.);
#2054=ORIENTED_EDGE('',*,*,#1456,.F.);
#2055=ORIENTED_EDGE('',*,*,#1457,.F.);
#2056=ORIENTED_EDGE('',*,*,#1456,.T.);
#2057=ORIENTED_EDGE('',*,*,#1445,.T.);
#2058=ORIENTED_EDGE('',*,*,#1458,.T.);
#2059=ORIENTED_EDGE('',*,*,#1363,.F.);
#2060=ORIENTED_EDGE('',*,*,#1449,.F.);
#2061=ORIENTED_EDGE('',*,*,#1457,.T.);
#2062=ORIENTED_EDGE('',*,*,#1459,.F.);
#2063=ORIENTED_EDGE('',*,*,#1460,.F.);
#2064=ORIENTED_EDGE('',*,*,#1461,.F.);
#2065=ORIENTED_EDGE('',*,*,#1462,.F.);
#2066=ORIENTED_EDGE('',*,*,#1463,.F.);
#2067=ORIENTED_EDGE('',*,*,#1464,.T.);
#2068=ORIENTED_EDGE('',*,*,#1459,.T.);
#2069=ORIENTED_EDGE('',*,*,#1465,.T.);
#2070=ORIENTED_EDGE('',*,*,#1466,.F.);
#2071=ORIENTED_EDGE('',*,*,#1467,.F.);
#2072=ORIENTED_EDGE('',*,*,#1468,.F.);
#2073=ORIENTED_EDGE('',*,*,#1461,.T.);
#2074=ORIENTED_EDGE('',*,*,#1423,.F.);
#2075=ORIENTED_EDGE('',*,*,#1282,.T.);
#2076=ORIENTED_EDGE('',*,*,#1341,.T.);
#2077=ORIENTED_EDGE('',*,*,#1347,.F.);
#2078=ORIENTED_EDGE('',*,*,#1350,.F.);
#2079=ORIENTED_EDGE('',*,*,#1352,.T.);
#2080=ORIENTED_EDGE('',*,*,#1342,.F.);
#2081=ORIENTED_EDGE('',*,*,#1335,.F.);
#2082=ORIENTED_EDGE('',*,*,#1264,.F.);
#2083=ORIENTED_EDGE('',*,*,#1374,.F.);
#2084=ORIENTED_EDGE('',*,*,#1365,.F.);
#2085=ORIENTED_EDGE('',*,*,#1469,.F.);
#2086=ORIENTED_EDGE('',*,*,#1465,.F.);
#2087=ORIENTED_EDGE('',*,*,#1462,.T.);
#2088=ORIENTED_EDGE('',*,*,#1468,.T.);
#2089=ORIENTED_EDGE('',*,*,#1470,.F.);
#2090=ORIENTED_EDGE('',*,*,#1471,.T.);
#2091=ORIENTED_EDGE('',*,*,#1438,.F.);
#2092=ORIENTED_EDGE('',*,*,#1411,.F.);
#2093=ORIENTED_EDGE('',*,*,#1376,.T.);
#2094=ORIENTED_EDGE('',*,*,#1353,.T.);
#2095=ORIENTED_EDGE('',*,*,#1271,.T.);
#2096=ORIENTED_EDGE('',*,*,#1472,.T.);
#2097=ORIENTED_EDGE('',*,*,#1473,.T.);
#2098=ORIENTED_EDGE('',*,*,#1474,.T.);
#2099=ORIENTED_EDGE('',*,*,#1470,.T.);
#2100=ORIENTED_EDGE('',*,*,#1467,.T.);
#2101=ORIENTED_EDGE('',*,*,#1364,.T.);
#2102=ORIENTED_EDGE('',*,*,#1475,.T.);
#2103=ORIENTED_EDGE('',*,*,#1463,.T.);
#2104=ORIENTED_EDGE('',*,*,#1469,.T.);
#2105=ORIENTED_EDGE('',*,*,#1471,.F.);
#2106=ORIENTED_EDGE('',*,*,#1474,.F.);
#2107=ORIENTED_EDGE('',*,*,#1476,.F.);
#2108=ORIENTED_EDGE('',*,*,#1432,.F.);
#2109=ORIENTED_EDGE('',*,*,#1476,.T.);
#2110=ORIENTED_EDGE('',*,*,#1473,.F.);
#2111=ORIENTED_EDGE('',*,*,#1477,.F.);
#2112=ORIENTED_EDGE('',*,*,#1448,.F.);
#2113=ORIENTED_EDGE('',*,*,#1433,.T.);
#2114=ORIENTED_EDGE('',*,*,#1477,.T.);
#2115=ORIENTED_EDGE('',*,*,#1472,.F.);
#2116=ORIENTED_EDGE('',*,*,#1466,.T.);
#2117=ORIENTED_EDGE('',*,*,#1460,.T.);
#2118=ORIENTED_EDGE('',*,*,#1464,.F.);
#2119=ORIENTED_EDGE('',*,*,#1475,.F.);
#2120=ORIENTED_EDGE('',*,*,#1369,.F.);
#2121=ORIENTED_EDGE('',*,*,#1358,.T.);
#2122=ORIENTED_EDGE('',*,*,#1458,.F.);
#2123=ORIENTED_EDGE('',*,*,#1444,.F.);
#2124=(
BOUNDED_SURFACE()
B_SPLINE_SURFACE(2,1,((#3002,#3003),(#3004,#3005),(#3006,#3007),(#3008,
#3009),(#3010,#3011),(#3012,#3013),(#3014,#3015),(#3016,#3017),(#3018,#3019)),
 .UNSPECIFIED.,.T.,.F.,.F.)
B_SPLINE_SURFACE_WITH_KNOTS((3,2,2,2,3),(2,2),(3.14159265359,4.188790204786,
6.28318530718,8.377580409573,9.424777960769),(0.,0.535851086455318),
 .UNSPECIFIED.)
GEOMETRIC_REPRESENTATION_ITEM()
RATIONAL_B_SPLINE_SURFACE(((0.75,0.75),(0.75,0.75),(1.,1.),(0.5,0.5),(1.,
1.),(0.5,0.5),(1.,1.),(0.75,0.75),(0.75,0.75)))
REPRESENTATION_ITEM('')
SURFACE()
);
#2125=(
BOUNDED_SURFACE()
B_SPLINE_SURFACE(2,1,((#3025,#3026),(#3027,#3028),(#3029,#3030)),
 .UNSPECIFIED.,.F.,.F.,.F.)
B_SPLINE_SURFACE_WITH_KNOTS((3,3),(2,2),(0.,1.570796326799),(0.,0.535851086457599),
 .UNSPECIFIED.)
GEOMETRIC_REPRESENTATION_ITEM()
RATIONAL_B_SPLINE_SURFACE(((1.,1.),(0.707106781185,0.707106781185),(1.,
1.)))
REPRESENTATION_ITEM('')
SURFACE()
);
#2126=(
BOUNDED_SURFACE()
B_SPLINE_SURFACE(2,1,((#3045,#3046),(#3047,#3048),(#3049,#3050)),
 .UNSPECIFIED.,.F.,.F.,.F.)
B_SPLINE_SURFACE_WITH_KNOTS((3,3),(2,2),(0.,0.643501108797),(0.,0.535851086457599),
 .UNSPECIFIED.)
GEOMETRIC_REPRESENTATION_ITEM()
RATIONAL_B_SPLINE_SURFACE(((1.,1.),(0.94868329805,0.94868329805),(1.,1.)))
REPRESENTATION_ITEM('')
SURFACE()
);
#2127=(
BOUNDED_SURFACE()
B_SPLINE_SURFACE(2,1,((#3056,#3057),(#3058,#3059),(#3060,#3061)),
 .UNSPECIFIED.,.F.,.F.,.F.)
B_SPLINE_SURFACE_WITH_KNOTS((3,3),(2,2),(5.639684198386,6.926686415973),
(0.,0.535851086457603),.UNSPECIFIED.)
GEOMETRIC_REPRESENTATION_ITEM()
RATIONAL_B_SPLINE_SURFACE(((1.,1.),(0.8,0.8),(1.,1.)))
REPRESENTATION_ITEM('')
SURFACE()
);
#2128=(
BOUNDED_SURFACE()
B_SPLINE_SURFACE(2,1,((#3067,#3068),(#3069,#3070),(#3071,#3072)),
 .UNSPECIFIED.,.F.,.F.,.F.)
B_SPLINE_SURFACE_WITH_KNOTS((3,3),(2,2),(0.,0.643501108794),(0.,0.535851086457599),
 .UNSPECIFIED.)
GEOMETRIC_REPRESENTATION_ITEM()
RATIONAL_B_SPLINE_SURFACE(((1.,1.),(0.94868329805,0.94868329805),(1.,1.)))
REPRESENTATION_ITEM('')
SURFACE()
);
#2129=(
BOUNDED_SURFACE()
B_SPLINE_SURFACE(2,1,((#3084,#3085),(#3086,#3087),(#3088,#3089)),
 .UNSPECIFIED.,.F.,.F.,.F.)
B_SPLINE_SURFACE_WITH_KNOTS((3,3),(2,2),(0.,1.570796326799),(0.,0.535851086457599),
 .UNSPECIFIED.)
GEOMETRIC_REPRESENTATION_ITEM()
RATIONAL_B_SPLINE_SURFACE(((1.,1.),(0.707106781185,0.707106781185),(1.,
1.)))
REPRESENTATION_ITEM('')
SURFACE()
);
#2130=(
BOUNDED_SURFACE()
B_SPLINE_SURFACE(2,1,((#3095,#3096),(#3097,#3098),(#3099,#3100)),
 .UNSPECIFIED.,.F.,.F.,.F.)
B_SPLINE_SURFACE_WITH_KNOTS((3,3),(2,2),(0.,1.11024233574),(0.,0.535851086457599),
 .UNSPECIFIED.)
GEOMETRIC_REPRESENTATION_ITEM()
RATIONAL_B_SPLINE_SURFACE(((1.,1.),(0.849836585434,0.849836585434),(1.,
1.)))
REPRESENTATION_ITEM('')
SURFACE()
);
#2131=(
BOUNDED_SURFACE()
B_SPLINE_SURFACE(2,1,((#3109,#3110),(#3111,#3112),(#3113,#3114)),
 .UNSPECIFIED.,.F.,.F.,.F.)
B_SPLINE_SURFACE_WITH_KNOTS((3,3),(2,2),(0.,1.110242335124),(0.,0.535851086457599),
 .UNSPECIFIED.)
GEOMETRIC_REPRESENTATION_ITEM()
RATIONAL_B_SPLINE_SURFACE(((1.,1.),(0.849836585596,0.849836585596),(1.,
1.)))
REPRESENTATION_ITEM('')
SURFACE()
);
#2132=(
BOUNDED_SURFACE()
B_SPLINE_SURFACE(2,1,((#3148,#3149),(#3150,#3151),(#3152,#3153),(#3154,
#3155),(#3156,#3157)),.UNSPECIFIED.,.F.,.F.,.F.)
B_SPLINE_SURFACE_WITH_KNOTS((3,2,3),(2,2),(-1.501965218864E-8,1.570796322876,
3.141592660771),(-1.060660172531,1.060660173238),.UNSPECIFIED.)
GEOMETRIC_REPRESENTATION_ITEM()
RATIONAL_B_SPLINE_SURFACE(((1.,1.),(0.707106777262,0.707106777262),(1.,
1.),(0.707106777262,0.707106777262),(1.,1.)))
REPRESENTATION_ITEM('')
SURFACE()
);
#2133=(
BOUNDED_SURFACE()
B_SPLINE_SURFACE(2,1,((#3169,#3170),(#3171,#3172),(#3173,#3174),(#3175,
#3176),(#3177,#3178),(#3179,#3180),(#3181,#3182),(#3183,#3184),(#3185,#3186)),
 .UNSPECIFIED.,.T.,.F.,.F.)
B_SPLINE_SURFACE_WITH_KNOTS((3,2,2,2,3),(2,2),(3.14159265359,4.188790204786,
6.28318530718,8.377580409573,9.424777960769),(0.,0.35723405763768),
 .UNSPECIFIED.)
GEOMETRIC_REPRESENTATION_ITEM()
RATIONAL_B_SPLINE_SURFACE(((0.75,0.75),(0.75,0.75),(1.,1.),(0.5,0.5),(1.,
1.),(0.5,0.5),(1.,1.),(0.75,0.75),(0.75,0.75)))
REPRESENTATION_ITEM('')
SURFACE()
);
#2134=(
BOUNDED_SURFACE()
B_SPLINE_SURFACE(2,1,((#3218,#3219),(#3220,#3221),(#3222,#3223)),
 .UNSPECIFIED.,.F.,.F.,.F.)
B_SPLINE_SURFACE_WITH_KNOTS((3,3),(2,2),(0.460553991677,1.570796326794),
(0.,0.535851086457599),.UNSPECIFIED.)
GEOMETRIC_REPRESENTATION_ITEM()
RATIONAL_B_SPLINE_SURFACE(((1.,1.),(0.849836585598,0.849836585598),(1.,
1.)))
REPRESENTATION_ITEM('')
SURFACE()
);
#2135=(
BOUNDED_SURFACE()
B_SPLINE_SURFACE(2,1,((#3229,#3230),(#3231,#3232),(#3233,#3234)),
 .UNSPECIFIED.,.F.,.F.,.F.)
B_SPLINE_SURFACE_WITH_KNOTS((3,3),(2,2),(0.,1.110242335121),(0.,0.535851086457599),
 .UNSPECIFIED.)
GEOMETRIC_REPRESENTATION_ITEM()
RATIONAL_B_SPLINE_SURFACE(((1.,1.),(0.849836585597,0.849836585597),(1.,
1.)))
REPRESENTATION_ITEM('')
SURFACE()
);
#2136=(
BOUNDED_SURFACE()
B_SPLINE_SURFACE(2,1,((#3249,#3250),(#3251,#3252),(#3253,#3254),(#3255,
#3256),(#3257,#3258),(#3259,#3260),(#3261,#3262)),.UNSPECIFIED.,.T.,.F.,
 .F.)
B_SPLINE_SURFACE_WITH_KNOTS((3,2,2,3),(2,2),(0.,2.094395102393,4.188790204786,
6.28318530718),(0.,0.178617028819919),.UNSPECIFIED.)
GEOMETRIC_REPRESENTATION_ITEM()
RATIONAL_B_SPLINE_SURFACE(((1.,1.),(0.5,0.5),(1.,1.),(0.5,0.5),(1.,1.),
(0.5,0.5),(1.,1.)))
REPRESENTATION_ITEM('')
SURFACE()
);
#2137=(
BOUNDED_SURFACE()
B_SPLINE_SURFACE(2,1,((#3344,#3345),(#3346,#3347),(#3348,#3349)),
 .UNSPECIFIED.,.F.,.F.,.F.)
B_SPLINE_SURFACE_WITH_KNOTS((3,3),(2,2),(0.,1.570796326789),(29.296497389591,
33.238898994128),.UNSPECIFIED.)
GEOMETRIC_REPRESENTATION_ITEM()
RATIONAL_B_SPLINE_SURFACE(((1.,1.),(0.707106781189,0.707106781189),(1.,
1.)))
REPRESENTATION_ITEM('')
SURFACE()
);
#2138=(
BOUNDED_SURFACE()
B_SPLINE_SURFACE(2,1,((#3364,#3365),(#3366,#3367),(#3368,#3369),(#3370,
#3371),(#3372,#3373),(#3374,#3375),(#3376,#3377),(#3378,#3379),(#3380,#3381)),
 .UNSPECIFIED.,.T.,.F.,.F.)
B_SPLINE_SURFACE_WITH_KNOTS((3,2,2,2,3),(2,2),(3.141592653597,4.188790204786,
6.28318530718,8.377580409573,9.424777960777),(23.48750000001,25.98750000001),
 .UNSPECIFIED.)
GEOMETRIC_REPRESENTATION_ITEM()
RATIONAL_B_SPLINE_SURFACE(((0.75,0.75),(0.750000000002,0.750000000002),
(1.,1.),(0.5,0.5),(1.,1.),(0.5,0.5),(1.,1.),(0.749999999998,0.749999999998),
(0.75,0.75)))
REPRESENTATION_ITEM('')
SURFACE()
);
#2139=(
BOUNDED_SURFACE()
B_SPLINE_SURFACE(2,1,((#3383,#3384),(#3385,#3386),(#3387,#3388),(#3389,
#3390),(#3391,#3392),(#3393,#3394),(#3395,#3396)),.UNSPECIFIED.,.T.,.F.,
 .F.)
B_SPLINE_SURFACE_WITH_KNOTS((3,2,2,3),(2,2),(0.,2.094395102393,4.188790204786,
6.28318530718),(0.,0.44654257204632),.UNSPECIFIED.)
GEOMETRIC_REPRESENTATION_ITEM()
RATIONAL_B_SPLINE_SURFACE(((1.,1.),(0.5,0.5),(1.,1.),(0.5,0.5),(1.,1.),
(0.5,0.5),(1.,1.)))
REPRESENTATION_ITEM('')
SURFACE()
);
#2140=(
BOUNDED_SURFACE()
B_SPLINE_SURFACE(2,1,((#3419,#3420),(#3421,#3422),(#3423,#3424)),
 .UNSPECIFIED.,.F.,.F.,.F.)
B_SPLINE_SURFACE_WITH_KNOTS((3,3),(2,2),(0.,1.570796326807),(-0.212132032104,
0.212132036629),.UNSPECIFIED.)
GEOMETRIC_REPRESENTATION_ITEM()
RATIONAL_B_SPLINE_SURFACE(((1.,1.),(0.707106781182,0.707106781182),(1.,
1.)))
REPRESENTATION_ITEM('')
SURFACE()
);
#2141=(
BOUNDED_SURFACE()
B_SPLINE_SURFACE(2,1,((#3439,#3440),(#3441,#3442),(#3443,#3444)),
 .UNSPECIFIED.,.F.,.F.,.F.)
B_SPLINE_SURFACE_WITH_KNOTS((3,3),(2,2),(4.712388980364,6.28318530718),
(-0.212132033405,0.212132036629),.UNSPECIFIED.)
GEOMETRIC_REPRESENTATION_ITEM()
RATIONAL_B_SPLINE_SURFACE(((1.,1.),(0.707106781179,0.707106781179),(1.,
1.)))
REPRESENTATION_ITEM('')
SURFACE()
);
#2142=(
BOUNDED_SURFACE()
B_SPLINE_SURFACE(2,1,((#3456,#3457),(#3458,#3459),(#3460,#3461)),
 .UNSPECIFIED.,.F.,.F.,.F.)
B_SPLINE_SURFACE_WITH_KNOTS((3,3),(2,2),(3.141592653565,4.712388980376),
(-0.212132033404,0.212132036629),.UNSPECIFIED.)
GEOMETRIC_REPRESENTATION_ITEM()
RATIONAL_B_SPLINE_SURFACE(((1.,1.),(0.707106781181,0.707106781181),(1.,
1.)))
REPRESENTATION_ITEM('')
SURFACE()
);
#2143=(
BOUNDED_SURFACE()
B_SPLINE_SURFACE(2,1,((#3473,#3474),(#3475,#3476),(#3477,#3478)),
 .UNSPECIFIED.,.F.,.F.,.F.)
B_SPLINE_SURFACE_WITH_KNOTS((3,3),(2,2),(1.57079632677,3.14159265359),(-0.212132033405,
0.212132036629),.UNSPECIFIED.)
GEOMETRIC_REPRESENTATION_ITEM()
RATIONAL_B_SPLINE_SURFACE(((1.,1.),(0.707106781178,0.707106781178),(1.,
1.)))
REPRESENTATION_ITEM('')
SURFACE()
);
#2144=(
BOUNDED_SURFACE()
B_SPLINE_SURFACE(2,1,((#3493,#3494),(#3495,#3496),(#3497,#3498)),
 .UNSPECIFIED.,.F.,.F.,.F.)
B_SPLINE_SURFACE_WITH_KNOTS((3,3),(2,2),(0.,1.570796326807),(0.,0.125031920173923),
 .UNSPECIFIED.)
GEOMETRIC_REPRESENTATION_ITEM()
RATIONAL_B_SPLINE_SURFACE(((1.,1.),(0.707106781182,0.707106781182),(1.,
1.)))
REPRESENTATION_ITEM('')
SURFACE()
);
#2145=(
BOUNDED_SURFACE()
B_SPLINE_SURFACE(2,1,((#3506,#3507),(#3508,#3509),(#3510,#3511)),
 .UNSPECIFIED.,.F.,.F.,.F.)
B_SPLINE_SURFACE_WITH_KNOTS((3,3),(2,2),(0.,1.570796326817),(0.,0.125031920173923),
 .UNSPECIFIED.)
GEOMETRIC_REPRESENTATION_ITEM()
RATIONAL_B_SPLINE_SURFACE(((1.,1.),(0.707106781179,0.707106781179),(1.,
1.)))
REPRESENTATION_ITEM('')
SURFACE()
);
#2146=(
BOUNDED_SURFACE()
B_SPLINE_SURFACE(2,1,((#3519,#3520),(#3521,#3522),(#3523,#3524)),
 .UNSPECIFIED.,.F.,.F.,.F.)
B_SPLINE_SURFACE_WITH_KNOTS((3,3),(2,2),(0.,1.570796326807),(0.,0.125031920173923),
 .UNSPECIFIED.)
GEOMETRIC_REPRESENTATION_ITEM()
RATIONAL_B_SPLINE_SURFACE(((1.,1.),(0.707106781182,0.707106781182),(1.,
1.)))
REPRESENTATION_ITEM('')
SURFACE()
);
#2147=(
BOUNDED_SURFACE()
B_SPLINE_SURFACE(2,1,((#3532,#3533),(#3534,#3535),(#3536,#3537)),
 .UNSPECIFIED.,.F.,.F.,.F.)
B_SPLINE_SURFACE_WITH_KNOTS((3,3),(2,2),(0.,1.570796326807),(0.,0.125031920173923),
 .UNSPECIFIED.)
GEOMETRIC_REPRESENTATION_ITEM()
RATIONAL_B_SPLINE_SURFACE(((1.,1.),(0.707106781182,0.707106781182),(1.,
1.)))
REPRESENTATION_ITEM('')
SURFACE()
);
#2148=(
BOUNDED_SURFACE()
B_SPLINE_SURFACE(2,1,((#3586,#3587),(#3588,#3589),(#3590,#3591),(#3592,
#3593),(#3594,#3595)),.UNSPECIFIED.,.F.,.F.,.F.)
B_SPLINE_SURFACE_WITH_KNOTS((3,2,3),(2,2),(3.141592653576,4.712388980378,
6.28318530718),(29.33099999999,49.33100000001),.UNSPECIFIED.)
GEOMETRIC_REPRESENTATION_ITEM()
RATIONAL_B_SPLINE_SURFACE(((1.,1.),(0.707106781184,0.707106781184),(1.,
1.),(0.707106781184,0.707106781184),(1.,1.)))
REPRESENTATION_ITEM('')
SURFACE()
);
#2149=(
BOUNDED_SURFACE()
B_SPLINE_SURFACE(2,1,((#3660,#3661),(#3662,#3663),(#3664,#3665)),
 .UNSPECIFIED.,.F.,.F.,.F.)
B_SPLINE_SURFACE_WITH_KNOTS((3,3),(2,2),(0.,1.570796326807),(0.,0.125031920173923),
 .UNSPECIFIED.)
GEOMETRIC_REPRESENTATION_ITEM()
RATIONAL_B_SPLINE_SURFACE(((1.,1.),(0.707106781182,0.707106781182),(1.,
1.)))
REPRESENTATION_ITEM('')
SURFACE()
);
#2150=(
BOUNDED_SURFACE()
B_SPLINE_SURFACE(2,1,((#3677,#3678),(#3679,#3680),(#3681,#3682)),
 .UNSPECIFIED.,.F.,.F.,.F.)
B_SPLINE_SURFACE_WITH_KNOTS((3,3),(2,2),(0.,1.570796326817),(0.,0.125031920173923),
 .UNSPECIFIED.)
GEOMETRIC_REPRESENTATION_ITEM()
RATIONAL_B_SPLINE_SURFACE(((1.,1.),(0.707106781179,0.707106781179),(1.,
1.)))
REPRESENTATION_ITEM('')
SURFACE()
);
#2151=(
BOUNDED_SURFACE()
B_SPLINE_SURFACE(2,1,((#3700,#3701),(#3702,#3703),(#3704,#3705)),
 .UNSPECIFIED.,.F.,.F.,.F.)
B_SPLINE_SURFACE_WITH_KNOTS((3,3),(2,2),(1.570796326774,3.141592653581),
(-0.212132032104,0.212132036629),.UNSPECIFIED.)
GEOMETRIC_REPRESENTATION_ITEM()
RATIONAL_B_SPLINE_SURFACE(((1.,1.),(0.707106781182,0.707106781182),(1.,
1.)))
REPRESENTATION_ITEM('')
SURFACE()
);
#2152=(
BOUNDED_SURFACE()
B_SPLINE_SURFACE(2,1,((#3713,#3714),(#3715,#3716),(#3717,#3718)),
 .UNSPECIFIED.,.F.,.F.,.F.)
B_SPLINE_SURFACE_WITH_KNOTS((3,3),(2,2),(3.14159265359,4.712388980397),
(-0.212132033404,0.212132036629),.UNSPECIFIED.)
GEOMETRIC_REPRESENTATION_ITEM()
RATIONAL_B_SPLINE_SURFACE(((1.,1.),(0.707106781182,0.707106781182),(1.,
1.)))
REPRESENTATION_ITEM('')
SURFACE()
);
#2153=(
BOUNDED_SURFACE()
B_SPLINE_SURFACE(2,1,((#3726,#3727),(#3728,#3729),(#3730,#3731),(#3732,
#3733),(#3734,#3735),(#3736,#3737),(#3738,#3739),(#3740,#3741),(#3742,#3743)),
 .UNSPECIFIED.,.T.,.F.,.F.)
B_SPLINE_SURFACE_WITH_KNOTS((3,2,2,2,3),(2,2),(3.141592653595,4.188790204786,
6.28318530718,8.377580409573,9.424777960774),(0.,0.178617028819919),
 .UNSPECIFIED.)
GEOMETRIC_REPRESENTATION_ITEM()
RATIONAL_B_SPLINE_SURFACE(((0.75,0.75),(0.750000000001,0.750000000001),
(1.,1.),(0.5,0.5),(1.,1.),(0.5,0.5),(1.,1.),(0.749999999999,0.749999999999),
(0.75,0.75)))
REPRESENTATION_ITEM('')
SURFACE()
);
#2154=(
BOUNDED_SURFACE()
B_SPLINE_SURFACE(2,1,((#3757,#3758),(#3759,#3760),(#3761,#3762)),
 .UNSPECIFIED.,.F.,.F.,.F.)
B_SPLINE_SURFACE_WITH_KNOTS((3,3),(2,2),(0.,1.570796326786),(-0.212132033404,
0.212132036629),.UNSPECIFIED.)
GEOMETRIC_REPRESENTATION_ITEM()
RATIONAL_B_SPLINE_SURFACE(((1.,1.),(0.70710678119,0.70710678119),(1.,1.)))
REPRESENTATION_ITEM('')
SURFACE()
);
#2155=(
BOUNDED_SURFACE()
B_SPLINE_SURFACE(2,1,((#3768,#3769),(#3770,#3771),(#3772,#3773)),
 .UNSPECIFIED.,.F.,.F.,.F.)
B_SPLINE_SURFACE_WITH_KNOTS((3,3),(2,2),(0.,1.570796326807),(0.,0.125031920173923),
 .UNSPECIFIED.)
GEOMETRIC_REPRESENTATION_ITEM()
RATIONAL_B_SPLINE_SURFACE(((1.,1.),(0.707106781182,0.707106781182),(1.,
1.)))
REPRESENTATION_ITEM('')
SURFACE()
);
#2156=(
BOUNDED_SURFACE()
B_SPLINE_SURFACE(2,1,((#3781,#3782),(#3783,#3784),(#3785,#3786)),
 .UNSPECIFIED.,.F.,.F.,.F.)
B_SPLINE_SURFACE_WITH_KNOTS((3,3),(2,2),(0.,1.570796326807),(0.,0.125031920173923),
 .UNSPECIFIED.)
GEOMETRIC_REPRESENTATION_ITEM()
RATIONAL_B_SPLINE_SURFACE(((1.,1.),(0.707106781182,0.707106781182),(1.,
1.)))
REPRESENTATION_ITEM('')
SURFACE()
);
#2157=(
BOUNDED_SURFACE()
B_SPLINE_SURFACE(2,1,((#3803,#3804),(#3805,#3806),(#3807,#3808)),
 .UNSPECIFIED.,.F.,.F.,.F.)
B_SPLINE_SURFACE_WITH_KNOTS((3,3),(2,2),(4.712388980372,6.28318530718),
(-0.212132033405,0.212132036629),.UNSPECIFIED.)
GEOMETRIC_REPRESENTATION_ITEM()
RATIONAL_B_SPLINE_SURFACE(((1.,1.),(0.707106781182,0.707106781182),(1.,
1.)))
REPRESENTATION_ITEM('')
SURFACE()
);
#2158=(
BOUNDED_SURFACE()
B_SPLINE_SURFACE(2,1,((#3820,#3821),(#3822,#3823),(#3824,#3825),(#3826,
#3827),(#3828,#3829),(#3830,#3831),(#3832,#3833),(#3834,#3835),(#3836,#3837)),
 .UNSPECIFIED.,.T.,.F.,.F.)
B_SPLINE_SURFACE_WITH_KNOTS((3,2,2,2,3),(2,2),(3.141592653582,4.188790204786,
6.28318530718,8.377580409573,9.424777960762),(0.,0.44654257204632),
 .UNSPECIFIED.)
GEOMETRIC_REPRESENTATION_ITEM()
RATIONAL_B_SPLINE_SURFACE(((0.75,0.75),(0.749999999998,0.749999999998),
(1.,1.),(0.5,0.5),(1.,1.),(0.5,0.5),(1.,1.),(0.750000000002,0.750000000002),
(0.75,0.75)))
REPRESENTATION_ITEM('')
SURFACE()
);
#2159=(
BOUNDED_SURFACE()
B_SPLINE_SURFACE(2,1,((#3884,#3885),(#3886,#3887),(#3888,#3889)),
 .UNSPECIFIED.,.F.,.F.,.F.)
B_SPLINE_SURFACE_WITH_KNOTS((3,3),(2,2),(0.,1.570796326802),(29.296497389591,
33.238898994128),.UNSPECIFIED.)
GEOMETRIC_REPRESENTATION_ITEM()
RATIONAL_B_SPLINE_SURFACE(((1.,1.),(0.707106781184,0.707106781184),(1.,
1.)))
REPRESENTATION_ITEM('')
SURFACE()
);
#2160=(
BOUNDED_SURFACE()
B_SPLINE_SURFACE(2,1,((#3894,#3895),(#3896,#3897),(#3898,#3899),(#3900,
#3901),(#3902,#3903),(#3904,#3905),(#3906,#3907)),.UNSPECIFIED.,.T.,.F.,
 .F.)
B_SPLINE_SURFACE_WITH_KNOTS((3,2,2,3),(2,2),(0.,2.094395102393,4.188790204786,
6.28318530718),(23.48750000001,25.98750000001),.UNSPECIFIED.)
GEOMETRIC_REPRESENTATION_ITEM()
RATIONAL_B_SPLINE_SURFACE(((1.,1.),(0.5,0.5),(1.,1.),(0.5,0.5),(1.,1.),
(0.5,0.5),(1.,1.)))
REPRESENTATION_ITEM('')
SURFACE()
);
#2161=(
BOUNDED_SURFACE()
B_SPLINE_SURFACE(2,1,((#3913,#3914,#3915),(#3916,#3917,#3918),(#3919,#3920,
#3921),(#3922,#3923,#3924),(#3925,#3926,#3927)),.UNSPECIFIED.,.F.,.F.,.F.)
B_SPLINE_SURFACE_WITH_KNOTS((3,2,3),(2,1,2),(3.141592653576,4.712388980378,
6.28318530718),(29.33099999999,49.33100000001,73.4803554150008),
 .UNSPECIFIED.)
GEOMETRIC_REPRESENTATION_ITEM()
RATIONAL_B_SPLINE_SURFACE(((1.,1.,1.),(0.707106781184,0.707106781184,0.707106781184),
(1.,1.,1.),(0.707106781184,0.707106781184,0.707106781184),(1.,1.,1.)))
REPRESENTATION_ITEM('')
SURFACE()
);
#2162=ADVANCED_FACE('',(#116),#2124,.F.);
#2163=ADVANCED_FACE('',(#117),#2125,.F.);
#2164=ADVANCED_FACE('',(#118),#34,.F.);
#2165=ADVANCED_FACE('',(#119),#2126,.F.);
#2166=ADVANCED_FACE('',(#120),#2127,.T.);
#2167=ADVANCED_FACE('',(#121),#2128,.F.);
#2168=ADVANCED_FACE('',(#122),#35,.F.);
#2169=ADVANCED_FACE('',(#123),#2129,.F.);
#2170=ADVANCED_FACE('',(#124),#2130,.T.);
#2171=ADVANCED_FACE('',(#125),#2131,.F.);
#2172=ADVANCED_FACE('',(#126),#36,.F.);
#2173=ADVANCED_FACE('',(#127),#37,.T.);
#2174=ADVANCED_FACE('',(#128),#2132,.T.);
#2175=ADVANCED_FACE('',(#129),#38,.T.);
#2176=ADVANCED_FACE('',(#130,#17),#39,.T.);
#2177=ADVANCED_FACE('',(#131),#2133,.F.);
#2178=ADVANCED_FACE('',(#132,#18),#40,.F.);
#2179=ADVANCED_FACE('',(#133),#41,.F.);
#2180=ADVANCED_FACE('',(#134),#42,.T.);
#2181=ADVANCED_FACE('',(#135),#43,.T.);
#2182=ADVANCED_FACE('',(#136),#44,.T.);
#2183=ADVANCED_FACE('',(#137),#45,.F.);
#2184=ADVANCED_FACE('',(#138),#2134,.F.);
#2185=ADVANCED_FACE('',(#139),#2135,.T.);
#2186=ADVANCED_FACE('',(#140),#46,.T.);
#2187=ADVANCED_FACE('',(#141),#47,.T.);
#2188=ADVANCED_FACE('',(#142),#2136,.F.);
#2189=ADVANCED_FACE('',(#143,#19),#48,.T.);
#2190=ADVANCED_FACE('',(#144),#49,.T.);
#2191=ADVANCED_FACE('',(#145),#50,.T.);
#2192=ADVANCED_FACE('',(#146),#51,.T.);
#2193=ADVANCED_FACE('',(#147),#52,.F.);
#2194=ADVANCED_FACE('',(#148),#53,.F.);
#2195=ADVANCED_FACE('',(#149,#20),#54,.F.);
#2196=ADVANCED_FACE('',(#150),#2137,.T.);
#2197=ADVANCED_FACE('',(#151),#55,.T.);
#2198=ADVANCED_FACE('',(#152),#56,.T.);
#2199=ADVANCED_FACE('',(#153),#2138,.F.);
#2200=ADVANCED_FACE('',(#154),#2139,.F.);
#2201=ADVANCED_FACE('',(#155),#57,.T.);
#2202=ADVANCED_FACE('',(#156),#58,.T.);
#2203=ADVANCED_FACE('',(#157),#59,.T.);
#2204=ADVANCED_FACE('',(#158),#2140,.F.);
#2205=ADVANCED_FACE('',(#159),#60,.T.);
#2206=ADVANCED_FACE('',(#160),#2141,.F.);
#2207=ADVANCED_FACE('',(#161),#61,.T.);
#2208=ADVANCED_FACE('',(#162),#2142,.F.);
#2209=ADVANCED_FACE('',(#163),#62,.T.);
#2210=ADVANCED_FACE('',(#164),#2143,.F.);
#2211=ADVANCED_FACE('',(#165),#63,.T.);
#2212=ADVANCED_FACE('',(#166),#64,.F.);
#2213=ADVANCED_FACE('',(#167),#2144,.F.);
#2214=ADVANCED_FACE('',(#168),#65,.F.);
#2215=ADVANCED_FACE('',(#169),#2145,.F.);
#2216=ADVANCED_FACE('',(#170),#66,.F.);
#2217=ADVANCED_FACE('',(#171),#2146,.F.);
#2218=ADVANCED_FACE('',(#172),#67,.F.);
#2219=ADVANCED_FACE('',(#173),#2147,.F.);
#2220=ADVANCED_FACE('',(#174),#68,.T.);
#2221=ADVANCED_FACE('',(#175,#21),#69,.F.);
#2222=ADVANCED_FACE('',(#176),#70,.T.);
#2223=ADVANCED_FACE('',(#177),#71,.T.);
#2224=ADVANCED_FACE('',(#178),#72,.F.);
#2225=ADVANCED_FACE('',(#179),#73,.T.);
#2226=ADVANCED_FACE('',(#180),#74,.T.);
#2227=ADVANCED_FACE('',(#181),#75,.F.);
#2228=ADVANCED_FACE('',(#182),#76,.T.);
#2229=ADVANCED_FACE('',(#183),#77,.T.);
#2230=ADVANCED_FACE('',(#184),#78,.T.);
#2231=ADVANCED_FACE('',(#185),#2148,.T.);
#2232=ADVANCED_FACE('',(#186),#79,.F.);
#2233=ADVANCED_FACE('',(#187),#80,.T.);
#2234=ADVANCED_FACE('',(#188),#81,.T.);
#2235=ADVANCED_FACE('',(#189),#82,.F.);
#2236=ADVANCED_FACE('',(#190),#83,.T.);
#2237=ADVANCED_FACE('',(#191),#84,.T.);
#2238=ADVANCED_FACE('',(#192),#85,.T.);
#2239=ADVANCED_FACE('',(#193),#86,.F.);
#2240=ADVANCED_FACE('',(#194),#2149,.F.);
#2241=ADVANCED_FACE('',(#195),#87,.F.);
#2242=ADVANCED_FACE('',(#196),#2150,.F.);
#2243=ADVANCED_FACE('',(#197),#88,.F.);
#2244=ADVANCED_FACE('',(#198),#89,.T.);
#2245=ADVANCED_FACE('',(#199),#2151,.F.);
#2246=ADVANCED_FACE('',(#200),#90,.T.);
#2247=ADVANCED_FACE('',(#201),#2152,.F.);
#2248=ADVANCED_FACE('',(#202),#91,.T.);
#2249=ADVANCED_FACE('',(#203),#2153,.F.);
#2250=ADVANCED_FACE('',(#204,#22),#92,.T.);
#2251=ADVANCED_FACE('',(#205),#93,.T.);
#2252=ADVANCED_FACE('',(#206),#94,.T.);
#2253=ADVANCED_FACE('',(#207),#2154,.F.);
#2254=ADVANCED_FACE('',(#208),#2155,.F.);
#2255=ADVANCED_FACE('',(#209),#95,.T.);
#2256=ADVANCED_FACE('',(#210),#2156,.F.);
#2257=ADVANCED_FACE('',(#211,#23,#24,#25,#26,#27,#28,#29),#96,.T.);
#2258=ADVANCED_FACE('',(#212),#2157,.F.);
#2259=ADVANCED_FACE('',(#213),#97,.T.);
#2260=ADVANCED_FACE('',(#214),#98,.F.);
#2261=ADVANCED_FACE('',(#215),#99,.T.);
#2262=ADVANCED_FACE('',(#216),#2158,.F.);
#2263=ADVANCED_FACE('',(#217),#100,.T.);
#2264=ADVANCED_FACE('',(#218),#101,.T.);
#2265=ADVANCED_FACE('',(#219,#30),#102,.F.);
#2266=ADVANCED_FACE('',(#220),#103,.T.);
#2267=ADVANCED_FACE('',(#221),#104,.T.);
#2268=ADVANCED_FACE('',(#222),#105,.F.);
#2269=ADVANCED_FACE('',(#223),#2159,.T.);
#2270=ADVANCED_FACE('',(#224,#31),#106,.T.);
#2271=ADVANCED_FACE('',(#225),#2160,.F.);
#2272=ADVANCED_FACE('',(#226,#32),#107,.F.);
#2273=ADVANCED_FACE('',(#227),#2161,.T.);
#2274=ADVANCED_FACE('',(#228),#108,.F.);
#2275=ADVANCED_FACE('',(#229),#109,.T.);
#2276=ADVANCED_FACE('',(#230,#33),#110,.F.);
#2277=ADVANCED_FACE('',(#231),#111,.T.);
#2278=ADVANCED_FACE('',(#232),#112,.F.);
#2279=ADVANCED_FACE('',(#233),#113,.T.);
#2280=ADVANCED_FACE('',(#234),#114,.T.);
#2281=ADVANCED_FACE('',(#235),#115,.T.);
#2282=CLOSED_SHELL('',(#2162,#2163,#2164,#2165,#2166,#2167,#2168,#2169,
#2170,#2171,#2172,#2173,#2174,#2175,#2176,#2177,#2178,#2179,#2180,#2181,
#2182,#2183,#2184,#2185,#2186,#2187,#2188,#2189,#2190,#2191,#2192,#2193,
#2194,#2195,#2196,#2197,#2198,#2199,#2200,#2201,#2202,#2203,#2204,#2205,
#2206,#2207,#2208,#2209,#2210,#2211,#2212,#2213,#2214,#2215,#2216,#2217,
#2218,#2219,#2220,#2221,#2222,#2223,#2224,#2225,#2226,#2227,#2228,#2229,
#2230,#2231,#2232,#2233,#2234,#2235,#2236,#2237,#2238,#2239,#2240,#2241,
#2242,#2243,#2244,#2245,#2246,#2247,#2248,#2249,#2250,#2251,#2252,#2253,
#2254,#2255,#2256,#2257,#2258,#2259,#2260,#2261,#2262,#2263,#2264,#2265,
#2266,#2267,#2268,#2269,#2270,#2271,#2272,#2273,#2274,#2275,#2276,#2277,
#2278,#2279,#2280,#2281));
#2283=DERIVED_UNIT_ELEMENT(#2285,1.);
#2284=DERIVED_UNIT_ELEMENT(#3971,-3.);
#2285=(
MASS_UNIT()
NAMED_UNIT(*)
SI_UNIT(.KILO.,.GRAM.)
);
#2286=DERIVED_UNIT((#2283,#2284));
#2287=MEASURE_REPRESENTATION_ITEM('density measure',
POSITIVE_RATIO_MEASURE(7850.),#2286);
#2288=PROPERTY_DEFINITION_REPRESENTATION(#2293,#2290);
#2289=PROPERTY_DEFINITION_REPRESENTATION(#2294,#2291);
#2290=REPRESENTATION('material name',(#2292),#3968);
#2291=REPRESENTATION('density',(#2287),#3968);
#2292=DESCRIPTIVE_REPRESENTATION_ITEM('\X2\AC15CCA0\X0\','\X2\AC15CCA0\X0\');
#2293=PROPERTY_DEFINITION('material property','material name',#3978);
#2294=PROPERTY_DEFINITION('material property','density of part',#3978);
#2295=AXIS2_PLACEMENT_3D('',#3001,#2446,#2447);
#2296=AXIS2_PLACEMENT_3D('',#3021,#2448,#2449);
#2297=AXIS2_PLACEMENT_3D('',#3024,#2451,#2452);
#2298=AXIS2_PLACEMENT_3D('',#3035,#2454,#2455);
#2299=AXIS2_PLACEMENT_3D('',#3038,#2457,#2458);
#2300=AXIS2_PLACEMENT_3D('',#3039,#2459,#2460);
#2301=AXIS2_PLACEMENT_3D('',#3054,#2465,#2466);
#2302=AXIS2_PLACEMENT_3D('',#3055,#2467,#2468);
#2303=AXIS2_PLACEMENT_3D('',#3063,#2469,#2470);
#2304=AXIS2_PLACEMENT_3D('',#3066,#2472,#2473);
#2305=AXIS2_PLACEMENT_3D('',#3076,#2475,#2476);
#2306=AXIS2_PLACEMENT_3D('',#3077,#2477,#2478);
#2307=AXIS2_PLACEMENT_3D('',#3078,#2479,#2480);
#2308=AXIS2_PLACEMENT_3D('',#3093,#2485,#2486);
#2309=AXIS2_PLACEMENT_3D('',#3094,#2487,#2488);
#2310=AXIS2_PLACEMENT_3D('',#3105,#2490,#2491);
#2311=AXIS2_PLACEMENT_3D('',#3108,#2493,#2494);
#2312=AXIS2_PLACEMENT_3D('',#3116,#2495,#2496);
#2313=AXIS2_PLACEMENT_3D('',#3118,#2497,#2498);
#2314=AXIS2_PLACEMENT_3D('',#3120,#2500,#2501);
#2315=AXIS2_PLACEMENT_3D('',#3142,#2513,#2514);
#2316=AXIS2_PLACEMENT_3D('',#3159,#2518,#2519);
#2317=AXIS2_PLACEMENT_3D('',#3162,#2521,#2522);
#2318=AXIS2_PLACEMENT_3D('',#3163,#2523,#2524);
#2319=AXIS2_PLACEMENT_3D('',#3166,#2527,#2528);
#2320=AXIS2_PLACEMENT_3D('',#3168,#2529,#2530);
#2321=AXIS2_PLACEMENT_3D('',#3189,#2532,#2533);
#2322=AXIS2_PLACEMENT_3D('',#3190,#2534,#2535);
#2323=AXIS2_PLACEMENT_3D('',#3200,#2541,#2542);
#2324=AXIS2_PLACEMENT_3D('',#3204,#2545,#2546);
#2325=AXIS2_PLACEMENT_3D('',#3208,#2549,#2550);
#2326=AXIS2_PLACEMENT_3D('',#3212,#2553,#2554);
#2327=AXIS2_PLACEMENT_3D('',#3216,#2557,#2558);
#2328=AXIS2_PLACEMENT_3D('',#3225,#2560,#2561);
#2329=AXIS2_PLACEMENT_3D('',#3227,#2562,#2563);
#2330=AXIS2_PLACEMENT_3D('',#3236,#2565,#2566);
#2331=AXIS2_PLACEMENT_3D('',#3239,#2568,#2569);
#2332=AXIS2_PLACEMENT_3D('',#3240,#2570,#2571);
#2333=AXIS2_PLACEMENT_3D('',#3246,#2575,#2576);
#2334=AXIS2_PLACEMENT_3D('',#3248,#2577,#2578);
#2335=AXIS2_PLACEMENT_3D('',#3264,#2579,#2580);
#2336=AXIS2_PLACEMENT_3D('',#3266,#2582,#2583);
#2337=AXIS2_PLACEMENT_3D('',#3273,#2586,#2587);
#2338=AXIS2_PLACEMENT_3D('',#3286,#2594,#2595);
#2339=AXIS2_PLACEMENT_3D('',#3287,#2596,#2597);
#2340=AXIS2_PLACEMENT_3D('',#3292,#2600,#2601);
#2341=AXIS2_PLACEMENT_3D('',#3293,#2602,#2603);
#2342=AXIS2_PLACEMENT_3D('',#3307,#2611,#2612);
#2343=AXIS2_PLACEMENT_3D('',#3326,#2616,#2617);
#2344=AXIS2_PLACEMENT_3D('',#3330,#2620,#2621);
#2345=AXIS2_PLACEMENT_3D('',#3338,#2626,#2627);
#2346=AXIS2_PLACEMENT_3D('',#3343,#2630,#2631);
#2347=AXIS2_PLACEMENT_3D('',#3351,#2633,#2634);
#2348=AXIS2_PLACEMENT_3D('',#3361,#2640,#2641);
#2349=AXIS2_PLACEMENT_3D('',#3398,#2645,#2646);
#2350=AXIS2_PLACEMENT_3D('',#3401,#2648,#2649);
#2351=AXIS2_PLACEMENT_3D('',#3402,#2650,#2651);
#2352=AXIS2_PLACEMENT_3D('',#3405,#2654,#2655);
#2353=AXIS2_PLACEMENT_3D('',#3416,#2661,#2662);
#2354=AXIS2_PLACEMENT_3D('',#3427,#2665,#2666);
#2355=AXIS2_PLACEMENT_3D('',#3431,#2668,#2669);
#2356=AXIS2_PLACEMENT_3D('',#3433,#2671,#2672);
#2357=AXIS2_PLACEMENT_3D('',#3446,#2676,#2677);
#2358=AXIS2_PLACEMENT_3D('',#3448,#2678,#2679);
#2359=AXIS2_PLACEMENT_3D('',#3450,#2681,#2682);
#2360=AXIS2_PLACEMENT_3D('',#3463,#2686,#2687);
#2361=AXIS2_PLACEMENT_3D('',#3465,#2688,#2689);
#2362=AXIS2_PLACEMENT_3D('',#3467,#2691,#2692);
#2363=AXIS2_PLACEMENT_3D('',#3480,#2696,#2697);
#2364=AXIS2_PLACEMENT_3D('',#3482,#2698,#2699);
#2365=AXIS2_PLACEMENT_3D('',#3484,#2701,#2702);
#2366=AXIS2_PLACEMENT_3D('',#3487,#2705,#2706);
#2367=AXIS2_PLACEMENT_3D('',#3500,#2710,#2711);
#2368=AXIS2_PLACEMENT_3D('',#3502,#2713,#2714);
#2369=AXIS2_PLACEMENT_3D('',#3513,#2717,#2718);
#2370=AXIS2_PLACEMENT_3D('',#3515,#2720,#2721);
#2371=AXIS2_PLACEMENT_3D('',#3526,#2724,#2725);
#2372=AXIS2_PLACEMENT_3D('',#3528,#2727,#2728);
#2373=AXIS2_PLACEMENT_3D('',#3538,#2731,#2732);
#2374=AXIS2_PLACEMENT_3D('',#3539,#2733,#2734);
#2375=AXIS2_PLACEMENT_3D('',#3540,#2735,#2736);
#2376=AXIS2_PLACEMENT_3D('',#3542,#2738,#2739);
#2377=AXIS2_PLACEMENT_3D('',#3546,#2742,#2743);
#2378=AXIS2_PLACEMENT_3D('',#3552,#2747,#2748);
#2379=AXIS2_PLACEMENT_3D('',#3558,#2752,#2753);
#2380=AXIS2_PLACEMENT_3D('',#3562,#2756,#2757);
#2381=AXIS2_PLACEMENT_3D('',#3566,#2760,#2761);
#2382=AXIS2_PLACEMENT_3D('',#3572,#2765,#2766);
#2383=AXIS2_PLACEMENT_3D('',#3578,#2770,#2771);
#2384=AXIS2_PLACEMENT_3D('',#3584,#2775,#2776);
#2385=AXIS2_PLACEMENT_3D('',#3585,#2777,#2778);
#2386=AXIS2_PLACEMENT_3D('',#3596,#2779,#2780);
#2387=AXIS2_PLACEMENT_3D('',#3597,#2781,#2782);
#2388=AXIS2_PLACEMENT_3D('',#3605,#2787,#2788);
#2389=AXIS2_PLACEMENT_3D('',#3607,#2789,#2790);
#2390=AXIS2_PLACEMENT_3D('',#3608,#2791,#2792);
#2391=AXIS2_PLACEMENT_3D('',#3621,#2799,#2800);
#2392=AXIS2_PLACEMENT_3D('',#3633,#2807,#2808);
#2393=AXIS2_PLACEMENT_3D('',#3642,#2814,#2815);
#2394=AXIS2_PLACEMENT_3D('',#3649,#2820,#2821);
#2395=AXIS2_PLACEMENT_3D('',#3651,#2823,#2824);
#2396=AXIS2_PLACEMENT_3D('',#3667,#2829,#2830);
#2397=AXIS2_PLACEMENT_3D('',#3669,#2831,#2832);
#2398=AXIS2_PLACEMENT_3D('',#3671,#2834,#2835);
#2399=AXIS2_PLACEMENT_3D('',#3684,#2839,#2840);
#2400=AXIS2_PLACEMENT_3D('',#3686,#2841,#2842);
#2401=AXIS2_PLACEMENT_3D('',#3688,#2844,#2845);
#2402=AXIS2_PLACEMENT_3D('',#3694,#2849,#2850);
#2403=AXIS2_PLACEMENT_3D('',#3707,#2854,#2855);
#2404=AXIS2_PLACEMENT_3D('',#3709,#2857,#2858);
#2405=AXIS2_PLACEMENT_3D('',#3720,#2861,#2862);
#2406=AXIS2_PLACEMENT_3D('',#3722,#2864,#2865);
#2407=AXIS2_PLACEMENT_3D('',#3746,#2869,#2870);
#2408=AXIS2_PLACEMENT_3D('',#3747,#2871,#2872);
#2409=AXIS2_PLACEMENT_3D('',#3752,#2876,#2877);
#2410=AXIS2_PLACEMENT_3D('',#3756,#2880,#2881);
#2411=AXIS2_PLACEMENT_3D('',#3764,#2882,#2883);
#2412=AXIS2_PLACEMENT_3D('',#3767,#2885,#2886);
#2413=AXIS2_PLACEMENT_3D('',#3775,#2887,#2888);
#2414=AXIS2_PLACEMENT_3D('',#3777,#2890,#2891);
#2415=AXIS2_PLACEMENT_3D('',#3779,#2892,#2893);
#2416=AXIS2_PLACEMENT_3D('',#3788,#2895,#2896);
#2417=AXIS2_PLACEMENT_3D('',#3790,#2898,#2899);
#2418=AXIS2_PLACEMENT_3D('',#3799,#2904,#2905);
#2419=AXIS2_PLACEMENT_3D('',#3802,#2907,#2908);
#2420=AXIS2_PLACEMENT_3D('',#3810,#2910,#2911);
#2421=AXIS2_PLACEMENT_3D('',#3817,#2915,#2916);
#2422=AXIS2_PLACEMENT_3D('',#3819,#2918,#2919);
#2423=AXIS2_PLACEMENT_3D('',#3840,#2921,#2922);
#2424=AXIS2_PLACEMENT_3D('',#3841,#2923,#2924);
#2425=AXIS2_PLACEMENT_3D('',#3846,#2928,#2929);
#2426=AXIS2_PLACEMENT_3D('',#3854,#2934,#2935);
#2427=AXIS2_PLACEMENT_3D('',#3864,#2941,#2942);
#2428=AXIS2_PLACEMENT_3D('',#3867,#2945,#2946);
#2429=AXIS2_PLACEMENT_3D('',#3870,#2948,#2949);
#2430=AXIS2_PLACEMENT_3D('',#3871,#2950,#2951);
#2431=AXIS2_PLACEMENT_3D('',#3890,#2952,#2953);
#2432=AXIS2_PLACEMENT_3D('',#3891,#2954,#2955);
#2433=AXIS2_PLACEMENT_3D('',#3893,#2956,#2957);
#2434=AXIS2_PLACEMENT_3D('',#3910,#2959,#2960);
#2435=AXIS2_PLACEMENT_3D('',#3911,#2961,#2962);
#2436=AXIS2_PLACEMENT_3D('',#3932,#2965,#2966);
#2437=AXIS2_PLACEMENT_3D('',#3935,#2968,#2969);
#2438=AXIS2_PLACEMENT_3D('',#3936,#2970,#2971);
#2439=AXIS2_PLACEMENT_3D('',#3942,#2975,#2976);
#2440=AXIS2_PLACEMENT_3D('',#3948,#2980,#2981);
#2441=AXIS2_PLACEMENT_3D('',#3953,#2985,#2986);
#2442=AXIS2_PLACEMENT_3D('',#3959,#2990,#2991);
#2443=AXIS2_PLACEMENT_3D('',#3961,#2993,#2994);
#2444=AXIS2_PLACEMENT_3D('',#3963,#2996,#2997);
#2445=AXIS2_PLACEMENT_3D('',#3965,#2999,#3000);
#2446=DIRECTION('axis',(0.,0.,1.));
#2447=DIRECTION('refdir',(1.,0.,0.));
#2448=DIRECTION('center_axis',(-1.,-1.00825763594097E-15,7.4094782482092E-15));
#2449=DIRECTION('ref_axis',(7.40947824821079E-15,-1.5800351956423E-12,1.));
#2450=DIRECTION('',(-1.,5.55111512312578E-17,1.38777878078145E-17));
#2451=DIRECTION('center_axis',(-1.,-4.54153976238855E-15,1.95603587890417E-15));
#2452=DIRECTION('ref_axis',(1.95603587891135E-15,-1.5800351956423E-12,1.));
#2453=DIRECTION('',(-1.,5.55111512312578E-17,1.38777878078145E-17));
#2454=DIRECTION('center_axis',(-1.,4.90082466156786E-14,-4.71001541699804E-14));
#2455=DIRECTION('ref_axis',(4.71001541714796E-14,3.05896525671931E-11,-1.));
#2456=DIRECTION('',(-1.,5.55111512312578E-17,1.38777878078145E-17));
#2457=DIRECTION('center_axis',(1.,-5.55111512312578E-17,-1.38777878078145E-17));
#2458=DIRECTION('ref_axis',(1.38777878088177E-17,1.80718890108782E-11,1.));
#2459=DIRECTION('center_axis',(-5.54751962890895E-17,-0.99999667814035,
0.00257753918782079));
#2460=DIRECTION('ref_axis',(-1.40208238754107E-17,-0.00257753918782079,
-0.99999667814035));
#2461=DIRECTION('',(-1.40208238754119E-17,-0.00257753918784152,-0.99999667814035));
#2462=DIRECTION('',(-1.,5.55111512312578E-17,1.38777878078145E-17));
#2463=DIRECTION('',(-1.40208238754119E-17,-0.00257753918784152,-0.99999667814035));
#2464=DIRECTION('',(-1.,5.55111512312578E-17,1.38777878078145E-17));
#2465=DIRECTION('center_axis',(1.,-3.76260348902254E-13,-1.18980641215318E-13));
#2466=DIRECTION('ref_axis',(1.18980641190494E-13,-6.59757977937263E-11,
1.));
#2467=DIRECTION('center_axis',(-1.,5.55111512312578E-17,1.38777878078145E-17));
#2468=DIRECTION('ref_axis',(-1.38777877939156E-17,2.5038049621098E-10,-1.));
#2469=DIRECTION('center_axis',(1.,-5.55111512312578E-17,-1.38777878078145E-17));
#2470=DIRECTION('ref_axis',(1.38777878083589E-17,9.80621814272686E-12,1.));
#2471=DIRECTION('',(-1.,5.55111512312578E-17,1.38777878078145E-17));
#2472=DIRECTION('center_axis',(1.,-2.54700510758833E-14,5.16294023653716E-17));
#2473=DIRECTION('ref_axis',(-5.16294021156267E-17,9.80543199436593E-12,
1.));
#2474=DIRECTION('',(-1.,5.55111512312578E-17,1.38777878078145E-17));
#2475=DIRECTION('center_axis',(1.,3.75474618881101E-13,-1.20918273984976E-13));
#2476=DIRECTION('ref_axis',(1.20918273920092E-13,1.7280537741898E-10,1.));
#2477=DIRECTION('center_axis',(-1.,5.55111512312578E-17,1.38777878078145E-17));
#2478=DIRECTION('ref_axis',(-1.38777878090249E-17,-2.18045442674639E-11,
-1.));
#2479=DIRECTION('center_axis',(-5.54751962890895E-17,-0.99999667814035,
0.00257753918782079));
#2480=DIRECTION('ref_axis',(-1.40208238754107E-17,-0.00257753918782079,
-0.99999667814035));
#2481=DIRECTION('',(-1.40208238750319E-17,-0.00257753918099298,-0.999996678140368));
#2482=DIRECTION('',(-1.40208238750319E-17,-0.00257753918099298,-0.999996678140368));
#2483=DIRECTION('',(-1.,5.55111512312578E-17,1.38777878078145E-17));
#2484=DIRECTION('',(1.,-5.55111512312578E-17,-1.38777878078145E-17));
#2485=DIRECTION('center_axis',(1.,-4.92725788351986E-14,-4.68748723904971E-14));
#2486=DIRECTION('ref_axis',(4.68748723906805E-14,3.72283495894854E-12,1.));
#2487=DIRECTION('center_axis',(-1.,5.55111512312578E-17,1.38777878078145E-17));
#2488=DIRECTION('ref_axis',(-1.38777878065902E-17,2.20551072248358E-11,
-1.));
#2489=DIRECTION('',(1.,-5.55111512312578E-17,-1.38777878078145E-17));
#2490=DIRECTION('center_axis',(-1.,5.55111512312578E-17,1.38777878078145E-17));
#2491=DIRECTION('ref_axis',(-1.38777878122837E-17,-8.05093934220772E-11,
-1.));
#2492=DIRECTION('',(1.,1.16090877588566E-10,-7.89413122116781E-11));
#2493=DIRECTION('center_axis',(1.,-5.55111512312578E-17,-1.38777878078145E-17));
#2494=DIRECTION('ref_axis',(1.38777878144079E-17,1.18776811157925E-10,1.));
#2495=DIRECTION('center_axis',(1.,-5.55111512312578E-17,-1.38777878078145E-17));
#2496=DIRECTION('ref_axis',(1.38777878004876E-17,-1.31989093799888E-10,
1.));
#2497=DIRECTION('center_axis',(1.,-5.55111512312578E-17,-1.38777878078145E-17));
#2498=DIRECTION('ref_axis',(1.38777878068975E-17,-1.65189377706573E-11,
1.));
#2499=DIRECTION('',(1.,-5.55111512312578E-17,-1.38777878078145E-17));
#2500=DIRECTION('center_axis',(-5.54751962891045E-17,-0.999996678140353,
0.00257753918675037));
#2501=DIRECTION('ref_axis',(-1.40208238753513E-17,-0.00257753918675037,
-0.999996678140353));
#2502=DIRECTION('',(1.40208238753129E-17,0.00257753918605821,0.999996678140355));
#2503=DIRECTION('',(-1.,5.55111512312578E-17,1.38777878078145E-17));
#2504=DIRECTION('',(-1.40208238753082E-17,-0.00257753918597287,-0.999996678140355));
#2505=DIRECTION('',(1.,-5.55111512312578E-17,-1.38777878078145E-17));
#2506=DIRECTION('',(1.40208238754255E-17,0.00257753918808742,0.99999667814035));
#2507=DIRECTION('',(1.,-5.55111512312578E-17,-1.38777878078145E-17));
#2508=DIRECTION('',(-1.40208238756834E-17,-0.00257753919273541,-0.999996678140338));
#2509=DIRECTION('',(0.701061277339614,-0.00183804585645197,-0.713098665685457));
#2510=DIRECTION('',(1.40208238753356E-17,0.00257753918646694,0.999996678140354));
#2511=DIRECTION('',(-0.701061277339605,-0.00183804586296346,-0.713098665685448));
#2512=DIRECTION('',(-1.4020823875248E-17,-0.00257753918488837,-0.999996678140358));
#2513=DIRECTION('center_axis',(0.713101024811155,-0.00197193190324473,-0.701058513890139));
#2514=DIRECTION('ref_axis',(-0.701059876932539,3.98986399474665E-17,-0.713102411267368));
#2515=DIRECTION('',(-2.15563396368453E-10,0.999996044122942,-0.00281278126900091));
#2516=DIRECTION('',(0.701061277340625,0.00183806209416999,0.713098665642609));
#2517=DIRECTION('',(-1.3353854404593E-10,0.999996044123178,-0.00281278118503311));
#2518=DIRECTION('center_axis',(1.,-5.55111512312578E-17,-1.38777878078145E-17));
#2519=DIRECTION('ref_axis',(1.38777878082683E-17,8.17509675207255E-12,1.));
#2520=DIRECTION('',(0.701061277339798,-0.00183805076574786,-0.713098665672621));
#2521=DIRECTION('center_axis',(1.,-5.55111512312578E-17,-1.38777878078145E-17));
#2522=DIRECTION('ref_axis',(1.38777878077398E-17,-1.34485120842702E-12,
1.));
#2523=DIRECTION('center_axis',(0.713101024810701,0.00197193190265694,0.701058513890602));
#2524=DIRECTION('ref_axis',(0.701059876933001,-3.92481186439752E-17,-0.713102411266913));
#2525=DIRECTION('',(8.01203927238848E-11,-0.999996044123787,0.00281278096863263));
#2526=DIRECTION('',(6.29536616057556E-11,-0.999996044123749,0.00281278098198903));
#2527=DIRECTION('center_axis',(1.,-5.55111512312578E-17,-1.38777878078145E-17));
#2528=DIRECTION('ref_axis',(-1.38777878078145E-17,0.,-1.));
#2529=DIRECTION('center_axis',(1.,2.89210920871799E-15,1.96928140347803E-14));
#2530=DIRECTION('ref_axis',(1.96928140348886E-14,-3.74367029324706E-11,
-1.));
#2531=DIRECTION('',(1.,-5.55111512312578E-17,-1.38777878078145E-17));
#2532=DIRECTION('center_axis',(-1.,1.23143135875572E-14,-5.16521045511987E-15));
#2533=DIRECTION('ref_axis',(-5.16521045521766E-15,-7.9414173666184E-12,
1.));
#2534=DIRECTION('center_axis',(1.,-5.55111512312578E-17,-1.38777878078145E-17));
#2535=DIRECTION('ref_axis',(-1.38777878078145E-17,0.,-1.));
#2536=DIRECTION('',(-5.54718964574662E-17,-0.999996044123563,0.00281278104818249));
#2537=DIRECTION('',(-1.45600044149112E-17,-0.48141316888952,0.876493788237972));
#2538=DIRECTION('',(-1.40208238735057E-17,-0.00257753915348026,-0.999996678140439));
#2539=DIRECTION('',(3.91080554501162E-17,0.486021363649781,0.873946928638123));
#2540=DIRECTION('',(-5.54718964574444E-17,-0.999996044123559,0.00281278104972921));
#2541=DIRECTION('center_axis',(1.4033873623232E-17,0.00281278104971936,
0.999996044123559));
#2542=DIRECTION('ref_axis',(1.,-5.55111512312578E-17,-1.38777878078145E-17));
#2543=DIRECTION('',(-1.,5.55111512312578E-17,1.38777878078145E-17));
#2544=DIRECTION('',(-5.54718964574444E-17,-0.999996044123559,0.00281278104972921));
#2545=DIRECTION('center_axis',(4.17688987691641E-17,0.873946928641059,-0.4860213636445));
#2546=DIRECTION('ref_axis',(3.91080554498638E-17,0.4860213636445,0.873946928641059));
#2547=DIRECTION('',(-1.,5.55111512312578E-17,1.38777878078145E-17));
#2548=DIRECTION('',(-3.91080554499541E-17,-0.486021363646389,-0.873946928640009));
#2549=DIRECTION('center_axis',(5.5475196289576E-17,0.99999667814044,-0.00257753915312659));
#2550=DIRECTION('ref_axis',(1.4020823873486E-17,0.00257753915312659,0.99999667814044));
#2551=DIRECTION('',(1.,-5.55111512312578E-17,-1.38777878078145E-17));
#2552=DIRECTION('',(1.40208238735057E-17,0.00257753915348026,0.999996678140439));
#2553=DIRECTION('center_axis',(5.53361290378414E-17,0.876493788236945,0.48141316889139));
#2554=DIRECTION('ref_axis',(-1.45600044150292E-17,-0.48141316889139,0.876493788236945));
#2555=DIRECTION('',(1.,-5.55111512312578E-17,-1.38777878078145E-17));
#2556=DIRECTION('',(1.45600044150292E-17,0.48141316889139,-0.876493788236945));
#2557=DIRECTION('center_axis',(-1.4033873623146E-17,-0.00281278104816828,
-0.999996044123563));
#2558=DIRECTION('ref_axis',(-1.,5.55111512312578E-17,1.38777878078145E-17));
#2559=DIRECTION('',(-5.54718964574662E-17,-0.999996044123563,0.00281278104818249));
#2560=DIRECTION('center_axis',(1.,-5.55111512312578E-17,-1.38777878078145E-17));
#2561=DIRECTION('ref_axis',(1.38777878081108E-17,5.33782400765118E-12,1.));
#2562=DIRECTION('center_axis',(1.,-1.14928442018692E-13,6.85938256066861E-14));
#2563=DIRECTION('ref_axis',(-6.85938256060574E-14,5.47025093913707E-12,
1.));
#2564=DIRECTION('',(-1.,5.55111512312578E-17,1.38777878078145E-17));
#2565=DIRECTION('center_axis',(-1.,5.55111512312578E-17,1.38777878078145E-17));
#2566=DIRECTION('ref_axis',(-1.38777878077136E-17,1.81768696731615E-12,
-1.));
#2567=DIRECTION('',(-1.,5.55111512312578E-17,1.38777878078145E-17));
#2568=DIRECTION('center_axis',(-1.,5.55111512312578E-17,1.38777878078145E-17));
#2569=DIRECTION('ref_axis',(-1.38777878077136E-17,1.81768696731615E-12,
-1.));
#2570=DIRECTION('center_axis',(5.5475196289054E-17,0.999996678140344,-0.00257753919035366));
#2571=DIRECTION('ref_axis',(1.40208238755512E-17,0.00257753919035366,0.999996678140344));
#2572=DIRECTION('',(1.40208238752443E-17,0.00257753918482008,0.999996678140358));
#2573=DIRECTION('',(-1.,5.55111512312578E-17,1.38777878078145E-17));
#2574=DIRECTION('',(-1.40208238752443E-17,-0.00257753918482008,-0.999996678140358));
#2575=DIRECTION('center_axis',(1.,-5.55111512312578E-17,-1.38777878078145E-17));
#2576=DIRECTION('ref_axis',(-1.38777878078145E-17,0.,-1.));
#2577=DIRECTION('center_axis',(1.,-1.41135147217536E-14,-5.25397720601185E-15));
#2578=DIRECTION('ref_axis',(-5.25397720609899E-15,-6.17421776693474E-12,
-1.));
#2579=DIRECTION('center_axis',(1.,-5.55111512312578E-17,-1.38777878078145E-17));
#2580=DIRECTION('ref_axis',(1.38777878055511E-17,-4.07743393266246E-11,
1.));
#2581=DIRECTION('',(1.,-5.55111512312578E-17,-1.38777878078145E-17));
#2582=DIRECTION('center_axis',(5.54751962891059E-17,0.999996678140353,-0.00257753918665411));
#2583=DIRECTION('ref_axis',(1.4020823875346E-17,0.00257753918665411,0.999996678140353));
#2584=DIRECTION('',(1.,-5.54749783710527E-17,1.56039585115411E-19));
#2585=DIRECTION('',(1.40208238753951E-17,0.00257753918753998,0.999996678140351));
#2586=DIRECTION('center_axis',(6.43940266670969E-6,0.999996635288491,-0.00259410297239252));
#2587=DIRECTION('ref_axis',(-0.000873297989892329,0.00259410760674909,0.999996253971156));
#2588=DIRECTION('',(-1.,5.55111512312578E-17,1.38777878078145E-17));
#2589=DIRECTION('',(1.4020823875346E-17,0.00257753918665411,0.999996678140353));
#2590=DIRECTION('',(-1.,5.55111512312578E-17,1.38777878078145E-17));
#2591=DIRECTION('',(-1.40208238752485E-17,-0.0025775391848967,-0.999996678140358));
#2592=DIRECTION('',(-1.,5.55111512312578E-17,1.38777878078145E-17));
#2593=DIRECTION('',(-1.4020823875346E-17,-0.00257753918665411,-0.999996678140353));
#2594=DIRECTION('center_axis',(6.52565172998725E-17,0.99999667814036,-0.00257753918403418));
#2595=DIRECTION('ref_axis',(-5.18160715494648E-11,-0.00257753918403418,
-0.99999667814036));
#2596=DIRECTION('center_axis',(-0.6976263797336,0.716459366585792,-0.00184670822723386));
#2597=DIRECTION('ref_axis',(-0.00264712145454242,1.0842021724855E-18,0.999996496367865));
#2598=DIRECTION('',(0.716461736923069,0.697623629918379,-0.00196227028789566));
#2599=DIRECTION('',(1.40208238753406E-17,0.00257753918655632,0.999996678140354));
#2600=DIRECTION('center_axis',(-0.697626379755618,0.716459366564402,-0.00184670820830496));
#2601=DIRECTION('ref_axis',(0.715421780511684,0.696750267332507,0.0520647763998918));
#2602=DIRECTION('center_axis',(-1.,5.55111512312578E-17,1.38777878078145E-17));
#2603=DIRECTION('ref_axis',(1.38777878078145E-17,0.,1.));
#2604=DIRECTION('',(5.54718964574581E-17,0.999996044123561,-0.00281278104875324));
#2605=DIRECTION('',(-1.40208238755381E-17,-0.00257753919011642,-0.999996678140344));
#2606=DIRECTION('',(1.40338736231917E-17,0.00281278104899179,0.999996044123561));
#2607=DIRECTION('',(-5.54718964574548E-17,-0.999996044123561,0.00281278104899179));
#2608=DIRECTION('',(1.40208238753502E-17,0.00257753918673015,0.999996678140353));
#2609=DIRECTION('',(-1.40208238729209E-17,-0.00257753914294009,-0.999996678140466));
#2610=DIRECTION('',(-5.59466357833577E-17,-0.999433862977083,-0.0336445171566682));
#2611=DIRECTION('center_axis',(-0.682875902961298,-0.730531967498512,0.00188298102628955));
#2612=DIRECTION('ref_axis',(0.00275741735742623,1.0842021724855E-18,0.999996198317532));
#2613=DIRECTION('',(0.730534384805301,-0.682873211672338,0.00192078042621728));
#2614=DIRECTION('',(-1.40208238750539E-17,-0.00257753918138889,-0.999996678140367));
#2615=DIRECTION('',(0.73031074189481,-0.682728348931482,-0.0229830772166203));
#2616=DIRECTION('center_axis',(1.4033873623192E-17,0.00281278104899843,
0.999996044123561));
#2617=DIRECTION('ref_axis',(1.,-5.55111512312578E-17,-1.38777878078144E-17));
#2618=DIRECTION('',(-1.,5.55111512312578E-17,1.38777878078145E-17));
#2619=DIRECTION('',(-5.54718964574714E-17,-0.999996044123564,0.00281278104780731));
#2620=DIRECTION('center_axis',(0.,0.00281278104875324,0.999996044123561));
#2621=DIRECTION('ref_axis',(1.,0.,0.));
#2622=DIRECTION('',(0.,-0.999996044123561,0.00281278104875324));
#2623=DIRECTION('',(1.,-5.54749783710421E-17,1.56039585115381E-19));
#2624=DIRECTION('',(-5.54718964574581E-17,-0.999996044123561,0.00281278104875324));
#2625=DIRECTION('',(-1.,5.54749783710543E-17,-1.56039585115416E-19));
#2626=DIRECTION('center_axis',(5.54751962891049E-17,0.999996678140353,-0.00257753918672444));
#2627=DIRECTION('ref_axis',(1.40208238753499E-17,0.00257753918672444,0.999996678140353));
#2628=DIRECTION('',(1.,-5.54749783710516E-17,1.56039585128642E-19));
#2629=DIRECTION('',(1.40208238753502E-17,0.00257753918673015,0.999996678140353));
#2630=DIRECTION('center_axis',(1.04750706932475E-15,0.99999667814036,-0.00257753918403179));
#2631=DIRECTION('ref_axis',(8.01279302333781E-11,-0.00257753918403179,-0.99999667814036));
#2632=DIRECTION('',(-5.59466357832913E-17,-0.999433862977269,-0.0336445171511425));
#2633=DIRECTION('center_axis',(-1.40338736231785E-17,-0.00281278104875423,
-0.999996044123561));
#2634=DIRECTION('ref_axis',(-1.,5.55111512312578E-17,1.38777878078145E-17));
#2635=DIRECTION('',(-5.54718964574581E-17,-0.999996044123561,0.00281278104875423));
#2636=DIRECTION('',(5.54718964574581E-17,0.999996044123561,-0.00281278104875827));
#2637=DIRECTION('',(1.,-5.55111512312578E-17,-1.38777878078145E-17));
#2638=DIRECTION('',(5.54718964574593E-17,0.999996044123562,-0.00281278104867187));
#2639=DIRECTION('',(-1.,5.55111512312578E-17,1.38777878078145E-17));
#2640=DIRECTION('center_axis',(3.03727750080336E-17,0.720508737540841,-0.693445858829154));
#2641=DIRECTION('ref_axis',(-1.,5.55111512312578E-17,1.38777878078145E-17));
#2642=DIRECTION('',(-4.84930453134227E-17,-0.693445858829154,-0.720508737540841));
#2643=DIRECTION('',(4.84930453135267E-17,0.693445858831622,0.720508737538466));
#2644=DIRECTION('',(5.54718964574849E-17,0.999996044123567,-0.00281278104684663));
#2645=DIRECTION('center_axis',(1.,9.15491903240965E-15,-5.54391838661058E-14));
#2646=DIRECTION('ref_axis',(-5.54391838661176E-14,1.29097007253537E-12,
-1.));
#2647=DIRECTION('',(1.,-5.55111512312578E-17,-1.38777878078145E-17));
#2648=DIRECTION('center_axis',(1.,1.88188502709185E-14,1.7278478767027E-14));
#2649=DIRECTION('ref_axis',(-1.72784787668896E-14,-7.29892897485792E-12,
1.));
#2650=DIRECTION('center_axis',(3.0372775007764E-17,0.720508737536985,-0.693445858833161));
#2651=DIRECTION('ref_axis',(-1.,5.55111512312579E-17,1.38777878078144E-17));
#2652=DIRECTION('',(-4.84930453135885E-17,-0.693445858833087,-0.720508737537056));
#2653=DIRECTION('',(4.84930453135885E-17,0.693445858833087,0.720508737537056));
#2654=DIRECTION('center_axis',(-3.03727750077902E-17,-0.72050873753736,
0.693445858832771));
#2655=DIRECTION('ref_axis',(1.,-5.55111512312579E-17,-1.38777878078145E-17));
#2656=DIRECTION('',(-1.,5.55111512312578E-17,1.38777878078145E-17));
#2657=DIRECTION('',(-4.84930453135184E-17,-0.693445858831423,-0.720508737538657));
#2658=DIRECTION('',(-1.,5.55111512312578E-17,1.38777878078145E-17));
#2659=DIRECTION('',(4.84930453135184E-17,0.693445858831423,0.720508737538657));
#2660=DIRECTION('',(4.84930453135184E-17,0.693445858831423,0.720508737538657));
#2661=DIRECTION('center_axis',(1.20022851986932E-17,-0.0336445171506053,
0.999433862977287));
#2662=DIRECTION('ref_axis',(1.,-5.55111512312578E-17,-1.38777878078145E-17));
#2663=DIRECTION('',(-5.59466357832739E-17,-0.999433862977318,-0.0336445171496897));
#2664=DIRECTION('',(-5.59466357832742E-17,-0.999433862977317,-0.0336445171497204));
#2665=DIRECTION('center_axis',(-1.,-1.11200705810712E-13,1.07091223144893E-13));
#2666=DIRECTION('ref_axis',(-1.07091223142389E-13,-2.25196568358541E-11,
-1.));
#2667=DIRECTION('',(-0.716461736931173,-0.697623629879972,0.00196228098358864));
#2668=DIRECTION('center_axis',(-1.,-1.52921787171302E-13,1.47245227655524E-13));
#2669=DIRECTION('ref_axis',(-1.47245227651361E-13,-2.72222009113249E-11,
-1.));
#2670=DIRECTION('',(-0.701061277352735,0.00183804580437647,0.713098665672691));
#2671=DIRECTION('center_axis',(0.713101024810122,0.00197193190236682,0.701058513891192));
#2672=DIRECTION('ref_axis',(0.701059876933591,-4.16333634234434E-17,-0.713102411266333));
#2673=DIRECTION('',(-5.93871577740114E-11,-0.999996044123391,0.00281278110940643));
#2674=DIRECTION('',(-0.701061277340703,0.00183805586854141,0.713098665658579));
#2675=DIRECTION('',(-1.0887694246378E-10,-0.999996044123249,0.00281278115992433));
#2676=DIRECTION('center_axis',(-1.,5.55111512312578E-17,1.38777878078145E-17));
#2677=DIRECTION('ref_axis',(-1.38777878074429E-17,6.69420714631604E-12,
-1.));
#2678=DIRECTION('center_axis',(-1.,-6.22788734178859E-12,6.14126381487613E-12));
#2679=DIRECTION('ref_axis',(-6.14126381447474E-12,-6.44501314076792E-11,
-1.));
#2680=DIRECTION('',(-0.716461736929604,0.697623629911717,-0.00196227027069861));
#2681=DIRECTION('center_axis',(0.697626379722427,0.716459366596657,-0.00184670823290232));
#2682=DIRECTION('ref_axis',(-0.00264712146271008,-1.95156391047391E-18,
-0.999996496367843));
#2683=DIRECTION('',(-2.25976913296569E-9,0.00257754137943264,0.999996678134701));
#2684=DIRECTION('',(-0.716461736938598,0.697623629872332,-0.00196228098862062));
#2685=DIRECTION('',(-4.1429303174151E-9,0.00257754323445932,0.99999667812992));
#2686=DIRECTION('center_axis',(-1.,5.55111512312578E-17,1.38777878078145E-17));
#2687=DIRECTION('ref_axis',(-1.38777878072704E-17,9.80094171957559E-12,
-1.));
#2688=DIRECTION('center_axis',(-1.,-6.42499104822881E-12,6.18373064162879E-12));
#2689=DIRECTION('ref_axis',(-6.18373064080115E-12,-1.28816203149503E-10,
-1.));
#2690=DIRECTION('',(-0.701061277336503,-0.0018380458368773,-0.713098665688565));
#2691=DIRECTION('center_axis',(0.713101024810419,-0.00197193190236605,-0.70105851389089));
#2692=DIRECTION('ref_axis',(-0.701059876933288,4.03323208164608E-17,-0.71310241126663));
#2693=DIRECTION('',(-5.93870468302718E-11,0.999996044123391,-0.00281278110941216));
#2694=DIRECTION('',(-0.701061277357229,-0.00183805586849945,-0.713098665642332));
#2695=DIRECTION('',(-1.08876831519988E-10,0.999996044123251,-0.00281278115902284));
#2696=DIRECTION('center_axis',(-1.,5.55111512312578E-17,1.38777878078145E-17));
#2697=DIRECTION('ref_axis',(-1.38777878080659E-17,-4.5294967403062E-12,
-1.));
#2698=DIRECTION('center_axis',(-1.,6.459795717041E-12,6.15051944784178E-12));
#2699=DIRECTION('ref_axis',(-6.15051944622691E-12,2.49988229409241E-10,
-1.));
#2700=DIRECTION('',(-0.716461736913028,-0.697623629928835,0.00196227023720279));
#2701=DIRECTION('center_axis',(0.697626379739501,-0.716459366580032,0.00184670823279065));
#2702=DIRECTION('ref_axis',(0.00264712146248523,2.60208521396521E-18,-0.999996496367844));
#2703=DIRECTION('',(-2.25976919079607E-9,-0.00257754141341032,-0.999996678134614));
#2704=DIRECTION('',(-4.14293044546247E-9,-0.00257754322818552,-0.999996678129936));
#2705=DIRECTION('center_axis',(5.54751962895654E-17,0.999996678140438,-0.00257753915388319));
#2706=DIRECTION('ref_axis',(1.4020823873528E-17,0.00257753915388319,0.999996678140438));
#2707=DIRECTION('',(-1.,1.99033026954519E-11,-1.98678811800754E-11));
#2708=DIRECTION('',(1.40208238754125E-17,0.00257753918785293,0.99999667814035));
#2709=DIRECTION('',(-1.,1.97574751738973E-11,7.66511877230487E-9));
#2710=DIRECTION('center_axis',(1.,-5.55111512312578E-17,-1.38777878078145E-17));
#2711=DIRECTION('ref_axis',(1.38777878060297E-17,-3.21528263069225E-11,
1.));
#2712=DIRECTION('',(-1.,-1.99031916731495E-11,-1.98678811800754E-11));
#2713=DIRECTION('center_axis',(-1.40338736231485E-17,-0.00281278104821495,
-0.999996044123563));
#2714=DIRECTION('ref_axis',(-1.,5.55111512312578E-17,1.38777878078144E-17));
#2715=DIRECTION('',(5.54718964574526E-17,0.99999604412356,-0.00281278104915142));
#2716=DIRECTION('',(-1.,7.33757253410678E-9,-2.06456279888335E-11));
#2717=DIRECTION('center_axis',(1.,-5.55111512312578E-17,-1.38777878078145E-17));
#2718=DIRECTION('ref_axis',(1.3877787806024E-17,-3.22552740368923E-11,1.));
#2719=DIRECTION('',(-1.,-1.99031916731495E-11,1.9867908935651E-11));
#2720=DIRECTION('center_axis',(-5.54751962890866E-17,-0.99999667814035,
0.00257753918802956));
#2721=DIRECTION('ref_axis',(-1.40208238754223E-17,-0.00257753918802956,
-0.99999667814035));
#2722=DIRECTION('',(-1.40208238754125E-17,-0.00257753918785293,-0.99999667814035));
#2723=DIRECTION('',(-1.,-1.97529451617506E-11,-7.66511875462317E-9));
#2724=DIRECTION('center_axis',(1.,-5.55111512312578E-17,-1.38777878078145E-17));
#2725=DIRECTION('ref_axis',(1.38777878099461E-17,3.83995110245206E-11,1.));
#2726=DIRECTION('',(-1.,1.98944646638425E-11,3.98065082463892E-11));
#2727=DIRECTION('center_axis',(1.40338736231489E-17,0.00281278104822068,
0.999996044123563));
#2728=DIRECTION('ref_axis',(1.,-5.55111512312578E-17,-1.38777878078145E-17));
#2729=DIRECTION('',(-5.54718964574652E-17,-0.999996044123563,0.00281278104825245));
#2730=DIRECTION('',(-1.,-7.33757684210029E-9,2.06456557444091E-11));
#2731=DIRECTION('center_axis',(1.,-5.55111512312578E-17,-1.38777878078145E-17));
#2732=DIRECTION('ref_axis',(1.38777878148916E-17,1.2748963396627E-10,1.));
#2733=DIRECTION('center_axis',(1.,-5.55111512312578E-17,-1.38777878078145E-17));
#2734=DIRECTION('ref_axis',(-1.38777878078145E-17,0.,-1.));
#2735=DIRECTION('center_axis',(1.,-5.55111512312578E-17,-1.38777878078145E-17));
#2736=DIRECTION('ref_axis',(-1.38777878078145E-17,0.,-1.));
#2737=DIRECTION('',(-5.54718964574548E-17,-0.999996044123561,0.00281278104899179));
#2738=DIRECTION('center_axis',(1.,-5.54716770174965E-17,1.56030299107192E-19));
#2739=DIRECTION('ref_axis',(5.54718964574647E-17,0.999996044123563,-0.002812781048278));
#2740=DIRECTION('',(5.54718964574648E-17,0.999996044123563,-0.002812781048278));
#2741=DIRECTION('',(0.,0.00281278104899179,0.999996044123561));
#2742=DIRECTION('center_axis',(5.54718964574548E-17,0.999996044123561,-0.00281278104899179));
#2743=DIRECTION('ref_axis',(-1.,5.55111512312578E-17,1.38777878078145E-17));
#2744=DIRECTION('',(-1.,5.55111512312578E-17,1.38777878078145E-17));
#2745=DIRECTION('',(0.,0.00281278104899179,0.999996044123561));
#2746=DIRECTION('',(-1.,5.55111512312578E-17,1.38777878078145E-17));
#2747=DIRECTION('center_axis',(-1.,0.,0.));
#2748=DIRECTION('ref_axis',(0.,0.,1.));
#2749=DIRECTION('',(0.,-0.00257753918653069,-0.999996678140354));
#2750=DIRECTION('',(0.,-0.999996044123561,0.00281278104899598));
#2751=DIRECTION('',(0.,0.00257753918741067,0.999996678140351));
#2752=DIRECTION('center_axis',(0.,0.00281278104899179,0.999996044123561));
#2753=DIRECTION('ref_axis',(1.,0.,0.));
#2754=DIRECTION('',(-5.54718964574548E-17,-0.999996044123561,0.00281278104899267));
#2755=DIRECTION('',(1.,-5.55111512312578E-17,-1.38777878078145E-17));
#2756=DIRECTION('center_axis',(-5.54718964574548E-17,-0.999996044123561,
0.00281278104899179));
#2757=DIRECTION('ref_axis',(1.,-5.55111512312578E-17,-1.38777878078145E-17));
#2758=DIRECTION('',(0.,0.00281278104899179,0.999996044123561));
#2759=DIRECTION('',(-1.,5.55111512312578E-17,1.38777878078145E-17));
#2760=DIRECTION('center_axis',(0.,-0.00281278104899598,-0.999996044123561));
#2761=DIRECTION('ref_axis',(-1.,0.,0.));
#2762=DIRECTION('',(1.,-5.54749783710543E-17,1.56039585128882E-19));
#2763=DIRECTION('',(2.84643784826903E-13,0.999996044123561,-0.00281278104899521));
#2764=DIRECTION('',(-1.,5.5474978371042E-17,-1.56039585128847E-19));
#2765=DIRECTION('center_axis',(-1.,0.,0.));
#2766=DIRECTION('ref_axis',(0.,0.,1.));
#2767=DIRECTION('',(-1.40208238753289E-17,-0.00257753918634653,-0.999996678140354));
#2768=DIRECTION('',(-5.54718964574648E-17,-0.999996044123563,0.00281278104827853));
#2769=DIRECTION('',(1.40208238753289E-17,0.0025775391863459,0.999996678140354));
#2770=DIRECTION('center_axis',(-1.40338736231521E-17,-0.00281278104827853,
-0.999996044123563));
#2771=DIRECTION('ref_axis',(-1.,5.55111512312578E-17,1.38777878078145E-17));
#2772=DIRECTION('',(1.,-5.55111512312578E-17,-1.38777878078145E-17));
#2773=DIRECTION('',(5.54718964574547E-17,0.999996044123561,-0.00281278104899924));
#2774=DIRECTION('',(-1.,0.,0.));
#2775=DIRECTION('center_axis',(5.54751962890953E-17,0.999996678140351,-0.00257753918741067));
#2776=DIRECTION('ref_axis',(1.4020823875388E-17,0.00257753918741067,0.999996678140351));
#2777=DIRECTION('center_axis',(-2.59043726293235E-14,0.999996678140344,
-0.00257753919008409));
#2778=DIRECTION('ref_axis',(-3.84497234621385E-10,0.00257753919008409,0.999996678140344));
#2779=DIRECTION('center_axis',(1.56789254135794E-14,-0.999996678140344,
0.00257753919007809));
#2780=DIRECTION('ref_axis',(-5.99705736754762E-12,-0.00257753919007809,
-0.999996678140344));
#2781=DIRECTION('center_axis',(-1.,5.55111512312578E-17,1.38777878078145E-17));
#2782=DIRECTION('ref_axis',(1.38777878078145E-17,0.,1.));
#2783=DIRECTION('',(1.40208238753483E-17,0.002577539186695,0.999996678140353));
#2784=DIRECTION('',(-5.54718964574593E-17,-0.999996044123562,0.00281278104867139));
#2785=DIRECTION('',(-2.82275421295365E-17,-0.689559461032243,0.724229072670327));
#2786=DIRECTION('',(-1.40208238752435E-17,-0.0025775391848058,-0.999996678140358));
#2787=DIRECTION('center_axis',(1.,-5.55111512312578E-17,-1.38777878078145E-17));
#2788=DIRECTION('ref_axis',(-1.38777878078145E-17,0.,-1.));
#2789=DIRECTION('center_axis',(1.,-3.37158405608733E-15,-2.21839060882286E-14));
#2790=DIRECTION('ref_axis',(-2.21839060883075E-14,-2.339531174547E-11,-1.));
#2791=DIRECTION('center_axis',(-1.,5.55111512312578E-17,1.38777878078145E-17));
#2792=DIRECTION('ref_axis',(1.38777878078145E-17,0.,1.));
#2793=DIRECTION('',(-1.40338736231917E-17,-0.00281278104899179,-0.999996044123561));
#2794=DIRECTION('',(-5.54718964574581E-17,-0.999996044123561,0.00281278104875324));
#2795=DIRECTION('',(1.40208238753404E-17,0.00257753918655261,0.999996678140354));
#2796=DIRECTION('',(-5.49234200168522E-17,-0.999228804440899,0.0392657150146518));
#2797=DIRECTION('',(1.40208238765164E-17,0.00257753920775262,0.999996678140299));
#2798=DIRECTION('',(1.40208238753503E-17,0.00257753918673111,0.999996678140353));
#2799=DIRECTION('center_axis',(0.,-0.00281278104875324,-0.999996044123561));
#2800=DIRECTION('ref_axis',(-1.,0.,0.));
#2801=DIRECTION('',(0.,0.999996044123561,-0.00281278104875324));
#2802=DIRECTION('',(1.,-5.54749783710543E-17,1.56039585115416E-19));
#2803=DIRECTION('',(5.54718964574581E-17,0.999996044123561,-0.00281278104875324));
#2804=DIRECTION('',(-1.,5.54749783710527E-17,-1.56039585115411E-19));
#2805=DIRECTION('',(-0.716461736923079,-0.697623629918369,0.00196227028789563));
#2806=DIRECTION('',(-1.,5.54716770174866E-17,-1.56030299093931E-19));
#2807=DIRECTION('center_axis',(-1.,5.55111512312578E-17,1.38777878078145E-17));
#2808=DIRECTION('ref_axis',(1.38777878078145E-17,0.,1.));
#2809=DIRECTION('',(1.40208238752435E-17,0.0025775391848058,0.999996678140358));
#2810=DIRECTION('',(2.8227542129569E-17,0.689559461032717,-0.724229072669876));
#2811=DIRECTION('',(5.54718964574581E-17,0.999996044123561,-0.00281278104875423));
#2812=DIRECTION('',(-1.4020823875346E-17,-0.00257753918665411,-0.999996678140353));
#2813=DIRECTION('',(1.40208238753392E-17,0.00257753918653069,0.999996678140354));
#2814=DIRECTION('center_axis',(1.40338736231785E-17,0.00281278104875423,
0.999996044123561));
#2815=DIRECTION('ref_axis',(1.,-5.55111512312578E-17,-1.38777878078145E-17));
#2816=DIRECTION('',(1.,-5.55111512312578E-17,-1.38777878078145E-17));
#2817=DIRECTION('',(-1.,5.55111512312578E-17,1.38777878078145E-17));
#2818=DIRECTION('',(-5.54718964574581E-17,-0.999996044123561,0.0028127810487578));
#2819=DIRECTION('',(1.,-5.55111512312578E-17,-1.38777878078145E-17));
#2820=DIRECTION('center_axis',(4.97723494601475E-17,0.724229072670205,0.689559461032372));
#2821=DIRECTION('ref_axis',(1.,-5.55111512312578E-17,-1.38777878078145E-17));
#2822=DIRECTION('',(1.,-5.55111512312578E-17,-1.38777878078145E-17));
#2823=DIRECTION('center_axis',(-5.54751962890879E-17,-0.99999667814035,
0.00257753918794114));
#2824=DIRECTION('ref_axis',(-1.40208238754174E-17,-0.00257753918794114,
-0.99999667814035));
#2825=DIRECTION('',(-1.,-1.99031916731495E-11,3.98772124992641E-11));
#2826=DIRECTION('',(-1.40208238754134E-17,-0.00257753918786845,-0.99999667814035));
#2827=DIRECTION('',(-1.,-1.97441071300179E-11,-7.66568438860356E-9));
#2828=DIRECTION('',(-2.25976913296596E-9,0.00257754137943295,0.999996678134701));
#2829=DIRECTION('center_axis',(-1.,-6.37068733509794E-12,-6.06575470727978E-12));
#2830=DIRECTION('ref_axis',(6.06575470889094E-12,-2.52901422521713E-10,
-1.));
#2831=DIRECTION('center_axis',(1.,-5.55111512312578E-17,-1.38777878078145E-17));
#2832=DIRECTION('ref_axis',(1.38777878045933E-17,-5.80274455412578E-11,
1.));
#2833=DIRECTION('',(-1.,1.99033026954519E-11,1.9938613188526E-11));
#2834=DIRECTION('center_axis',(1.40338736231987E-17,0.00281278104911897,
0.99999604412356));
#2835=DIRECTION('ref_axis',(1.,-5.55111512312578E-17,-1.38777878078145E-17));
#2836=DIRECTION('',(-5.54718964574652E-17,-0.999996044123563,0.00281278104825246));
#2837=DIRECTION('',(-1.,-7.33806292415337E-9,2.05042472114082E-11));
#2838=DIRECTION('',(-5.9387046849937E-11,0.999996044123391,-0.00281278110943888));
#2839=DIRECTION('center_axis',(-1.,1.53858847664266E-13,1.46454485924441E-13));
#2840=DIRECTION('ref_axis',(-1.46454485902772E-13,1.40834107641425E-10,
-1.));
#2841=DIRECTION('center_axis',(1.,-5.55111512312578E-17,-1.38777878078145E-17));
#2842=DIRECTION('ref_axis',(1.38777878042565E-17,-6.40955034464444E-11,
1.));
#2843=DIRECTION('',(-1.,1.99033026954519E-11,-3.98064804908136E-11));
#2844=DIRECTION('center_axis',(5.54751962895667E-17,0.999996678140438,-0.00257753915378717));
#2845=DIRECTION('ref_axis',(1.40208238735227E-17,0.00257753915378717,0.999996678140438));
#2846=DIRECTION('',(1.4020823875408E-17,0.00257753918777243,0.99999667814035));
#2847=DIRECTION('',(-1.,1.97618942155636E-11,7.66554300785375E-9));
#2848=DIRECTION('',(-2.25976916100713E-9,-0.00257754141367502,-0.999996678134613));
#2849=DIRECTION('center_axis',(0.697626379739485,-0.716459366580047,0.00184670823285926));
#2850=DIRECTION('ref_axis',(0.00264712146258364,4.33680868994201E-18,-0.999996496367843));
#2851=DIRECTION('',(-0.71646173691302,-0.697623629928842,0.00196227023732097));
#2852=DIRECTION('',(-0.716461736938179,-0.697623629872856,0.00196228095531449));
#2853=DIRECTION('',(-4.14293034545624E-9,-0.00257754323445901,-0.99999667812992));
#2854=DIRECTION('center_axis',(-1.,1.11912483159797E-13,1.065161382494E-13));
#2855=DIRECTION('ref_axis',(-1.0651613824807E-13,1.18850656858996E-11,-1.));
#2856=DIRECTION('',(-0.701061277339789,-0.00183805589640246,-0.713098665659406));
#2857=DIRECTION('center_axis',(0.713101024810144,-0.00197193190300108,-0.701058513891167));
#2858=DIRECTION('ref_axis',(-0.701059876933567,3.81639164714897E-17,-0.713102411266357));
#2859=DIRECTION('',(-0.701061277336446,-0.00183804583690607,-0.713098665688622));
#2860=DIRECTION('',(-1.08876831586118E-10,0.999996044123251,-0.00281278115893466));
#2861=DIRECTION('center_axis',(-1.,5.55111512312578E-17,1.38777878078145E-17));
#2862=DIRECTION('ref_axis',(-1.38777878073766E-17,7.88910505913899E-12,
-1.));
#2863=DIRECTION('',(-0.716461736938645,0.697623629872378,-0.00196228095540672));
#2864=DIRECTION('center_axis',(0.697626379722427,0.716459366596657,-0.00184670823283897));
#2865=DIRECTION('ref_axis',(-0.00264712146261928,3.03576608295941E-18,-0.999996496367843));
#2866=DIRECTION('',(-0.716461736929604,0.697623629911717,-0.00196227027058041));
#2867=DIRECTION('',(-4.14293031727248E-9,0.00257754323437059,0.99999667812992));
#2868=DIRECTION('',(1.,-5.55111512312578E-17,-1.38777878078145E-17));
#2869=DIRECTION('center_axis',(1.,-5.55111512312578E-17,-1.38777878078145E-17));
#2870=DIRECTION('ref_axis',(-1.38777878091132E-17,-2.339531174547E-11,-1.));
#2871=DIRECTION('center_axis',(-1.,5.55111512312578E-17,1.38777878078145E-17));
#2872=DIRECTION('ref_axis',(1.38777878078145E-17,0.,1.));
#2873=DIRECTION('',(2.82275421293692E-17,0.68955946102981,-0.724229072672644));
#2874=DIRECTION('',(-1.40208238754663E-17,-0.00257753918882196,-0.999996678140348));
#2875=DIRECTION('',(1.40208238753483E-17,0.002577539186695,0.999996678140353));
#2876=DIRECTION('center_axis',(4.97723494601664E-17,0.724229072670667,0.689559461031886));
#2877=DIRECTION('ref_axis',(1.,-5.55111512312578E-17,-1.38777878078145E-17));
#2878=DIRECTION('',(-2.82275421293692E-17,-0.68955946102981,0.724229072672644));
#2879=DIRECTION('',(1.,-5.55111512312578E-17,-1.38777878078145E-17));
#2880=DIRECTION('center_axis',(5.5475196289054E-17,0.999996678140344,-0.00257753919035366));
#2881=DIRECTION('ref_axis',(1.40208238755512E-17,0.00257753919035366,0.999996678140344));
#2882=DIRECTION('center_axis',(-1.,6.4251020704658E-12,-6.1837028859061E-12));
#2883=DIRECTION('ref_axis',(6.18370288691487E-12,1.57005090862665E-10,-1.));
#2884=DIRECTION('',(-0.701061277352793,0.00183804580438386,0.713098665672634));
#2885=DIRECTION('center_axis',(-1.,5.55111512312578E-17,1.38777878078145E-17));
#2886=DIRECTION('ref_axis',(-1.38777878092192E-17,-2.5304047433146E-11,
-1.));
#2887=DIRECTION('center_axis',(1.,-5.55111512312578E-17,-1.38777878078145E-17));
#2888=DIRECTION('ref_axis',(1.3877787796978E-17,-1.95212837834061E-10,1.));
#2889=DIRECTION('',(-1.,-1.99031916731495E-11,-1.99385854329504E-11));
#2890=DIRECTION('center_axis',(1.,-5.55111512312578E-17,-1.38777878078145E-17));
#2891=DIRECTION('ref_axis',(-1.38777878078145E-17,0.,-1.));
#2892=DIRECTION('center_axis',(1.,-5.55111512312578E-17,-1.38777878078145E-17));
#2893=DIRECTION('ref_axis',(1.38777878039417E-17,-6.97669047269625E-11,
1.));
#2894=DIRECTION('',(5.54718964574652E-17,0.999996044123563,-0.00281278104825312));
#2895=DIRECTION('center_axis',(-1.,2.62443154294832E-13,1.89182179786433E-13));
#2896=DIRECTION('ref_axis',(-1.89182179820443E-13,-1.29591128358195E-10,
-1.));
#2897=DIRECTION('',(-1.,7.33806746383657E-9,-2.07163322416857E-11));
#2898=DIRECTION('center_axis',(1.,-5.55111512312578E-17,-1.38777878078145E-17));
#2899=DIRECTION('ref_axis',(-1.38777878078145E-17,0.,-1.));
#2900=DIRECTION('',(-1.40208238753573E-17,-0.0025775391868578,-0.999996678140353));
#2901=DIRECTION('',(2.82275421294951E-17,0.689559461031641,-0.724229072670901));
#2902=DIRECTION('',(5.49234200169564E-17,0.999228804441154,-0.0392657150081674));
#2903=DIRECTION('',(1.40208238753461E-17,0.00257753918665654,0.999996678140353));
#2904=DIRECTION('center_axis',(-1.,5.55111512312578E-17,1.38777878078145E-17));
#2905=DIRECTION('ref_axis',(-1.38777878042814E-17,6.36463762972207E-11,
-1.));
#2906=DIRECTION('',(-1.0887694246378E-10,-0.999996044123251,0.00281278115902284));
#2907=DIRECTION('center_axis',(1.,-2.05351109328136E-14,-8.54024163189361E-15));
#2908=DIRECTION('ref_axis',(-8.54024163074686E-15,5.58430314012664E-11,
-1.));
#2909=DIRECTION('',(-0.701061277357287,0.00183805586851414,0.713098665642275));
#2910=DIRECTION('center_axis',(1.,-5.54716770174965E-17,1.56030299107192E-19));
#2911=DIRECTION('ref_axis',(-5.54718964574647E-17,-0.999996044123563,0.00281278104828001));
#2912=DIRECTION('',(-2.82275421294951E-17,-0.689559461031641,0.724229072670901));
#2913=DIRECTION('',(0.,-0.00281278104899179,-0.999996044123561));
#2914=DIRECTION('',(-5.54718964574648E-17,-0.999996044123563,0.00281278104828001));
#2915=DIRECTION('center_axis',(-1.40338736231984E-17,-0.00281278104911325,
-0.99999604412356));
#2916=DIRECTION('ref_axis',(-1.,5.55111512312578E-17,1.38777878078145E-17));
#2917=DIRECTION('',(-5.93871577740114E-11,-0.999996044123391,0.00281278110940643));
#2918=DIRECTION('center_axis',(0.713101024810368,0.00197193190236611,0.701058513890942));
#2919=DIRECTION('ref_axis',(0.70105987693334,-3.77302356024956E-17,-0.713102411266579));
#2920=DIRECTION('',(1.,-5.55111512312578E-17,-1.38777878078145E-17));
#2921=DIRECTION('center_axis',(1.,-1.56224103326372E-14,2.43042447391008E-14));
#2922=DIRECTION('ref_axis',(2.43042447399732E-14,5.58430314012664E-11,-1.));
#2923=DIRECTION('center_axis',(-4.97723494602289E-17,-0.724229072672192,
-0.689559461030284));
#2924=DIRECTION('ref_axis',(-1.,5.55111512312578E-17,1.38777878078145E-17));
#2925=DIRECTION('',(-1.,5.55111512312578E-17,1.38777878078145E-17));
#2926=DIRECTION('',(-1.,5.55111512312578E-17,1.38777878078145E-17));
#2927=DIRECTION('',(-2.82275421294951E-17,-0.689559461031641,0.724229072670901));
#2928=DIRECTION('center_axis',(-1.60467703634581E-17,-0.0392657150071815,
-0.999228804441192));
#2929=DIRECTION('ref_axis',(-1.,5.55111512312578E-17,1.38777878078144E-17));
#2930=DIRECTION('',(1.,-5.55111512312578E-17,-1.38777878078145E-17));
#2931=DIRECTION('',(-5.49234200168872E-17,-0.999228804440984,0.0392657150124757));
#2932=DIRECTION('',(-0.730304900517149,0.682594510434341,-0.0268232474830921));
#2933=DIRECTION('',(-5.4923420016906E-17,-0.99922880444103,0.0392657150113061));
#2934=DIRECTION('center_axis',(1.,-5.55111512312578E-17,-1.38777878078145E-17));
#2935=DIRECTION('ref_axis',(-1.38777878078145E-17,0.,-1.));
#2936=DIRECTION('',(1.40338736231917E-17,0.00281278104899179,0.999996044123561));
#2937=DIRECTION('',(1.40208238753503E-17,0.00257753918673111,0.999996678140353));
#2938=DIRECTION('',(-5.54718964574547E-17,-0.999996044123561,0.00281278104899755));
#2939=DIRECTION('',(1.40208238750542E-17,0.0025775391813935,0.999996678140367));
#2940=DIRECTION('',(5.54718964574548E-17,0.999996044123561,-0.00281278104899179));
#2941=DIRECTION('center_axis',(1.40338736231918E-17,0.00281278104899419,
0.999996044123561));
#2942=DIRECTION('ref_axis',(1.,-5.55111512312578E-17,-1.38777878078145E-17));
#2943=DIRECTION('',(-1.,5.55111512312578E-17,1.38777878078145E-17));
#2944=DIRECTION('',(-0.7305343848053,0.682873211672337,-0.00192078042703007));
#2945=DIRECTION('center_axis',(-0.69762637973359,0.716459366585802,-0.00184670822723367));
#2946=DIRECTION('ref_axis',(-0.00264712145454219,-1.3010426069826E-18,0.999996496367865));
#2947=DIRECTION('',(1.40208238753234E-17,0.00257753918624664,0.999996678140354));
#2948=DIRECTION('center_axis',(-0.69762637974598,0.716459366573711,-0.00184670823737794));
#2949=DIRECTION('ref_axis',(0.715394764546451,0.696444516222645,-0.0563503920388716));
#2950=DIRECTION('center_axis',(0.682875902961298,0.730531967498511,-0.00188298102692349));
#2951=DIRECTION('ref_axis',(-0.00275741735835456,-1.0842021724855E-18,-0.99999619831753));
#2952=DIRECTION('center_axis',(5.99993199700978E-6,0.999996717783475,-0.00256210582875671));
#2953=DIRECTION('ref_axis',(0.000831728989308242,0.00256209995230372,0.99999637192878));
#2954=DIRECTION('center_axis',(5.54751962891059E-17,0.999996678140353,-0.00257753918665411));
#2955=DIRECTION('ref_axis',(1.4020823875346E-17,0.00257753918665411,0.999996678140353));
#2956=DIRECTION('center_axis',(-2.00793927431884E-12,0.999996678140346,
-0.00257753918958275));
#2957=DIRECTION('ref_axis',(9.83954662492865E-13,-0.00257753918958275,-0.999996678140346));
#2958=DIRECTION('',(5.54718964574849E-17,0.999996044123567,-0.00281278104684664));
#2959=DIRECTION('center_axis',(-1.79308695377577E-12,0.999996678140347,
-0.00257753918910134));
#2960=DIRECTION('ref_axis',(2.63224127436576E-11,0.00257753918910134,0.999996678140347));
#2961=DIRECTION('center_axis',(5.54751962891048E-17,0.999996678140353,-0.00257753918673012));
#2962=DIRECTION('ref_axis',(1.40208238753502E-17,0.00257753918673012,0.999996678140353));
#2963=DIRECTION('',(-1.,5.55111512312578E-17,1.38777878078145E-17));
#2964=DIRECTION('',(-7.01713554505247E-11,-0.999996044123759,0.00281278097863953));
#2965=DIRECTION('center_axis',(4.96177222833222E-9,0.999996044131988,-0.00281277805288136));
#2966=DIRECTION('ref_axis',(-1.47485410605503E-9,0.00281277805288137,0.999996044131988));
#2967=DIRECTION('',(5.54718964574547E-17,0.999996044123561,-0.00281278104899723));
#2968=DIRECTION('center_axis',(2.96109966927607E-17,-0.999996678140344,
0.00257753919010159));
#2969=DIRECTION('ref_axis',(-2.71356340162683E-10,-0.00257753919010159,
-0.999996678140344));
#2970=DIRECTION('center_axis',(0.,0.00281278104899505,0.999996044123561));
#2971=DIRECTION('ref_axis',(1.,0.,0.));
#2972=DIRECTION('',(0.,-0.999996044123561,0.00281278104899505));
#2973=DIRECTION('',(1.,-5.54716770174866E-17,1.56030299107344E-19));
#2974=DIRECTION('',(-1.,5.54749783710543E-17,-1.5603958512883E-19));
#2975=DIRECTION('center_axis',(1.40338736231522E-17,0.00281278104828054,
0.999996044123563));
#2976=DIRECTION('ref_axis',(1.,-5.55111512312578E-17,-1.38777878078145E-17));
#2977=DIRECTION('',(1.,-5.55111512312578E-17,-1.38777878078145E-17));
#2978=DIRECTION('',(5.54718964574648E-17,0.999996044123563,-0.00281278104828054));
#2979=DIRECTION('',(-1.,0.,0.));
#2980=DIRECTION('center_axis',(5.54751962891076E-17,0.999996678140354,-0.00257753918653069));
#2981=DIRECTION('ref_axis',(1.40208238753392E-17,0.00257753918653069,0.999996678140354));
#2982=DIRECTION('',(0.,-0.00257753918653069,-0.999996678140354));
#2983=DIRECTION('',(1.4020823875329E-17,0.00257753918634719,0.999996678140354));
#2984=DIRECTION('',(1.,-5.55111512312578E-17,-1.38777878078145E-17));
#2985=DIRECTION('center_axis',(-1.,0.,0.));
#2986=DIRECTION('ref_axis',(0.,0.,1.));
#2987=DIRECTION('',(0.,-0.00281278104899179,-0.999996044123561));
#2988=DIRECTION('',(-5.54718964574548E-17,-0.999996044123561,0.00281278104899267));
#2989=DIRECTION('',(0.,0.00281278104899179,0.999996044123561));
#2990=DIRECTION('center_axis',(-1.,0.,0.));
#2991=DIRECTION('ref_axis',(0.,0.,1.));
#2992=DIRECTION('',(0.,0.00281278104899179,0.999996044123561));
#2993=DIRECTION('center_axis',(-5.54718964574548E-17,-0.999996044123561,
0.00281278104899179));
#2994=DIRECTION('ref_axis',(-1.,5.55111512312578E-17,1.38777878078145E-17));
#2995=DIRECTION('',(-1.,5.55111512312578E-17,1.38777878078145E-17));
#2996=DIRECTION('center_axis',(0.,-0.00281278104899179,-0.999996044123561));
#2997=DIRECTION('ref_axis',(-1.,0.,0.));
#2998=DIRECTION('',(-1.,0.,0.));
#2999=DIRECTION('center_axis',(5.54718964574548E-17,0.999996044123561,-0.00281278104899179));
#3000=DIRECTION('ref_axis',(1.,-5.55111512312578E-17,-1.38777878078145E-17));
#3001=CARTESIAN_POINT('',(0.,0.,0.));
#3002=CARTESIAN_POINT('Ctrl Pts',(236.392857802014,13.6723878364656,221.88865630242));
#3003=CARTESIAN_POINT('Ctrl Pts',(231.034346937461,13.6723878364656,221.88865630242));
#3004=CARTESIAN_POINT('Ctrl Pts',(236.392857802014,13.6658684366356,219.35935307795));
#3005=CARTESIAN_POINT('Ctrl Pts',(231.034346937461,13.6658684366356,219.35935307795));
#3006=CARTESIAN_POINT('Ctrl Pts',(236.392857802014,11.5657650016156,218.10059945136));
#3007=CARTESIAN_POINT('Ctrl Pts',(231.034346937461,11.5657650016156,218.10059945136));
#3008=CARTESIAN_POINT('Ctrl Pts',(236.392857802014,5.26545469656558,214.32433857161));
#3009=CARTESIAN_POINT('Ctrl Pts',(231.034346937461,5.26545469656558,214.32433857161));
#3010=CARTESIAN_POINT('Ctrl Pts',(236.392857802014,5.28501289606558,221.91224824503));
#3011=CARTESIAN_POINT('Ctrl Pts',(231.034346937461,5.28501289606558,221.91224824503));
#3012=CARTESIAN_POINT('Ctrl Pts',(236.392857802014,5.30457109555558,229.50015791845));
#3013=CARTESIAN_POINT('Ctrl Pts',(231.034346937461,5.30457109555558,229.50015791845));
#3014=CARTESIAN_POINT('Ctrl Pts',(236.392857802014,11.5853232011156,225.68850912478));
#3015=CARTESIAN_POINT('Ctrl Pts',(231.034346937461,11.5853232011156,225.68850912478));
#3016=CARTESIAN_POINT('Ctrl Pts',(236.392857802014,13.6789072362956,224.4179595269));
#3017=CARTESIAN_POINT('Ctrl Pts',(231.034346937461,13.6789072362956,224.4179595269));
#3018=CARTESIAN_POINT('Ctrl Pts',(236.392857802014,13.6723878364656,221.88865630242));
#3019=CARTESIAN_POINT('Ctrl Pts',(231.034346937461,13.6723878364656,221.88865630242));
#3020=CARTESIAN_POINT('',(234.239392466144,13.6723878364756,221.88865630242));
#3021=CARTESIAN_POINT('Origin',(234.239392466144,9.47870036626558,221.900452273724));
#3022=CARTESIAN_POINT('',(236.392857802014,13.6723878364756,221.88865630242));
#3023=CARTESIAN_POINT('',(236.392857802014,13.6723878364656,221.88865630242));
#3024=CARTESIAN_POINT('Origin',(236.392857802014,9.47870036626558,221.900452273724));
#3025=CARTESIAN_POINT('Ctrl Pts',(236.392857802014,14.7386885959456,228.82210332278));
#3026=CARTESIAN_POINT('Ctrl Pts',(231.034346937438,14.7386885959456,228.82210332278));
#3027=CARTESIAN_POINT('Ctrl Pts',(236.392857802014,14.7433935675056,230.64747069468));
#3028=CARTESIAN_POINT('Ctrl Pts',(231.034346937438,14.7433935675056,230.64747069468));
#3029=CARTESIAN_POINT('Ctrl Pts',(236.392857802014,16.4907633467656,230.64255570663));
#3030=CARTESIAN_POINT('Ctrl Pts',(231.034346937438,16.4907633467656,230.64255570663));
#3031=CARTESIAN_POINT('',(236.392857802004,16.4907633467556,230.64255570663));
#3032=CARTESIAN_POINT('',(234.239392466134,16.4907633467556,230.64255570663));
#3033=CARTESIAN_POINT('',(236.392857802004,16.4907633467656,230.64255570663));
#3034=CARTESIAN_POINT('',(236.392857802004,14.7386885959456,228.82210332278));
#3035=CARTESIAN_POINT('Origin',(236.392857802014,16.4860583752029,228.817188334742));
#3036=CARTESIAN_POINT('',(234.239392466134,14.7386885959456,228.82210332278));
#3037=CARTESIAN_POINT('',(236.392857802004,14.7386885959556,228.82210332279));
#3038=CARTESIAN_POINT('Origin',(234.239392466144,16.4860583752049,228.817188334751));
#3039=CARTESIAN_POINT('Origin',(235.316125134074,14.7349246186956,227.36180942527));
#3040=CARTESIAN_POINT('',(236.392857802004,14.7349246186956,227.36180942527));
#3041=CARTESIAN_POINT('',(236.392857802014,14.7386885959556,228.82210332278));
#3042=CARTESIAN_POINT('',(234.239392466134,14.7349246186956,227.36180942527));
#3043=CARTESIAN_POINT('',(236.392857802004,14.7349246187056,227.36180942527));
#3044=CARTESIAN_POINT('',(234.239392466144,14.7386885959556,228.82210332278));
#3045=CARTESIAN_POINT('Ctrl Pts',(236.392857802014,15.0815755916056,226.26560600452));
#3046=CARTESIAN_POINT('Ctrl Pts',(231.034346937438,15.0815755916056,226.26560600452));
#3047=CARTESIAN_POINT('Ctrl Pts',(236.392857802014,14.7333562948456,226.75335363464));
#3048=CARTESIAN_POINT('Ctrl Pts',(231.034346937438,14.7333562948456,226.75335363464));
#3049=CARTESIAN_POINT('Ctrl Pts',(236.392857802014,14.7349246186956,227.36180942527));
#3050=CARTESIAN_POINT('Ctrl Pts',(231.034346937438,14.7349246186956,227.36180942527));
#3051=CARTESIAN_POINT('',(236.392857802004,15.0815755916056,226.26560600452));
#3052=CARTESIAN_POINT('',(234.239392466134,15.0815755916056,226.26560600452));
#3053=CARTESIAN_POINT('',(236.392857802004,15.0815755916156,226.26560600453));
#3054=CARTESIAN_POINT('Origin',(234.239392466145,16.4822943979046,227.356894437227));
#3055=CARTESIAN_POINT('Origin',(236.392857802014,16.4822943979176,227.356894437198));
#3056=CARTESIAN_POINT('Ctrl Pts',(234.239392466134,15.0589917281156,217.50384261945));
#3057=CARTESIAN_POINT('Ctrl Pts',(239.59790333071,15.0589917281156,217.50384261945));
#3058=CARTESIAN_POINT('Ctrl Pts',(234.239392466134,18.2155492625156,221.87587733351));
#3059=CARTESIAN_POINT('Ctrl Pts',(239.59790333071,18.2155492625156,221.87587733351));
#3060=CARTESIAN_POINT('Ctrl Pts',(234.239392466134,15.0815755916056,226.26560600452));
#3061=CARTESIAN_POINT('Ctrl Pts',(239.59790333071,15.0815755916056,226.26560600452));
#3062=CARTESIAN_POINT('',(236.392857802004,15.0589917281156,217.50384261945));
#3063=CARTESIAN_POINT('Origin',(236.392857802014,9.47870036626018,221.900452273718));
#3064=CARTESIAN_POINT('',(234.239392466134,15.0589917281156,217.50384261945));
#3065=CARTESIAN_POINT('',(236.392857802004,15.0589917281256,217.50384261944));
#3066=CARTESIAN_POINT('Origin',(234.239392466144,9.47870036626007,221.900452273718));
#3067=CARTESIAN_POINT('Ctrl Pts',(236.392857802014,14.7066947893356,216.40960519392));
#3068=CARTESIAN_POINT('Ctrl Pts',(231.034346937438,14.7066947893356,216.40960519392));
#3069=CARTESIAN_POINT('Ctrl Pts',(236.392857802014,14.7082631131856,217.01806098456));
#3070=CARTESIAN_POINT('Ctrl Pts',(231.034346937438,14.7082631131856,217.01806098456));
#3071=CARTESIAN_POINT('Ctrl Pts',(236.392857802014,15.0589917281256,217.50384261945));
#3072=CARTESIAN_POINT('Ctrl Pts',(231.034346937438,15.0589917281256,217.50384261945));
#3073=CARTESIAN_POINT('',(236.392857802004,14.7066947893356,216.40960519392));
#3074=CARTESIAN_POINT('',(234.239392466134,14.7066947893356,216.40960519392));
#3075=CARTESIAN_POINT('',(236.392857802004,14.7066947893356,216.40960519392));
#3076=CARTESIAN_POINT('Origin',(234.239392466143,16.4540645685351,216.404690205916));
#3077=CARTESIAN_POINT('Origin',(236.392857802014,16.4540645686688,216.404690205891));
#3078=CARTESIAN_POINT('Origin',(235.316125134074,14.7029308120856,214.9493112964));
#3079=CARTESIAN_POINT('',(234.239392466134,14.7029308120856,214.94931129641));
#3080=CARTESIAN_POINT('',(234.239392466144,14.7066947893356,216.40960519392));
#3081=CARTESIAN_POINT('',(236.392857802004,14.7029308120856,214.94931129641));
#3082=CARTESIAN_POINT('',(236.392857802014,14.7066947893356,216.40960519392));
#3083=CARTESIAN_POINT('',(236.392857802004,14.7029308120956,214.9493112964));
#3084=CARTESIAN_POINT('Ctrl Pts',(236.392857802014,16.4455956197756,213.11902893648));
#3085=CARTESIAN_POINT('Ctrl Pts',(231.034346937438,16.4455956197756,213.11902893648));
#3086=CARTESIAN_POINT('Ctrl Pts',(236.392857802014,14.6982258405156,213.12394392452));
#3087=CARTESIAN_POINT('Ctrl Pts',(231.034346937438,14.6982258405156,213.12394392452));
#3088=CARTESIAN_POINT('Ctrl Pts',(236.392857802014,14.7029308120856,214.94931129642));
#3089=CARTESIAN_POINT('Ctrl Pts',(231.034346937438,14.7029308120856,214.94931129642));
#3090=CARTESIAN_POINT('',(234.239392466134,16.4455956197756,213.11902893648));
#3091=CARTESIAN_POINT('',(236.392857802004,16.4455956197756,213.11902893648));
#3092=CARTESIAN_POINT('',(234.239392466134,16.4455956197856,213.11902893647));
#3093=CARTESIAN_POINT('Origin',(234.239392466144,16.4503005913432,214.944396308358));
#3094=CARTESIAN_POINT('Origin',(236.392857802014,16.4503005913495,214.944396308354));
#3095=CARTESIAN_POINT('Ctrl Pts',(226.271570723404,16.4427140526556,212.00107986087));
#3096=CARTESIAN_POINT('Ctrl Pts',(231.63008158798,16.4427140526556,212.00107986087));
#3097=CARTESIAN_POINT('Ctrl Pts',(226.271570723404,16.4450483722456,212.9067156915));
#3098=CARTESIAN_POINT('Ctrl Pts',(231.63008158798,16.4450483722456,212.9067156915));
#3099=CARTESIAN_POINT('Ctrl Pts',(226.271570723404,15.6694770560556,213.31140494374));
#3100=CARTESIAN_POINT('Ctrl Pts',(231.63008158798,15.6694770560556,213.31140494374));
#3101=CARTESIAN_POINT('',(226.271570723404,16.4427140526556,212.00107986087));
#3102=CARTESIAN_POINT('',(228.425036059274,16.4427140526556,212.00107986087));
#3103=CARTESIAN_POINT('',(226.271570723404,16.4427140526556,212.00107986086));
#3104=CARTESIAN_POINT('',(226.271570723404,15.6694770560456,213.31140494374));
#3105=CARTESIAN_POINT('Origin',(226.271570723404,15.0448182292658,212.005011851283));
#3106=CARTESIAN_POINT('',(228.425036059274,15.6694770568456,213.31140494333));
#3107=CARTESIAN_POINT('',(226.271570723404,15.6694770566056,213.31140494349));
#3108=CARTESIAN_POINT('Origin',(228.425036059284,15.0448182292411,212.005011851288));
#3109=CARTESIAN_POINT('Ctrl Pts',(226.271570723404,14.7029308120856,214.94931129641));
#3110=CARTESIAN_POINT('Ctrl Pts',(231.63008158798,14.7029308120856,214.94931129641));
#3111=CARTESIAN_POINT('Ctrl Pts',(226.271570723404,14.7000129125956,213.8172665089));
#3112=CARTESIAN_POINT('Ctrl Pts',(231.63008158798,14.7000129125956,213.8172665089));
#3113=CARTESIAN_POINT('Ctrl Pts',(226.271570723404,15.6694770568556,213.31140494332));
#3114=CARTESIAN_POINT('Ctrl Pts',(231.63008158798,15.6694770568556,213.31140494332));
#3115=CARTESIAN_POINT('',(228.425036059274,14.7029308120856,214.94931129641));
#3116=CARTESIAN_POINT('Origin',(228.425036059284,16.4503005913295,214.944396308342));
#3117=CARTESIAN_POINT('',(226.271570723404,14.7029308120856,214.94931129641));
#3118=CARTESIAN_POINT('Origin',(226.271570723404,16.4503005913412,214.944396308358));
#3119=CARTESIAN_POINT('',(226.271570723404,14.7029308120956,214.9493112964));
#3120=CARTESIAN_POINT('Origin',(227.886669725314,14.7029308120856,214.9493112964));
#3121=CARTESIAN_POINT('',(226.271570723404,14.7156342352956,219.87780320052));
#3122=CARTESIAN_POINT('',(226.271570723404,14.7029308120956,214.94931129641));
#3123=CARTESIAN_POINT('',(228.066125169964,14.7156342352956,219.87780320052));
#3124=CARTESIAN_POINT('',(228.066125169964,14.7156342353056,219.87780320051));
#3125=CARTESIAN_POINT('',(228.066125169964,14.7259851727356,223.89361141867));
#3126=CARTESIAN_POINT('',(228.066125169974,14.7259851727356,223.89361141867));
#3127=CARTESIAN_POINT('',(226.271570723404,14.7259851727356,223.89361141867));
#3128=CARTESIAN_POINT('',(226.271570723404,14.7259851727356,223.89361141868));
#3129=CARTESIAN_POINT('',(226.271570723404,14.7386885959456,228.82210332278));
#3130=CARTESIAN_POINT('',(226.271570723404,14.7259851727356,223.89361141867));
#3131=CARTESIAN_POINT('',(228.425036059274,14.7386885959456,228.82210332278));
#3132=CARTESIAN_POINT('',(226.271570723404,14.7386885959556,228.82210332279));
#3133=CARTESIAN_POINT('',(228.425036059274,14.7353951158556,227.54434616246));
#3134=CARTESIAN_POINT('',(228.425036059284,14.7386885959556,228.82210332278));
#3135=CARTESIAN_POINT('',(229.501768727214,14.7325721329156,226.44912573932));
#3136=CARTESIAN_POINT('',(228.425036059284,14.7353951158556,227.54434616246));
#3137=CARTESIAN_POINT('',(229.501768727214,14.7090472751156,217.32228887987));
#3138=CARTESIAN_POINT('',(229.501768727224,14.7090472751256,217.32228887987));
#3139=CARTESIAN_POINT('',(228.425036059274,14.7062242921756,216.22706845674));
#3140=CARTESIAN_POINT('',(229.501768727224,14.7090472751256,217.32228887986));
#3141=CARTESIAN_POINT('',(228.425036059284,14.7062242921856,216.22706845674));
#3142=CARTESIAN_POINT('Origin',(229.501768728334,12.0879926265806,217.32966136302));
#3143=CARTESIAN_POINT('',(229.50176872791,9.46693800296538,217.337033844508));
#3144=CARTESIAN_POINT('',(229.501768728344,9.46693800296558,217.33703384495));
#3145=CARTESIAN_POINT('',(228.425036059974,9.46411499509558,216.24181342146));
#3146=CARTESIAN_POINT('',(228.425036059974,9.46411499510558,216.24181342145));
#3147=CARTESIAN_POINT('',(228.425036059974,9.46411499509558,216.24181342145));
#3148=CARTESIAN_POINT('Ctrl Pts',(229.501768728334,9.46693800297558,217.33703384496));
#3149=CARTESIAN_POINT('Ctrl Pts',(228.425036059274,9.46411503578558,216.24181342064));
#3150=CARTESIAN_POINT('Ctrl Pts',(229.501768728334,5.09851350727557,217.34932124666));
#3151=CARTESIAN_POINT('Ctrl Pts',(228.425036059274,4.04726865975558,216.25704979875));
#3152=CARTESIAN_POINT('Ctrl Pts',(229.501768728334,5.11027591918558,221.91273972595));
#3153=CARTESIAN_POINT('Ctrl Pts',(228.425036059274,4.06185405052558,221.91568871448));
#3154=CARTESIAN_POINT('Ctrl Pts',(229.501768728334,5.12203833108558,226.47615820524));
#3155=CARTESIAN_POINT('Ctrl Pts',(228.425036059274,4.07643944129557,227.57432763022));
#3156=CARTESIAN_POINT('Ctrl Pts',(229.501768728334,9.49046282653558,226.46387070222));
#3157=CARTESIAN_POINT('Ctrl Pts',(228.425036059274,9.49328581699557,227.55909112648));
#3158=CARTESIAN_POINT('',(229.50176872739,9.49046282570935,226.4638707032));
#3159=CARTESIAN_POINT('Origin',(229.501768727224,9.47870036625897,221.900452273727));
#3160=CARTESIAN_POINT('',(228.425036059493,9.49328581632058,227.559091126272));
#3161=CARTESIAN_POINT('',(228.425036059284,9.49328581699557,227.55909112648));
#3162=CARTESIAN_POINT('Origin',(228.425036059284,9.47870036627117,221.900452273722));
#3163=CARTESIAN_POINT('Origin',(229.501768727554,12.1115174640456,226.456498221045));
#3164=CARTESIAN_POINT('',(228.425036059284,14.7353951158556,227.54434616246));
#3165=CARTESIAN_POINT('',(229.501768727224,14.7325721329156,226.44912573933));
#3166=CARTESIAN_POINT('Origin',(229.501768727214,9.90378038217558,217.33580509697));
#3167=CARTESIAN_POINT('',(229.501768727224,7.90606756493558,221.90487576296));
#3168=CARTESIAN_POINT('Origin',(229.501768727224,9.47870036626138,221.900452273726));
#3169=CARTESIAN_POINT('Ctrl Pts',(228.066125169974,7.90606756493558,221.90487576296));
#3170=CARTESIAN_POINT('Ctrl Pts',(231.638465746351,7.90606756493558,221.90487576296));
#3171=CARTESIAN_POINT('Ctrl Pts',(228.066125169974,7.90362278999558,220.95638705379));
#3172=CARTESIAN_POINT('Ctrl Pts',(231.638465746351,7.90362278999558,220.95638705379));
#3173=CARTESIAN_POINT('Ctrl Pts',(228.066125169974,8.68871680319558,220.47993095458));
#3174=CARTESIAN_POINT('Ctrl Pts',(231.638465746351,8.68871680319558,220.47993095458));
#3175=CARTESIAN_POINT('Ctrl Pts',(228.066125169974,11.0439988427756,219.05056265695));
#3176=CARTESIAN_POINT('Ctrl Pts',(231.638465746351,11.0439988427756,219.05056265695));
#3177=CARTESIAN_POINT('Ctrl Pts',(228.066125169974,11.0513331675856,221.89602878449));
#3178=CARTESIAN_POINT('Ctrl Pts',(231.638465746351,11.0513331675856,221.89602878449));
#3179=CARTESIAN_POINT('Ctrl Pts',(228.066125169974,11.0586674924056,224.74149491202));
#3180=CARTESIAN_POINT('Ctrl Pts',(231.638465746351,11.0586674924056,224.74149491202));
#3181=CARTESIAN_POINT('Ctrl Pts',(228.066125169974,8.69605112800558,223.32539708211));
#3182=CARTESIAN_POINT('Ctrl Pts',(231.638465746351,8.69605112800558,223.32539708211));
#3183=CARTESIAN_POINT('Ctrl Pts',(228.066125169974,7.90851233987558,222.85336447214));
#3184=CARTESIAN_POINT('Ctrl Pts',(231.638465746351,7.90851233987558,222.85336447214));
#3185=CARTESIAN_POINT('Ctrl Pts',(228.066125169974,7.90606756493558,221.90487576296));
#3186=CARTESIAN_POINT('Ctrl Pts',(231.638465746351,7.90606756493558,221.90487576296));
#3187=CARTESIAN_POINT('',(228.066125169974,7.90606756493558,221.90487576296));
#3188=CARTESIAN_POINT('',(228.066125169974,7.90606756493558,221.90487576296));
#3189=CARTESIAN_POINT('Origin',(228.066125169974,9.47870036626188,221.900452273725));
#3190=CARTESIAN_POINT('Origin',(228.066125169964,10.9413155121156,219.888419574685));
#3191=CARTESIAN_POINT('',(228.066125169964,8.25654875435557,219.89597126562));
#3192=CARTESIAN_POINT('',(228.066125169974,14.7156342352956,219.87780320051));
#3193=CARTESIAN_POINT('',(228.066125169964,7.17207815822558,221.8704327105));
#3194=CARTESIAN_POINT('',(228.066125169974,8.25654875434557,219.89597126561));
#3195=CARTESIAN_POINT('',(228.066125169964,7.17226635708558,221.94344740538));
#3196=CARTESIAN_POINT('',(228.066125169974,7.17226635707558,221.94344740538));
#3197=CARTESIAN_POINT('',(228.066125169964,8.26689969178558,223.91177948378));
#3198=CARTESIAN_POINT('',(228.066125169974,7.17226635707558,221.94344740539));
#3199=CARTESIAN_POINT('',(228.066125169974,14.7259851727356,223.89361141868));
#3200=CARTESIAN_POINT('Origin',(228.066125169974,11.4964424322556,223.902695451225));
#3201=CARTESIAN_POINT('',(226.271570723404,8.26689969178558,223.91177948378));
#3202=CARTESIAN_POINT('',(228.066125169964,8.26689969177558,223.91177948379));
#3203=CARTESIAN_POINT('',(226.271570723404,14.7259851727356,223.89361141868));
#3204=CARTESIAN_POINT('Origin',(227.168847946689,7.17226635708558,221.94344740538));
#3205=CARTESIAN_POINT('',(226.271570723404,7.17226635708558,221.94344740538));
#3206=CARTESIAN_POINT('',(228.066125169964,7.17226635707558,221.94344740539));
#3207=CARTESIAN_POINT('',(226.271570723404,8.26689969177558,223.91177948378));
#3208=CARTESIAN_POINT('Origin',(226.271570723404,7.17217225765558,221.906940057945));
#3209=CARTESIAN_POINT('',(226.271570723404,7.17207815822558,221.8704327105));
#3210=CARTESIAN_POINT('',(226.271570723404,7.17207815821558,221.8704327105));
#3211=CARTESIAN_POINT('',(226.271570723404,7.17207815821558,221.8704327105));
#3212=CARTESIAN_POINT('Origin',(227.168847946689,8.25654875435557,219.89597126562));
#3213=CARTESIAN_POINT('',(226.271570723404,8.25654875435557,219.89597126562));
#3214=CARTESIAN_POINT('',(226.271570723404,8.25654875434557,219.89597126561));
#3215=CARTESIAN_POINT('',(226.271570723404,7.17207815821558,221.8704327105));
#3216=CARTESIAN_POINT('Origin',(227.168847946689,8.25654875434557,219.89597126562));
#3217=CARTESIAN_POINT('',(226.271570723404,14.7156342352956,219.87780320051));
#3218=CARTESIAN_POINT('Ctrl Pts',(226.271570723404,15.7136643281356,230.45454857804));
#3219=CARTESIAN_POINT('Ctrl Pts',(231.63008158798,15.7136643281356,230.45454857804));
#3220=CARTESIAN_POINT('Ctrl Pts',(226.271570723404,14.7416064954356,229.95414811029));
#3221=CARTESIAN_POINT('Ctrl Pts',(231.63008158798,14.7416064954356,229.95414811029));
#3222=CARTESIAN_POINT('Ctrl Pts',(226.271570723404,14.7386885959456,228.82210332278));
#3223=CARTESIAN_POINT('Ctrl Pts',(231.63008158798,14.7386885959456,228.82210332278));
#3224=CARTESIAN_POINT('',(228.425036059274,15.7136643281356,230.45454857803));
#3225=CARTESIAN_POINT('Origin',(228.425036059284,16.4860583752079,228.817188334744));
#3226=CARTESIAN_POINT('',(226.271570723404,15.7136643281356,230.45454857803));
#3227=CARTESIAN_POINT('Origin',(226.271570723404,16.4860583752078,228.817188334744));
#3228=CARTESIAN_POINT('',(228.425036059274,15.7136643281356,230.45454857804));
#3229=CARTESIAN_POINT('Ctrl Pts',(228.425036059284,16.4936449138756,231.76050478224));
#3230=CARTESIAN_POINT('Ctrl Pts',(223.066525194708,16.4936449138756,231.76050478224));
#3231=CARTESIAN_POINT('Ctrl Pts',(228.425036059284,16.4913105942856,230.85486895223));
#3232=CARTESIAN_POINT('Ctrl Pts',(223.066525194708,16.4913105942856,230.85486895223));
#3233=CARTESIAN_POINT('Ctrl Pts',(228.425036059284,15.7136643281256,230.45454857803));
#3234=CARTESIAN_POINT('Ctrl Pts',(223.066525194708,15.7136643281256,230.45454857803));
#3235=CARTESIAN_POINT('',(226.271570723404,16.4936449138756,231.76050478224));
#3236=CARTESIAN_POINT('Origin',(226.271570723404,15.0957490905078,231.764436772693));
#3237=CARTESIAN_POINT('',(228.425036059274,16.4936449138756,231.76050478224));
#3238=CARTESIAN_POINT('',(228.425036059274,16.4936449138856,231.76050478225));
#3239=CARTESIAN_POINT('Origin',(228.425036059284,15.0957490905078,231.764436772693));
#3240=CARTESIAN_POINT('Origin',(226.271570723404,16.4959681075656,232.66182414195));
#3241=CARTESIAN_POINT('',(226.271570723404,16.4982913012556,233.56314350165));
#3242=CARTESIAN_POINT('',(226.271570723404,16.4936449138856,231.76050478224));
#3243=CARTESIAN_POINT('',(228.425036059274,16.4982913012556,233.56314350165));
#3244=CARTESIAN_POINT('',(228.425036059274,16.4982913012556,233.56314350166));
#3245=CARTESIAN_POINT('',(228.425036059284,16.4982913012556,233.56314350165));
#3246=CARTESIAN_POINT('Origin',(235.675036023384,11.9494839093356,231.385481624295));
#3247=CARTESIAN_POINT('',(235.675036023384,13.3511437099956,232.84184353138));
#3248=CARTESIAN_POINT('Origin',(235.675036023384,11.9532478865857,232.845775521815));
#3249=CARTESIAN_POINT('Ctrl Pts',(235.675036023384,13.3511437099756,232.84184353137));
#3250=CARTESIAN_POINT('Ctrl Pts',(237.461206311583,13.3511437099756,232.84184353137));
#3251=CARTESIAN_POINT('Ctrl Pts',(235.675036023384,13.3576631098056,235.37114675585));
#3252=CARTESIAN_POINT('Ctrl Pts',(237.461206311583,13.3576631098056,235.37114675585));
#3253=CARTESIAN_POINT('Ctrl Pts',(235.675036023384,11.2575596747956,234.11239312926));
#3254=CARTESIAN_POINT('Ctrl Pts',(237.461206311583,11.2575596747956,234.11239312926));
#3255=CARTESIAN_POINT('Ctrl Pts',(235.675036023384,9.15745623977557,232.85363950268));
#3256=CARTESIAN_POINT('Ctrl Pts',(237.461206311583,9.15745623977557,232.85363950268));
#3257=CARTESIAN_POINT('Ctrl Pts',(235.675036023384,11.2510402749656,231.58308990479));
#3258=CARTESIAN_POINT('Ctrl Pts',(237.461206311583,11.2510402749656,231.58308990479));
#3259=CARTESIAN_POINT('Ctrl Pts',(235.675036023384,13.3446243101456,230.3125403069));
#3260=CARTESIAN_POINT('Ctrl Pts',(237.461206311583,13.3446243101456,230.3125403069));
#3261=CARTESIAN_POINT('Ctrl Pts',(235.675036023384,13.3511437099756,232.84184353137));
#3262=CARTESIAN_POINT('Ctrl Pts',(237.461206311583,13.3511437099756,232.84184353137));
#3263=CARTESIAN_POINT('',(236.392857802014,13.3511437099756,232.84184353137));
#3264=CARTESIAN_POINT('Origin',(236.392857802014,11.9532478865773,232.845775521808));
#3265=CARTESIAN_POINT('',(235.675036023384,13.3511437099756,232.84184353137));
#3266=CARTESIAN_POINT('Origin',(225.984442011944,18.2564825150906,237.756573468955));
#3267=CARTESIAN_POINT('',(225.984442011944,18.2520025970145,236.01851911693));
#3268=CARTESIAN_POINT('',(226.271570723404,18.2520025970081,236.01851911693));
#3269=CARTESIAN_POINT('',(224.462915010217,18.2520025970081,236.01851911693));
#3270=CARTESIAN_POINT('',(225.984442011954,18.2694076387556,242.77107753318));
#3271=CARTESIAN_POINT('',(225.984442011944,18.2494250577556,235.01852241112));
#3272=CARTESIAN_POINT('',(226.702263790574,18.2701269326156,243.05013884744));
#3273=CARTESIAN_POINT('Origin',(226.702297833186,18.2672838318421,241.954156529698));
#3274=CARTESIAN_POINT('',(236.392857802004,18.2701269326156,243.05013884744));
#3275=CARTESIAN_POINT('',(236.392857802004,18.2701269326256,243.05013884744));
#3276=CARTESIAN_POINT('',(236.392857802004,18.2428380975656,232.46300809047));
#3277=CARTESIAN_POINT('',(236.392857802014,18.2428380975756,232.46300809047));
#3278=CARTESIAN_POINT('',(234.239392466134,18.2428380975656,232.46300809047));
#3279=CARTESIAN_POINT('',(236.392857802004,18.2428380975756,232.46300809048));
#3280=CARTESIAN_POINT('',(234.239392466134,18.2494250577556,235.01852241112));
#3281=CARTESIAN_POINT('',(234.239392466144,18.2494250577556,235.01852241112));
#3282=CARTESIAN_POINT('',(226.271570723404,18.2494250577556,235.01852241113));
#3283=CARTESIAN_POINT('',(234.239392466134,18.2494250577556,235.01852241113));
#3284=CARTESIAN_POINT('',(226.271570723404,18.2404938068672,231.553503814788));
#3285=CARTESIAN_POINT('',(229.932461794394,18.2632576741456,240.38510248449));
#3286=CARTESIAN_POINT('Origin',(229.932461794387,18.2607169895056,239.39940410366));
#3287=CARTESIAN_POINT('Origin',(225.984442011954,18.2594163482556,238.894799972155));
#3288=CARTESIAN_POINT('',(225.625531122634,17.9025286411635,236.019502114539));
#3289=CARTESIAN_POINT('',(223.241961288028,15.5816306022392,236.026030318383));
#3290=CARTESIAN_POINT('',(225.625531122644,17.9177954128556,241.9424851899));
#3291=CARTESIAN_POINT('',(225.625531122634,17.8999511019056,235.01950540873));
#3292=CARTESIAN_POINT('Origin',(226.702230755222,18.9662837346264,241.977797811413));
#3293=CARTESIAN_POINT('Origin',(225.625531122644,17.9088732573806,238.48099529932));
#3294=CARTESIAN_POINT('',(225.625531122644,16.5046328177602,236.023434104973));
#3295=CARTESIAN_POINT('',(225.625531122644,14.153028889082,236.030048678104));
#3296=CARTESIAN_POINT('',(225.625531122644,16.5077012443756,237.21387824543));
#3297=CARTESIAN_POINT('',(225.625531122634,16.5077012443856,237.21387824543));
#3298=CARTESIAN_POINT('',(225.625531122644,16.5096701911199,237.913875476326));
#3299=CARTESIAN_POINT('',(225.625531122644,16.5094888416064,237.849402347078));
#3300=CARTESIAN_POINT('',(225.625531122634,16.5095055218662,237.913875939497));
#3301=CARTESIAN_POINT('',(225.625531122644,13.7137290418916,237.921739877706));
#3302=CARTESIAN_POINT('',(225.625531122644,16.5193695738456,241.74078932772));
#3303=CARTESIAN_POINT('',(225.625531122634,16.5077012443856,237.21387824543));
#3304=CARTESIAN_POINT('',(225.625531122644,16.5197681484756,241.89542259375));
#3305=CARTESIAN_POINT('',(225.625531122634,16.5197681484756,241.89542259375));
#3306=CARTESIAN_POINT('',(225.625531122634,17.9177954128556,241.94248518991));
#3307=CARTESIAN_POINT('Origin',(230.111917239044,12.3256821036456,241.752585299025));
#3308=CARTESIAN_POINT('',(226.702263790574,15.5160132217856,242.95742553302));
#3309=CARTESIAN_POINT('Ctrl Pts',(225.625531122644,16.5197681484726,241.89542259376));
#3310=CARTESIAN_POINT('Ctrl Pts',(225.625531122645,16.519993641675,241.982906212029));
#3311=CARTESIAN_POINT('Ctrl Pts',(225.635820530861,16.5105976576536,242.069111134121));
#3312=CARTESIAN_POINT('Ctrl Pts',(225.677376786214,16.472199316442,242.242532766893));
#3313=CARTESIAN_POINT('Ctrl Pts',(225.709754069411,16.4421513736999,242.32680542951));
#3314=CARTESIAN_POINT('Ctrl Pts',(225.812688829814,16.3464337607497,242.521651441575));
#3315=CARTESIAN_POINT('Ctrl Pts',(225.896110390792,16.2687230958089,242.625980038286));
#3316=CARTESIAN_POINT('Ctrl Pts',(226.102951842025,16.075828474235,242.801953857122));
#3317=CARTESIAN_POINT('Ctrl Pts',(226.221312546813,15.9653538586836,242.865913556023));
#3318=CARTESIAN_POINT('Ctrl Pts',(226.460113620671,15.7423333216208,242.944441806459));
#3319=CARTESIAN_POINT('Ctrl Pts',(226.581716441699,15.6287064737769,242.961219190799));
#3320=CARTESIAN_POINT('Ctrl Pts',(226.702263790574,15.5160132217895,242.95742553302));
#3321=CARTESIAN_POINT('',(234.598303355444,8.13199463344558,241.76438127033));
#3322=CARTESIAN_POINT('',(225.625531122644,16.5193695738456,241.74078932773));
#3323=CARTESIAN_POINT('',(234.598303355444,8.13442926584558,242.70893502535));
#3324=CARTESIAN_POINT('',(234.598303355454,8.13442926583558,242.70893502535));
#3325=CARTESIAN_POINT('',(226.702263790584,15.5160132217956,242.95742553303));
#3326=CARTESIAN_POINT('Origin',(234.598303355454,12.3256821036506,241.752585299025));
#3327=CARTESIAN_POINT('',(234.598303355444,16.5193695738456,241.74078932772));
#3328=CARTESIAN_POINT('',(234.598303355444,16.5193695738556,241.74078932773));
#3329=CARTESIAN_POINT('',(234.598303355454,16.5193695738456,241.74078932773));
#3330=CARTESIAN_POINT('Origin',(228.137907347829,2.52590982553433,236.062753347634));
#3331=CARTESIAN_POINT('',(221.121075695934,16.5046328177602,236.023434104973));
#3332=CARTESIAN_POINT('',(221.121075695934,2.52567458375129,236.06275400932));
#3333=CARTESIAN_POINT('',(221.121075695934,6.02093279074776,236.052922574383));
#3334=CARTESIAN_POINT('',(221.376281362132,16.5046328177602,236.023434104973));
#3335=CARTESIAN_POINT('',(226.271570723404,2.52567458375129,236.06275400932));
#3336=CARTESIAN_POINT('',(226.271570723404,10.406225976277,236.040587656022));
#3337=CARTESIAN_POINT('',(221.376281362132,2.52567458375129,236.06275400932));
#3338=CARTESIAN_POINT('Origin',(225.625531122634,16.5135354091106,239.47733378658));
#3339=CARTESIAN_POINT('',(234.598303355454,16.5095055218563,237.913875939507));
#3340=CARTESIAN_POINT('',(230.111917239044,16.5095055218562,237.913875939497));
#3341=CARTESIAN_POINT('',(234.598303355454,16.5077012443856,237.21387824543));
#3342=CARTESIAN_POINT('',(229.932461794394,16.5158878948956,240.39001747253));
#3343=CARTESIAN_POINT('Origin',(229.932461794386,16.5133472102556,239.404319091701));
#3344=CARTESIAN_POINT('Ctrl Pts',(226.702263790574,18.2701269326156,243.05013884743));
#3345=CARTESIAN_POINT('Ctrl Pts',(226.702263790574,15.5160132217856,242.95742553302));
#3346=CARTESIAN_POINT('Ctrl Pts',(225.625531122644,18.2701269326156,243.05013884743));
#3347=CARTESIAN_POINT('Ctrl Pts',(225.625531122644,15.5160132217856,242.95742553302));
#3348=CARTESIAN_POINT('Ctrl Pts',(225.625531122644,18.3038950648756,241.95548268463));
#3349=CARTESIAN_POINT('Ctrl Pts',(225.625531122644,15.5497813540456,241.86276937021));
#3350=CARTESIAN_POINT('',(226.702263790584,18.2701269326156,243.05013884744));
#3351=CARTESIAN_POINT('Origin',(228.137907347829,2.52309704448558,235.06275730351));
#3352=CARTESIAN_POINT('',(226.271570723404,17.8999511019056,235.01950540874));
#3353=CARTESIAN_POINT('',(226.271570723404,6.46431401550892,235.051671479251));
#3354=CARTESIAN_POINT('',(234.239392466134,2.52309704449558,235.06275730351));
#3355=CARTESIAN_POINT('',(234.239392466144,2.52309704449558,235.06275730352));
#3356=CARTESIAN_POINT('',(228.425036059274,2.52309704449558,235.06275730351));
#3357=CARTESIAN_POINT('',(228.425036059274,2.52309704448558,235.06275730352));
#3358=CARTESIAN_POINT('',(228.425036059274,17.8999511019056,235.01950540873));
#3359=CARTESIAN_POINT('',(228.425036059284,2.52309704449558,235.06275730352));
#3360=CARTESIAN_POINT('',(228.425036059274,17.8999511019056,235.01950540874));
#3361=CARTESIAN_POINT('Origin',(227.240630124544,16.4982913012556,233.56314350165));
#3362=CARTESIAN_POINT('',(226.271570723404,12.9802261363955,229.907779988773));
#3363=CARTESIAN_POINT('',(228.425036059284,16.4982913012556,233.56314350165));
#3364=CARTESIAN_POINT('Ctrl Pts',(229.932461794394,16.5158878948956,240.39001747252));
#3365=CARTESIAN_POINT('Ctrl Pts',(229.932461794394,18.2632576741456,240.38510248448));
#3366=CARTESIAN_POINT('Ctrl Pts',(230.491948500504,16.5158878948956,240.39001747252));
#3367=CARTESIAN_POINT('Ctrl Pts',(230.491948500504,18.2632576741456,240.38510248447));
#3368=CARTESIAN_POINT('Ctrl Pts',(230.771691853554,16.5146175525756,239.89716828211));
#3369=CARTESIAN_POINT('Ctrl Pts',(230.771691853554,18.2619873318256,239.89225329407));
#3370=CARTESIAN_POINT('Ctrl Pts',(231.610921912714,16.5108065256156,238.41862071088));
#3371=CARTESIAN_POINT('Ctrl Pts',(231.610921912714,18.2581763048656,238.41370572284));
#3372=CARTESIAN_POINT('Ctrl Pts',(229.932461794384,16.5108065256156,238.41862071088));
#3373=CARTESIAN_POINT('Ctrl Pts',(229.932461794384,18.2581763048656,238.41370572284));
#3374=CARTESIAN_POINT('Ctrl Pts',(228.254001676054,16.5108065256156,238.41862071088));
#3375=CARTESIAN_POINT('Ctrl Pts',(228.254001676054,18.2581763048656,238.41370572284));
#3376=CARTESIAN_POINT('Ctrl Pts',(229.093231735224,16.5146175525756,239.89716828211));
#3377=CARTESIAN_POINT('Ctrl Pts',(229.093231735224,18.2619873318256,239.89225329407));
#3378=CARTESIAN_POINT('Ctrl Pts',(229.372975088274,16.5158878948956,240.39001747253));
#3379=CARTESIAN_POINT('Ctrl Pts',(229.372975088274,18.2632576741456,240.38510248448));
#3380=CARTESIAN_POINT('Ctrl Pts',(229.932461794394,16.5158878948956,240.39001747252));
#3381=CARTESIAN_POINT('Ctrl Pts',(229.932461794394,18.2632576741456,240.38510248448));
#3382=CARTESIAN_POINT('',(229.932461794394,16.5158878948956,240.39001747252));
#3383=CARTESIAN_POINT('Ctrl Pts',(234.598303355454,11.0266061033956,239.41975215416));
#3384=CARTESIAN_POINT('Ctrl Pts',(239.063729075917,11.0266061033956,239.41975215416));
#3385=CARTESIAN_POINT('Ctrl Pts',(234.598303355454,11.0222055085156,237.71247247764));
#3386=CARTESIAN_POINT('Ctrl Pts',(239.063729075917,11.0222055085156,237.71247247764));
#3387=CARTESIAN_POINT('Ctrl Pts',(234.598303355454,12.4397753271456,238.56213117558));
#3388=CARTESIAN_POINT('Ctrl Pts',(239.063729075917,12.4397753271456,238.56213117558));
#3389=CARTESIAN_POINT('Ctrl Pts',(234.598303355454,13.8573451457856,239.41178987353));
#3390=CARTESIAN_POINT('Ctrl Pts',(239.063729075917,13.8573451457856,239.41178987353));
#3391=CARTESIAN_POINT('Ctrl Pts',(234.598303355454,12.4441759220356,240.2694108521));
#3392=CARTESIAN_POINT('Ctrl Pts',(239.063729075917,12.4441759220356,240.2694108521));
#3393=CARTESIAN_POINT('Ctrl Pts',(234.598303355454,11.0310066982856,241.12703183068));
#3394=CARTESIAN_POINT('Ctrl Pts',(239.063729075917,11.0310066982856,241.12703183068));
#3395=CARTESIAN_POINT('Ctrl Pts',(234.598303355454,11.0266061033956,239.41975215416));
#3396=CARTESIAN_POINT('Ctrl Pts',(239.063729075917,11.0266061033956,239.41975215416));
#3397=CARTESIAN_POINT('',(236.392857802014,11.0266061033956,239.41975215416));
#3398=CARTESIAN_POINT('Origin',(236.392857802014,11.9701857841987,239.417098060617));
#3399=CARTESIAN_POINT('',(234.598303355454,11.0266061033956,239.41975215416));
#3400=CARTESIAN_POINT('',(234.598303355454,11.0266061033956,239.41975215416));
#3401=CARTESIAN_POINT('Origin',(234.598303355454,11.9701857841923,239.417098060616));
#3402=CARTESIAN_POINT('Origin',(235.316125134074,16.4907633467556,230.64255570663));
#3403=CARTESIAN_POINT('',(234.239392466144,18.2428380975656,232.46300809047));
#3404=CARTESIAN_POINT('',(236.392857802014,16.4907633467556,230.64255570663));
#3405=CARTESIAN_POINT('Origin',(235.495580578729,2.52874301036558,237.25319814978));
#3406=CARTESIAN_POINT('',(236.392857802004,2.52874301036558,237.25319814978));
#3407=CARTESIAN_POINT('',(234.598303355444,2.52874301036558,237.25319814978));
#3408=CARTESIAN_POINT('',(236.392857802004,2.52874301036558,237.25319814978));
#3409=CARTESIAN_POINT('',(236.392857802004,7.76767558317558,242.69658878511));
#3410=CARTESIAN_POINT('',(236.392857802014,7.76767558316557,242.69658878512));
#3411=CARTESIAN_POINT('',(234.598303355444,7.76767558317558,242.69658878511));
#3412=CARTESIAN_POINT('',(236.392857802004,7.76767558316557,242.69658878512));
#3413=CARTESIAN_POINT('',(234.598303355454,3.20063421664576,237.951311028577));
#3414=CARTESIAN_POINT('',(234.598303355454,2.52874301036558,237.25319814978));
#3415=CARTESIAN_POINT('',(234.598303355454,2.52874301036558,237.25319814978));
#3416=CARTESIAN_POINT('Origin',(231.547560796294,7.76767558316557,242.69658878511));
#3417=CARTESIAN_POINT('',(234.598303355454,8.13442926584558,242.70893502535));
#3418=CARTESIAN_POINT('',(236.392857802014,18.2701269326156,243.05013884744));
#3419=CARTESIAN_POINT('Ctrl Pts',(236.177511268424,15.9428969491456,235.02501019534));
#3420=CARTESIAN_POINT('Ctrl Pts',(236.392857802014,15.9423323525556,234.8059661107));
#3421=CARTESIAN_POINT('Ctrl Pts',(236.177511268424,16.5020552785056,235.02343739916));
#3422=CARTESIAN_POINT('Ctrl Pts',(236.392857802014,16.7111750554456,234.80380351596));
#3423=CARTESIAN_POINT('Ctrl Pts',(236.177511268424,16.5035608693956,235.60755495817));
#3424=CARTESIAN_POINT('Ctrl Pts',(236.392857802014,16.7132452429156,235.60696515961));
#3425=CARTESIAN_POINT('',(236.392857801405,16.7132452423154,235.606965153529));
#3426=CARTESIAN_POINT('',(236.392857802004,15.9423323525556,234.80596611071));
#3427=CARTESIAN_POINT('Origin',(236.392857802014,15.9444025400544,235.609127754351));
#3428=CARTESIAN_POINT('',(236.177511268182,16.5035608692095,235.607554954816));
#3429=CARTESIAN_POINT('',(236.392857802004,16.7132452428956,235.60696515256));
#3430=CARTESIAN_POINT('',(236.177511268414,15.9428969491456,235.02501019534));
#3431=CARTESIAN_POINT('Origin',(236.177511268424,15.944402540052,235.609127754343));
#3432=CARTESIAN_POINT('',(236.392857802014,15.9423323525756,234.80596611072));
#3433=CARTESIAN_POINT('Origin',(236.392857802004,10.3856964511706,234.821595772695));
#3434=CARTESIAN_POINT('',(236.177511268141,4.82962514982338,235.056269519524));
#3435=CARTESIAN_POINT('',(236.177511268414,15.9428969491456,235.02501019535));
#3436=CARTESIAN_POINT('',(236.392857801356,4.82906054976858,234.837225435352));
#3437=CARTESIAN_POINT('',(236.392857800804,4.82906054976558,234.83722543592));
#3438=CARTESIAN_POINT('',(236.392857802004,15.9423323525556,234.80596611072));
#3439=CARTESIAN_POINT('Ctrl Pts',(236.177511267764,4.27197241529558,235.64195987448));
#3440=CARTESIAN_POINT('Ctrl Pts',(236.392857802014,4.06228804112558,235.64254967305));
#3441=CARTESIAN_POINT('Ctrl Pts',(236.177511267764,4.27046682438558,235.05784231614));
#3442=CARTESIAN_POINT('Ctrl Pts',(236.392857802014,4.06021785362558,234.8393880294));
#3443=CARTESIAN_POINT('Ctrl Pts',(236.177511267764,4.82962515310557,235.05626951997));
#3444=CARTESIAN_POINT('Ctrl Pts',(236.392857802014,4.82906055651558,234.83722543466));
#3445=CARTESIAN_POINT('',(236.392857802004,4.06228804113558,235.64254967304));
#3446=CARTESIAN_POINT('Origin',(236.392857802004,4.83113074400188,235.6403870783));
#3447=CARTESIAN_POINT('',(236.177511268414,4.27197241464558,235.64195987447));
#3448=CARTESIAN_POINT('Origin',(236.177511268432,4.83113074399947,235.640387078303));
#3449=CARTESIAN_POINT('',(236.392857802004,4.06228804113558,235.64254967304));
#3450=CARTESIAN_POINT('Origin',(236.392857802004,4.06266443887057,235.788579066315));
#3451=CARTESIAN_POINT('',(236.177511268141,4.27272521030967,235.934018657399));
#3452=CARTESIAN_POINT('',(236.177511268414,4.27197241464558,235.64195987447));
#3453=CARTESIAN_POINT('',(236.392857801358,4.06304083723448,235.934608459587));
#3454=CARTESIAN_POINT('',(236.392857800804,4.06304083778558,235.93460845959));
#3455=CARTESIAN_POINT('',(236.392857802004,4.06228804113558,235.64254967304));
#3456=CARTESIAN_POINT('Ctrl Pts',(236.177511267764,4.83338913036558,236.51656341613));
#3457=CARTESIAN_POINT('Ctrl Pts',(236.392857802014,4.83395372696558,236.73560750144));
#3458=CARTESIAN_POINT('Ctrl Pts',(236.177511267764,4.27423080164558,236.51813621232));
#3459=CARTESIAN_POINT('Ctrl Pts',(236.392857802014,4.06511102407558,236.7377700962));
#3460=CARTESIAN_POINT('Ctrl Pts',(236.177511267764,4.27272521073558,235.93401865398));
#3461=CARTESIAN_POINT('Ctrl Pts',(236.392857802014,4.06304083657558,235.93460845255));
#3462=CARTESIAN_POINT('',(236.392857802004,4.83395372694558,236.73560750143));
#3463=CARTESIAN_POINT('Origin',(236.392857802004,4.83188353945078,235.932445857802));
#3464=CARTESIAN_POINT('',(236.177511268414,4.83338913035558,236.5165634168));
#3465=CARTESIAN_POINT('Origin',(236.177511268431,4.83188353944048,235.932445857806));
#3466=CARTESIAN_POINT('',(236.392857802004,4.83395372692558,236.73560750143));
#3467=CARTESIAN_POINT('Origin',(236.392857802004,10.3905896283306,236.719977839445));
#3468=CARTESIAN_POINT('',(236.177511268141,15.9466609296678,236.485304092626));
#3469=CARTESIAN_POINT('',(236.177511268414,4.83338913035558,236.5165634168));
#3470=CARTESIAN_POINT('',(236.392857801356,15.9472255297271,236.704348176801));
#3471=CARTESIAN_POINT('',(236.392857800804,15.9472255297256,236.70434817623));
#3472=CARTESIAN_POINT('',(236.392857802004,4.83395372694558,236.73560750143));
#3473=CARTESIAN_POINT('Ctrl Pts',(236.177511267764,16.5043136642056,235.89961373766));
#3474=CARTESIAN_POINT('Ctrl Pts',(236.392857802014,16.7139980383656,235.89902393908));
#3475=CARTESIAN_POINT('Ctrl Pts',(236.177511267764,16.5058192551156,236.483731296));
#3476=CARTESIAN_POINT('Ctrl Pts',(236.392857802014,16.7160682258756,236.70218558275));
#3477=CARTESIAN_POINT('Ctrl Pts',(236.177511267764,15.9466609263856,236.48530409218));
#3478=CARTESIAN_POINT('Ctrl Pts',(236.392857802014,15.9472255229756,236.70434817748));
#3479=CARTESIAN_POINT('',(236.392857802004,16.7139980383656,235.8990239391));
#3480=CARTESIAN_POINT('Origin',(236.392857802004,15.945155335498,235.901186533847));
#3481=CARTESIAN_POINT('',(236.177511268414,16.5043136648456,235.89961373767));
#3482=CARTESIAN_POINT('Origin',(236.177511268431,15.9451553354969,235.901186533862));
#3483=CARTESIAN_POINT('',(236.392857802004,16.7139980383656,235.89902393912));
#3484=CARTESIAN_POINT('Origin',(236.392857802004,16.7136216406306,235.75299454584));
#3485=CARTESIAN_POINT('',(236.177511268414,16.5043136648556,235.89961373767));
#3486=CARTESIAN_POINT('',(236.392857802004,16.7139980383656,235.8990239391));
#3487=CARTESIAN_POINT('Origin',(235.675036023384,16.5039372671206,235.753584346005));
#3488=CARTESIAN_POINT('',(235.675036023384,16.5043136648456,235.89961373767));
#3489=CARTESIAN_POINT('',(236.177511268414,16.5043136648556,235.89961373768));
#3490=CARTESIAN_POINT('',(235.675036023384,16.5035608694056,235.60755495817));
#3491=CARTESIAN_POINT('',(235.675036023384,16.5035608694056,235.60755495817));
#3492=CARTESIAN_POINT('',(236.177511268414,16.5035608693956,235.60755495433));
#3493=CARTESIAN_POINT('Ctrl Pts',(236.177511268424,16.5035608694056,235.60755495817));
#3494=CARTESIAN_POINT('Ctrl Pts',(234.927192066685,16.5035608694056,235.60755495817));
#3495=CARTESIAN_POINT('Ctrl Pts',(236.177511268424,16.5020552785056,235.02343739916));
#3496=CARTESIAN_POINT('Ctrl Pts',(234.927192066685,16.5020552785056,235.02343739916));
#3497=CARTESIAN_POINT('Ctrl Pts',(236.177511268424,15.9428969491356,235.02501019534));
#3498=CARTESIAN_POINT('Ctrl Pts',(234.927192066685,15.9428969491356,235.02501019534));
#3499=CARTESIAN_POINT('',(235.675036023384,15.9428969491456,235.02501019534));
#3500=CARTESIAN_POINT('Origin',(235.675036023384,15.9444025400495,235.609127754357));
#3501=CARTESIAN_POINT('',(236.177511268414,15.9428969491556,235.02501019535));
#3502=CARTESIAN_POINT('Origin',(235.926273645899,4.82962514941558,235.0562695193));
#3503=CARTESIAN_POINT('',(235.675036023384,4.82962515310557,235.05626951929));
#3504=CARTESIAN_POINT('',(235.675036023384,4.82962515310557,235.0562695193));
#3505=CARTESIAN_POINT('',(236.177511267754,4.82962514941558,235.0562695193));
#3506=CARTESIAN_POINT('Ctrl Pts',(236.177511268424,4.82962515310557,235.05626951929));
#3507=CARTESIAN_POINT('Ctrl Pts',(234.927192066685,4.82962515310557,235.05626951929));
#3508=CARTESIAN_POINT('Ctrl Pts',(236.177511268424,4.27046682373558,235.05784231547));
#3509=CARTESIAN_POINT('Ctrl Pts',(234.927192066685,4.27046682373558,235.05784231547));
#3510=CARTESIAN_POINT('Ctrl Pts',(236.177511268424,4.27197241464558,235.64195987448));
#3511=CARTESIAN_POINT('Ctrl Pts',(234.927192066685,4.27197241464558,235.64195987448));
#3512=CARTESIAN_POINT('',(235.675036023384,4.27197241464558,235.64195987447));
#3513=CARTESIAN_POINT('Origin',(235.675036023384,4.83113074399988,235.640387078304));
#3514=CARTESIAN_POINT('',(236.177511268414,4.27197241464558,235.64195987447));
#3515=CARTESIAN_POINT('Origin',(235.926273645899,4.27197241464558,235.64195987447));
#3516=CARTESIAN_POINT('',(235.675036023384,4.27272521009558,235.93401865397));
#3517=CARTESIAN_POINT('',(235.675036023384,4.27272521008558,235.93401865397));
#3518=CARTESIAN_POINT('',(236.177511267754,4.27272521010558,235.93401865783));
#3519=CARTESIAN_POINT('Ctrl Pts',(236.177511268424,4.27272521009558,235.93401865397));
#3520=CARTESIAN_POINT('Ctrl Pts',(234.927192066685,4.27272521009558,235.93401865397));
#3521=CARTESIAN_POINT('Ctrl Pts',(236.177511268424,4.27423080099558,236.51813621299));
#3522=CARTESIAN_POINT('Ctrl Pts',(234.927192066685,4.27423080099558,236.51813621299));
#3523=CARTESIAN_POINT('Ctrl Pts',(236.177511268424,4.83338913036558,236.5165634168));
#3524=CARTESIAN_POINT('Ctrl Pts',(234.927192066685,4.83338913036558,236.5165634168));
#3525=CARTESIAN_POINT('',(235.675036023384,4.83338913035558,236.5165634168));
#3526=CARTESIAN_POINT('Origin',(235.675036023384,4.83188353944798,235.932445857808));
#3527=CARTESIAN_POINT('',(236.177511268414,4.83338913034558,236.5165634168));
#3528=CARTESIAN_POINT('Origin',(236.177511268414,10.3900250302106,236.50093375482));
#3529=CARTESIAN_POINT('',(235.675036023384,15.9466609263856,236.48530409285));
#3530=CARTESIAN_POINT('',(235.675036023384,15.9466609263856,236.48530409286));
#3531=CARTESIAN_POINT('',(236.177511267754,15.9466609300756,236.48530409284));
#3532=CARTESIAN_POINT('Ctrl Pts',(236.177511268424,15.9466609263856,236.48530409285));
#3533=CARTESIAN_POINT('Ctrl Pts',(234.927192066685,15.9466609263856,236.48530409285));
#3534=CARTESIAN_POINT('Ctrl Pts',(236.177511268424,16.5058192557556,236.48373129667));
#3535=CARTESIAN_POINT('Ctrl Pts',(234.927192066685,16.5058192557556,236.48373129667));
#3536=CARTESIAN_POINT('Ctrl Pts',(236.177511268424,16.5043136648456,235.89961373766));
#3537=CARTESIAN_POINT('Ctrl Pts',(234.927192066685,16.5043136648456,235.89961373766));
#3538=CARTESIAN_POINT('Origin',(235.675036023384,15.9451553354933,235.901186533848));
#3539=CARTESIAN_POINT('Origin',(235.675036023384,10.3862610511256,235.040639857315));
#3540=CARTESIAN_POINT('Origin',(234.598303355444,9.51822212737557,237.233538197605));
#3541=CARTESIAN_POINT('',(234.598303355444,9.52019107410986,237.933535428491));
#3542=CARTESIAN_POINT('Origin',(234.598303355454,2.52874301036558,237.25319814978));
#3543=CARTESIAN_POINT('',(234.598303355444,2.53071195709987,237.953195380667));
#3544=CARTESIAN_POINT('',(234.598303355454,2.53071195709987,237.953195380666));
#3545=CARTESIAN_POINT('',(234.598303355444,2.52874301036558,237.25319814978));
#3546=CARTESIAN_POINT('Origin',(234.598303355444,16.5077012443856,237.21387824544));
#3547=CARTESIAN_POINT('',(219.611174715784,16.5077012443756,237.21387824543));
#3548=CARTESIAN_POINT('',(225.625531122644,16.5077012443856,237.21387824544));
#3549=CARTESIAN_POINT('',(219.611174715784,16.5096701911099,237.913875476316));
#3550=CARTESIAN_POINT('',(219.611174715784,16.5077012443756,237.21387824543));
#3551=CARTESIAN_POINT('',(225.625531122644,16.5096701911199,237.913875476326));
#3552=CARTESIAN_POINT('Origin',(221.121075695934,9.50636559903558,232.63361242044));
#3553=CARTESIAN_POINT('',(221.121075695934,2.51554862366952,232.134229276247));
#3554=CARTESIAN_POINT('',(221.121075695934,2.50939925425878,229.748485146523));
#3555=CARTESIAN_POINT('',(221.121075695934,16.494506857675,232.094909371897));
#3556=CARTESIAN_POINT('',(221.121075695934,9.504931403891,232.114569595047));
#3557=CARTESIAN_POINT('',(221.121075695934,16.5043115799251,235.898804857973));
#3558=CARTESIAN_POINT('Origin',(234.598303355454,9.52019107410986,237.933535428491));
#3559=CARTESIAN_POINT('',(219.611174715784,2.53071195709987,237.953195380667));
#3560=CARTESIAN_POINT('',(219.611174715784,13.015299920144,237.923704413675));
#3561=CARTESIAN_POINT('',(234.598303355444,2.53071195709987,237.953195380666));
#3562=CARTESIAN_POINT('Origin',(219.611174715784,2.52874301036558,237.25319814978));
#3563=CARTESIAN_POINT('',(219.611174715784,2.52874301036558,237.25319814978));
#3564=CARTESIAN_POINT('',(219.611174715784,2.52874301036558,237.25319814978));
#3565=CARTESIAN_POINT('',(234.598303355444,2.52874301036558,237.25319814978));
#3566=CARTESIAN_POINT('Origin',(223.292610342114,9.50495716814088,232.114569522578));
#3567=CARTESIAN_POINT('',(223.772797233954,2.51554862366713,232.134229276247));
#3568=CARTESIAN_POINT('',(223.906595487334,2.51554862366952,232.134229276247));
#3569=CARTESIAN_POINT('',(223.772797233957,16.4945068576871,232.094909371897));
#3570=CARTESIAN_POINT('',(223.772797233948,2.51554862366715,232.134229276247));
#3571=CARTESIAN_POINT('',(223.906595487334,16.494506857675,232.094909371897));
#3572=CARTESIAN_POINT('Origin',(219.611174715784,16.4996086933006,234.074246365785));
#3573=CARTESIAN_POINT('',(219.611174715784,16.4924571365156,231.29968796051));
#3574=CARTESIAN_POINT('',(219.611174715774,16.5039372671356,235.75358434792));
#3575=CARTESIAN_POINT('',(219.611174715784,2.51349890251079,231.33900786485));
#3576=CARTESIAN_POINT('',(219.611174715784,9.5026516723989,231.319348830627));
#3577=CARTESIAN_POINT('',(219.611174715774,2.52497903311558,235.79290425227));
#3578=CARTESIAN_POINT('Origin',(222.090258862914,2.51349890250558,231.33900786485));
#3579=CARTESIAN_POINT('',(223.292610342114,16.4924571365156,231.29968796051));
#3580=CARTESIAN_POINT('',(220.887907383724,16.4924571365256,231.29968796051));
#3581=CARTESIAN_POINT('',(223.292610342114,2.51349890251558,231.33900786485));
#3582=CARTESIAN_POINT('',(223.292610342104,2.51349890251558,231.33900786486));
#3583=CARTESIAN_POINT('',(219.811174715784,2.51349890251079,231.33900786485));
#3584=CARTESIAN_POINT('Origin',(219.811174715774,16.5000791904456,234.256783102975));
#3585=CARTESIAN_POINT('Origin',(223.292610342103,16.4938686279956,231.847298172085));
#3586=CARTESIAN_POINT('Ctrl Pts',(223.292610342104,2.51632188544558,232.43422828799));
#3587=CARTESIAN_POINT('Ctrl Pts',(223.292610342104,16.4952801194656,232.39490838364));
#3588=CARTESIAN_POINT('Ctrl Pts',(223.830976676074,2.51632188544558,232.43422828799));
#3589=CARTESIAN_POINT('Ctrl Pts',(223.830976676074,16.4952801194656,232.39490838365));
#3590=CARTESIAN_POINT('Ctrl Pts',(223.830976676084,2.51491039397557,231.88661807642));
#3591=CARTESIAN_POINT('Ctrl Pts',(223.830976676084,16.4938686279956,231.84729817208));
#3592=CARTESIAN_POINT('Ctrl Pts',(223.830976676084,2.51349890250558,231.33900786485));
#3593=CARTESIAN_POINT('Ctrl Pts',(223.830976676084,16.4924571365256,231.29968796051));
#3594=CARTESIAN_POINT('Ctrl Pts',(223.292610342114,2.51349890250558,231.33900786485));
#3595=CARTESIAN_POINT('Ctrl Pts',(223.292610342114,16.4924571365256,231.29968796051));
#3596=CARTESIAN_POINT('Origin',(223.292610342096,2.51491039397557,231.886618076425));
#3597=CARTESIAN_POINT('Origin',(228.425036059274,17.8660753066656,221.87686033112));
#3598=CARTESIAN_POINT('',(228.425036059274,2.45534545402557,208.77746714829));
#3599=CARTESIAN_POINT('',(228.425036059284,2.45534545401558,208.77746714829));
#3600=CARTESIAN_POINT('',(228.425036059274,17.8321995114256,208.73421525351));
#3601=CARTESIAN_POINT('',(228.425036059284,17.8321995114256,208.7342152535));
#3602=CARTESIAN_POINT('',(228.425036059274,16.4380676652756,210.19844114145));
#3603=CARTESIAN_POINT('',(228.425036059284,17.8321995114256,208.73421525351));
#3604=CARTESIAN_POINT('',(228.425036059284,16.4427140526556,212.00107986087));
#3605=CARTESIAN_POINT('Origin',(235.675036023384,11.8930242506106,209.481073161595));
#3606=CARTESIAN_POINT('',(235.675036023384,10.4988924044456,210.94529904955));
#3607=CARTESIAN_POINT('Origin',(235.675036023384,11.8967882278502,210.941367059122));
#3608=CARTESIAN_POINT('Origin',(225.625531122644,10.3767972765105,221.875877333505));
#3609=CARTESIAN_POINT('',(225.625531122644,16.4320061919143,207.738149750427));
#3610=CARTESIAN_POINT('',(225.625531122644,16.4286577221556,206.54770639767));
#3611=CARTESIAN_POINT('',(225.625531122644,16.4501910908844,214.20321998384));
#3612=CARTESIAN_POINT('',(225.625531122634,17.8296219721777,207.734218547696));
#3613=CARTESIAN_POINT('',(225.625531122644,10.3365867760358,207.755294898468));
#3614=CARTESIAN_POINT('',(225.625531122644,17.8143552004756,201.81123547233));
#3615=CARTESIAN_POINT('',(225.625531122634,17.8143552004856,201.81123547233));
#3616=CARTESIAN_POINT('',(225.625531122644,16.4165908180556,201.86616204936));
#3617=CARTESIAN_POINT('',(225.625531122634,17.8143552004756,201.81123547232));
#3618=CARTESIAN_POINT('',(225.625531122644,16.4169893926856,202.02079531538));
#3619=CARTESIAN_POINT('',(225.625531122634,16.4165908180656,201.86616204936));
#3620=CARTESIAN_POINT('',(225.625531122634,16.4169893926956,202.02079531538));
#3621=CARTESIAN_POINT('Origin',(234.239392466144,10.3156966796018,207.755353657968));
#3622=CARTESIAN_POINT('',(221.121075695934,2.45276791476989,207.777470442477));
#3623=CARTESIAN_POINT('',(221.121075695934,16.4320061919143,207.738149750427));
#3624=CARTESIAN_POINT('',(221.121075695934,9.87882847054448,207.756582477448));
#3625=CARTESIAN_POINT('',(226.271570723404,2.45276791476989,207.777470442477));
#3626=CARTESIAN_POINT('',(223.906595487334,2.45276791476989,207.777470442477));
#3627=CARTESIAN_POINT('',(226.271570723404,18.1790959280232,207.733235550087));
#3628=CARTESIAN_POINT('',(226.271570723404,13.966153663463,207.745085681126));
#3629=CARTESIAN_POINT('',(225.984442011944,18.179095928028,207.733235550087));
#3630=CARTESIAN_POINT('',(226.993229135419,18.1790959280232,207.733235550087));
#3631=CARTESIAN_POINT('',(224.542376628606,16.7749471291847,207.737185128842));
#3632=CARTESIAN_POINT('',(227.025283590964,16.4320061919143,207.738149750427));
#3633=CARTESIAN_POINT('Origin',(226.271570723404,17.6563909331556,221.87745012968));
#3634=CARTESIAN_POINT('',(226.271570723404,16.4380676652756,210.19844114145));
#3635=CARTESIAN_POINT('',(226.271570723404,16.4380676652856,210.19844114145));
#3636=CARTESIAN_POINT('',(226.271570723404,17.8321995114356,208.7342152535));
#3637=CARTESIAN_POINT('',(226.271570723404,16.4380676652756,210.19844114145));
#3638=CARTESIAN_POINT('',(226.271570723404,18.1816734672856,208.73323225589));
#3639=CARTESIAN_POINT('',(226.271570723404,10.3250527188086,208.75533129727));
#3640=CARTESIAN_POINT('',(226.271570723404,18.1995605542922,215.672807679338));
#3641=CARTESIAN_POINT('',(226.271570723404,2.4936943994972,223.655540886231));
#3642=CARTESIAN_POINT('Origin',(234.239392466144,10.3185094606506,208.755349702095));
#3643=CARTESIAN_POINT('',(226.056224189814,17.8321995114356,208.7342152535));
#3644=CARTESIAN_POINT('',(234.239392466134,2.45534545402557,208.77746714829));
#3645=CARTESIAN_POINT('',(234.239392466134,2.45534545401558,208.77746714828));
#3646=CARTESIAN_POINT('',(234.239392466134,18.1816734672756,208.7332322559));
#3647=CARTESIAN_POINT('',(234.239392466144,18.1816734672756,208.73323225589));
#3648=CARTESIAN_POINT('',(225.984442011954,18.1816734672856,208.73323225589));
#3649=CARTESIAN_POINT('Origin',(227.240630124544,17.8321995114356,208.7342152535));
#3650=CARTESIAN_POINT('',(226.271570723404,16.4380676652856,210.19844114145));
#3651=CARTESIAN_POINT('Origin',(235.926273645899,4.20045684692558,207.89637582172));
#3652=CARTESIAN_POINT('',(236.177511268414,4.20045684692558,207.89637582174));
#3653=CARTESIAN_POINT('',(235.675036023384,4.20045684692558,207.89637582174));
#3654=CARTESIAN_POINT('',(236.177511268414,4.20045684692558,207.89637582172));
#3655=CARTESIAN_POINT('',(235.675036023384,4.20120964237558,208.18843460124));
#3656=CARTESIAN_POINT('',(235.675036023384,4.20120964236558,208.18843460124));
#3657=CARTESIAN_POINT('',(236.177511268141,4.20120964258963,208.188434604657));
#3658=CARTESIAN_POINT('',(236.177511267756,4.20120964238548,208.188434605081));
#3659=CARTESIAN_POINT('',(236.177511268414,4.20045684692558,207.89637582174));
#3660=CARTESIAN_POINT('Ctrl Pts',(236.177511268424,4.20120964237558,208.18843460124));
#3661=CARTESIAN_POINT('Ctrl Pts',(234.927192066685,4.20120964237558,208.18843460124));
#3662=CARTESIAN_POINT('Ctrl Pts',(236.177511268424,4.20271523327558,208.77255216025));
#3663=CARTESIAN_POINT('Ctrl Pts',(234.927192066685,4.20271523327558,208.77255216025));
#3664=CARTESIAN_POINT('Ctrl Pts',(236.177511268424,4.76187356264558,208.77097936407));
#3665=CARTESIAN_POINT('Ctrl Pts',(234.927192066685,4.76187356264558,208.77097936407));
#3666=CARTESIAN_POINT('',(236.177511268414,4.76187356263558,208.77097936407));
#3667=CARTESIAN_POINT('Origin',(236.177511268431,4.76036797172288,208.186861805064));
#3668=CARTESIAN_POINT('',(235.675036023384,4.76187356263558,208.77097936407));
#3669=CARTESIAN_POINT('Origin',(235.675036023384,4.76036797173278,208.186861805063));
#3670=CARTESIAN_POINT('',(236.177511268414,4.76187356262558,208.77097936406));
#3671=CARTESIAN_POINT('Origin',(236.177511268414,10.3185094624906,208.755349702085));
#3672=CARTESIAN_POINT('',(235.675036023384,15.8751453586656,208.73972004012));
#3673=CARTESIAN_POINT('',(235.675036023384,15.8751453586656,208.73972004011));
#3674=CARTESIAN_POINT('',(236.177511268186,15.8751453618868,208.739720039908));
#3675=CARTESIAN_POINT('',(236.177511268417,15.8751453623525,208.73972004011));
#3676=CARTESIAN_POINT('',(236.177511268414,4.76187356263558,208.77097936406));
#3677=CARTESIAN_POINT('Ctrl Pts',(236.177511268424,15.8751453586656,208.73972004012));
#3678=CARTESIAN_POINT('Ctrl Pts',(234.927192066685,15.8751453586656,208.73972004012));
#3679=CARTESIAN_POINT('Ctrl Pts',(236.177511268424,16.4343036880456,208.73814724394));
#3680=CARTESIAN_POINT('Ctrl Pts',(234.927192066685,16.4343036880456,208.73814724394));
#3681=CARTESIAN_POINT('Ctrl Pts',(236.177511268424,16.4327980971256,208.15402968492));
#3682=CARTESIAN_POINT('Ctrl Pts',(234.927192066685,16.4327980971256,208.15402968492));
#3683=CARTESIAN_POINT('',(236.177511268414,16.4327980971256,208.15402968494));
#3684=CARTESIAN_POINT('Origin',(236.177511268424,15.873639767777,208.155602481111));
#3685=CARTESIAN_POINT('',(235.675036023384,16.4327980971256,208.15402968494));
#3686=CARTESIAN_POINT('Origin',(235.675036023384,15.8736397677731,208.155602481108));
#3687=CARTESIAN_POINT('',(236.177511268414,16.4327980971356,208.15402968494));
#3688=CARTESIAN_POINT('Origin',(235.675036023384,16.4324216994006,208.00800029326));
#3689=CARTESIAN_POINT('',(235.675036023384,16.4320453016856,207.86197090543));
#3690=CARTESIAN_POINT('',(235.675036023384,16.4320453016856,207.86197090543));
#3691=CARTESIAN_POINT('',(236.177511268141,16.4320453014662,207.861970902003));
#3692=CARTESIAN_POINT('',(236.177511267756,16.4320453016757,207.861970901575));
#3693=CARTESIAN_POINT('',(236.177511268414,16.4327980971356,208.15402968494));
#3694=CARTESIAN_POINT('Origin',(236.392857802004,16.6421060729106,208.007410493095));
#3695=CARTESIAN_POINT('',(236.392857802004,16.6424824706456,208.15343988637));
#3696=CARTESIAN_POINT('',(236.392857802004,16.6424824706456,208.15343988637));
#3697=CARTESIAN_POINT('',(236.392857801358,16.6417296745467,207.861381099821));
#3698=CARTESIAN_POINT('',(236.392857800804,16.6417296739956,207.86138109982));
#3699=CARTESIAN_POINT('',(236.392857802004,16.6424824706456,208.15343988637));
#3700=CARTESIAN_POINT('Ctrl Pts',(236.177511268424,16.4327980971256,208.15402968492));
#3701=CARTESIAN_POINT('Ctrl Pts',(236.392857802014,16.6424824706456,208.15343988635));
#3702=CARTESIAN_POINT('Ctrl Pts',(236.177511268424,16.4343036880356,208.73814724393));
#3703=CARTESIAN_POINT('Ctrl Pts',(236.392857802014,16.6445526581556,208.95660153));
#3704=CARTESIAN_POINT('Ctrl Pts',(236.177511268424,15.8751453586756,208.73972004011));
#3705=CARTESIAN_POINT('Ctrl Pts',(236.392857802014,15.8757099552656,208.95876412475));
#3706=CARTESIAN_POINT('',(236.392857801405,15.8757099610877,208.958764124104));
#3707=CARTESIAN_POINT('Origin',(236.392857802014,15.8736397677789,208.155602481103));
#3708=CARTESIAN_POINT('',(236.392857802014,15.8757099620156,208.95876412472));
#3709=CARTESIAN_POINT('Origin',(236.392857802004,10.3190740606106,208.97439378671));
#3710=CARTESIAN_POINT('',(236.392857802004,4.76243815922558,208.9900234487));
#3711=CARTESIAN_POINT('',(236.392857802014,4.76243815920558,208.99002344869));
#3712=CARTESIAN_POINT('',(236.392857802004,4.76243815922558,208.99002344868));
#3713=CARTESIAN_POINT('Ctrl Pts',(236.177511267764,4.76187356263558,208.7709793634));
#3714=CARTESIAN_POINT('Ctrl Pts',(236.392857802014,4.76243815922558,208.99002344871));
#3715=CARTESIAN_POINT('Ctrl Pts',(236.177511267764,4.20271523391558,208.77255215957));
#3716=CARTESIAN_POINT('Ctrl Pts',(236.392857802014,3.99359545633558,208.99218604345));
#3717=CARTESIAN_POINT('Ctrl Pts',(236.177511267764,4.20120964301558,208.18843460123));
#3718=CARTESIAN_POINT('Ctrl Pts',(236.392857802014,3.99152526885558,208.18902439979));
#3719=CARTESIAN_POINT('',(236.392857801358,3.99152526951548,208.189024406846));
#3720=CARTESIAN_POINT('Origin',(236.392857802004,4.76036797173318,208.186861805055));
#3721=CARTESIAN_POINT('',(236.392857800804,3.99152527006558,208.18902440684));
#3722=CARTESIAN_POINT('Origin',(236.392857802004,3.99114887115058,208.04299501357));
#3723=CARTESIAN_POINT('',(236.392857802004,3.99077247341558,207.8969656203));
#3724=CARTESIAN_POINT('',(236.392857802004,3.99077247341558,207.89696562029));
#3725=CARTESIAN_POINT('',(236.392857802004,3.99077247341558,207.8969656203));
#3726=CARTESIAN_POINT('Ctrl Pts',(235.675036023384,10.4988924044456,210.94529904955));
#3727=CARTESIAN_POINT('Ctrl Pts',(237.461206311583,10.4988924044456,210.94529904955));
#3728=CARTESIAN_POINT('Ctrl Pts',(235.675036023384,10.4967192711756,210.10219797473));
#3729=CARTESIAN_POINT('Ctrl Pts',(237.461206311583,10.4967192711756,210.10219797473));
#3730=CARTESIAN_POINT('Ctrl Pts',(235.675036023384,11.1945806162356,209.6786814421));
#3731=CARTESIAN_POINT('Ctrl Pts',(237.461206311583,11.1945806162356,209.6786814421));
#3732=CARTESIAN_POINT('Ctrl Pts',(235.675036023384,13.2881646514156,208.40813184421));
#3733=CARTESIAN_POINT('Ctrl Pts',(237.461206311583,13.2881646514156,208.40813184421));
#3734=CARTESIAN_POINT('Ctrl Pts',(235.675036023384,13.2946840512556,210.93743506869));
#3735=CARTESIAN_POINT('Ctrl Pts',(237.461206311583,13.2946840512556,210.93743506869));
#3736=CARTESIAN_POINT('Ctrl Pts',(235.675036023384,13.3012034510856,213.46673829316));
#3737=CARTESIAN_POINT('Ctrl Pts',(237.461206311583,13.3012034510856,213.46673829316));
#3738=CARTESIAN_POINT('Ctrl Pts',(235.675036023384,11.2011000160656,212.20798466658));
#3739=CARTESIAN_POINT('Ctrl Pts',(237.461206311583,11.2011000160656,212.20798466658));
#3740=CARTESIAN_POINT('Ctrl Pts',(235.675036023384,10.5010655377256,211.78840012438));
#3741=CARTESIAN_POINT('Ctrl Pts',(237.461206311583,10.5010655377256,211.78840012438));
#3742=CARTESIAN_POINT('Ctrl Pts',(235.675036023384,10.4988924044456,210.94529904955));
#3743=CARTESIAN_POINT('Ctrl Pts',(237.461206311583,10.4988924044456,210.94529904955));
#3744=CARTESIAN_POINT('',(236.392857802014,10.4988924044456,210.94529904955));
#3745=CARTESIAN_POINT('',(235.675036023384,10.4988924044456,210.94529904955));
#3746=CARTESIAN_POINT('Origin',(236.392857802014,11.8967882278502,210.941367059122));
#3747=CARTESIAN_POINT('Origin',(234.239392466134,18.2155492625206,221.87587733351));
#3748=CARTESIAN_POINT('',(234.239392466134,18.1882604274656,211.28874657654));
#3749=CARTESIAN_POINT('',(234.239392466144,16.4455956197756,213.11902893648));
#3750=CARTESIAN_POINT('',(234.239392466144,18.1882604274756,211.28874657654));
#3751=CARTESIAN_POINT('',(234.239392466144,2.45534545401558,208.77746714829));
#3752=CARTESIAN_POINT('Origin',(235.316125134074,18.1882604274756,211.28874657654));
#3753=CARTESIAN_POINT('',(236.392857802004,18.1882604274656,211.28874657654));
#3754=CARTESIAN_POINT('',(236.392857802014,18.1882604274656,211.28874657654));
#3755=CARTESIAN_POINT('',(234.239392466134,18.1882604274756,211.28874657654));
#3756=CARTESIAN_POINT('Origin',(226.271570723404,16.4403908589656,211.09976050116));
#3757=CARTESIAN_POINT('Ctrl Pts',(236.177511267764,15.8713813814256,207.27942614328));
#3758=CARTESIAN_POINT('Ctrl Pts',(236.392857802014,15.8708167848356,207.06038205797));
#3759=CARTESIAN_POINT('Ctrl Pts',(236.177511267764,16.4305397101356,207.2778533471));
#3760=CARTESIAN_POINT('Ctrl Pts',(236.392857802014,16.6396594877056,207.05821946323));
#3761=CARTESIAN_POINT('Ctrl Pts',(236.177511267764,16.4320453010356,207.86197090543));
#3762=CARTESIAN_POINT('Ctrl Pts',(236.392857802014,16.6417296751956,207.86138110686));
#3763=CARTESIAN_POINT('',(236.177511268414,15.8713813814256,207.2794261426));
#3764=CARTESIAN_POINT('Origin',(236.177511268431,15.8728869723274,207.863543701608));
#3765=CARTESIAN_POINT('',(236.392857802004,15.8708167848356,207.06038205798));
#3766=CARTESIAN_POINT('',(236.392857802004,15.8708167848556,207.06038205798));
#3767=CARTESIAN_POINT('Origin',(236.392857802004,15.8728869723333,207.863543701595));
#3768=CARTESIAN_POINT('Ctrl Pts',(236.177511268424,16.4320453016856,207.86197090543));
#3769=CARTESIAN_POINT('Ctrl Pts',(234.927192066685,16.4320453016856,207.86197090543));
#3770=CARTESIAN_POINT('Ctrl Pts',(236.177511268424,16.4305397107856,207.27785334642));
#3771=CARTESIAN_POINT('Ctrl Pts',(234.927192066685,16.4305397107856,207.27785334642));
#3772=CARTESIAN_POINT('Ctrl Pts',(236.177511268424,15.8713813814156,207.2794261426));
#3773=CARTESIAN_POINT('Ctrl Pts',(234.927192066685,15.8713813814156,207.2794261426));
#3774=CARTESIAN_POINT('',(235.675036023384,15.8713813814256,207.2794261426));
#3775=CARTESIAN_POINT('Origin',(235.675036023384,15.872886972321,207.863543701604));
#3776=CARTESIAN_POINT('',(236.177511268414,15.8713813814356,207.2794261426));
#3777=CARTESIAN_POINT('Origin',(235.675036023384,10.3147454834056,207.295055804565));
#3778=CARTESIAN_POINT('',(235.675036023384,4.75810958538558,207.31068546656));
#3779=CARTESIAN_POINT('Origin',(235.675036023384,4.75961517627768,207.894803025552));
#3780=CARTESIAN_POINT('',(235.675036023384,4.75810958538558,207.31068546655));
#3781=CARTESIAN_POINT('Ctrl Pts',(236.177511268424,4.75810958538558,207.31068546656));
#3782=CARTESIAN_POINT('Ctrl Pts',(234.927192066685,4.75810958538558,207.31068546656));
#3783=CARTESIAN_POINT('Ctrl Pts',(236.177511268424,4.19895125601558,207.31225826273));
#3784=CARTESIAN_POINT('Ctrl Pts',(234.927192066685,4.19895125601558,207.31225826273));
#3785=CARTESIAN_POINT('Ctrl Pts',(236.177511268424,4.20045684692558,207.89637582174));
#3786=CARTESIAN_POINT('Ctrl Pts',(234.927192066685,4.20045684692558,207.89637582174));
#3787=CARTESIAN_POINT('',(236.177511268137,4.75810958210472,207.310685466786));
#3788=CARTESIAN_POINT('Origin',(236.177511268424,4.75961517628718,207.894803025562));
#3789=CARTESIAN_POINT('',(236.177511267756,4.75810958169868,207.31068546657));
#3790=CARTESIAN_POINT('Origin',(236.392857802004,10.2978075857906,200.723733265765));
#3791=CARTESIAN_POINT('',(236.392857802004,2.44969948815558,206.58702630202));
#3792=CARTESIAN_POINT('',(236.392857802014,2.52874301036558,237.25319814978));
#3793=CARTESIAN_POINT('',(236.392857802004,7.66049510076558,201.114242753));
#3794=CARTESIAN_POINT('',(236.392857802014,2.44969948814557,206.58702630201));
#3795=CARTESIAN_POINT('',(236.392857802004,18.1609715924156,200.70161581958));
#3796=CARTESIAN_POINT('',(236.392857802014,7.66049510075558,201.114242753));
#3797=CARTESIAN_POINT('',(236.392857802014,18.1609715924256,200.70161581958));
#3798=CARTESIAN_POINT('',(236.392857801357,4.75754498204848,207.091641382606));
#3799=CARTESIAN_POINT('Origin',(236.392857802004,4.75961517628608,207.894803025549));
#3800=CARTESIAN_POINT('',(236.392857802004,15.8708167848356,207.06038205798));
#3801=CARTESIAN_POINT('',(236.392857802014,12.8234300110456,204.36739042677));
#3802=CARTESIAN_POINT('Origin',(236.392857802014,11.879850330232,204.370044520319));
#3803=CARTESIAN_POINT('Ctrl Pts',(236.177511267764,4.20045684757557,207.89637582174));
#3804=CARTESIAN_POINT('Ctrl Pts',(236.392857802014,3.99077247340557,207.89696562031));
#3805=CARTESIAN_POINT('Ctrl Pts',(236.177511267764,4.19895125666558,207.3122582634));
#3806=CARTESIAN_POINT('Ctrl Pts',(236.392857802014,3.98870228591558,207.09380397666));
#3807=CARTESIAN_POINT('Ctrl Pts',(236.177511267764,4.75810958538558,207.31068546723));
#3808=CARTESIAN_POINT('Ctrl Pts',(236.392857802014,4.75754498879558,207.09164138192));
#3809=CARTESIAN_POINT('',(236.392857800804,4.75754498204557,207.09164138318));
#3810=CARTESIAN_POINT('Origin',(234.598303355454,16.4286577221556,206.54770639767));
#3811=CARTESIAN_POINT('',(234.598303355454,3.11798213948043,205.885143792673));
#3812=CARTESIAN_POINT('',(234.598303355444,2.44969948815558,206.58702630202));
#3813=CARTESIAN_POINT('',(234.598303355454,7.66049510075558,201.114242753));
#3814=CARTESIAN_POINT('',(234.598303355444,2.44773054142128,205.887029071133));
#3815=CARTESIAN_POINT('',(234.598303355444,2.44969948815558,206.58702630202));
#3816=CARTESIAN_POINT('',(234.598303355454,2.44773054142129,205.887029071124));
#3817=CARTESIAN_POINT('Origin',(235.926273645899,4.75810958169558,207.31068546657));
#3818=CARTESIAN_POINT('',(236.177511268414,15.8713813814256,207.2794261426));
#3819=CARTESIAN_POINT('Origin',(236.392857802004,10.3141808834506,207.076011719965));
#3820=CARTESIAN_POINT('Ctrl Pts',(234.598303355454,12.8234300110256,204.36739042677));
#3821=CARTESIAN_POINT('Ctrl Pts',(239.063729075917,12.8234300110256,204.36739042677));
#3822=CARTESIAN_POINT('Ctrl Pts',(234.598303355454,12.8248968759956,204.93648365228));
#3823=CARTESIAN_POINT('Ctrl Pts',(239.063729075917,12.8248968759956,204.93648365228));
#3824=CARTESIAN_POINT('Ctrl Pts',(234.598303355454,12.3538404680756,205.22235731181));
#3825=CARTESIAN_POINT('Ctrl Pts',(239.063729075917,12.3538404680756,205.22235731181));
#3826=CARTESIAN_POINT('Ctrl Pts',(234.598303355454,10.9406712443256,206.07997829038));
#3827=CARTESIAN_POINT('Ctrl Pts',(239.063729075917,10.9406712443256,206.07997829038));
#3828=CARTESIAN_POINT('Ctrl Pts',(234.598303355454,10.9362706494356,204.37269861386));
#3829=CARTESIAN_POINT('Ctrl Pts',(239.063729075917,10.9362706494356,204.37269861386));
#3830=CARTESIAN_POINT('Ctrl Pts',(234.598303355454,10.9318700545556,202.66541893734));
#3831=CARTESIAN_POINT('Ctrl Pts',(239.063729075917,10.9318700545556,202.66541893734));
#3832=CARTESIAN_POINT('Ctrl Pts',(234.598303355454,12.3494398731856,203.51507763529));
#3833=CARTESIAN_POINT('Ctrl Pts',(239.063729075917,12.3494398731856,203.51507763529));
#3834=CARTESIAN_POINT('Ctrl Pts',(234.598303355454,12.8219631460656,203.79829720126));
#3835=CARTESIAN_POINT('Ctrl Pts',(239.063729075917,12.8219631460656,203.79829720126));
#3836=CARTESIAN_POINT('Ctrl Pts',(234.598303355454,12.8234300110256,204.36739042677));
#3837=CARTESIAN_POINT('Ctrl Pts',(239.063729075917,12.8234300110256,204.36739042677));
#3838=CARTESIAN_POINT('',(234.598303355454,12.8234300110456,204.36739042677));
#3839=CARTESIAN_POINT('',(234.598303355454,12.8234300110256,204.367390426771));
#3840=CARTESIAN_POINT('Origin',(234.598303355454,11.879850330232,204.370044520319));
#3841=CARTESIAN_POINT('Origin',(236.392857802014,5.05509729445558,203.85063452751));
#3842=CARTESIAN_POINT('',(234.598303355444,7.66049510076558,201.114242753));
#3843=CARTESIAN_POINT('',(236.392857802004,7.66049510075558,201.114242753));
#3844=CARTESIAN_POINT('',(236.392857802004,2.44969948814557,206.58702630201));
#3845=CARTESIAN_POINT('',(234.598303355454,7.66049510075558,201.114242753));
#3846=CARTESIAN_POINT('Origin',(236.392857802014,12.9107333465906,200.90792928629));
#3847=CARTESIAN_POINT('',(226.702263790574,18.1609715924156,200.70161581958));
#3848=CARTESIAN_POINT('',(226.702263790574,18.1609715924256,200.70161581957));
#3849=CARTESIAN_POINT('',(234.598303355444,8.02717981987557,201.09983350297));
#3850=CARTESIAN_POINT('',(234.598303355454,8.02717981987557,201.09983350297));
#3851=CARTESIAN_POINT('',(226.702263790574,15.4073757590456,200.80982117631));
#3852=CARTESIAN_POINT('',(234.598303355444,8.02717981987557,201.09983350297));
#3853=CARTESIAN_POINT('',(226.702263790584,18.1609715924156,200.70161581957));
#3854=CARTESIAN_POINT('Origin',(234.598303355444,9.42507564327558,201.095901512535));
#3855=CARTESIAN_POINT('',(234.598303355444,16.4266887754213,205.847709166784));
#3856=CARTESIAN_POINT('',(234.598303355444,16.4286577221556,206.54770639767));
#3857=CARTESIAN_POINT('',(234.598303355444,16.4209626805144,203.811975789218));
#3858=CARTESIAN_POINT('',(234.598303355444,16.4169893926856,202.02079531538));
#3859=CARTESIAN_POINT('',(234.598303355454,16.4169893926956,202.02079531538));
#3860=CARTESIAN_POINT('',(234.598303355444,8.02961445228558,202.04438725799));
#3861=CARTESIAN_POINT('',(234.598303355454,16.4169893926856,202.02079531538));
#3862=CARTESIAN_POINT('',(234.598303355454,8.02717981987557,201.09983350297));
#3863=CARTESIAN_POINT('',(234.598303355444,5.94311366062752,205.877197284843));
#3864=CARTESIAN_POINT('Origin',(234.598303355454,12.2233019224906,202.032591286685));
#3865=CARTESIAN_POINT('',(234.598303355444,16.4169893926956,202.02079531538));
#3866=CARTESIAN_POINT('',(234.598303355444,8.02961445228558,202.04438725799));
#3867=CARTESIAN_POINT('Origin',(225.984442011954,18.1716821767756,204.856954694865));
#3868=CARTESIAN_POINT('',(225.984442011954,18.1616908862756,200.98067713383));
#3869=CARTESIAN_POINT('',(225.984442011944,18.1616908862856,200.98067713383));
#3870=CARTESIAN_POINT('Origin',(226.702230801711,18.8626463257279,201.770025064356));
#3871=CARTESIAN_POINT('Origin',(234.598303355454,8.02804390548557,201.43506904387));
#3872=CARTESIAN_POINT('Ctrl Pts',(225.625531122644,16.4165908180597,201.86616204935));
#3873=CARTESIAN_POINT('Ctrl Pts',(225.625531122644,16.4163793966676,201.784137810616));
#3874=CARTESIAN_POINT('Ctrl Pts',(225.63457706367,16.4077149807238,201.70321416957));
#3875=CARTESIAN_POINT('Ctrl Pts',(225.671206083486,16.3730550635769,201.540120393923));
#3876=CARTESIAN_POINT('Ctrl Pts',(225.699759371125,16.3461590263614,201.460426078967));
#3877=CARTESIAN_POINT('Ctrl Pts',(225.796616307045,16.255112659815,201.263390789135));
#3878=CARTESIAN_POINT('Ctrl Pts',(225.87724130955,16.1794806551252,201.159977199224));
#3879=CARTESIAN_POINT('Ctrl Pts',(226.075207468998,15.9939633513361,200.979411888775));
#3880=CARTESIAN_POINT('Ctrl Pts',(226.196707510894,15.8802104313906,200.910004074886));
#3881=CARTESIAN_POINT('Ctrl Pts',(226.445634728073,15.6472989907104,200.82351631524));
#3882=CARTESIAN_POINT('Ctrl Pts',(226.574566748465,15.5267304284296,200.805131012845));
#3883=CARTESIAN_POINT('Ctrl Pts',(226.702263790579,15.4073757590521,200.80982117631));
#3884=CARTESIAN_POINT('Ctrl Pts',(225.625531122644,18.2003822511756,201.79606614566));
#3885=CARTESIAN_POINT('Ctrl Pts',(225.625531122644,15.4467864178056,201.90427150239));
#3886=CARTESIAN_POINT('Ctrl Pts',(225.625531122644,18.1609715924156,200.70161581958));
#3887=CARTESIAN_POINT('Ctrl Pts',(225.625531122644,15.4073757590456,200.80982117631));
#3888=CARTESIAN_POINT('Ctrl Pts',(226.702263790584,18.1609715924156,200.70161581958));
#3889=CARTESIAN_POINT('Ctrl Pts',(226.702263790584,15.4073757590456,200.80982117631));
#3890=CARTESIAN_POINT('Origin',(226.702296227839,18.1637796118212,201.797593336256));
#3891=CARTESIAN_POINT('Origin',(225.984442011944,18.1746160099406,205.995181198055));
#3892=CARTESIAN_POINT('',(229.932461794394,18.1678408508956,203.36665218253));
#3893=CARTESIAN_POINT('Origin',(229.932461794394,18.1703815355411,204.352350563357));
#3894=CARTESIAN_POINT('Ctrl Pts',(229.932461794384,16.4204710716456,203.37156717058));
#3895=CARTESIAN_POINT('Ctrl Pts',(229.932461794384,18.1678408508956,203.36665218254));
#3896=CARTESIAN_POINT('Ctrl Pts',(228.254001676054,16.4204710716456,203.37156717058));
#3897=CARTESIAN_POINT('Ctrl Pts',(228.254001676054,18.1678408508956,203.36665218254));
#3898=CARTESIAN_POINT('Ctrl Pts',(229.093231735224,16.4242820986156,204.85011474181));
#3899=CARTESIAN_POINT('Ctrl Pts',(229.093231735224,18.1716518778656,204.84519975377));
#3900=CARTESIAN_POINT('Ctrl Pts',(229.932461794384,16.4280931255756,206.32866231305));
#3901=CARTESIAN_POINT('Ctrl Pts',(229.932461794384,18.1754629048256,206.323747325));
#3902=CARTESIAN_POINT('Ctrl Pts',(230.771691853554,16.4242820986156,204.85011474181));
#3903=CARTESIAN_POINT('Ctrl Pts',(230.771691853554,18.1716518778656,204.84519975377));
#3904=CARTESIAN_POINT('Ctrl Pts',(231.610921912714,16.4204710716456,203.37156717058));
#3905=CARTESIAN_POINT('Ctrl Pts',(231.610921912714,18.1678408508956,203.36665218254));
#3906=CARTESIAN_POINT('Ctrl Pts',(229.932461794384,16.4204710716456,203.37156717058));
#3907=CARTESIAN_POINT('Ctrl Pts',(229.932461794384,18.1678408508956,203.36665218254));
#3908=CARTESIAN_POINT('',(229.932461794384,16.4204710716456,203.37156717058));
#3909=CARTESIAN_POINT('',(229.932461794384,16.4204710716456,203.37156717058));
#3910=CARTESIAN_POINT('Origin',(229.932461794383,16.4230117562906,204.357265551402));
#3911=CARTESIAN_POINT('Origin',(225.625531122634,16.4228235574206,204.284250856525));
#3912=CARTESIAN_POINT('',(234.598303355444,16.4286577221656,206.54770639767));
#3913=CARTESIAN_POINT('Ctrl Pts',(223.292610342104,2.46494359600558,212.50121658694));
#3914=CARTESIAN_POINT('Ctrl Pts',(223.292610342104,16.4439018300156,212.4618966826));
#3915=CARTESIAN_POINT('Ctrl Pts',(223.292610342104,33.3230433662197,212.414419165361));
#3916=CARTESIAN_POINT('Ctrl Pts',(223.830976676074,2.46494359600558,212.50121658695));
#3917=CARTESIAN_POINT('Ctrl Pts',(223.830976676074,16.4439018300156,212.4618966826));
#3918=CARTESIAN_POINT('Ctrl Pts',(223.830976676074,33.3230433662197,212.414419165349));
#3919=CARTESIAN_POINT('Ctrl Pts',(223.830976676084,2.46353210453558,211.95360637538));
#3920=CARTESIAN_POINT('Ctrl Pts',(223.830976676084,16.4424903385556,211.91428647103));
#3921=CARTESIAN_POINT('Ctrl Pts',(223.830976676084,33.3216318747718,211.866808953779));
#3922=CARTESIAN_POINT('Ctrl Pts',(223.830976676084,2.46212061306558,211.40599616381));
#3923=CARTESIAN_POINT('Ctrl Pts',(223.830976676084,16.4410788470856,211.36667625946));
#3924=CARTESIAN_POINT('Ctrl Pts',(223.830976676084,33.3202203833018,211.319198742209));
#3925=CARTESIAN_POINT('Ctrl Pts',(223.292610342114,2.46212061306558,211.40599616381));
#3926=CARTESIAN_POINT('Ctrl Pts',(223.292610342114,16.4410788470856,211.36667625946));
#3927=CARTESIAN_POINT('Ctrl Pts',(223.292610342114,33.3202203833018,211.319198742209));
#3928=CARTESIAN_POINT('',(223.772797234933,16.4430563082379,211.666671885024));
#3929=CARTESIAN_POINT('',(223.772797233954,2.46289387484403,211.705995175553));
#3930=CARTESIAN_POINT('',(223.772797234933,16.4430563082379,211.666671885024));
#3931=CARTESIAN_POINT('',(223.292610342104,16.4452930993193,212.461892769249));
#3932=CARTESIAN_POINT('Origin',(223.292610342134,16.4437527882606,211.914282920041));
#3933=CARTESIAN_POINT('',(223.292610342114,2.46494359600558,212.50121658694));
#3934=CARTESIAN_POINT('',(223.292610342104,2.46494359600558,212.50121658694));
#3935=CARTESIAN_POINT('Origin',(223.292610342103,2.46353210453558,211.95360637537));
#3936=CARTESIAN_POINT('Origin',(222.664516285814,2.46296444738028,211.705994977047));
#3937=CARTESIAN_POINT('',(221.121075695934,16.4430563082351,211.66667188404));
#3938=CARTESIAN_POINT('',(221.121075695934,2.46289387485167,211.705995175553));
#3939=CARTESIAN_POINT('',(221.121075695934,10.3432901736654,211.683829258499));
#3940=CARTESIAN_POINT('',(223.906595487339,16.4430563082351,211.66667188404));
#3941=CARTESIAN_POINT('',(223.906595487334,2.46289387485167,211.705995175553));
#3942=CARTESIAN_POINT('Origin',(223.292610342114,9.45442271301058,212.48155663477));
#3943=CARTESIAN_POINT('',(219.611174715784,16.4452930993193,212.461892769249));
#3944=CARTESIAN_POINT('',(221.551892528949,16.4452930993193,212.461892769249));
#3945=CARTESIAN_POINT('',(219.611174715784,2.46494359601038,212.50121658694));
#3946=CARTESIAN_POINT('',(219.611174715784,12.9494886186348,212.471725740738));
#3947=CARTESIAN_POINT('',(219.811174715784,2.46494359601038,212.50121658694));
#3948=CARTESIAN_POINT('Origin',(219.811174715774,2.48922124926058,221.920112225895));
#3949=CARTESIAN_POINT('',(221.121075695934,2.46900863817692,214.07831333266));
#3950=CARTESIAN_POINT('',(219.611174715784,2.44969948815561,206.58702630202));
#3951=CARTESIAN_POINT('',(219.611174715774,2.46212061306558,211.40599616381));
#3952=CARTESIAN_POINT('',(221.246818273034,2.44969948814557,206.58702630201));
#3953=CARTESIAN_POINT('Origin',(219.611174715784,16.4367502732506,209.68733827732));
#3954=CARTESIAN_POINT('',(219.611174715784,16.4266887754213,205.847709166784));
#3955=CARTESIAN_POINT('',(219.611174715784,16.4286577221556,206.54770639767));
#3956=CARTESIAN_POINT('',(219.611174715784,2.44773054142131,205.887029071133));
#3957=CARTESIAN_POINT('',(219.611174715784,9.43684037089214,205.867370157688));
#3958=CARTESIAN_POINT('',(219.611174715784,2.44969948815561,206.58702630202));
#3959=CARTESIAN_POINT('Origin',(221.121075695934,9.44538916761557,208.976851280735));
#3960=CARTESIAN_POINT('',(221.121075695934,16.4281673694638,206.373376880567));
#3961=CARTESIAN_POINT('Origin',(234.598303355444,2.44969948814557,206.58702630201));
#3962=CARTESIAN_POINT('',(221.246818273034,2.44773054141128,205.887029071124));
#3963=CARTESIAN_POINT('Origin',(227.922560814239,2.44773054141127,205.887029071133));
#3964=CARTESIAN_POINT('',(219.811174715784,16.4266887754213,205.847709166784));
#3965=CARTESIAN_POINT('Origin',(219.811174715784,16.4286577221656,206.54770639767));
#3966=UNCERTAINTY_MEASURE_WITH_UNIT(LENGTH_MEASURE(0.01),#3970,
'DISTANCE_ACCURACY_VALUE',
'Maximum model space distance between geometric entities at asserted c
onnectivities');
#3967=UNCERTAINTY_MEASURE_WITH_UNIT(LENGTH_MEASURE(0.01),#3970,
'DISTANCE_ACCURACY_VALUE',
'Maximum model space distance between geometric entities at asserted c
onnectivities');
#3968=(
GEOMETRIC_REPRESENTATION_CONTEXT(3)
GLOBAL_UNCERTAINTY_ASSIGNED_CONTEXT((#3966))
GLOBAL_UNIT_ASSIGNED_CONTEXT((#3970,#3972,#3973))
REPRESENTATION_CONTEXT('','3D')
);
#3969=(
GEOMETRIC_REPRESENTATION_CONTEXT(3)
GLOBAL_UNCERTAINTY_ASSIGNED_CONTEXT((#3967))
GLOBAL_UNIT_ASSIGNED_CONTEXT((#3970,#3972,#3973))
REPRESENTATION_CONTEXT('','3D')
);
#3970=(
LENGTH_UNIT()
NAMED_UNIT(*)
SI_UNIT(.MILLI.,.METRE.)
);
#3971=(
LENGTH_UNIT()
NAMED_UNIT(*)
SI_UNIT($,.METRE.)
);
#3972=(
NAMED_UNIT(*)
PLANE_ANGLE_UNIT()
SI_UNIT($,.RADIAN.)
);
#3973=(
NAMED_UNIT(*)
SI_UNIT($,.STERADIAN.)
SOLID_ANGLE_UNIT()
);
#3974=SHAPE_DEFINITION_REPRESENTATION(#3975,#3976);
#3975=PRODUCT_DEFINITION_SHAPE('',$,#3978);
#3976=SHAPE_REPRESENTATION('',(#2295),#3968);
#3977=PRODUCT_DEFINITION_CONTEXT('part definition',#3982,'design');
#3978=PRODUCT_DEFINITION('2026-07-27-14-37-52-234',
'gripper_link_\X2\B450AED8C870C808\X0\',#3979,#3977);
#3979=PRODUCT_DEFINITION_FORMATION('',$,#3984);
#3980=PRODUCT_RELATED_PRODUCT_CATEGORY('gripper_link_\X2\B450AED8C870C808\X0\',
'gripper_link_\X2\B450AED8C870C808\X0\',(#3984));
#3981=APPLICATION_PROTOCOL_DEFINITION('international standard',
'automotive_design',2009,#3982);
#3982=APPLICATION_CONTEXT(
'Core Data for Automotive Mechanical Design Process');
#3983=PRODUCT_CONTEXT('part definition',#3982,'mechanical');
#3984=PRODUCT('2026-07-27-14-37-52-234','gripper_link_\X2\B450AED8C870C808\X0\',
$,(#3983));
#3985=PRESENTATION_STYLE_ASSIGNMENT((#3987));
#3986=PRESENTATION_STYLE_ASSIGNMENT((#3988));
#3987=SURFACE_STYLE_USAGE(.BOTH.,#3989);
#3988=SURFACE_STYLE_USAGE(.BOTH.,#3990);
#3989=SURFACE_SIDE_STYLE('',(#3991));
#3990=SURFACE_SIDE_STYLE('',(#3992));
#3991=SURFACE_STYLE_FILL_AREA(#3993);
#3992=SURFACE_STYLE_FILL_AREA(#3994);
#3993=FILL_AREA_STYLE('\X2\AC15CCA0\X0\ - \X2\C0C8D2F4\X0\',(#3995));
#3994=FILL_AREA_STYLE('Opaque(160,160,160)',(#3996));
#3995=FILL_AREA_STYLE_COLOUR('\X2\AC15CCA0\X0\ - \X2\C0C8D2F4\X0\',#3997);
#3996=FILL_AREA_STYLE_COLOUR('Opaque(160,160,160)',#3998);
#3997=COLOUR_RGB('\X2\AC15CCA0\X0\ - \X2\C0C8D2F4\X0\',0.627450980392157,
0.627450980392157,0.627450980392157);
#3998=COLOUR_RGB('Opaque(160,160,160)',0.627450980392157,0.627450980392157,
0.627450980392157);
ENDSEC;
END-ISO-10303-21;
