ISO-10303-21;
HEADER;
/* Generated by software containing ST-Developer
 * from STEP Tools, Inc. (www.steptools.com) 
 */

FILE_DESCRIPTION(
/* description */ (''),
/* implementation_level */ '2;1');

FILE_NAME(
/* name */ 'parallel_gripper_finger.step',
/* time_stamp */ '2026-07-27T14:35:32+09:00',
/* author */ (''),
/* organization */ (''),
/* preprocessor_version */ 'ST-DEVELOPER v20.1',
/* originating_system */ 'Autodesk Translation Framework v15.8.0.0',
/* authorisation */ '');

FILE_SCHEMA (('AUTOMOTIVE_DESIGN { 1 0 10303 214 3 1 1 }'));
ENDSEC;

DATA;
#10=MECHANICAL_DESIGN_GEOMETRIC_PRESENTATION_REPRESENTATION('',(#23,#24,
#25,#26,#27,#28),#7279);
#11=SHAPE_REPRESENTATION_RELATIONSHIP('SRR','None',#7286,#12);
#12=ADVANCED_BREP_SHAPE_REPRESENTATION('',(#29,#30,#31,#32,#33,#34),#7278);
#13=B_SPLINE_CURVE_WITH_KNOTS('',3,(#6268,#6269,#6270,#6271,#6272,#6273,
#6274,#6275),.UNSPECIFIED.,.F.,.F.,(4,2,2,4),(-0.16733571112687,-0.0836683335268605,
-0.0411105831199328,0.),.UNSPECIFIED.);
#14=B_SPLINE_CURVE_WITH_KNOTS('',3,(#6420,#6421,#6422,#6423,#6424,#6425,
#6426,#6427),.UNSPECIFIED.,.F.,.F.,(4,2,2,4),(-0.167886105900832,-0.128365190410408,
-0.0875167346967475,-1.00000002431488E-6),.UNSPECIFIED.);
#15=B_SPLINE_CURVE_WITH_KNOTS('',3,(#6957,#6958,#6959,#6960,#6961,#6962),
 .UNSPECIFIED.,.F.,.F.,(4,2,4),(-0.113096850332058,-0.0659843781028274,
-0.00153613690837734),.UNSPECIFIED.);
#16=B_SPLINE_CURVE_WITH_KNOTS('',3,(#6991,#6992,#6993,#6994,#6995,#6996),
 .UNSPECIFIED.,.F.,.F.,(4,2,4),(-0.0292136940448975,-0.0171130390419017,
-0.00425863220903238),.UNSPECIFIED.);
#17=B_SPLINE_CURVE_WITH_KNOTS('',3,(#7029,#7030,#7031,#7032,#7033,#7034,
#7035,#7036,#7037,#7038,#7039,#7040,#7041,#7042,#7043,#7044),
 .UNSPECIFIED.,.F.,.F.,(4,2,2,2,2,2,2,4),(-0.0761246455533218,-0.0746619604695799,
-0.0715042882715505,-0.0681762412906699,-0.0646635212557471,-0.0610870684832882,
-0.0575412205628478,-0.0551028249387049),.UNSPECIFIED.);
#18=B_SPLINE_CURVE_WITH_KNOTS('',3,(#7087,#7088,#7089,#7090,#7091,#7092),
 .UNSPECIFIED.,.F.,.F.,(4,2,4),(-0.030296219976905,-0.0173494417243815,
-0.00437119163847086),.UNSPECIFIED.);
#19=B_SPLINE_CURVE_WITH_KNOTS('',3,(#7154,#7155,#7156,#7157,#7158,#7159,
#7160,#7161,#7162,#7163,#7164,#7165,#7166,#7167,#7168,#7169),
 .UNSPECIFIED.,.F.,.F.,(4,2,2,2,2,2,2,4),(-0.0651955876537702,-0.0650275406569029,
-0.0620676393626394,-0.0589752981979525,-0.055785966844266,-0.0525235587169074,
-0.0493381137770598,-0.0449640878648741),.UNSPECIFIED.);
#20=B_SPLINE_CURVE_WITH_KNOTS('',3,(#7181,#7182,#7183,#7184,#7185,#7186),
 .UNSPECIFIED.,.F.,.F.,(4,2,4),(-0.157963780877695,-0.0791597032030988,
0.),.UNSPECIFIED.);
#21=B_SPLINE_CURVE_WITH_KNOTS('',3,(#7190,#7191,#7192,#7193,#7194,#7195),
 .UNSPECIFIED.,.F.,.F.,(4,2,4),(-0.159509066818534,-0.0798975370663531,
0.),.UNSPECIFIED.);
#22=B_SPLINE_CURVE_WITH_KNOTS('',3,(#7199,#7200,#7201,#7202,#7203,#7204),
 .UNSPECIFIED.,.F.,.F.,(4,2,4),(-0.194428304552215,-0.0804003670926987,
0.),.UNSPECIFIED.);
#23=STYLED_ITEM('',(#7296),#29);
#24=STYLED_ITEM('',(#7296),#30);
#25=STYLED_ITEM('',(#7296),#31);
#26=STYLED_ITEM('',(#7296),#32);
#27=STYLED_ITEM('',(#7296),#33);
#28=STYLED_ITEM('',(#7296),#34);
#29=MANIFOLD_SOLID_BREP('\X2\BCF8CCB4\X0\1',#4280);
#30=MANIFOLD_SOLID_BREP('\X2\BCF8CCB4\X0\2',#4281);
#31=MANIFOLD_SOLID_BREP('\X2\BCF8CCB4\X0\3',#4282);
#32=MANIFOLD_SOLID_BREP('\X2\BCF8CCB4\X0\4',#4283);
#33=MANIFOLD_SOLID_BREP('\X2\BCF8CCB4\X0\5',#4284);
#34=MANIFOLD_SOLID_BREP('\X2\BCF8CCB4\X0\6',#4285);
#35=FACE_BOUND('',#377,.T.);
#36=FACE_BOUND('',#379,.T.);
#37=FACE_BOUND('',#396,.T.);
#38=FACE_BOUND('',#398,.T.);
#39=FACE_BOUND('',#442,.T.);
#40=FACE_BOUND('',#443,.T.);
#41=FACE_BOUND('',#452,.T.);
#42=FACE_BOUND('',#454,.T.);
#43=FACE_BOUND('',#471,.T.);
#44=FACE_BOUND('',#482,.T.);
#45=FACE_BOUND('',#576,.T.);
#46=ELLIPSE('',#4304,0.985701655180388,0.969059401146222);
#47=ELLIPSE('',#4305,1.13173153003365,1.1126237568718);
#48=ELLIPSE('',#4306,0.98570165518104,0.969059401146034);
#49=ELLIPSE('',#4307,1.13173153003346,1.11262375687225);
#50=ELLIPSE('',#4342,0.98570165518105,0.969059401146017);
#51=ELLIPSE('',#4344,0.985701655180374,0.969059401146245);
#52=ELLIPSE('',#4345,0.98570165518104,0.969059401146034);
#53=ELLIPSE('',#4346,1.13173153003346,1.11262375687225);
#54=ELLIPSE('',#4347,0.985701655180388,0.969059401146222);
#55=ELLIPSE('',#4348,1.13173153003365,1.1126237568718);
#56=ELLIPSE('',#4390,0.876140043089041,0.839221712574158);
#57=ELLIPSE('',#4391,0.876179514705954,0.838740534534556);
#58=ELLIPSE('',#4397,0.985701954023934,0.943583101314519);
#59=ELLIPSE('',#4399,2.55552358447228,2.4463265589531);
#60=ELLIPSE('',#4400,1.20474683269214,1.1532682349433);
#61=ELLIPSE('',#4401,1.20474683269214,1.1532682349433);
#62=ELLIPSE('',#4404,0.985701954023912,0.943583101315314);
#63=ELLIPSE('',#4406,3.57352558249711,2.4386215247452);
#64=ELLIPSE('',#4409,0.985701954023912,0.943583101315314);
#65=ELLIPSE('',#4417,0.876179514729215,0.838740534533047);
#66=ELLIPSE('',#4418,2.5555235845632,2.44632655900991);
#67=ELLIPSE('',#4419,1.20474683270404,1.15326823494734);
#68=ELLIPSE('',#4420,1.20474683270404,1.15326823494734);
#69=ELLIPSE('',#4424,0.985701954020864,0.943583101318996);
#70=ELLIPSE('',#4425,0.876104405684765,0.83915785064281);
#71=ELLIPSE('',#4426,3.57357671952146,2.43854867660963);
#72=ELLIPSE('',#4431,0.985701954020967,0.943583101316907);
#73=ELLIPSE('',#4432,0.985701954020864,0.943583101318996);
#74=ELLIPSE('',#4450,1.02220943381329,0.978530623590875);
#75=ELLIPSE('',#4451,1.02220943381333,0.978530623590988);
#76=ELLIPSE('',#4453,0.219044878673116,0.209685133633609);
#77=ELLIPSE('',#4454,0.219044878679337,0.209685133630206);
#78=ELLIPSE('',#4458,0.219044878677373,0.209685133632719);
#79=ELLIPSE('',#4461,0.219044878678489,0.209685133634384);
#80=ELLIPSE('',#4472,0.876104405684765,0.83915785064281);
#81=ELLIPSE('',#4477,0.876179514691787,0.838740534537105);
#82=ELLIPSE('',#4485,0.219044878675164,0.209685133634256);
#83=ELLIPSE('',#4486,0.21904487867468,0.209685133643198);
#84=ELLIPSE('',#4488,1.0222094338133,0.978530623607818);
#85=ELLIPSE('',#4489,1.02220943381332,0.97853062361001);
#86=ELLIPSE('',#4491,0.219044878677697,0.209685133638527);
#87=ELLIPSE('',#4492,0.219044878671718,0.209685133632136);
#88=ELLIPSE('',#4510,2.19167605523098,2.15378092055069);
#89=ELLIPSE('',#4511,0.36504149978409,0.358884359306389);
#90=ELLIPSE('',#4513,0.365204426764748,0.359127099275385);
#91=ELLIPSE('',#4516,0.36504468092215,0.358886362654556);
#92=ELLIPSE('',#4526,0.365204452991952,0.359127146173);
#93=ELLIPSE('',#4538,2.19065936966125,2.15478744283526);
#94=ELLIPSE('',#4540,2.19065941649918,2.15478752252468);
#95=ELLIPSE('',#4542,2.19167618888041,2.15378100910346);
#96=(
BOUNDED_SURFACE()
B_SPLINE_SURFACE(2,1,((#5638,#5639),(#5640,#5641),(#5642,#5643),(#5644,
#5645),(#5646,#5647),(#5648,#5649),(#5650,#5651),(#5652,#5653),(#5654,#5655),
(#5656,#5657),(#5658,#5659)),.UNSPECIFIED.,.T.,.F.,.F.)
B_SPLINE_SURFACE_WITH_KNOTS((3,2,2,2,2,3),(2,2),(1.53320361606326,1.570796326787,
2.094395102393,4.188790204786,6.28318530718,7.81638892324326),(-0.141421338783,
0.141421373699),.UNSPECIFIED.)
GEOMETRIC_REPRESENTATION_ITEM()
RATIONAL_B_SPLINE_SURFACE(((0.803847575074687,0.803847575074687),(0.808012700696143,
0.808012700696143),(0.812499999998,0.812499999998),(0.874999999998,0.874999999998),
(1.,1.),(0.5,0.5),(1.,1.),(0.5,0.5),(1.,1.),(0.633974598605859,0.633974598605859),
(0.803847575074687,0.803847575074687)))
REPRESENTATION_ITEM('')
SURFACE()
);
#97=(
BOUNDED_SURFACE()
B_SPLINE_SURFACE(2,1,((#5668,#5669),(#5670,#5671),(#5672,#5673),(#5674,
#5675),(#5676,#5677),(#5678,#5679),(#5680,#5681),(#5682,#5683),(#5684,#5685),
(#5686,#5687),(#5688,#5689)),.UNSPECIFIED.,.T.,.F.,.F.)
B_SPLINE_SURFACE_WITH_KNOTS((3,2,2,2,2,3),(2,2),(1.53320361607787,1.570796326802,
2.094395102393,4.188790204786,6.28318530718,7.81638892325787),(-0.141421338783,
0.141421373699),.UNSPECIFIED.)
GEOMETRIC_REPRESENTATION_ITEM()
RATIONAL_B_SPLINE_SURFACE(((0.803847575078305,0.803847575078305),(0.808012700699948,
0.808012700699948),(0.812500000002,0.812500000002),(0.875000000002,0.875000000002),
(1.,1.),(0.5,0.5),(1.,1.),(0.5,0.5),(1.,1.),(0.633974598601961,0.633974598601961),
(0.803847575078305,0.803847575078305)))
REPRESENTATION_ITEM('')
SURFACE()
);
#98=(
BOUNDED_SURFACE()
B_SPLINE_SURFACE(2,1,((#5962,#5963),(#5964,#5965),(#5966,#5967),(#5968,
#5969),(#5970,#5971),(#5972,#5973),(#5974,#5975),(#5976,#5977),(#5978,#5979)),
 .UNSPECIFIED.,.T.,.F.,.F.)
B_SPLINE_SURFACE_WITH_KNOTS((3,2,2,2,3),(2,2),(3.141592653597,4.188790204786,
6.28318530718,8.377580409573,9.424777960777),(16.82124999999,18.62124999999),
 .UNSPECIFIED.)
GEOMETRIC_REPRESENTATION_ITEM()
RATIONAL_B_SPLINE_SURFACE(((0.75,0.75),(0.750000000002,0.750000000002),
(1.,1.),(0.5,0.5),(1.,1.),(0.5,0.5),(1.,1.),(0.749999999998,0.749999999998),
(0.75,0.75)))
REPRESENTATION_ITEM('')
SURFACE()
);
#99=(
BOUNDED_SURFACE()
B_SPLINE_SURFACE(2,1,((#5982,#5983),(#5984,#5985),(#5986,#5987),(#5988,
#5989),(#5990,#5991),(#5992,#5993),(#5994,#5995),(#5996,#5997),(#5998,#5999)),
 .UNSPECIFIED.,.T.,.F.,.F.)
B_SPLINE_SURFACE_WITH_KNOTS((3,2,2,2,3),(2,2),(1.570796326802,2.094395102393,
4.188790204786,6.28318530718,7.853981633982),(-0.141421338783,0.141421373699),
 .UNSPECIFIED.)
GEOMETRIC_REPRESENTATION_ITEM()
RATIONAL_B_SPLINE_SURFACE(((0.812500000002,0.812500000002),(0.875000000002,
0.875000000002),(1.,1.),(0.5,0.5),(1.,1.),(0.5,0.5),(1.,1.),(0.624999999998,
0.624999999998),(0.812500000002,0.812500000002)))
REPRESENTATION_ITEM('')
SURFACE()
);
#100=(
BOUNDED_SURFACE()
B_SPLINE_SURFACE(2,1,((#6001,#6002),(#6003,#6004),(#6005,#6006),(#6007,
#6008),(#6009,#6010),(#6011,#6012),(#6013,#6014),(#6015,#6016),(#6017,#6018)),
 .UNSPECIFIED.,.T.,.F.,.F.)
B_SPLINE_SURFACE_WITH_KNOTS((3,2,2,2,3),(2,2),(3.141592653582,4.188790204786,
6.28318530718,8.377580409573,9.424777960762),(16.82124999999,18.62124999999),
 .UNSPECIFIED.)
GEOMETRIC_REPRESENTATION_ITEM()
RATIONAL_B_SPLINE_SURFACE(((0.75,0.75),(0.749999999998,0.749999999998),
(1.,1.),(0.5,0.5),(1.,1.),(0.5,0.5),(1.,1.),(0.750000000002,0.750000000002),
(0.75,0.75)))
REPRESENTATION_ITEM('')
SURFACE()
);
#101=(
BOUNDED_SURFACE()
B_SPLINE_SURFACE(2,1,((#6021,#6022),(#6023,#6024),(#6025,#6026),(#6027,
#6028),(#6029,#6030),(#6031,#6032),(#6033,#6034),(#6035,#6036),(#6037,#6038)),
 .UNSPECIFIED.,.T.,.F.,.F.)
B_SPLINE_SURFACE_WITH_KNOTS((3,2,2,2,3),(2,2),(1.570796326787,2.094395102393,
4.188790204786,6.28318530718,7.853981633967),(-0.141421338783,0.141421373699),
 .UNSPECIFIED.)
GEOMETRIC_REPRESENTATION_ITEM()
RATIONAL_B_SPLINE_SURFACE(((0.812499999998,0.812499999998),(0.874999999998,
0.874999999998),(1.,1.),(0.5,0.5),(1.,1.),(0.5,0.5),(1.,1.),(0.625000000002,
0.625000000002),(0.812499999998,0.812499999998)))
REPRESENTATION_ITEM('')
SURFACE()
);
#102=(
BOUNDED_SURFACE()
B_SPLINE_SURFACE(2,1,((#6156,#6157),(#6158,#6159),(#6160,#6161)),
 .UNSPECIFIED.,.F.,.F.,.F.)
B_SPLINE_SURFACE_WITH_KNOTS((3,3),(2,2),(0.,0.785398163403),(0.,0.714468115275241),
 .UNSPECIFIED.)
GEOMETRIC_REPRESENTATION_ITEM()
RATIONAL_B_SPLINE_SURFACE(((1.,1.),(0.92387953251,0.92387953251),(1.,1.)))
REPRESENTATION_ITEM('')
SURFACE()
);
#103=(
BOUNDED_SURFACE()
B_SPLINE_SURFACE(2,1,((#6232,#6233),(#6234,#6235),(#6236,#6237),(#6238,
#6239),(#6240,#6241),(#6242,#6243),(#6244,#6245),(#6246,#6247),(#6248,#6249)),
 .UNSPECIFIED.,.T.,.F.,.F.)
B_SPLINE_SURFACE_WITH_KNOTS((3,2,2,2,3),(2,2),(-4.712388980393,-4.188790204787,
-2.094395102394,0.,1.570796326787),(-0.212132017552,0.212132051167),
 .UNSPECIFIED.)
GEOMETRIC_REPRESENTATION_ITEM()
RATIONAL_B_SPLINE_SURFACE(((0.812499999998,0.812499999998),(0.874999999998,
0.874999999998),(1.,1.),(0.5,0.5),(1.,1.),(0.5,0.5),(1.,1.),(0.625000000002,
0.625000000002),(0.812499999998,0.812499999998)))
REPRESENTATION_ITEM('')
SURFACE()
);
#104=(
BOUNDED_SURFACE()
B_SPLINE_SURFACE(2,1,((#6276,#6277),(#6278,#6279),(#6280,#6281)),
 .UNSPECIFIED.,.F.,.F.,.F.)
B_SPLINE_SURFACE_WITH_KNOTS((3,3),(2,2),(0.,0.75049157836),(0.,0.382283152215119),
 .UNSPECIFIED.)
GEOMETRIC_REPRESENTATION_ITEM()
RATIONAL_B_SPLINE_SURFACE(((1.,1.),(0.930417567982,0.930417567982),(1.,
1.)))
REPRESENTATION_ITEM('')
SURFACE()
);
#105=(
BOUNDED_SURFACE()
B_SPLINE_SURFACE(2,1,((#6286,#6287),(#6288,#6289),(#6290,#6291),(#6292,
#6293),(#6294,#6295),(#6296,#6297),(#6298,#6299),(#6300,#6301),(#6302,#6303)),
 .UNSPECIFIED.,.T.,.F.,.F.)
B_SPLINE_SURFACE_WITH_KNOTS((3,2,2,2,3),(2,2),(3.141592653582,4.188790204786,
6.28318530718,8.377580409573,9.424777960762),(0.,0.303648948991322),
 .UNSPECIFIED.)
GEOMETRIC_REPRESENTATION_ITEM()
RATIONAL_B_SPLINE_SURFACE(((0.75,0.75),(0.749999999998,0.749999999998),
(1.,1.),(0.5,0.5),(1.,1.),(0.5,0.5),(1.,1.),(0.750000000002,0.750000000002),
(0.75,0.75)))
REPRESENTATION_ITEM('')
SURFACE()
);
#106=(
BOUNDED_SURFACE()
B_SPLINE_SURFACE(2,1,((#6306,#6307),(#6308,#6309),(#6310,#6311),(#6312,
#6313),(#6314,#6315),(#6316,#6317),(#6318,#6319),(#6320,#6321),(#6322,#6323)),
 .UNSPECIFIED.,.T.,.F.,.F.)
B_SPLINE_SURFACE_WITH_KNOTS((3,2,2,2,3),(2,2),(1.570796326787,2.094395102393,
4.188790204786,6.28318530718,7.853981633967),(-0.212132017552,0.212132051167),
 .UNSPECIFIED.)
GEOMETRIC_REPRESENTATION_ITEM()
RATIONAL_B_SPLINE_SURFACE(((0.812499999998,0.812499999998),(0.874999999998,
0.874999999998),(1.,1.),(0.5,0.5),(1.,1.),(0.5,0.5),(1.,1.),(0.625000000002,
0.625000000002),(0.812499999998,0.812499999998)))
REPRESENTATION_ITEM('')
SURFACE()
);
#107=(
BOUNDED_SURFACE()
B_SPLINE_SURFACE(2,1,((#6376,#6377),(#6378,#6379),(#6380,#6381),(#6382,
#6383),(#6384,#6385),(#6386,#6387),(#6388,#6389),(#6390,#6391),(#6392,#6393)),
 .UNSPECIFIED.,.T.,.F.,.F.)
B_SPLINE_SURFACE_WITH_KNOTS((3,2,2,2,3),(2,2),(-4.712388980393,-4.188790204787,
-2.094395102394,0.,1.570796326787),(-0.212132017538,0.212132051181),
 .UNSPECIFIED.)
GEOMETRIC_REPRESENTATION_ITEM()
RATIONAL_B_SPLINE_SURFACE(((0.812499999998,0.812499999998),(0.874999999998,
0.874999999998),(1.,1.),(0.5,0.5),(1.,1.),(0.5,0.5),(1.,1.),(0.625000000002,
0.625000000002),(0.812499999998,0.812499999998)))
REPRESENTATION_ITEM('')
SURFACE()
);
#108=(
BOUNDED_SURFACE()
B_SPLINE_SURFACE(2,1,((#6399,#6400),(#6401,#6402),(#6403,#6404)),
 .UNSPECIFIED.,.F.,.F.,.F.)
B_SPLINE_SURFACE_WITH_KNOTS((3,3),(2,2),(0.,0.785398163403),(0.,0.714468115275241),
 .UNSPECIFIED.)
GEOMETRIC_REPRESENTATION_ITEM()
RATIONAL_B_SPLINE_SURFACE(((1.,1.),(0.92387953251,0.92387953251),(1.,1.)))
REPRESENTATION_ITEM('')
SURFACE()
);
#109=(
BOUNDED_SURFACE()
B_SPLINE_SURFACE(2,1,((#6408,#6409),(#6410,#6411),(#6412,#6413)),
 .UNSPECIFIED.,.F.,.F.,.F.)
B_SPLINE_SURFACE_WITH_KNOTS((3,3),(2,2),(0.,0.75049157836),(0.,0.382283152215123),
 .UNSPECIFIED.)
GEOMETRIC_REPRESENTATION_ITEM()
RATIONAL_B_SPLINE_SURFACE(((1.,1.),(0.930417567982,0.930417567982),(1.,
1.)))
REPRESENTATION_ITEM('')
SURFACE()
);
#110=(
BOUNDED_SURFACE()
B_SPLINE_SURFACE(2,1,((#6453,#6454),(#6455,#6456),(#6457,#6458),(#6459,
#6460),(#6461,#6462),(#6463,#6464),(#6465,#6466),(#6467,#6468),(#6469,#6470)),
 .UNSPECIFIED.,.T.,.F.,.F.)
B_SPLINE_SURFACE_WITH_KNOTS((3,2,2,2,3),(2,2),(3.141592653582,4.188790204786,
6.28318530718,8.377580409573,9.424777960762),(0.,0.303648948991322),
 .UNSPECIFIED.)
GEOMETRIC_REPRESENTATION_ITEM()
RATIONAL_B_SPLINE_SURFACE(((0.75,0.75),(0.749999999998,0.749999999998),
(1.,1.),(0.5,0.5),(1.,1.),(0.5,0.5),(1.,1.),(0.750000000002,0.750000000002),
(0.75,0.75)))
REPRESENTATION_ITEM('')
SURFACE()
);
#111=(
BOUNDED_SURFACE()
B_SPLINE_SURFACE(2,1,((#6473,#6474),(#6475,#6476),(#6477,#6478),(#6479,
#6480),(#6481,#6482),(#6483,#6484),(#6485,#6486),(#6487,#6488),(#6489,#6490)),
 .UNSPECIFIED.,.T.,.F.,.F.)
B_SPLINE_SURFACE_WITH_KNOTS((3,2,2,2,3),(2,2),(1.570796326787,2.094395102393,
4.188790204786,6.28318530718,7.853981633967),(-0.212132017538,0.212132051181),
 .UNSPECIFIED.)
GEOMETRIC_REPRESENTATION_ITEM()
RATIONAL_B_SPLINE_SURFACE(((0.812499999998,0.812499999998),(0.874999999998,
0.874999999998),(1.,1.),(0.5,0.5),(1.,1.),(0.5,0.5),(1.,1.),(0.625000000002,
0.625000000002),(0.812499999998,0.812499999998)))
REPRESENTATION_ITEM('')
SURFACE()
);
#112=(
BOUNDED_SURFACE()
B_SPLINE_SURFACE(2,1,((#6584,#6585),(#6586,#6587),(#6588,#6589),(#6590,
#6591),(#6592,#6593)),.UNSPECIFIED.,.F.,.F.,.F.)
B_SPLINE_SURFACE_WITH_KNOTS((3,2,3),(2,2),(0.,1.570796326798,3.141592653597),
(0.,0.214340434585083),.UNSPECIFIED.)
GEOMETRIC_REPRESENTATION_ITEM()
RATIONAL_B_SPLINE_SURFACE(((1.,1.),(0.707106781185,0.707106781185),(1.,
1.),(0.707106781185,0.707106781185),(1.,1.)))
REPRESENTATION_ITEM('')
SURFACE()
);
#113=(
BOUNDED_SURFACE()
B_SPLINE_SURFACE(2,1,((#6608,#6609),(#6610,#6611),(#6612,#6613)),
 .UNSPECIFIED.,.F.,.F.,.F.)
B_SPLINE_SURFACE_WITH_KNOTS((3,3),(2,2),(0.,1.570796326828),(0.,0.214340434585083),
 .UNSPECIFIED.)
GEOMETRIC_REPRESENTATION_ITEM()
RATIONAL_B_SPLINE_SURFACE(((1.,1.),(0.707106781175,0.707106781175),(1.,
1.)))
REPRESENTATION_ITEM('')
SURFACE()
);
#114=(
BOUNDED_SURFACE()
B_SPLINE_SURFACE(2,1,((#6647,#6648),(#6649,#6650),(#6651,#6652)),
 .UNSPECIFIED.,.F.,.F.,.F.)
B_SPLINE_SURFACE_WITH_KNOTS((3,3),(2,2),(0.,1.564063228288),(0.,0.214340434585083),
 .UNSPECIFIED.)
GEOMETRIC_REPRESENTATION_ITEM()
RATIONAL_B_SPLINE_SURFACE(((1.,1.),(0.709483279448,0.709483279448),(1.,
1.)))
REPRESENTATION_ITEM('')
SURFACE()
);
#115=(
BOUNDED_SURFACE()
B_SPLINE_SURFACE(2,1,((#6721,#6722),(#6723,#6724),(#6725,#6726)),
 .UNSPECIFIED.,.F.,.F.,.F.)
B_SPLINE_SURFACE_WITH_KNOTS((3,3),(2,2),(0.,0.785398163403),(0.,0.714468115275241),
 .UNSPECIFIED.)
GEOMETRIC_REPRESENTATION_ITEM()
RATIONAL_B_SPLINE_SURFACE(((1.,1.),(0.92387953251,0.92387953251),(1.,1.)))
REPRESENTATION_ITEM('')
SURFACE()
);
#116=(
BOUNDED_SURFACE()
B_SPLINE_SURFACE(2,1,((#6773,#6774),(#6775,#6776),(#6777,#6778)),
 .UNSPECIFIED.,.F.,.F.,.F.)
B_SPLINE_SURFACE_WITH_KNOTS((3,3),(2,2),(0.,1.564063228242),(0.,0.214340434585083),
 .UNSPECIFIED.)
GEOMETRIC_REPRESENTATION_ITEM()
RATIONAL_B_SPLINE_SURFACE(((1.,1.),(0.709483279464,0.709483279464),(1.,
1.)))
REPRESENTATION_ITEM('')
SURFACE()
);
#117=(
BOUNDED_SURFACE()
B_SPLINE_SURFACE(2,1,((#6790,#6791),(#6792,#6793),(#6794,#6795),(#6796,
#6797),(#6798,#6799)),.UNSPECIFIED.,.F.,.F.,.F.)
B_SPLINE_SURFACE_WITH_KNOTS((3,2,3),(2,2),(0.,1.570796326798,3.141592653597),
(0.,0.214340434585083),.UNSPECIFIED.)
GEOMETRIC_REPRESENTATION_ITEM()
RATIONAL_B_SPLINE_SURFACE(((1.,1.),(0.707106781185,0.707106781185),(1.,
1.),(0.707106781185,0.707106781185),(1.,1.)))
REPRESENTATION_ITEM('')
SURFACE()
);
#118=(
BOUNDED_SURFACE()
B_SPLINE_SURFACE(2,1,((#6811,#6812),(#6813,#6814),(#6815,#6816)),
 .UNSPECIFIED.,.F.,.F.,.F.)
B_SPLINE_SURFACE_WITH_KNOTS((3,3),(2,2),(0.,1.570796326828),(0.,0.214340434585083),
 .UNSPECIFIED.)
GEOMETRIC_REPRESENTATION_ITEM()
RATIONAL_B_SPLINE_SURFACE(((1.,1.),(0.707106781175,0.707106781175),(1.,
1.)))
REPRESENTATION_ITEM('')
SURFACE()
);
#119=(
BOUNDED_SURFACE()
B_SPLINE_SURFACE(2,1,((#6934,#6935,#6936,#6937),(#6938,#6939,#6940,#6941),
(#6942,#6943,#6944,#6945),(#6946,#6947,#6948,#6949),(#6950,#6951,#6952,
#6953)),.UNSPECIFIED.,.F.,.F.,.F.)
B_SPLINE_SURFACE_WITH_KNOTS((3,2,3),(2,1,1,2),(0.,0.728210351223,0.73549245473523),
(75.6643637907108,75.709395208096,80.212536946615,98.1089748710907),
 .UNSPECIFIED.)
GEOMETRIC_REPRESENTATION_ITEM()
RATIONAL_B_SPLINE_SURFACE(((1.,1.,1.,1.),(0.934442794075,0.934442794075,
0.934442794075,0.934442794075),(1.,1.,1.,1.),(1.,1.,1.,1.),(1.,1.,1.,1.)))
REPRESENTATION_ITEM('')
SURFACE()
);
#120=(
BOUNDED_SURFACE()
B_SPLINE_SURFACE(2,1,((#6964,#6965,#6966),(#6967,#6968,#6969),(#6970,#6971,
#6972),(#6973,#6974,#6975),(#6976,#6977,#6978),(#6979,#6980,#6981),(#6982,
#6983,#6984)),.UNSPECIFIED.,.F.,.F.,.F.)
B_SPLINE_SURFACE_WITH_KNOTS((3,2,2,3),(2,1,2),(-0.119506216986782,0.,0.728645920515,
0.861984721957219),(49.2318657992666,67.116481297681,69.617013375822),
 .UNSPECIFIED.)
GEOMETRIC_REPRESENTATION_ITEM()
RATIONAL_B_SPLINE_SURFACE(((1.,1.,1.),(1.,1.,1.),(1.,1.,1.),(0.934365215912,
0.934365215912,0.934365215912),(1.,1.,1.),(1.,1.,1.),(1.,1.,1.)))
REPRESENTATION_ITEM('')
SURFACE()
);
#121=(
BOUNDED_SURFACE()
B_SPLINE_SURFACE(2,1,((#7004,#7005,#7006),(#7007,#7008,#7009),(#7010,#7011,
#7012),(#7013,#7014,#7015),(#7016,#7017,#7018),(#7019,#7020,#7021),(#7022,
#7023,#7024)),.UNSPECIFIED.,.F.,.F.,.F.)
B_SPLINE_SURFACE_WITH_KNOTS((3,2,2,3),(2,1,2),(-1.57900695217663,-0.00232242784639159,
2.301147892607,4.21498666657431),(77.8393287333095,80.3635418159084,98.261064407542),
 .UNSPECIFIED.)
GEOMETRIC_REPRESENTATION_ITEM()
RATIONAL_B_SPLINE_SURFACE(((1.00119529482259,1.00119529482259,1.00119529482259),
(1.00119529482259,1.00119529482259,1.00119529482259),(1.00119529482259,
1.00119529482259,1.00119529482259),(0.407828112294598,0.407828112294598,
0.407828112294598),(1.00119529481621,1.00119529481621,1.00119529481621),
(1.00119529481621,1.00119529481621,1.00119529481621),(1.00119529481621,
1.00119529481621,1.00119529481621)))
REPRESENTATION_ITEM('')
SURFACE()
);
#122=(
BOUNDED_SURFACE()
B_SPLINE_SURFACE(2,1,((#7063,#7064,#7065),(#7066,#7067,#7068),(#7069,#7070,
#7071),(#7072,#7073,#7074),(#7075,#7076,#7077),(#7078,#7079,#7080),(#7081,
#7082,#7083)),.UNSPECIFIED.,.F.,.F.,.F.)
B_SPLINE_SURFACE_WITH_KNOTS((3,2,2,3),(2,1,2),(-0.121434534879652,0.,0.728645920512,
0.849511161263623),(77.769028109965,80.269560188106,98.15417568654),
 .UNSPECIFIED.)
GEOMETRIC_REPRESENTATION_ITEM()
RATIONAL_B_SPLINE_SURFACE(((1.,1.,1.),(1.,1.,1.),(1.,1.,1.),(0.934365215912,
0.934365215912,0.934365215912),(1.,1.,1.),(1.,1.,1.),(1.,1.,1.)))
REPRESENTATION_ITEM('')
SURFACE()
);
#123=(
BOUNDED_SURFACE()
B_SPLINE_SURFACE(2,1,((#7132,#7133,#7134),(#7135,#7136,#7137),(#7138,#7139,
#7140),(#7141,#7142,#7143),(#7144,#7145,#7146),(#7147,#7148,#7149),(#7150,
#7151,#7152)),.UNSPECIFIED.,.F.,.F.,.F.)
B_SPLINE_SURFACE_WITH_KNOTS((3,2,2,3),(2,1,2),(-1.5790069596641,-0.00232265858002431,
2.30114812336003,4.23033903653334),(49.2596377009118,67.1571603806474,69.6813733752291),
 .UNSPECIFIED.)
GEOMETRIC_REPRESENTATION_ITEM()
RATIONAL_B_SPLINE_SURFACE(((1.00119541369523,1.00119541369523,1.00119541369523),
(1.00119541369523,1.00119541369523,1.00119541369523),(1.00119541369523,
1.00119541369523,1.00119541369523),(0.407827993409722,0.407827993409722,
0.407827993409722),(1.00119541368132,1.00119541368132,1.00119541368132),
(1.00119541368132,1.00119541368132,1.00119541368132),(1.00119541368132,
1.00119541368132,1.00119541368132)))
REPRESENTATION_ITEM('')
SURFACE()
);
#124=(
BOUNDED_SURFACE()
B_SPLINE_SURFACE(2,1,((#7221,#7222,#7223),(#7224,#7225,#7226),(#7227,#7228,
#7229),(#7230,#7231,#7232),(#7233,#7234,#7235)),.UNSPECIFIED.,.F.,.F.,.F.)
B_SPLINE_SURFACE_WITH_KNOTS((3,2,3),(2,1,2),(-0.00728210351222,0.,0.728210351222),
(75.709395208105,80.212536946614,98.1089748708178),.UNSPECIFIED.)
GEOMETRIC_REPRESENTATION_ITEM()
RATIONAL_B_SPLINE_SURFACE(((1.,1.,1.),(1.,1.,1.),(1.,1.,1.),(0.934442794075,
0.934442794075,0.934442794075),(1.,1.,1.)))
REPRESENTATION_ITEM('')
SURFACE()
);
#125=(
BOUNDED_SURFACE()
B_SPLINE_SURFACE(2,1,((#7243,#7244,#7245,#7246),(#7247,#7248,#7249,#7250),
(#7251,#7252,#7253,#7254)),.UNSPECIFIED.,.F.,.F.,.F.)
B_SPLINE_SURFACE_WITH_KNOTS((3,3),(2,1,1,2),(0.,0.728210351222),(75.6643637907108,
75.709395208096,80.212536946614,98.1089748708342),.UNSPECIFIED.)
GEOMETRIC_REPRESENTATION_ITEM()
RATIONAL_B_SPLINE_SURFACE(((1.,1.,1.,1.),(0.934442794075,0.934442794075,
0.934442794075,0.934442794075),(1.,1.,1.,1.)))
REPRESENTATION_ITEM('')
SURFACE()
);
#126=(
BOUNDED_SURFACE()
B_SPLINE_SURFACE(2,1,((#7262,#7263,#7264,#7265),(#7266,#7267,#7268,#7269),
(#7270,#7271,#7272,#7273)),.UNSPECIFIED.,.F.,.F.,.F.)
B_SPLINE_SURFACE_WITH_KNOTS((3,3),(2,1,1,2),(0.,0.728210351223),(75.6643637907108,
75.709395208096,80.212536946615,98.1089748711125),.UNSPECIFIED.)
GEOMETRIC_REPRESENTATION_ITEM()
RATIONAL_B_SPLINE_SURFACE(((1.,1.,1.,1.),(0.934442794075,0.934442794075,
0.934442794075,0.934442794075),(1.,1.,1.,1.)))
REPRESENTATION_ITEM('')
SURFACE()
);
#127=FACE_OUTER_BOUND('',#353,.T.);
#128=FACE_OUTER_BOUND('',#354,.T.);
#129=FACE_OUTER_BOUND('',#355,.T.);
#130=FACE_OUTER_BOUND('',#356,.T.);
#131=FACE_OUTER_BOUND('',#357,.T.);
#132=FACE_OUTER_BOUND('',#358,.T.);
#133=FACE_OUTER_BOUND('',#359,.T.);
#134=FACE_OUTER_BOUND('',#360,.T.);
#135=FACE_OUTER_BOUND('',#361,.T.);
#136=FACE_OUTER_BOUND('',#362,.T.);
#137=FACE_OUTER_BOUND('',#363,.T.);
#138=FACE_OUTER_BOUND('',#364,.T.);
#139=FACE_OUTER_BOUND('',#365,.T.);
#140=FACE_OUTER_BOUND('',#366,.T.);
#141=FACE_OUTER_BOUND('',#367,.T.);
#142=FACE_OUTER_BOUND('',#368,.T.);
#143=FACE_OUTER_BOUND('',#369,.T.);
#144=FACE_OUTER_BOUND('',#370,.T.);
#145=FACE_OUTER_BOUND('',#371,.T.);
#146=FACE_OUTER_BOUND('',#372,.T.);
#147=FACE_OUTER_BOUND('',#373,.T.);
#148=FACE_OUTER_BOUND('',#374,.T.);
#149=FACE_OUTER_BOUND('',#375,.T.);
#150=FACE_OUTER_BOUND('',#376,.T.);
#151=FACE_OUTER_BOUND('',#378,.T.);
#152=FACE_OUTER_BOUND('',#380,.T.);
#153=FACE_OUTER_BOUND('',#381,.T.);
#154=FACE_OUTER_BOUND('',#382,.T.);
#155=FACE_OUTER_BOUND('',#383,.T.);
#156=FACE_OUTER_BOUND('',#384,.T.);
#157=FACE_OUTER_BOUND('',#385,.T.);
#158=FACE_OUTER_BOUND('',#386,.T.);
#159=FACE_OUTER_BOUND('',#387,.T.);
#160=FACE_OUTER_BOUND('',#388,.T.);
#161=FACE_OUTER_BOUND('',#389,.T.);
#162=FACE_OUTER_BOUND('',#390,.T.);
#163=FACE_OUTER_BOUND('',#391,.T.);
#164=FACE_OUTER_BOUND('',#392,.T.);
#165=FACE_OUTER_BOUND('',#393,.T.);
#166=FACE_OUTER_BOUND('',#394,.T.);
#167=FACE_OUTER_BOUND('',#395,.T.);
#168=FACE_OUTER_BOUND('',#397,.T.);
#169=FACE_OUTER_BOUND('',#399,.T.);
#170=FACE_OUTER_BOUND('',#400,.T.);
#171=FACE_OUTER_BOUND('',#401,.T.);
#172=FACE_OUTER_BOUND('',#402,.T.);
#173=FACE_OUTER_BOUND('',#403,.T.);
#174=FACE_OUTER_BOUND('',#404,.T.);
#175=FACE_OUTER_BOUND('',#405,.T.);
#176=FACE_OUTER_BOUND('',#406,.T.);
#177=FACE_OUTER_BOUND('',#407,.T.);
#178=FACE_OUTER_BOUND('',#408,.T.);
#179=FACE_OUTER_BOUND('',#409,.T.);
#180=FACE_OUTER_BOUND('',#410,.T.);
#181=FACE_OUTER_BOUND('',#411,.T.);
#182=FACE_OUTER_BOUND('',#412,.T.);
#183=FACE_OUTER_BOUND('',#413,.T.);
#184=FACE_OUTER_BOUND('',#414,.T.);
#185=FACE_OUTER_BOUND('',#415,.T.);
#186=FACE_OUTER_BOUND('',#416,.T.);
#187=FACE_OUTER_BOUND('',#417,.T.);
#188=FACE_OUTER_BOUND('',#418,.T.);
#189=FACE_OUTER_BOUND('',#419,.T.);
#190=FACE_OUTER_BOUND('',#420,.T.);
#191=FACE_OUTER_BOUND('',#421,.T.);
#192=FACE_OUTER_BOUND('',#422,.T.);
#193=FACE_OUTER_BOUND('',#423,.T.);
#194=FACE_OUTER_BOUND('',#424,.T.);
#195=FACE_OUTER_BOUND('',#425,.T.);
#196=FACE_OUTER_BOUND('',#426,.T.);
#197=FACE_OUTER_BOUND('',#427,.T.);
#198=FACE_OUTER_BOUND('',#428,.T.);
#199=FACE_OUTER_BOUND('',#429,.T.);
#200=FACE_OUTER_BOUND('',#430,.T.);
#201=FACE_OUTER_BOUND('',#431,.T.);
#202=FACE_OUTER_BOUND('',#432,.T.);
#203=FACE_OUTER_BOUND('',#433,.T.);
#204=FACE_OUTER_BOUND('',#434,.T.);
#205=FACE_OUTER_BOUND('',#435,.T.);
#206=FACE_OUTER_BOUND('',#436,.T.);
#207=FACE_OUTER_BOUND('',#437,.T.);
#208=FACE_OUTER_BOUND('',#438,.T.);
#209=FACE_OUTER_BOUND('',#439,.T.);
#210=FACE_OUTER_BOUND('',#440,.T.);
#211=FACE_OUTER_BOUND('',#441,.T.);
#212=FACE_OUTER_BOUND('',#444,.T.);
#213=FACE_OUTER_BOUND('',#445,.T.);
#214=FACE_OUTER_BOUND('',#446,.T.);
#215=FACE_OUTER_BOUND('',#447,.T.);
#216=FACE_OUTER_BOUND('',#448,.T.);
#217=FACE_OUTER_BOUND('',#449,.T.);
#218=FACE_OUTER_BOUND('',#450,.T.);
#219=FACE_OUTER_BOUND('',#451,.T.);
#220=FACE_OUTER_BOUND('',#453,.T.);
#221=FACE_OUTER_BOUND('',#455,.T.);
#222=FACE_OUTER_BOUND('',#456,.T.);
#223=FACE_OUTER_BOUND('',#457,.T.);
#224=FACE_OUTER_BOUND('',#458,.T.);
#225=FACE_OUTER_BOUND('',#459,.T.);
#226=FACE_OUTER_BOUND('',#460,.T.);
#227=FACE_OUTER_BOUND('',#461,.T.);
#228=FACE_OUTER_BOUND('',#462,.T.);
#229=FACE_OUTER_BOUND('',#463,.T.);
#230=FACE_OUTER_BOUND('',#464,.T.);
#231=FACE_OUTER_BOUND('',#465,.T.);
#232=FACE_OUTER_BOUND('',#466,.T.);
#233=FACE_OUTER_BOUND('',#467,.T.);
#234=FACE_OUTER_BOUND('',#468,.T.);
#235=FACE_OUTER_BOUND('',#469,.T.);
#236=FACE_OUTER_BOUND('',#470,.T.);
#237=FACE_OUTER_BOUND('',#472,.T.);
#238=FACE_OUTER_BOUND('',#473,.T.);
#239=FACE_OUTER_BOUND('',#474,.T.);
#240=FACE_OUTER_BOUND('',#475,.T.);
#241=FACE_OUTER_BOUND('',#476,.T.);
#242=FACE_OUTER_BOUND('',#477,.T.);
#243=FACE_OUTER_BOUND('',#478,.T.);
#244=FACE_OUTER_BOUND('',#479,.T.);
#245=FACE_OUTER_BOUND('',#480,.T.);
#246=FACE_OUTER_BOUND('',#481,.T.);
#247=FACE_OUTER_BOUND('',#483,.T.);
#248=FACE_OUTER_BOUND('',#484,.T.);
#249=FACE_OUTER_BOUND('',#485,.T.);
#250=FACE_OUTER_BOUND('',#486,.T.);
#251=FACE_OUTER_BOUND('',#487,.T.);
#252=FACE_OUTER_BOUND('',#488,.T.);
#253=FACE_OUTER_BOUND('',#489,.T.);
#254=FACE_OUTER_BOUND('',#490,.T.);
#255=FACE_OUTER_BOUND('',#491,.T.);
#256=FACE_OUTER_BOUND('',#492,.T.);
#257=FACE_OUTER_BOUND('',#493,.T.);
#258=FACE_OUTER_BOUND('',#494,.T.);
#259=FACE_OUTER_BOUND('',#495,.T.);
#260=FACE_OUTER_BOUND('',#496,.T.);
#261=FACE_OUTER_BOUND('',#497,.T.);
#262=FACE_OUTER_BOUND('',#498,.T.);
#263=FACE_OUTER_BOUND('',#499,.T.);
#264=FACE_OUTER_BOUND('',#500,.T.);
#265=FACE_OUTER_BOUND('',#501,.T.);
#266=FACE_OUTER_BOUND('',#502,.T.);
#267=FACE_OUTER_BOUND('',#503,.T.);
#268=FACE_OUTER_BOUND('',#504,.T.);
#269=FACE_OUTER_BOUND('',#505,.T.);
#270=FACE_OUTER_BOUND('',#506,.T.);
#271=FACE_OUTER_BOUND('',#507,.T.);
#272=FACE_OUTER_BOUND('',#508,.T.);
#273=FACE_OUTER_BOUND('',#509,.T.);
#274=FACE_OUTER_BOUND('',#510,.T.);
#275=FACE_OUTER_BOUND('',#511,.T.);
#276=FACE_OUTER_BOUND('',#512,.T.);
#277=FACE_OUTER_BOUND('',#513,.T.);
#278=FACE_OUTER_BOUND('',#514,.T.);
#279=FACE_OUTER_BOUND('',#515,.T.);
#280=FACE_OUTER_BOUND('',#516,.T.);
#281=FACE_OUTER_BOUND('',#517,.T.);
#282=FACE_OUTER_BOUND('',#518,.T.);
#283=FACE_OUTER_BOUND('',#519,.T.);
#284=FACE_OUTER_BOUND('',#520,.T.);
#285=FACE_OUTER_BOUND('',#521,.T.);
#286=FACE_OUTER_BOUND('',#522,.T.);
#287=FACE_OUTER_BOUND('',#523,.T.);
#288=FACE_OUTER_BOUND('',#524,.T.);
#289=FACE_OUTER_BOUND('',#525,.T.);
#290=FACE_OUTER_BOUND('',#526,.T.);
#291=FACE_OUTER_BOUND('',#527,.T.);
#292=FACE_OUTER_BOUND('',#528,.T.);
#293=FACE_OUTER_BOUND('',#529,.T.);
#294=FACE_OUTER_BOUND('',#530,.T.);
#295=FACE_OUTER_BOUND('',#531,.T.);
#296=FACE_OUTER_BOUND('',#532,.T.);
#297=FACE_OUTER_BOUND('',#533,.T.);
#298=FACE_OUTER_BOUND('',#534,.T.);
#299=FACE_OUTER_BOUND('',#535,.T.);
#300=FACE_OUTER_BOUND('',#536,.T.);
#301=FACE_OUTER_BOUND('',#537,.T.);
#302=FACE_OUTER_BOUND('',#538,.T.);
#303=FACE_OUTER_BOUND('',#539,.T.);
#304=FACE_OUTER_BOUND('',#540,.T.);
#305=FACE_OUTER_BOUND('',#541,.T.);
#306=FACE_OUTER_BOUND('',#542,.T.);
#307=FACE_OUTER_BOUND('',#543,.T.);
#308=FACE_OUTER_BOUND('',#544,.T.);
#309=FACE_OUTER_BOUND('',#545,.T.);
#310=FACE_OUTER_BOUND('',#546,.T.);
#311=FACE_OUTER_BOUND('',#547,.T.);
#312=FACE_OUTER_BOUND('',#548,.T.);
#313=FACE_OUTER_BOUND('',#549,.T.);
#314=FACE_OUTER_BOUND('',#550,.T.);
#315=FACE_OUTER_BOUND('',#551,.T.);
#316=FACE_OUTER_BOUND('',#552,.T.);
#317=FACE_OUTER_BOUND('',#553,.T.);
#318=FACE_OUTER_BOUND('',#554,.T.);
#319=FACE_OUTER_BOUND('',#555,.T.);
#320=FACE_OUTER_BOUND('',#556,.T.);
#321=FACE_OUTER_BOUND('',#557,.T.);
#322=FACE_OUTER_BOUND('',#558,.T.);
#323=FACE_OUTER_BOUND('',#559,.T.);
#324=FACE_OUTER_BOUND('',#560,.T.);
#325=FACE_OUTER_BOUND('',#561,.T.);
#326=FACE_OUTER_BOUND('',#562,.T.);
#327=FACE_OUTER_BOUND('',#563,.T.);
#328=FACE_OUTER_BOUND('',#564,.T.);
#329=FACE_OUTER_BOUND('',#565,.T.);
#330=FACE_OUTER_BOUND('',#566,.T.);
#331=FACE_OUTER_BOUND('',#567,.T.);
#332=FACE_OUTER_BOUND('',#568,.T.);
#333=FACE_OUTER_BOUND('',#569,.T.);
#334=FACE_OUTER_BOUND('',#570,.T.);
#335=FACE_OUTER_BOUND('',#571,.T.);
#336=FACE_OUTER_BOUND('',#572,.T.);
#337=FACE_OUTER_BOUND('',#573,.T.);
#338=FACE_OUTER_BOUND('',#574,.T.);
#339=FACE_OUTER_BOUND('',#575,.T.);
#340=FACE_OUTER_BOUND('',#577,.T.);
#341=FACE_OUTER_BOUND('',#578,.T.);
#342=FACE_OUTER_BOUND('',#579,.T.);
#343=FACE_OUTER_BOUND('',#580,.T.);
#344=FACE_OUTER_BOUND('',#581,.T.);
#345=FACE_OUTER_BOUND('',#582,.T.);
#346=FACE_OUTER_BOUND('',#583,.T.);
#347=FACE_OUTER_BOUND('',#584,.T.);
#348=FACE_OUTER_BOUND('',#585,.T.);
#349=FACE_OUTER_BOUND('',#586,.T.);
#350=FACE_OUTER_BOUND('',#587,.T.);
#351=FACE_OUTER_BOUND('',#588,.T.);
#352=FACE_OUTER_BOUND('',#589,.T.);
#353=EDGE_LOOP('',(#2659,#2660,#2661,#2662,#2663,#2664,#2665,#2666,#2667,
#2668,#2669,#2670));
#354=EDGE_LOOP('',(#2671,#2672,#2673,#2674,#2675,#2676));
#355=EDGE_LOOP('',(#2677,#2678,#2679,#2680));
#356=EDGE_LOOP('',(#2681,#2682,#2683,#2684));
#357=EDGE_LOOP('',(#2685,#2686,#2687,#2688,#2689,#2690));
#358=EDGE_LOOP('',(#2691,#2692,#2693,#2694));
#359=EDGE_LOOP('',(#2695,#2696,#2697,#2698));
#360=EDGE_LOOP('',(#2699,#2700,#2701,#2702,#2703,#2704,#2705,#2706));
#361=EDGE_LOOP('',(#2707,#2708,#2709,#2710,#2711,#2712,#2713,#2714));
#362=EDGE_LOOP('',(#2715,#2716,#2717,#2718));
#363=EDGE_LOOP('',(#2719,#2720,#2721,#2722));
#364=EDGE_LOOP('',(#2723,#2724,#2725,#2726));
#365=EDGE_LOOP('',(#2727,#2728,#2729,#2730));
#366=EDGE_LOOP('',(#2731,#2732,#2733,#2734,#2735,#2736));
#367=EDGE_LOOP('',(#2737,#2738,#2739,#2740));
#368=EDGE_LOOP('',(#2741,#2742,#2743,#2744,#2745,#2746));
#369=EDGE_LOOP('',(#2747,#2748,#2749,#2750));
#370=EDGE_LOOP('',(#2751,#2752,#2753,#2754,#2755,#2756,#2757,#2758,#2759,
#2760,#2761,#2762));
#371=EDGE_LOOP('',(#2763,#2764,#2765,#2766));
#372=EDGE_LOOP('',(#2767,#2768,#2769,#2770,#2771,#2772));
#373=EDGE_LOOP('',(#2773,#2774,#2775,#2776));
#374=EDGE_LOOP('',(#2777,#2778,#2779,#2780));
#375=EDGE_LOOP('',(#2781,#2782,#2783));
#376=EDGE_LOOP('',(#2784,#2785,#2786,#2787));
#377=EDGE_LOOP('',(#2788,#2789,#2790,#2791,#2792,#2793,#2794,#2795,#2796,
#2797));
#378=EDGE_LOOP('',(#2798,#2799,#2800,#2801));
#379=EDGE_LOOP('',(#2802,#2803,#2804,#2805,#2806,#2807,#2808,#2809,#2810,
#2811));
#380=EDGE_LOOP('',(#2812,#2813,#2814));
#381=EDGE_LOOP('',(#2815,#2816,#2817,#2818));
#382=EDGE_LOOP('',(#2819,#2820,#2821,#2822,#2823));
#383=EDGE_LOOP('',(#2824,#2825,#2826,#2827,#2828,#2829));
#384=EDGE_LOOP('',(#2830,#2831,#2832));
#385=EDGE_LOOP('',(#2833,#2834,#2835,#2836));
#386=EDGE_LOOP('',(#2837,#2838,#2839,#2840,#2841));
#387=EDGE_LOOP('',(#2842,#2843,#2844,#2845));
#388=EDGE_LOOP('',(#2846,#2847,#2848));
#389=EDGE_LOOP('',(#2849,#2850,#2851,#2852));
#390=EDGE_LOOP('',(#2853,#2854,#2855,#2856));
#391=EDGE_LOOP('',(#2857,#2858,#2859,#2860));
#392=EDGE_LOOP('',(#2861,#2862,#2863,#2864));
#393=EDGE_LOOP('',(#2865,#2866,#2867,#2868));
#394=EDGE_LOOP('',(#2869,#2870,#2871,#2872));
#395=EDGE_LOOP('',(#2873,#2874,#2875,#2876,#2877,#2878,#2879,#2880,#2881,
#2882,#2883,#2884,#2885,#2886));
#396=EDGE_LOOP('',(#2887));
#397=EDGE_LOOP('',(#2888,#2889,#2890,#2891,#2892,#2893,#2894,#2895,#2896,
#2897,#2898,#2899,#2900,#2901));
#398=EDGE_LOOP('',(#2902));
#399=EDGE_LOOP('',(#2903,#2904,#2905,#2906,#2907));
#400=EDGE_LOOP('',(#2908,#2909,#2910,#2911));
#401=EDGE_LOOP('',(#2912,#2913,#2914,#2915,#2916));
#402=EDGE_LOOP('',(#2917,#2918,#2919,#2920));
#403=EDGE_LOOP('',(#2921,#2922,#2923,#2924));
#404=EDGE_LOOP('',(#2925,#2926,#2927,#2928));
#405=EDGE_LOOP('',(#2929,#2930,#2931,#2932));
#406=EDGE_LOOP('',(#2933,#2934,#2935,#2936));
#407=EDGE_LOOP('',(#2937,#2938,#2939,#2940));
#408=EDGE_LOOP('',(#2941,#2942,#2943,#2944));
#409=EDGE_LOOP('',(#2945,#2946,#2947,#2948));
#410=EDGE_LOOP('',(#2949,#2950,#2951,#2952));
#411=EDGE_LOOP('',(#2953,#2954,#2955,#2956));
#412=EDGE_LOOP('',(#2957,#2958,#2959,#2960));
#413=EDGE_LOOP('',(#2961,#2962,#2963,#2964));
#414=EDGE_LOOP('',(#2965,#2966,#2967,#2968));
#415=EDGE_LOOP('',(#2969,#2970,#2971,#2972));
#416=EDGE_LOOP('',(#2973,#2974,#2975,#2976));
#417=EDGE_LOOP('',(#2977,#2978,#2979,#2980));
#418=EDGE_LOOP('',(#2981,#2982,#2983,#2984));
#419=EDGE_LOOP('',(#2985,#2986,#2987,#2988));
#420=EDGE_LOOP('',(#2989,#2990,#2991,#2992));
#421=EDGE_LOOP('',(#2993,#2994,#2995,#2996));
#422=EDGE_LOOP('',(#2997,#2998,#2999,#3000));
#423=EDGE_LOOP('',(#3001,#3002,#3003,#3004));
#424=EDGE_LOOP('',(#3005,#3006,#3007,#3008));
#425=EDGE_LOOP('',(#3009,#3010,#3011,#3012));
#426=EDGE_LOOP('',(#3013,#3014,#3015,#3016));
#427=EDGE_LOOP('',(#3017,#3018,#3019,#3020));
#428=EDGE_LOOP('',(#3021,#3022,#3023,#3024));
#429=EDGE_LOOP('',(#3025,#3026,#3027,#3028));
#430=EDGE_LOOP('',(#3029,#3030,#3031,#3032,#3033,#3034));
#431=EDGE_LOOP('',(#3035,#3036,#3037,#3038));
#432=EDGE_LOOP('',(#3039,#3040,#3041,#3042,#3043,#3044));
#433=EDGE_LOOP('',(#3045,#3046,#3047,#3048));
#434=EDGE_LOOP('',(#3049,#3050,#3051,#3052));
#435=EDGE_LOOP('',(#3053,#3054,#3055,#3056));
#436=EDGE_LOOP('',(#3057,#3058,#3059,#3060));
#437=EDGE_LOOP('',(#3061,#3062,#3063,#3064));
#438=EDGE_LOOP('',(#3065,#3066,#3067,#3068));
#439=EDGE_LOOP('',(#3069,#3070,#3071,#3072));
#440=EDGE_LOOP('',(#3073,#3074,#3075,#3076,#3077,#3078,#3079,#3080,#3081,
#3082,#3083,#3084));
#441=EDGE_LOOP('',(#3085,#3086,#3087,#3088,#3089,#3090,#3091,#3092,#3093,
#3094));
#442=EDGE_LOOP('',(#3095,#3096));
#443=EDGE_LOOP('',(#3097,#3098));
#444=EDGE_LOOP('',(#3099,#3100,#3101,#3102,#3103,#3104,#3105,#3106,#3107,
#3108,#3109,#3110));
#445=EDGE_LOOP('',(#3111,#3112,#3113,#3114,#3115,#3116));
#446=EDGE_LOOP('',(#3117,#3118,#3119,#3120));
#447=EDGE_LOOP('',(#3121,#3122,#3123,#3124));
#448=EDGE_LOOP('',(#3125,#3126,#3127,#3128));
#449=EDGE_LOOP('',(#3129,#3130,#3131,#3132));
#450=EDGE_LOOP('',(#3133,#3134,#3135));
#451=EDGE_LOOP('',(#3136,#3137,#3138,#3139,#3140,#3141));
#452=EDGE_LOOP('',(#3142));
#453=EDGE_LOOP('',(#3143,#3144,#3145,#3146,#3147,#3148,#3149));
#454=EDGE_LOOP('',(#3150,#3151));
#455=EDGE_LOOP('',(#3152,#3153,#3154,#3155,#3156,#3157,#3158,#3159,#3160,
#3161,#3162,#3163,#3164,#3165));
#456=EDGE_LOOP('',(#3166,#3167,#3168,#3169));
#457=EDGE_LOOP('',(#3170,#3171,#3172,#3173));
#458=EDGE_LOOP('',(#3174,#3175,#3176));
#459=EDGE_LOOP('',(#3177,#3178,#3179,#3180));
#460=EDGE_LOOP('',(#3181,#3182,#3183,#3184,#3185));
#461=EDGE_LOOP('',(#3186,#3187,#3188,#3189));
#462=EDGE_LOOP('',(#3190,#3191,#3192,#3193,#3194));
#463=EDGE_LOOP('',(#3195,#3196,#3197,#3198));
#464=EDGE_LOOP('',(#3199,#3200,#3201,#3202));
#465=EDGE_LOOP('',(#3203,#3204,#3205,#3206));
#466=EDGE_LOOP('',(#3207,#3208,#3209,#3210,#3211,#3212,#3213,#3214,#3215,
#3216));
#467=EDGE_LOOP('',(#3217,#3218,#3219,#3220));
#468=EDGE_LOOP('',(#3221,#3222,#3223,#3224,#3225));
#469=EDGE_LOOP('',(#3226,#3227,#3228,#3229,#3230));
#470=EDGE_LOOP('',(#3231,#3232,#3233,#3234,#3235,#3236,#3237));
#471=EDGE_LOOP('',(#3238,#3239));
#472=EDGE_LOOP('',(#3240,#3241,#3242,#3243,#3244));
#473=EDGE_LOOP('',(#3245,#3246,#3247,#3248,#3249,#3250));
#474=EDGE_LOOP('',(#3251,#3252,#3253,#3254));
#475=EDGE_LOOP('',(#3255,#3256,#3257,#3258));
#476=EDGE_LOOP('',(#3259,#3260,#3261,#3262));
#477=EDGE_LOOP('',(#3263,#3264,#3265,#3266,#3267));
#478=EDGE_LOOP('',(#3268,#3269,#3270,#3271,#3272));
#479=EDGE_LOOP('',(#3273,#3274,#3275,#3276));
#480=EDGE_LOOP('',(#3277,#3278,#3279));
#481=EDGE_LOOP('',(#3280,#3281,#3282,#3283,#3284,#3285));
#482=EDGE_LOOP('',(#3286));
#483=EDGE_LOOP('',(#3287,#3288,#3289,#3290,#3291));
#484=EDGE_LOOP('',(#3292,#3293,#3294,#3295));
#485=EDGE_LOOP('',(#3296,#3297,#3298,#3299));
#486=EDGE_LOOP('',(#3300,#3301,#3302,#3303));
#487=EDGE_LOOP('',(#3304,#3305,#3306,#3307));
#488=EDGE_LOOP('',(#3308,#3309,#3310));
#489=EDGE_LOOP('',(#3311,#3312,#3313,#3314,#3315,#3316,#3317,#3318,#3319,
#3320));
#490=EDGE_LOOP('',(#3321,#3322,#3323,#3324,#3325));
#491=EDGE_LOOP('',(#3326,#3327,#3328,#3329));
#492=EDGE_LOOP('',(#3330,#3331,#3332,#3333));
#493=EDGE_LOOP('',(#3334,#3335,#3336,#3337));
#494=EDGE_LOOP('',(#3338,#3339,#3340,#3341,#3342,#3343,#3344,#3345,#3346,
#3347,#3348,#3349,#3350,#3351,#3352));
#495=EDGE_LOOP('',(#3353,#3354,#3355,#3356,#3357,#3358,#3359,#3360,#3361,
#3362));
#496=EDGE_LOOP('',(#3363,#3364,#3365,#3366,#3367,#3368));
#497=EDGE_LOOP('',(#3369,#3370,#3371,#3372,#3373,#3374));
#498=EDGE_LOOP('',(#3375,#3376,#3377,#3378));
#499=EDGE_LOOP('',(#3379,#3380,#3381,#3382));
#500=EDGE_LOOP('',(#3383,#3384,#3385,#3386));
#501=EDGE_LOOP('',(#3387,#3388,#3389,#3390));
#502=EDGE_LOOP('',(#3391,#3392,#3393,#3394));
#503=EDGE_LOOP('',(#3395,#3396,#3397,#3398));
#504=EDGE_LOOP('',(#3399,#3400,#3401,#3402));
#505=EDGE_LOOP('',(#3403,#3404,#3405,#3406,#3407));
#506=EDGE_LOOP('',(#3408,#3409,#3410,#3411));
#507=EDGE_LOOP('',(#3412,#3413,#3414,#3415,#3416,#3417,#3418,#3419,#3420,
#3421));
#508=EDGE_LOOP('',(#3422,#3423,#3424,#3425));
#509=EDGE_LOOP('',(#3426,#3427,#3428,#3429,#3430,#3431,#3432,#3433,#3434,
#3435,#3436,#3437));
#510=EDGE_LOOP('',(#3438,#3439,#3440,#3441));
#511=EDGE_LOOP('',(#3442,#3443,#3444,#3445,#3446));
#512=EDGE_LOOP('',(#3447,#3448,#3449,#3450));
#513=EDGE_LOOP('',(#3451,#3452,#3453,#3454,#3455,#3456));
#514=EDGE_LOOP('',(#3457,#3458,#3459,#3460));
#515=EDGE_LOOP('',(#3461,#3462,#3463,#3464,#3465));
#516=EDGE_LOOP('',(#3466,#3467,#3468,#3469,#3470));
#517=EDGE_LOOP('',(#3471,#3472,#3473,#3474));
#518=EDGE_LOOP('',(#3475,#3476,#3477,#3478));
#519=EDGE_LOOP('',(#3479,#3480,#3481,#3482));
#520=EDGE_LOOP('',(#3483,#3484,#3485,#3486,#3487,#3488,#3489,#3490,#3491,
#3492,#3493,#3494));
#521=EDGE_LOOP('',(#3495,#3496,#3497,#3498));
#522=EDGE_LOOP('',(#3499,#3500,#3501,#3502));
#523=EDGE_LOOP('',(#3503,#3504,#3505,#3506,#3507));
#524=EDGE_LOOP('',(#3508,#3509,#3510,#3511));
#525=EDGE_LOOP('',(#3512,#3513,#3514,#3515));
#526=EDGE_LOOP('',(#3516,#3517,#3518,#3519));
#527=EDGE_LOOP('',(#3520,#3521,#3522,#3523,#3524,#3525));
#528=EDGE_LOOP('',(#3526,#3527,#3528,#3529,#3530));
#529=EDGE_LOOP('',(#3531,#3532,#3533,#3534));
#530=EDGE_LOOP('',(#3535,#3536,#3537,#3538));
#531=EDGE_LOOP('',(#3539,#3540,#3541,#3542));
#532=EDGE_LOOP('',(#3543,#3544,#3545,#3546,#3547));
#533=EDGE_LOOP('',(#3548,#3549,#3550,#3551));
#534=EDGE_LOOP('',(#3552,#3553,#3554,#3555));
#535=EDGE_LOOP('',(#3556,#3557,#3558,#3559));
#536=EDGE_LOOP('',(#3560,#3561,#3562,#3563));
#537=EDGE_LOOP('',(#3564,#3565,#3566,#3567));
#538=EDGE_LOOP('',(#3568,#3569,#3570,#3571,#3572));
#539=EDGE_LOOP('',(#3573,#3574,#3575,#3576));
#540=EDGE_LOOP('',(#3577,#3578,#3579,#3580,#3581));
#541=EDGE_LOOP('',(#3582,#3583,#3584,#3585));
#542=EDGE_LOOP('',(#3586,#3587,#3588,#3589,#3590,#3591,#3592,#3593,#3594,
#3595));
#543=EDGE_LOOP('',(#3596,#3597,#3598,#3599,#3600,#3601,#3602,#3603,#3604,
#3605,#3606,#3607));
#544=EDGE_LOOP('',(#3608,#3609,#3610,#3611,#3612,#3613));
#545=EDGE_LOOP('',(#3614,#3615,#3616,#3617,#3618));
#546=EDGE_LOOP('',(#3619,#3620,#3621,#3622,#3623,#3624,#3625,#3626,#3627,
#3628,#3629,#3630,#3631,#3632,#3633,#3634));
#547=EDGE_LOOP('',(#3635,#3636,#3637,#3638,#3639,#3640));
#548=EDGE_LOOP('',(#3641,#3642,#3643,#3644,#3645,#3646));
#549=EDGE_LOOP('',(#3647,#3648,#3649,#3650,#3651,#3652));
#550=EDGE_LOOP('',(#3653,#3654,#3655,#3656));
#551=EDGE_LOOP('',(#3657,#3658,#3659,#3660,#3661,#3662));
#552=EDGE_LOOP('',(#3663,#3664,#3665,#3666));
#553=EDGE_LOOP('',(#3667,#3668,#3669,#3670));
#554=EDGE_LOOP('',(#3671,#3672,#3673,#3674));
#555=EDGE_LOOP('',(#3675,#3676,#3677,#3678));
#556=EDGE_LOOP('',(#3679,#3680,#3681,#3682));
#557=EDGE_LOOP('',(#3683,#3684,#3685,#3686));
#558=EDGE_LOOP('',(#3687,#3688,#3689,#3690));
#559=EDGE_LOOP('',(#3691,#3692,#3693,#3694));
#560=EDGE_LOOP('',(#3695,#3696,#3697,#3698));
#561=EDGE_LOOP('',(#3699,#3700,#3701,#3702));
#562=EDGE_LOOP('',(#3703,#3704,#3705,#3706));
#563=EDGE_LOOP('',(#3707,#3708,#3709,#3710));
#564=EDGE_LOOP('',(#3711,#3712,#3713,#3714));
#565=EDGE_LOOP('',(#3715,#3716,#3717,#3718));
#566=EDGE_LOOP('',(#3719,#3720,#3721,#3722,#3723,#3724));
#567=EDGE_LOOP('',(#3725,#3726,#3727,#3728,#3729,#3730));
#568=EDGE_LOOP('',(#3731,#3732,#3733,#3734));
#569=EDGE_LOOP('',(#3735,#3736,#3737,#3738,#3739,#3740));
#570=EDGE_LOOP('',(#3741,#3742,#3743,#3744));
#571=EDGE_LOOP('',(#3745,#3746,#3747,#3748));
#572=EDGE_LOOP('',(#3749,#3750,#3751,#3752));
#573=EDGE_LOOP('',(#3753,#3754,#3755,#3756));
#574=EDGE_LOOP('',(#3757,#3758,#3759,#3760));
#575=EDGE_LOOP('',(#3761,#3762,#3763,#3764,#3765,#3766,#3767,#3768,#3769,
#3770,#3771,#3772,#3773,#3774,#3775,#3776,#3777,#3778,#3779,#3780,#3781,
#3782,#3783,#3784,#3785,#3786));
#576=EDGE_LOOP('',(#3787,#3788,#3789,#3790));
#577=EDGE_LOOP('',(#3791,#3792,#3793,#3794));
#578=EDGE_LOOP('',(#3795,#3796,#3797,#3798));
#579=EDGE_LOOP('',(#3799,#3800,#3801,#3802,#3803,#3804));
#580=EDGE_LOOP('',(#3805,#3806,#3807,#3808));
#581=EDGE_LOOP('',(#3809,#3810,#3811,#3812));
#582=EDGE_LOOP('',(#3813,#3814,#3815,#3816,#3817,#3818,#3819,#3820));
#583=EDGE_LOOP('',(#3821,#3822,#3823,#3824,#3825,#3826,#3827,#3828));
#584=EDGE_LOOP('',(#3829,#3830,#3831,#3832));
#585=EDGE_LOOP('',(#3833,#3834,#3835,#3836));
#586=EDGE_LOOP('',(#3837,#3838,#3839,#3840));
#587=EDGE_LOOP('',(#3841,#3842,#3843,#3844));
#588=EDGE_LOOP('',(#3845,#3846,#3847,#3848));
#589=EDGE_LOOP('',(#3849,#3850,#3851,#3852,#3853,#3854,#3855,#3856,#3857,
#3858));
#590=LINE('',#5580,#1130);
#591=LINE('',#5582,#1131);
#592=LINE('',#5584,#1132);
#593=LINE('',#5586,#1133);
#594=LINE('',#5588,#1134);
#595=LINE('',#5590,#1135);
#596=LINE('',#5592,#1136);
#597=LINE('',#5594,#1137);
#598=LINE('',#5596,#1138);
#599=LINE('',#5598,#1139);
#600=LINE('',#5600,#1140);
#601=LINE('',#5601,#1141);
#602=LINE('',#5605,#1142);
#603=LINE('',#5607,#1143);
#604=LINE('',#5609,#1144);
#605=LINE('',#5611,#1145);
#606=LINE('',#5613,#1146);
#607=LINE('',#5614,#1147);
#608=LINE('',#5618,#1148);
#609=LINE('',#5620,#1149);
#610=LINE('',#5622,#1150);
#611=LINE('',#5623,#1151);
#612=LINE('',#5626,#1152);
#613=LINE('',#5628,#1153);
#614=LINE('',#5629,#1154);
#615=LINE('',#5632,#1155);
#616=LINE('',#5634,#1156);
#617=LINE('',#5636,#1157);
#618=LINE('',#5637,#1158);
#619=LINE('',#5662,#1159);
#620=LINE('',#5666,#1160);
#621=LINE('',#5692,#1161);
#622=LINE('',#5696,#1162);
#623=LINE('',#5701,#1163);
#624=LINE('',#5703,#1164);
#625=LINE('',#5705,#1165);
#626=LINE('',#5707,#1166);
#627=LINE('',#5709,#1167);
#628=LINE('',#5711,#1168);
#629=LINE('',#5713,#1169);
#630=LINE('',#5714,#1170);
#631=LINE('',#5718,#1171);
#632=LINE('',#5720,#1172);
#633=LINE('',#5722,#1173);
#634=LINE('',#5724,#1174);
#635=LINE('',#5726,#1175);
#636=LINE('',#5728,#1176);
#637=LINE('',#5730,#1177);
#638=LINE('',#5731,#1178);
#639=LINE('',#5734,#1179);
#640=LINE('',#5736,#1180);
#641=LINE('',#5737,#1181);
#642=LINE('',#5740,#1182);
#643=LINE('',#5741,#1183);
#644=LINE('',#5744,#1184);
#645=LINE('',#5745,#1185);
#646=LINE('',#5749,#1186);
#647=LINE('',#5750,#1187);
#648=LINE('',#5751,#1188);
#649=LINE('',#5755,#1189);
#650=LINE('',#5756,#1190);
#651=LINE('',#5758,#1191);
#652=LINE('',#5759,#1192);
#653=LINE('',#5762,#1193);
#654=LINE('',#5764,#1194);
#655=LINE('',#5765,#1195);
#656=LINE('',#5767,#1196);
#657=LINE('',#5769,#1197);
#658=LINE('',#5771,#1198);
#659=LINE('',#5772,#1199);
#660=LINE('',#5774,#1200);
#661=LINE('',#5778,#1201);
#662=LINE('',#5780,#1202);
#663=LINE('',#5782,#1203);
#664=LINE('',#5784,#1204);
#665=LINE('',#5786,#1205);
#666=LINE('',#5787,#1206);
#667=LINE('',#5789,#1207);
#668=LINE('',#5790,#1208);
#669=LINE('',#5792,#1209);
#670=LINE('',#5793,#1210);
#671=LINE('',#5796,#1211);
#672=LINE('',#5798,#1212);
#673=LINE('',#5800,#1213);
#674=LINE('',#5802,#1214);
#675=LINE('',#5803,#1215);
#676=LINE('',#5805,#1216);
#677=LINE('',#5806,#1217);
#678=LINE('',#5809,#1218);
#679=LINE('',#5810,#1219);
#680=LINE('',#5811,#1220);
#681=LINE('',#5813,#1221);
#682=LINE('',#5816,#1222);
#683=LINE('',#5817,#1223);
#684=LINE('',#5820,#1224);
#685=LINE('',#5822,#1225);
#686=LINE('',#5824,#1226);
#687=LINE('',#5826,#1227);
#688=LINE('',#5828,#1228);
#689=LINE('',#5830,#1229);
#690=LINE('',#5832,#1230);
#691=LINE('',#5834,#1231);
#692=LINE('',#5836,#1232);
#693=LINE('',#5837,#1233);
#694=LINE('',#5839,#1234);
#695=LINE('',#5840,#1235);
#696=LINE('',#5843,#1236);
#697=LINE('',#5845,#1237);
#698=LINE('',#5847,#1238);
#699=LINE('',#5849,#1239);
#700=LINE('',#5851,#1240);
#701=LINE('',#5853,#1241);
#702=LINE('',#5855,#1242);
#703=LINE('',#5857,#1243);
#704=LINE('',#5859,#1244);
#705=LINE('',#5860,#1245);
#706=LINE('',#5862,#1246);
#707=LINE('',#5865,#1247);
#708=LINE('',#5866,#1248);
#709=LINE('',#5867,#1249);
#710=LINE('',#5869,#1250);
#711=LINE('',#5870,#1251);
#712=LINE('',#5873,#1252);
#713=LINE('',#5875,#1253);
#714=LINE('',#5877,#1254);
#715=LINE('',#5878,#1255);
#716=LINE('',#5880,#1256);
#717=LINE('',#5881,#1257);
#718=LINE('',#5885,#1258);
#719=LINE('',#5887,#1259);
#720=LINE('',#5888,#1260);
#721=LINE('',#5891,#1261);
#722=LINE('',#5893,#1262);
#723=LINE('',#5894,#1263);
#724=LINE('',#5897,#1264);
#725=LINE('',#5899,#1265);
#726=LINE('',#5900,#1266);
#727=LINE('',#5903,#1267);
#728=LINE('',#5904,#1268);
#729=LINE('',#5907,#1269);
#730=LINE('',#5908,#1270);
#731=LINE('',#5910,#1271);
#732=LINE('',#5914,#1272);
#733=LINE('',#5916,#1273);
#734=LINE('',#5918,#1274);
#735=LINE('',#5920,#1275);
#736=LINE('',#5922,#1276);
#737=LINE('',#5924,#1277);
#738=LINE('',#5926,#1278);
#739=LINE('',#5928,#1279);
#740=LINE('',#5930,#1280);
#741=LINE('',#5932,#1281);
#742=LINE('',#5934,#1282);
#743=LINE('',#5936,#1283);
#744=LINE('',#5938,#1284);
#745=LINE('',#5939,#1285);
#746=LINE('',#5945,#1286);
#747=LINE('',#5947,#1287);
#748=LINE('',#5948,#1288);
#749=LINE('',#5950,#1289);
#750=LINE('',#5952,#1290);
#751=LINE('',#5954,#1291);
#752=LINE('',#5956,#1292);
#753=LINE('',#5958,#1293);
#754=LINE('',#5959,#1294);
#755=LINE('',#5981,#1295);
#756=LINE('',#6020,#1296);
#757=LINE('',#6042,#1297);
#758=LINE('',#6043,#1298);
#759=LINE('',#6044,#1299);
#760=LINE('',#6046,#1300);
#761=LINE('',#6048,#1301);
#762=LINE('',#6049,#1302);
#763=LINE('',#6051,#1303);
#764=LINE('',#6053,#1304);
#765=LINE('',#6055,#1305);
#766=LINE('',#6056,#1306);
#767=LINE('',#6058,#1307);
#768=LINE('',#6061,#1308);
#769=LINE('',#6062,#1309);
#770=LINE('',#6065,#1310);
#771=LINE('',#6066,#1311);
#772=LINE('',#6068,#1312);
#773=LINE('',#6071,#1313);
#774=LINE('',#6075,#1314);
#775=LINE('',#6076,#1315);
#776=LINE('',#6078,#1316);
#777=LINE('',#6082,#1317);
#778=LINE('',#6083,#1318);
#779=LINE('',#6084,#1319);
#780=LINE('',#6086,#1320);
#781=LINE('',#6088,#1321);
#782=LINE('',#6089,#1322);
#783=LINE('',#6091,#1323);
#784=LINE('',#6095,#1324);
#785=LINE('',#6096,#1325);
#786=LINE('',#6098,#1326);
#787=LINE('',#6101,#1327);
#788=LINE('',#6105,#1328);
#789=LINE('',#6107,#1329);
#790=LINE('',#6108,#1330);
#791=LINE('',#6111,#1331);
#792=LINE('',#6112,#1332);
#793=LINE('',#6115,#1333);
#794=LINE('',#6116,#1334);
#795=LINE('',#6118,#1335);
#796=LINE('',#6119,#1336);
#797=LINE('',#6124,#1337);
#798=LINE('',#6126,#1338);
#799=LINE('',#6127,#1339);
#800=LINE('',#6130,#1340);
#801=LINE('',#6132,#1341);
#802=LINE('',#6133,#1342);
#803=LINE('',#6135,#1343);
#804=LINE('',#6136,#1344);
#805=LINE('',#6139,#1345);
#806=LINE('',#6146,#1346);
#807=LINE('',#6148,#1347);
#808=LINE('',#6150,#1348);
#809=LINE('',#6152,#1349);
#810=LINE('',#6154,#1350);
#811=LINE('',#6155,#1351);
#812=LINE('',#6164,#1352);
#813=LINE('',#6170,#1353);
#814=LINE('',#6172,#1354);
#815=LINE('',#6174,#1355);
#816=LINE('',#6175,#1356);
#817=LINE('',#6178,#1357);
#818=LINE('',#6180,#1358);
#819=LINE('',#6181,#1359);
#820=LINE('',#6185,#1360);
#821=LINE('',#6187,#1361);
#822=LINE('',#6189,#1362);
#823=LINE('',#6190,#1363);
#824=LINE('',#6193,#1364);
#825=LINE('',#6194,#1365);
#826=LINE('',#6197,#1366);
#827=LINE('',#6198,#1367);
#828=LINE('',#6199,#1368);
#829=LINE('',#6205,#1369);
#830=LINE('',#6207,#1370);
#831=LINE('',#6210,#1371);
#832=LINE('',#6211,#1372);
#833=LINE('',#6219,#1373);
#834=LINE('',#6220,#1374);
#835=LINE('',#6221,#1375);
#836=LINE('',#6222,#1376);
#837=LINE('',#6224,#1377);
#838=LINE('',#6226,#1378);
#839=LINE('',#6228,#1379);
#840=LINE('',#6229,#1380);
#841=LINE('',#6231,#1381);
#842=LINE('',#6251,#1382);
#843=LINE('',#6254,#1383);
#844=LINE('',#6260,#1384);
#845=LINE('',#6261,#1385);
#846=LINE('',#6265,#1386);
#847=LINE('',#6266,#1387);
#848=LINE('',#6267,#1388);
#849=LINE('',#6282,#1389);
#850=LINE('',#6283,#1390);
#851=LINE('',#6285,#1391);
#852=LINE('',#6305,#1392);
#853=LINE('',#6326,#1393);
#854=LINE('',#6328,#1394);
#855=LINE('',#6331,#1395);
#856=LINE('',#6336,#1396);
#857=LINE('',#6338,#1397);
#858=LINE('',#6340,#1398);
#859=LINE('',#6344,#1399);
#860=LINE('',#6347,#1400);
#861=LINE('',#6355,#1401);
#862=LINE('',#6356,#1402);
#863=LINE('',#6358,#1403);
#864=LINE('',#6359,#1404);
#865=LINE('',#6363,#1405);
#866=LINE('',#6364,#1406);
#867=LINE('',#6366,#1407);
#868=LINE('',#6368,#1408);
#869=LINE('',#6369,#1409);
#870=LINE('',#6372,#1410);
#871=LINE('',#6374,#1411);
#872=LINE('',#6375,#1412);
#873=LINE('',#6395,#1413);
#874=LINE('',#6398,#1414);
#875=LINE('',#6407,#1415);
#876=LINE('',#6415,#1416);
#877=LINE('',#6417,#1417);
#878=LINE('',#6430,#1418);
#879=LINE('',#6431,#1419);
#880=LINE('',#6432,#1420);
#881=LINE('',#6436,#1421);
#882=LINE('',#6437,#1422);
#883=LINE('',#6441,#1423);
#884=LINE('',#6443,#1424);
#885=LINE('',#6445,#1425);
#886=LINE('',#6447,#1426);
#887=LINE('',#6449,#1427);
#888=LINE('',#6450,#1428);
#889=LINE('',#6472,#1429);
#890=LINE('',#6494,#1430);
#891=LINE('',#6495,#1431);
#892=LINE('',#6496,#1432);
#893=LINE('',#6499,#1433);
#894=LINE('',#6500,#1434);
#895=LINE('',#6503,#1435);
#896=LINE('',#6504,#1436);
#897=LINE('',#6506,#1437);
#898=LINE('',#6510,#1438);
#899=LINE('',#6511,#1439);
#900=LINE('',#6512,#1440);
#901=LINE('',#6513,#1441);
#902=LINE('',#6515,#1442);
#903=LINE('',#6517,#1443);
#904=LINE('',#6520,#1444);
#905=LINE('',#6521,#1445);
#906=LINE('',#6523,#1446);
#907=LINE('',#6528,#1447);
#908=LINE('',#6530,#1448);
#909=LINE('',#6532,#1449);
#910=LINE('',#6534,#1450);
#911=LINE('',#6536,#1451);
#912=LINE('',#6538,#1452);
#913=LINE('',#6540,#1453);
#914=LINE('',#6542,#1454);
#915=LINE('',#6544,#1455);
#916=LINE('',#6545,#1456);
#917=LINE('',#6548,#1457);
#918=LINE('',#6550,#1458);
#919=LINE('',#6552,#1459);
#920=LINE('',#6554,#1460);
#921=LINE('',#6555,#1461);
#922=LINE('',#6558,#1462);
#923=LINE('',#6560,#1463);
#924=LINE('',#6562,#1464);
#925=LINE('',#6564,#1465);
#926=LINE('',#6565,#1466);
#927=LINE('',#6568,#1467);
#928=LINE('',#6569,#1468);
#929=LINE('',#6572,#1469);
#930=LINE('',#6573,#1470);
#931=LINE('',#6576,#1471);
#932=LINE('',#6577,#1472);
#933=LINE('',#6580,#1473);
#934=LINE('',#6582,#1474);
#935=LINE('',#6583,#1475);
#936=LINE('',#6596,#1476);
#937=LINE('',#6600,#1477);
#938=LINE('',#6604,#1478);
#939=LINE('',#6606,#1479);
#940=LINE('',#6607,#1480);
#941=LINE('',#6616,#1481);
#942=LINE('',#6621,#1482);
#943=LINE('',#6622,#1483);
#944=LINE('',#6623,#1484);
#945=LINE('',#6626,#1485);
#946=LINE('',#6628,#1486);
#947=LINE('',#6629,#1487);
#948=LINE('',#6632,#1488);
#949=LINE('',#6634,#1489);
#950=LINE('',#6636,#1490);
#951=LINE('',#6640,#1491);
#952=LINE('',#6641,#1492);
#953=LINE('',#6644,#1493);
#954=LINE('',#6645,#1494);
#955=LINE('',#6653,#1495);
#956=LINE('',#6656,#1496);
#957=LINE('',#6657,#1497);
#958=LINE('',#6659,#1498);
#959=LINE('',#6662,#1499);
#960=LINE('',#6664,#1500);
#961=LINE('',#6665,#1501);
#962=LINE('',#6667,#1502);
#963=LINE('',#6669,#1503);
#964=LINE('',#6671,#1504);
#965=LINE('',#6674,#1505);
#966=LINE('',#6679,#1506);
#967=LINE('',#6681,#1507);
#968=LINE('',#6685,#1508);
#969=LINE('',#6687,#1509);
#970=LINE('',#6689,#1510);
#971=LINE('',#6691,#1511);
#972=LINE('',#6693,#1512);
#973=LINE('',#6695,#1513);
#974=LINE('',#6697,#1514);
#975=LINE('',#6699,#1515);
#976=LINE('',#6700,#1516);
#977=LINE('',#6703,#1517);
#978=LINE('',#6705,#1518);
#979=LINE('',#6706,#1519);
#980=LINE('',#6709,#1520);
#981=LINE('',#6710,#1521);
#982=LINE('',#6713,#1522);
#983=LINE('',#6715,#1523);
#984=LINE('',#6716,#1524);
#985=LINE('',#6719,#1525);
#986=LINE('',#6720,#1526);
#987=LINE('',#6728,#1527);
#988=LINE('',#6732,#1528);
#989=LINE('',#6733,#1529);
#990=LINE('',#6736,#1530);
#991=LINE('',#6738,#1531);
#992=LINE('',#6740,#1532);
#993=LINE('',#6742,#1533);
#994=LINE('',#6743,#1534);
#995=LINE('',#6746,#1535);
#996=LINE('',#6748,#1536);
#997=LINE('',#6750,#1537);
#998=LINE('',#6751,#1538);
#999=LINE('',#6753,#1539);
#1000=LINE('',#6757,#1540);
#1001=LINE('',#6758,#1541);
#1002=LINE('',#6759,#1542);
#1003=LINE('',#6762,#1543);
#1004=LINE('',#6764,#1544);
#1005=LINE('',#6765,#1545);
#1006=LINE('',#6768,#1546);
#1007=LINE('',#6769,#1547);
#1008=LINE('',#6771,#1548);
#1009=LINE('',#6772,#1549);
#1010=LINE('',#6782,#1550);
#1011=LINE('',#6786,#1551);
#1012=LINE('',#6788,#1552);
#1013=LINE('',#6789,#1553);
#1014=LINE('',#6803,#1554);
#1015=LINE('',#6807,#1555);
#1016=LINE('',#6809,#1556);
#1017=LINE('',#6810,#1557);
#1018=LINE('',#6820,#1558);
#1019=LINE('',#6824,#1559);
#1020=LINE('',#6825,#1560);
#1021=LINE('',#6826,#1561);
#1022=LINE('',#6828,#1562);
#1023=LINE('',#6829,#1563);
#1024=LINE('',#6831,#1564);
#1025=LINE('',#6836,#1565);
#1026=LINE('',#6841,#1566);
#1027=LINE('',#6843,#1567);
#1028=LINE('',#6845,#1568);
#1029=LINE('',#6847,#1569);
#1030=LINE('',#6849,#1570);
#1031=LINE('',#6851,#1571);
#1032=LINE('',#6853,#1572);
#1033=LINE('',#6855,#1573);
#1034=LINE('',#6857,#1574);
#1035=LINE('',#6859,#1575);
#1036=LINE('',#6861,#1576);
#1037=LINE('',#6863,#1577);
#1038=LINE('',#6865,#1578);
#1039=LINE('',#6867,#1579);
#1040=LINE('',#6869,#1580);
#1041=LINE('',#6870,#1581);
#1042=LINE('',#6873,#1582);
#1043=LINE('',#6875,#1583);
#1044=LINE('',#6877,#1584);
#1045=LINE('',#6879,#1585);
#1046=LINE('',#6880,#1586);
#1047=LINE('',#6884,#1587);
#1048=LINE('',#6886,#1588);
#1049=LINE('',#6888,#1589);
#1050=LINE('',#6890,#1590);
#1051=LINE('',#6892,#1591);
#1052=LINE('',#6893,#1592);
#1053=LINE('',#6896,#1593);
#1054=LINE('',#6897,#1594);
#1055=LINE('',#6899,#1595);
#1056=LINE('',#6900,#1596);
#1057=LINE('',#6903,#1597);
#1058=LINE('',#6904,#1598);
#1059=LINE('',#6907,#1599);
#1060=LINE('',#6909,#1600);
#1061=LINE('',#6911,#1601);
#1062=LINE('',#6912,#1602);
#1063=LINE('',#6915,#1603);
#1064=LINE('',#6917,#1604);
#1065=LINE('',#6918,#1605);
#1066=LINE('',#6921,#1606);
#1067=LINE('',#6923,#1607);
#1068=LINE('',#6924,#1608);
#1069=LINE('',#6928,#1609);
#1070=LINE('',#6930,#1610);
#1071=LINE('',#6932,#1611);
#1072=LINE('',#6933,#1612);
#1073=LINE('',#6963,#1613);
#1074=LINE('',#6989,#1614);
#1075=LINE('',#6997,#1615);
#1076=LINE('',#7000,#1616);
#1077=LINE('',#7002,#1617);
#1078=LINE('',#7003,#1618);
#1079=LINE('',#7028,#1619);
#1080=LINE('',#7048,#1620);
#1081=LINE('',#7050,#1621);
#1082=LINE('',#7052,#1622);
#1083=LINE('',#7053,#1623);
#1084=LINE('',#7057,#1624);
#1085=LINE('',#7059,#1625);
#1086=LINE('',#7061,#1626);
#1087=LINE('',#7062,#1627);
#1088=LINE('',#7086,#1628);
#1089=LINE('',#7097,#1629);
#1090=LINE('',#7098,#1630);
#1091=LINE('',#7099,#1631);
#1092=LINE('',#7102,#1632);
#1093=LINE('',#7104,#1633);
#1094=LINE('',#7105,#1634);
#1095=LINE('',#7107,#1635);
#1096=LINE('',#7109,#1636);
#1097=LINE('',#7110,#1637);
#1098=LINE('',#7113,#1638);
#1099=LINE('',#7115,#1639);
#1100=LINE('',#7117,#1640);
#1101=LINE('',#7118,#1641);
#1102=LINE('',#7120,#1642);
#1103=LINE('',#7122,#1643);
#1104=LINE('',#7123,#1644);
#1105=LINE('',#7125,#1645);
#1106=LINE('',#7128,#1646);
#1107=LINE('',#7129,#1647);
#1108=LINE('',#7131,#1648);
#1109=LINE('',#7171,#1649);
#1110=LINE('',#7173,#1650);
#1111=LINE('',#7175,#1651);
#1112=LINE('',#7178,#1652);
#1113=LINE('',#7179,#1653);
#1114=LINE('',#7188,#1654);
#1115=LINE('',#7197,#1655);
#1116=LINE('',#7205,#1656);
#1117=LINE('',#7206,#1657);
#1118=LINE('',#7209,#1658);
#1119=LINE('',#7210,#1659);
#1120=LINE('',#7212,#1660);
#1121=LINE('',#7214,#1661);
#1122=LINE('',#7215,#1662);
#1123=LINE('',#7218,#1663);
#1124=LINE('',#7238,#1664);
#1125=LINE('',#7241,#1665);
#1126=LINE('',#7242,#1666);
#1127=LINE('',#7257,#1667);
#1128=LINE('',#7260,#1668);
#1129=LINE('',#7261,#1669);
#1130=VECTOR('',#4548,10.);
#1131=VECTOR('',#4549,10.);
#1132=VECTOR('',#4550,10.);
#1133=VECTOR('',#4551,10.);
#1134=VECTOR('',#4552,10.);
#1135=VECTOR('',#4553,10.);
#1136=VECTOR('',#4554,10.);
#1137=VECTOR('',#4555,10.);
#1138=VECTOR('',#4556,10.);
#1139=VECTOR('',#4557,10.);
#1140=VECTOR('',#4558,10.);
#1141=VECTOR('',#4559,10.);
#1142=VECTOR('',#4562,10.);
#1143=VECTOR('',#4563,10.);
#1144=VECTOR('',#4564,10.);
#1145=VECTOR('',#4565,10.);
#1146=VECTOR('',#4566,10.);
#1147=VECTOR('',#4567,10.);
#1148=VECTOR('',#4570,9.99999999999998);
#1149=VECTOR('',#4571,10.);
#1150=VECTOR('',#4572,10.);
#1151=VECTOR('',#4573,10.);
#1152=VECTOR('',#4576,10.);
#1153=VECTOR('',#4577,10.);
#1154=VECTOR('',#4578,10.);
#1155=VECTOR('',#4581,10.);
#1156=VECTOR('',#4582,10.);
#1157=VECTOR('',#4583,10.);
#1158=VECTOR('',#4584,10.);
#1159=VECTOR('',#4585,10.);
#1160=VECTOR('',#4588,10.);
#1161=VECTOR('',#4591,10.);
#1162=VECTOR('',#4594,10.);
#1163=VECTOR('',#4599,10.);
#1164=VECTOR('',#4600,10.);
#1165=VECTOR('',#4601,10.);
#1166=VECTOR('',#4602,10.);
#1167=VECTOR('',#4603,10.);
#1168=VECTOR('',#4604,10.);
#1169=VECTOR('',#4605,9.99999999999999);
#1170=VECTOR('',#4606,10.);
#1171=VECTOR('',#4609,10.);
#1172=VECTOR('',#4610,10.);
#1173=VECTOR('',#4611,10.);
#1174=VECTOR('',#4612,10.);
#1175=VECTOR('',#4613,10.);
#1176=VECTOR('',#4614,10.);
#1177=VECTOR('',#4615,10.);
#1178=VECTOR('',#4616,10.);
#1179=VECTOR('',#4619,10.);
#1180=VECTOR('',#4620,10.);
#1181=VECTOR('',#4621,10.);
#1182=VECTOR('',#4624,10.);
#1183=VECTOR('',#4625,10.);
#1184=VECTOR('',#4628,10.);
#1185=VECTOR('',#4629,10.);
#1186=VECTOR('',#4632,10.);
#1187=VECTOR('',#4633,10.);
#1188=VECTOR('',#4634,10.);
#1189=VECTOR('',#4637,10.);
#1190=VECTOR('',#4638,10.);
#1191=VECTOR('',#4639,10.);
#1192=VECTOR('',#4640,10.);
#1193=VECTOR('',#4643,10.);
#1194=VECTOR('',#4644,10.);
#1195=VECTOR('',#4645,10.);
#1196=VECTOR('',#4648,10.);
#1197=VECTOR('',#4649,10.);
#1198=VECTOR('',#4650,10.);
#1199=VECTOR('',#4651,10.);
#1200=VECTOR('',#4654,10.);
#1201=VECTOR('',#4657,10.);
#1202=VECTOR('',#4658,10.);
#1203=VECTOR('',#4659,10.);
#1204=VECTOR('',#4660,10.);
#1205=VECTOR('',#4661,10.);
#1206=VECTOR('',#4662,10.);
#1207=VECTOR('',#4663,10.);
#1208=VECTOR('',#4664,10.);
#1209=VECTOR('',#4667,10.);
#1210=VECTOR('',#4668,10.);
#1211=VECTOR('',#4671,10.);
#1212=VECTOR('',#4672,10.);
#1213=VECTOR('',#4673,10.);
#1214=VECTOR('',#4674,10.);
#1215=VECTOR('',#4675,10.);
#1216=VECTOR('',#4678,10.);
#1217=VECTOR('',#4679,10.);
#1218=VECTOR('',#4682,10.);
#1219=VECTOR('',#4683,10.);
#1220=VECTOR('',#4684,10.);
#1221=VECTOR('',#4687,10.);
#1222=VECTOR('',#4690,10.);
#1223=VECTOR('',#4691,10.);
#1224=VECTOR('',#4692,10.);
#1225=VECTOR('',#4693,10.);
#1226=VECTOR('',#4694,10.);
#1227=VECTOR('',#4695,10.);
#1228=VECTOR('',#4696,10.);
#1229=VECTOR('',#4697,10.);
#1230=VECTOR('',#4698,10.);
#1231=VECTOR('',#4699,10.);
#1232=VECTOR('',#4700,10.);
#1233=VECTOR('',#4701,10.);
#1234=VECTOR('',#4704,10.);
#1235=VECTOR('',#4705,10.);
#1236=VECTOR('',#4706,10.);
#1237=VECTOR('',#4707,10.);
#1238=VECTOR('',#4708,10.);
#1239=VECTOR('',#4709,10.);
#1240=VECTOR('',#4710,10.);
#1241=VECTOR('',#4711,10.);
#1242=VECTOR('',#4712,10.);
#1243=VECTOR('',#4713,10.);
#1244=VECTOR('',#4714,10.);
#1245=VECTOR('',#4715,10.);
#1246=VECTOR('',#4718,10.);
#1247=VECTOR('',#4721,10.);
#1248=VECTOR('',#4722,10.);
#1249=VECTOR('',#4723,9.99999999999998);
#1250=VECTOR('',#4726,10.);
#1251=VECTOR('',#4727,10.);
#1252=VECTOR('',#4732,10.);
#1253=VECTOR('',#4735,10.);
#1254=VECTOR('',#4738,10.);
#1255=VECTOR('',#4739,10.);
#1256=VECTOR('',#4742,10.);
#1257=VECTOR('',#4743,10.);
#1258=VECTOR('',#4748,10.);
#1259=VECTOR('',#4749,10.);
#1260=VECTOR('',#4750,10.);
#1261=VECTOR('',#4753,10.);
#1262=VECTOR('',#4754,10.);
#1263=VECTOR('',#4755,10.);
#1264=VECTOR('',#4758,10.);
#1265=VECTOR('',#4759,10.);
#1266=VECTOR('',#4760,10.);
#1267=VECTOR('',#4763,10.);
#1268=VECTOR('',#4764,10.);
#1269=VECTOR('',#4767,10.);
#1270=VECTOR('',#4768,10.);
#1271=VECTOR('',#4771,10.);
#1272=VECTOR('',#4774,10.);
#1273=VECTOR('',#4775,10.);
#1274=VECTOR('',#4776,10.);
#1275=VECTOR('',#4777,10.);
#1276=VECTOR('',#4778,10.);
#1277=VECTOR('',#4779,10.);
#1278=VECTOR('',#4780,10.);
#1279=VECTOR('',#4781,10.);
#1280=VECTOR('',#4782,10.);
#1281=VECTOR('',#4783,10.);
#1282=VECTOR('',#4784,10.);
#1283=VECTOR('',#4785,10.);
#1284=VECTOR('',#4786,10.);
#1285=VECTOR('',#4787,10.);
#1286=VECTOR('',#4792,10.);
#1287=VECTOR('',#4793,10.);
#1288=VECTOR('',#4794,10.);
#1289=VECTOR('',#4795,10.);
#1290=VECTOR('',#4796,10.);
#1291=VECTOR('',#4797,10.);
#1292=VECTOR('',#4798,10.);
#1293=VECTOR('',#4799,10.);
#1294=VECTOR('',#4800,10.);
#1295=VECTOR('',#4805,10.);
#1296=VECTOR('',#4810,10.);
#1297=VECTOR('',#4815,10.);
#1298=VECTOR('',#4816,10.);
#1299=VECTOR('',#4817,10.);
#1300=VECTOR('',#4820,10.);
#1301=VECTOR('',#4823,10.);
#1302=VECTOR('',#4824,10.);
#1303=VECTOR('',#4827,10.);
#1304=VECTOR('',#4830,10.);
#1305=VECTOR('',#4833,10.);
#1306=VECTOR('',#4834,10.);
#1307=VECTOR('',#4837,10.);
#1308=VECTOR('',#4840,10.);
#1309=VECTOR('',#4841,10.);
#1310=VECTOR('',#4844,10.);
#1311=VECTOR('',#4845,10.);
#1312=VECTOR('',#4848,10.);
#1313=VECTOR('',#4853,10.);
#1314=VECTOR('',#4858,10.);
#1315=VECTOR('',#4859,10.);
#1316=VECTOR('',#4862,10.);
#1317=VECTOR('',#4867,10.);
#1318=VECTOR('',#4868,10.);
#1319=VECTOR('',#4869,10.);
#1320=VECTOR('',#4872,10.);
#1321=VECTOR('',#4875,10.);
#1322=VECTOR('',#4876,10.);
#1323=VECTOR('',#4879,10.);
#1324=VECTOR('',#4884,10.);
#1325=VECTOR('',#4885,10.);
#1326=VECTOR('',#4888,10.);
#1327=VECTOR('',#4893,10.);
#1328=VECTOR('',#4898,10.);
#1329=VECTOR('',#4899,10.);
#1330=VECTOR('',#4900,10.);
#1331=VECTOR('',#4903,10.);
#1332=VECTOR('',#4904,10.);
#1333=VECTOR('',#4907,10.);
#1334=VECTOR('',#4908,10.);
#1335=VECTOR('',#4911,10.);
#1336=VECTOR('',#4912,10.);
#1337=VECTOR('',#4919,10.);
#1338=VECTOR('',#4920,10.);
#1339=VECTOR('',#4921,10.);
#1340=VECTOR('',#4924,10.);
#1341=VECTOR('',#4925,10.);
#1342=VECTOR('',#4926,10.);
#1343=VECTOR('',#4929,10.);
#1344=VECTOR('',#4930,10.);
#1345=VECTOR('',#4935,10.);
#1346=VECTOR('',#4944,10.);
#1347=VECTOR('',#4945,10.);
#1348=VECTOR('',#4946,10.);
#1349=VECTOR('',#4947,10.);
#1350=VECTOR('',#4948,10.);
#1351=VECTOR('',#4949,10.);
#1352=VECTOR('',#4950,10.);
#1353=VECTOR('',#4957,10.);
#1354=VECTOR('',#4958,10.);
#1355=VECTOR('',#4959,10.);
#1356=VECTOR('',#4960,10.);
#1357=VECTOR('',#4963,10.);
#1358=VECTOR('',#4964,10.);
#1359=VECTOR('',#4965,10.);
#1360=VECTOR('',#4968,10.);
#1361=VECTOR('',#4969,10.);
#1362=VECTOR('',#4970,10.);
#1363=VECTOR('',#4971,10.);
#1364=VECTOR('',#4974,10.);
#1365=VECTOR('',#4975,10.);
#1366=VECTOR('',#4978,10.);
#1367=VECTOR('',#4979,10.);
#1368=VECTOR('',#4980,10.);
#1369=VECTOR('',#4985,10.);
#1370=VECTOR('',#4986,10.);
#1371=VECTOR('',#4989,10.);
#1372=VECTOR('',#4990,10.);
#1373=VECTOR('',#4997,10.);
#1374=VECTOR('',#4998,10.);
#1375=VECTOR('',#4999,9.99999999999999);
#1376=VECTOR('',#5000,10.);
#1377=VECTOR('',#5001,10.);
#1378=VECTOR('',#5002,9.99999999999999);
#1379=VECTOR('',#5003,10.);
#1380=VECTOR('',#5004,10.);
#1381=VECTOR('',#5007,10.);
#1382=VECTOR('',#5008,10.);
#1383=VECTOR('',#5011,10.);
#1384=VECTOR('',#5016,10.);
#1385=VECTOR('',#5017,10.);
#1386=VECTOR('',#5020,10.);
#1387=VECTOR('',#5021,10.);
#1388=VECTOR('',#5022,10.);
#1389=VECTOR('',#5023,10.);
#1390=VECTOR('',#5024,10.);
#1391=VECTOR('',#5027,10.);
#1392=VECTOR('',#5030,10.);
#1393=VECTOR('',#5035,10.);
#1394=VECTOR('',#5038,10.);
#1395=VECTOR('',#5043,10.);
#1396=VECTOR('',#5048,10.);
#1397=VECTOR('',#5049,10.);
#1398=VECTOR('',#5050,10.);
#1399=VECTOR('',#5053,10.);
#1400=VECTOR('',#5056,10.);
#1401=VECTOR('',#5063,10.);
#1402=VECTOR('',#5064,10.);
#1403=VECTOR('',#5065,10.);
#1404=VECTOR('',#5066,10.);
#1405=VECTOR('',#5069,10.);
#1406=VECTOR('',#5070,10.);
#1407=VECTOR('',#5071,10.);
#1408=VECTOR('',#5072,10.);
#1409=VECTOR('',#5073,10.);
#1410=VECTOR('',#5076,10.);
#1411=VECTOR('',#5077,10.);
#1412=VECTOR('',#5078,10.);
#1413=VECTOR('',#5079,10.);
#1414=VECTOR('',#5082,10.);
#1415=VECTOR('',#5085,10.);
#1416=VECTOR('',#5086,10.);
#1417=VECTOR('',#5087,10.);
#1418=VECTOR('',#5092,10.);
#1419=VECTOR('',#5093,10.);
#1420=VECTOR('',#5094,10.);
#1421=VECTOR('',#5099,10.);
#1422=VECTOR('',#5100,10.);
#1423=VECTOR('',#5103,10.);
#1424=VECTOR('',#5104,10.);
#1425=VECTOR('',#5105,10.);
#1426=VECTOR('',#5106,10.);
#1427=VECTOR('',#5107,10.);
#1428=VECTOR('',#5108,10.);
#1429=VECTOR('',#5113,10.);
#1430=VECTOR('',#5116,10.);
#1431=VECTOR('',#5117,10.);
#1432=VECTOR('',#5118,10.);
#1433=VECTOR('',#5121,10.);
#1434=VECTOR('',#5122,10.);
#1435=VECTOR('',#5125,10.);
#1436=VECTOR('',#5126,10.);
#1437=VECTOR('',#5129,10.);
#1438=VECTOR('',#5132,10.);
#1439=VECTOR('',#5133,10.);
#1440=VECTOR('',#5134,10.);
#1441=VECTOR('',#5135,10.);
#1442=VECTOR('',#5138,10.);
#1443=VECTOR('',#5141,10.);
#1444=VECTOR('',#5144,10.);
#1445=VECTOR('',#5145,10.);
#1446=VECTOR('',#5148,10.);
#1447=VECTOR('',#5153,10.);
#1448=VECTOR('',#5154,10.);
#1449=VECTOR('',#5155,10.);
#1450=VECTOR('',#5156,10.);
#1451=VECTOR('',#5157,10.);
#1452=VECTOR('',#5158,9.99999999999998);
#1453=VECTOR('',#5159,10.);
#1454=VECTOR('',#5160,10.);
#1455=VECTOR('',#5161,10.);
#1456=VECTOR('',#5162,9.99999999999999);
#1457=VECTOR('',#5165,10.);
#1458=VECTOR('',#5166,10.);
#1459=VECTOR('',#5167,10.);
#1460=VECTOR('',#5168,10.);
#1461=VECTOR('',#5169,10.);
#1462=VECTOR('',#5172,10.);
#1463=VECTOR('',#5173,10.);
#1464=VECTOR('',#5174,10.);
#1465=VECTOR('',#5175,10.);
#1466=VECTOR('',#5176,10.);
#1467=VECTOR('',#5179,10.);
#1468=VECTOR('',#5180,10.);
#1469=VECTOR('',#5183,10.);
#1470=VECTOR('',#5184,10.);
#1471=VECTOR('',#5187,10.);
#1472=VECTOR('',#5188,10.);
#1473=VECTOR('',#5191,10.);
#1474=VECTOR('',#5192,10.);
#1475=VECTOR('',#5193,10.);
#1476=VECTOR('',#5194,10.);
#1477=VECTOR('',#5197,10.);
#1478=VECTOR('',#5202,10.);
#1479=VECTOR('',#5203,10.);
#1480=VECTOR('',#5204,10.);
#1481=VECTOR('',#5205,10.);
#1482=VECTOR('',#5212,10.);
#1483=VECTOR('',#5213,10.);
#1484=VECTOR('',#5214,10.);
#1485=VECTOR('',#5217,10.);
#1486=VECTOR('',#5218,10.);
#1487=VECTOR('',#5219,10.);
#1488=VECTOR('',#5222,10.);
#1489=VECTOR('',#5223,10.);
#1490=VECTOR('',#5224,10.);
#1491=VECTOR('',#5229,10.);
#1492=VECTOR('',#5230,10.);
#1493=VECTOR('',#5233,10.);
#1494=VECTOR('',#5234,10.);
#1495=VECTOR('',#5237,10.);
#1496=VECTOR('',#5240,10.);
#1497=VECTOR('',#5241,10.);
#1498=VECTOR('',#5244,10.);
#1499=VECTOR('',#5247,10.);
#1500=VECTOR('',#5248,10.);
#1501=VECTOR('',#5249,10.);
#1502=VECTOR('',#5252,10.);
#1503=VECTOR('',#5255,10.);
#1504=VECTOR('',#5258,10.);
#1505=VECTOR('',#5263,10.);
#1506=VECTOR('',#5268,10.);
#1507=VECTOR('',#5269,10.);
#1508=VECTOR('',#5272,10.);
#1509=VECTOR('',#5273,10.);
#1510=VECTOR('',#5274,10.);
#1511=VECTOR('',#5275,10.);
#1512=VECTOR('',#5276,10.);
#1513=VECTOR('',#5277,10.);
#1514=VECTOR('',#5278,10.);
#1515=VECTOR('',#5279,10.);
#1516=VECTOR('',#5280,10.);
#1517=VECTOR('',#5283,10.);
#1518=VECTOR('',#5284,10.);
#1519=VECTOR('',#5285,10.);
#1520=VECTOR('',#5288,10.);
#1521=VECTOR('',#5289,10.);
#1522=VECTOR('',#5292,10.);
#1523=VECTOR('',#5293,10.);
#1524=VECTOR('',#5294,10.);
#1525=VECTOR('',#5297,10.);
#1526=VECTOR('',#5298,10.);
#1527=VECTOR('',#5299,10.);
#1528=VECTOR('',#5304,10.);
#1529=VECTOR('',#5305,10.);
#1530=VECTOR('',#5308,10.);
#1531=VECTOR('',#5309,10.);
#1532=VECTOR('',#5310,10.);
#1533=VECTOR('',#5311,10.);
#1534=VECTOR('',#5312,10.);
#1535=VECTOR('',#5315,10.);
#1536=VECTOR('',#5316,10.);
#1537=VECTOR('',#5317,10.);
#1538=VECTOR('',#5318,10.);
#1539=VECTOR('',#5321,10.);
#1540=VECTOR('',#5324,10.);
#1541=VECTOR('',#5325,10.);
#1542=VECTOR('',#5326,10.);
#1543=VECTOR('',#5329,10.);
#1544=VECTOR('',#5330,10.);
#1545=VECTOR('',#5331,10.);
#1546=VECTOR('',#5334,10.);
#1547=VECTOR('',#5335,10.);
#1548=VECTOR('',#5336,10.);
#1549=VECTOR('',#5337,10.);
#1550=VECTOR('',#5340,10.);
#1551=VECTOR('',#5345,10.);
#1552=VECTOR('',#5346,10.);
#1553=VECTOR('',#5347,10.);
#1554=VECTOR('',#5350,10.);
#1555=VECTOR('',#5355,10.);
#1556=VECTOR('',#5356,10.);
#1557=VECTOR('',#5357,10.);
#1558=VECTOR('',#5360,10.);
#1559=VECTOR('',#5365,10.);
#1560=VECTOR('',#5366,10.);
#1561=VECTOR('',#5367,10.);
#1562=VECTOR('',#5370,10.);
#1563=VECTOR('',#5371,10.);
#1564=VECTOR('',#5374,10.);
#1565=VECTOR('',#5383,10.);
#1566=VECTOR('',#5388,10.);
#1567=VECTOR('',#5389,10.);
#1568=VECTOR('',#5390,10.);
#1569=VECTOR('',#5391,10.);
#1570=VECTOR('',#5392,10.);
#1571=VECTOR('',#5393,10.);
#1572=VECTOR('',#5394,10.);
#1573=VECTOR('',#5395,10.);
#1574=VECTOR('',#5396,10.);
#1575=VECTOR('',#5397,9.99999999999998);
#1576=VECTOR('',#5398,10.);
#1577=VECTOR('',#5399,10.);
#1578=VECTOR('',#5400,10.);
#1579=VECTOR('',#5401,10.);
#1580=VECTOR('',#5402,10.);
#1581=VECTOR('',#5403,10.);
#1582=VECTOR('',#5406,10.);
#1583=VECTOR('',#5407,10.);
#1584=VECTOR('',#5408,10.);
#1585=VECTOR('',#5409,10.);
#1586=VECTOR('',#5410,10.);
#1587=VECTOR('',#5413,10.);
#1588=VECTOR('',#5414,10.);
#1589=VECTOR('',#5415,10.);
#1590=VECTOR('',#5416,10.);
#1591=VECTOR('',#5417,10.);
#1592=VECTOR('',#5418,9.99999999999999);
#1593=VECTOR('',#5421,10.);
#1594=VECTOR('',#5422,10.);
#1595=VECTOR('',#5423,10.);
#1596=VECTOR('',#5424,10.);
#1597=VECTOR('',#5427,10.);
#1598=VECTOR('',#5428,10.);
#1599=VECTOR('',#5431,10.);
#1600=VECTOR('',#5432,10.);
#1601=VECTOR('',#5433,10.);
#1602=VECTOR('',#5434,10.);
#1603=VECTOR('',#5437,10.);
#1604=VECTOR('',#5438,10.);
#1605=VECTOR('',#5439,10.);
#1606=VECTOR('',#5442,10.);
#1607=VECTOR('',#5443,10.);
#1608=VECTOR('',#5444,10.);
#1609=VECTOR('',#5447,10.);
#1610=VECTOR('',#5448,10.);
#1611=VECTOR('',#5449,10.);
#1612=VECTOR('',#5450,10.);
#1613=VECTOR('',#5453,10.);
#1614=VECTOR('',#5456,10.);
#1615=VECTOR('',#5457,10.);
#1616=VECTOR('',#5460,10.);
#1617=VECTOR('',#5461,10.);
#1618=VECTOR('',#5462,10.);
#1619=VECTOR('',#5465,10.);
#1620=VECTOR('',#5468,10.);
#1621=VECTOR('',#5469,10.);
#1622=VECTOR('',#5470,10.);
#1623=VECTOR('',#5471,9.99999999999998);
#1624=VECTOR('',#5474,10.);
#1625=VECTOR('',#5475,10.);
#1626=VECTOR('',#5476,10.);
#1627=VECTOR('',#5477,10.);
#1628=VECTOR('',#5478,10.);
#1629=VECTOR('',#5483,10.);
#1630=VECTOR('',#5484,10.);
#1631=VECTOR('',#5485,10.);
#1632=VECTOR('',#5488,10.);
#1633=VECTOR('',#5489,10.);
#1634=VECTOR('',#5490,9.99999999999998);
#1635=VECTOR('',#5493,10.);
#1636=VECTOR('',#5496,10.);
#1637=VECTOR('',#5497,10.);
#1638=VECTOR('',#5500,10.);
#1639=VECTOR('',#5501,10.);
#1640=VECTOR('',#5502,10.);
#1641=VECTOR('',#5503,10.);
#1642=VECTOR('',#5506,10.);
#1643=VECTOR('',#5507,10.);
#1644=VECTOR('',#5508,10.);
#1645=VECTOR('',#5511,10.);
#1646=VECTOR('',#5514,10.);
#1647=VECTOR('',#5515,10.);
#1648=VECTOR('',#5518,10.);
#1649=VECTOR('',#5523,10.);
#1650=VECTOR('',#5526,10.);
#1651=VECTOR('',#5529,10.);
#1652=VECTOR('',#5532,10.);
#1653=VECTOR('',#5533,10.);
#1654=VECTOR('',#5534,10.);
#1655=VECTOR('',#5535,10.);
#1656=VECTOR('',#5536,10.);
#1657=VECTOR('',#5537,10.);
#1658=VECTOR('',#5540,10.);
#1659=VECTOR('',#5541,10.);
#1660=VECTOR('',#5544,10.);
#1661=VECTOR('',#5547,10.);
#1662=VECTOR('',#5548,9.99999999999999);
#1663=VECTOR('',#5553,9.99999999999999);
#1664=VECTOR('',#5560,10.);
#1665=VECTOR('',#5563,10.);
#1666=VECTOR('',#5564,10.);
#1667=VECTOR('',#5567,9.99999999999999);
#1668=VECTOR('',#5570,10.);
#1669=VECTOR('',#5571,10.);
#1670=VERTEX_POINT('',#5578);
#1671=VERTEX_POINT('',#5579);
#1672=VERTEX_POINT('',#5581);
#1673=VERTEX_POINT('',#5583);
#1674=VERTEX_POINT('',#5585);
#1675=VERTEX_POINT('',#5587);
#1676=VERTEX_POINT('',#5589);
#1677=VERTEX_POINT('',#5591);
#1678=VERTEX_POINT('',#5593);
#1679=VERTEX_POINT('',#5595);
#1680=VERTEX_POINT('',#5597);
#1681=VERTEX_POINT('',#5599);
#1682=VERTEX_POINT('',#5603);
#1683=VERTEX_POINT('',#5604);
#1684=VERTEX_POINT('',#5606);
#1685=VERTEX_POINT('',#5608);
#1686=VERTEX_POINT('',#5610);
#1687=VERTEX_POINT('',#5612);
#1688=VERTEX_POINT('',#5616);
#1689=VERTEX_POINT('',#5617);
#1690=VERTEX_POINT('',#5619);
#1691=VERTEX_POINT('',#5621);
#1692=VERTEX_POINT('',#5625);
#1693=VERTEX_POINT('',#5627);
#1694=VERTEX_POINT('',#5631);
#1695=VERTEX_POINT('',#5633);
#1696=VERTEX_POINT('',#5635);
#1697=VERTEX_POINT('',#5660);
#1698=VERTEX_POINT('',#5661);
#1699=VERTEX_POINT('',#5663);
#1700=VERTEX_POINT('',#5665);
#1701=VERTEX_POINT('',#5690);
#1702=VERTEX_POINT('',#5691);
#1703=VERTEX_POINT('',#5693);
#1704=VERTEX_POINT('',#5695);
#1705=VERTEX_POINT('',#5699);
#1706=VERTEX_POINT('',#5700);
#1707=VERTEX_POINT('',#5702);
#1708=VERTEX_POINT('',#5704);
#1709=VERTEX_POINT('',#5706);
#1710=VERTEX_POINT('',#5708);
#1711=VERTEX_POINT('',#5710);
#1712=VERTEX_POINT('',#5712);
#1713=VERTEX_POINT('',#5716);
#1714=VERTEX_POINT('',#5717);
#1715=VERTEX_POINT('',#5719);
#1716=VERTEX_POINT('',#5721);
#1717=VERTEX_POINT('',#5723);
#1718=VERTEX_POINT('',#5725);
#1719=VERTEX_POINT('',#5727);
#1720=VERTEX_POINT('',#5729);
#1721=VERTEX_POINT('',#5733);
#1722=VERTEX_POINT('',#5735);
#1723=VERTEX_POINT('',#5739);
#1724=VERTEX_POINT('',#5743);
#1725=VERTEX_POINT('',#5747);
#1726=VERTEX_POINT('',#5748);
#1727=VERTEX_POINT('',#5753);
#1728=VERTEX_POINT('',#5754);
#1729=VERTEX_POINT('',#5757);
#1730=VERTEX_POINT('',#5761);
#1731=VERTEX_POINT('',#5763);
#1732=VERTEX_POINT('',#5768);
#1733=VERTEX_POINT('',#5770);
#1734=VERTEX_POINT('',#5776);
#1735=VERTEX_POINT('',#5777);
#1736=VERTEX_POINT('',#5779);
#1737=VERTEX_POINT('',#5781);
#1738=VERTEX_POINT('',#5783);
#1739=VERTEX_POINT('',#5785);
#1740=VERTEX_POINT('',#5788);
#1741=VERTEX_POINT('',#5795);
#1742=VERTEX_POINT('',#5797);
#1743=VERTEX_POINT('',#5799);
#1744=VERTEX_POINT('',#5801);
#1745=VERTEX_POINT('',#5808);
#1746=VERTEX_POINT('',#5815);
#1747=VERTEX_POINT('',#5818);
#1748=VERTEX_POINT('',#5819);
#1749=VERTEX_POINT('',#5821);
#1750=VERTEX_POINT('',#5823);
#1751=VERTEX_POINT('',#5825);
#1752=VERTEX_POINT('',#5827);
#1753=VERTEX_POINT('',#5829);
#1754=VERTEX_POINT('',#5831);
#1755=VERTEX_POINT('',#5833);
#1756=VERTEX_POINT('',#5835);
#1757=VERTEX_POINT('',#5841);
#1758=VERTEX_POINT('',#5842);
#1759=VERTEX_POINT('',#5844);
#1760=VERTEX_POINT('',#5846);
#1761=VERTEX_POINT('',#5848);
#1762=VERTEX_POINT('',#5850);
#1763=VERTEX_POINT('',#5852);
#1764=VERTEX_POINT('',#5854);
#1765=VERTEX_POINT('',#5856);
#1766=VERTEX_POINT('',#5858);
#1767=VERTEX_POINT('',#5864);
#1768=VERTEX_POINT('',#5884);
#1769=VERTEX_POINT('',#5886);
#1770=VERTEX_POINT('',#5890);
#1771=VERTEX_POINT('',#5892);
#1772=VERTEX_POINT('',#5896);
#1773=VERTEX_POINT('',#5898);
#1774=VERTEX_POINT('',#5902);
#1775=VERTEX_POINT('',#5906);
#1776=VERTEX_POINT('',#5912);
#1777=VERTEX_POINT('',#5913);
#1778=VERTEX_POINT('',#5915);
#1779=VERTEX_POINT('',#5917);
#1780=VERTEX_POINT('',#5919);
#1781=VERTEX_POINT('',#5921);
#1782=VERTEX_POINT('',#5923);
#1783=VERTEX_POINT('',#5925);
#1784=VERTEX_POINT('',#5927);
#1785=VERTEX_POINT('',#5929);
#1786=VERTEX_POINT('',#5931);
#1787=VERTEX_POINT('',#5933);
#1788=VERTEX_POINT('',#5935);
#1789=VERTEX_POINT('',#5937);
#1790=VERTEX_POINT('',#5940);
#1791=VERTEX_POINT('',#5943);
#1792=VERTEX_POINT('',#5944);
#1793=VERTEX_POINT('',#5946);
#1794=VERTEX_POINT('',#5949);
#1795=VERTEX_POINT('',#5951);
#1796=VERTEX_POINT('',#5953);
#1797=VERTEX_POINT('',#5955);
#1798=VERTEX_POINT('',#5957);
#1799=VERTEX_POINT('',#5960);
#1800=VERTEX_POINT('',#6041);
#1801=VERTEX_POINT('',#6060);
#1802=VERTEX_POINT('',#6064);
#1803=VERTEX_POINT('',#6074);
#1804=VERTEX_POINT('',#6081);
#1805=VERTEX_POINT('',#6094);
#1806=VERTEX_POINT('',#6104);
#1807=VERTEX_POINT('',#6106);
#1808=VERTEX_POINT('',#6110);
#1809=VERTEX_POINT('',#6114);
#1810=VERTEX_POINT('',#6123);
#1811=VERTEX_POINT('',#6125);
#1812=VERTEX_POINT('',#6129);
#1813=VERTEX_POINT('',#6131);
#1814=VERTEX_POINT('',#6144);
#1815=VERTEX_POINT('',#6145);
#1816=VERTEX_POINT('',#6147);
#1817=VERTEX_POINT('',#6149);
#1818=VERTEX_POINT('',#6151);
#1819=VERTEX_POINT('',#6153);
#1820=VERTEX_POINT('',#6162);
#1821=VERTEX_POINT('',#6163);
#1822=VERTEX_POINT('',#6168);
#1823=VERTEX_POINT('',#6169);
#1824=VERTEX_POINT('',#6171);
#1825=VERTEX_POINT('',#6173);
#1826=VERTEX_POINT('',#6177);
#1827=VERTEX_POINT('',#6179);
#1828=VERTEX_POINT('',#6183);
#1829=VERTEX_POINT('',#6184);
#1830=VERTEX_POINT('',#6186);
#1831=VERTEX_POINT('',#6188);
#1832=VERTEX_POINT('',#6192);
#1833=VERTEX_POINT('',#6196);
#1834=VERTEX_POINT('',#6200);
#1835=VERTEX_POINT('',#6203);
#1836=VERTEX_POINT('',#6204);
#1837=VERTEX_POINT('',#6206);
#1838=VERTEX_POINT('',#6208);
#1839=VERTEX_POINT('',#6212);
#1840=VERTEX_POINT('',#6213);
#1841=VERTEX_POINT('',#6217);
#1842=VERTEX_POINT('',#6218);
#1843=VERTEX_POINT('',#6223);
#1844=VERTEX_POINT('',#6225);
#1845=VERTEX_POINT('',#6227);
#1846=VERTEX_POINT('',#6250);
#1847=VERTEX_POINT('',#6252);
#1848=VERTEX_POINT('',#6256);
#1849=VERTEX_POINT('',#6257);
#1850=VERTEX_POINT('',#6259);
#1851=VERTEX_POINT('',#6263);
#1852=VERTEX_POINT('',#6264);
#1853=VERTEX_POINT('',#6334);
#1854=VERTEX_POINT('',#6335);
#1855=VERTEX_POINT('',#6337);
#1856=VERTEX_POINT('',#6339);
#1857=VERTEX_POINT('',#6341);
#1858=VERTEX_POINT('',#6343);
#1859=VERTEX_POINT('',#6345);
#1860=VERTEX_POINT('',#6348);
#1861=VERTEX_POINT('',#6349);
#1862=VERTEX_POINT('',#6353);
#1863=VERTEX_POINT('',#6354);
#1864=VERTEX_POINT('',#6357);
#1865=VERTEX_POINT('',#6361);
#1866=VERTEX_POINT('',#6362);
#1867=VERTEX_POINT('',#6365);
#1868=VERTEX_POINT('',#6367);
#1869=VERTEX_POINT('',#6371);
#1870=VERTEX_POINT('',#6373);
#1871=VERTEX_POINT('',#6394);
#1872=VERTEX_POINT('',#6396);
#1873=VERTEX_POINT('',#6405);
#1874=VERTEX_POINT('',#6414);
#1875=VERTEX_POINT('',#6416);
#1876=VERTEX_POINT('',#6418);
#1877=VERTEX_POINT('',#6429);
#1878=VERTEX_POINT('',#6435);
#1879=VERTEX_POINT('',#6439);
#1880=VERTEX_POINT('',#6440);
#1881=VERTEX_POINT('',#6442);
#1882=VERTEX_POINT('',#6444);
#1883=VERTEX_POINT('',#6446);
#1884=VERTEX_POINT('',#6448);
#1885=VERTEX_POINT('',#6451);
#1886=VERTEX_POINT('',#6492);
#1887=VERTEX_POINT('',#6493);
#1888=VERTEX_POINT('',#6498);
#1889=VERTEX_POINT('',#6502);
#1890=VERTEX_POINT('',#6508);
#1891=VERTEX_POINT('',#6509);
#1892=VERTEX_POINT('',#6519);
#1893=VERTEX_POINT('',#6526);
#1894=VERTEX_POINT('',#6527);
#1895=VERTEX_POINT('',#6529);
#1896=VERTEX_POINT('',#6531);
#1897=VERTEX_POINT('',#6533);
#1898=VERTEX_POINT('',#6535);
#1899=VERTEX_POINT('',#6537);
#1900=VERTEX_POINT('',#6539);
#1901=VERTEX_POINT('',#6541);
#1902=VERTEX_POINT('',#6543);
#1903=VERTEX_POINT('',#6547);
#1904=VERTEX_POINT('',#6549);
#1905=VERTEX_POINT('',#6551);
#1906=VERTEX_POINT('',#6553);
#1907=VERTEX_POINT('',#6557);
#1908=VERTEX_POINT('',#6559);
#1909=VERTEX_POINT('',#6561);
#1910=VERTEX_POINT('',#6563);
#1911=VERTEX_POINT('',#6567);
#1912=VERTEX_POINT('',#6571);
#1913=VERTEX_POINT('',#6575);
#1914=VERTEX_POINT('',#6579);
#1915=VERTEX_POINT('',#6581);
#1916=VERTEX_POINT('',#6594);
#1917=VERTEX_POINT('',#6595);
#1918=VERTEX_POINT('',#6597);
#1919=VERTEX_POINT('',#6599);
#1920=VERTEX_POINT('',#6603);
#1921=VERTEX_POINT('',#6605);
#1922=VERTEX_POINT('',#6614);
#1923=VERTEX_POINT('',#6615);
#1924=VERTEX_POINT('',#6620);
#1925=VERTEX_POINT('',#6625);
#1926=VERTEX_POINT('',#6627);
#1927=VERTEX_POINT('',#6631);
#1928=VERTEX_POINT('',#6633);
#1929=VERTEX_POINT('',#6635);
#1930=VERTEX_POINT('',#6639);
#1931=VERTEX_POINT('',#6643);
#1932=VERTEX_POINT('',#6655);
#1933=VERTEX_POINT('',#6661);
#1934=VERTEX_POINT('',#6663);
#1935=VERTEX_POINT('',#6677);
#1936=VERTEX_POINT('',#6678);
#1937=VERTEX_POINT('',#6680);
#1938=VERTEX_POINT('',#6682);
#1939=VERTEX_POINT('',#6684);
#1940=VERTEX_POINT('',#6686);
#1941=VERTEX_POINT('',#6688);
#1942=VERTEX_POINT('',#6690);
#1943=VERTEX_POINT('',#6692);
#1944=VERTEX_POINT('',#6694);
#1945=VERTEX_POINT('',#6696);
#1946=VERTEX_POINT('',#6698);
#1947=VERTEX_POINT('',#6702);
#1948=VERTEX_POINT('',#6704);
#1949=VERTEX_POINT('',#6708);
#1950=VERTEX_POINT('',#6712);
#1951=VERTEX_POINT('',#6714);
#1952=VERTEX_POINT('',#6718);
#1953=VERTEX_POINT('',#6727);
#1954=VERTEX_POINT('',#6731);
#1955=VERTEX_POINT('',#6735);
#1956=VERTEX_POINT('',#6737);
#1957=VERTEX_POINT('',#6739);
#1958=VERTEX_POINT('',#6741);
#1959=VERTEX_POINT('',#6745);
#1960=VERTEX_POINT('',#6747);
#1961=VERTEX_POINT('',#6749);
#1962=VERTEX_POINT('',#6755);
#1963=VERTEX_POINT('',#6756);
#1964=VERTEX_POINT('',#6761);
#1965=VERTEX_POINT('',#6763);
#1966=VERTEX_POINT('',#6767);
#1967=VERTEX_POINT('',#6770);
#1968=VERTEX_POINT('',#6779);
#1969=VERTEX_POINT('',#6781);
#1970=VERTEX_POINT('',#6785);
#1971=VERTEX_POINT('',#6787);
#1972=VERTEX_POINT('',#6800);
#1973=VERTEX_POINT('',#6802);
#1974=VERTEX_POINT('',#6806);
#1975=VERTEX_POINT('',#6808);
#1976=VERTEX_POINT('',#6817);
#1977=VERTEX_POINT('',#6819);
#1978=VERTEX_POINT('',#6823);
#1979=VERTEX_POINT('',#6839);
#1980=VERTEX_POINT('',#6840);
#1981=VERTEX_POINT('',#6842);
#1982=VERTEX_POINT('',#6844);
#1983=VERTEX_POINT('',#6846);
#1984=VERTEX_POINT('',#6848);
#1985=VERTEX_POINT('',#6850);
#1986=VERTEX_POINT('',#6852);
#1987=VERTEX_POINT('',#6854);
#1988=VERTEX_POINT('',#6856);
#1989=VERTEX_POINT('',#6858);
#1990=VERTEX_POINT('',#6860);
#1991=VERTEX_POINT('',#6862);
#1992=VERTEX_POINT('',#6864);
#1993=VERTEX_POINT('',#6866);
#1994=VERTEX_POINT('',#6868);
#1995=VERTEX_POINT('',#6872);
#1996=VERTEX_POINT('',#6874);
#1997=VERTEX_POINT('',#6876);
#1998=VERTEX_POINT('',#6878);
#1999=VERTEX_POINT('',#6882);
#2000=VERTEX_POINT('',#6883);
#2001=VERTEX_POINT('',#6885);
#2002=VERTEX_POINT('',#6887);
#2003=VERTEX_POINT('',#6889);
#2004=VERTEX_POINT('',#6891);
#2005=VERTEX_POINT('',#6895);
#2006=VERTEX_POINT('',#6898);
#2007=VERTEX_POINT('',#6902);
#2008=VERTEX_POINT('',#6906);
#2009=VERTEX_POINT('',#6908);
#2010=VERTEX_POINT('',#6910);
#2011=VERTEX_POINT('',#6914);
#2012=VERTEX_POINT('',#6916);
#2013=VERTEX_POINT('',#6920);
#2014=VERTEX_POINT('',#6922);
#2015=VERTEX_POINT('',#6926);
#2016=VERTEX_POINT('',#6927);
#2017=VERTEX_POINT('',#6929);
#2018=VERTEX_POINT('',#6931);
#2019=VERTEX_POINT('',#6954);
#2020=VERTEX_POINT('',#6956);
#2021=VERTEX_POINT('',#6985);
#2022=VERTEX_POINT('',#6986);
#2023=VERTEX_POINT('',#6988);
#2024=VERTEX_POINT('',#6990);
#2025=VERTEX_POINT('',#6999);
#2026=VERTEX_POINT('',#7001);
#2027=VERTEX_POINT('',#7025);
#2028=VERTEX_POINT('',#7027);
#2029=VERTEX_POINT('',#7046);
#2030=VERTEX_POINT('',#7047);
#2031=VERTEX_POINT('',#7049);
#2032=VERTEX_POINT('',#7051);
#2033=VERTEX_POINT('',#7055);
#2034=VERTEX_POINT('',#7056);
#2035=VERTEX_POINT('',#7058);
#2036=VERTEX_POINT('',#7060);
#2037=VERTEX_POINT('',#7084);
#2038=VERTEX_POINT('',#7085);
#2039=VERTEX_POINT('',#7095);
#2040=VERTEX_POINT('',#7096);
#2041=VERTEX_POINT('',#7101);
#2042=VERTEX_POINT('',#7103);
#2043=VERTEX_POINT('',#7112);
#2044=VERTEX_POINT('',#7114);
#2045=VERTEX_POINT('',#7116);
#2046=VERTEX_POINT('',#7121);
#2047=VERTEX_POINT('',#7127);
#2048=VERTEX_POINT('',#7177);
#2049=VERTEX_POINT('',#7180);
#2050=VERTEX_POINT('',#7187);
#2051=VERTEX_POINT('',#7189);
#2052=VERTEX_POINT('',#7196);
#2053=VERTEX_POINT('',#7198);
#2054=VERTEX_POINT('',#7208);
#2055=VERTEX_POINT('',#7236);
#2056=VERTEX_POINT('',#7240);
#2057=VERTEX_POINT('',#7255);
#2058=VERTEX_POINT('',#7259);
#2059=EDGE_CURVE('',#1670,#1671,#590,.T.);
#2060=EDGE_CURVE('',#1670,#1672,#591,.T.);
#2061=EDGE_CURVE('',#1673,#1672,#592,.T.);
#2062=EDGE_CURVE('',#1673,#1674,#593,.T.);
#2063=EDGE_CURVE('',#1674,#1675,#594,.T.);
#2064=EDGE_CURVE('',#1675,#1676,#595,.T.);
#2065=EDGE_CURVE('',#1677,#1676,#596,.T.);
#2066=EDGE_CURVE('',#1678,#1677,#597,.T.);
#2067=EDGE_CURVE('',#1679,#1678,#598,.T.);
#2068=EDGE_CURVE('',#1680,#1679,#599,.T.);
#2069=EDGE_CURVE('',#1681,#1680,#600,.T.);
#2070=EDGE_CURVE('',#1681,#1671,#601,.T.);
#2071=EDGE_CURVE('',#1682,#1683,#602,.T.);
#2072=EDGE_CURVE('',#1683,#1684,#603,.T.);
#2073=EDGE_CURVE('',#1685,#1684,#604,.T.);
#2074=EDGE_CURVE('',#1685,#1686,#605,.T.);
#2075=EDGE_CURVE('',#1686,#1687,#606,.T.);
#2076=EDGE_CURVE('',#1682,#1687,#607,.T.);
#2077=EDGE_CURVE('',#1688,#1689,#608,.T.);
#2078=EDGE_CURVE('',#1690,#1689,#609,.T.);
#2079=EDGE_CURVE('',#1690,#1691,#610,.T.);
#2080=EDGE_CURVE('',#1691,#1688,#611,.T.);
#2081=EDGE_CURVE('',#1684,#1692,#612,.T.);
#2082=EDGE_CURVE('',#1693,#1692,#613,.T.);
#2083=EDGE_CURVE('',#1693,#1685,#614,.T.);
#2084=EDGE_CURVE('',#1692,#1694,#615,.T.);
#2085=EDGE_CURVE('',#1683,#1695,#616,.T.);
#2086=EDGE_CURVE('',#1695,#1696,#617,.T.);
#2087=EDGE_CURVE('',#1696,#1694,#618,.T.);
#2088=EDGE_CURVE('',#1697,#1698,#619,.T.);
#2089=EDGE_CURVE('',#1697,#1699,#46,.T.);
#2090=EDGE_CURVE('',#1699,#1700,#620,.T.);
#2091=EDGE_CURVE('',#1698,#1700,#47,.T.);
#2092=EDGE_CURVE('',#1701,#1702,#621,.T.);
#2093=EDGE_CURVE('',#1701,#1703,#48,.T.);
#2094=EDGE_CURVE('',#1703,#1704,#622,.T.);
#2095=EDGE_CURVE('',#1702,#1704,#49,.T.);
#2096=EDGE_CURVE('',#1705,#1706,#623,.T.);
#2097=EDGE_CURVE('',#1706,#1707,#624,.T.);
#2098=EDGE_CURVE('',#1708,#1707,#625,.T.);
#2099=EDGE_CURVE('',#1709,#1708,#626,.T.);
#2100=EDGE_CURVE('',#1710,#1709,#627,.T.);
#2101=EDGE_CURVE('',#1711,#1710,#628,.T.);
#2102=EDGE_CURVE('',#1711,#1712,#629,.T.);
#2103=EDGE_CURVE('',#1705,#1712,#630,.T.);
#2104=EDGE_CURVE('',#1713,#1714,#631,.T.);
#2105=EDGE_CURVE('',#1713,#1715,#632,.T.);
#2106=EDGE_CURVE('',#1716,#1715,#633,.T.);
#2107=EDGE_CURVE('',#1716,#1717,#634,.T.);
#2108=EDGE_CURVE('',#1718,#1717,#635,.T.);
#2109=EDGE_CURVE('',#1718,#1719,#636,.T.);
#2110=EDGE_CURVE('',#1719,#1720,#637,.T.);
#2111=EDGE_CURVE('',#1720,#1714,#638,.T.);
#2112=EDGE_CURVE('',#1712,#1721,#639,.T.);
#2113=EDGE_CURVE('',#1722,#1721,#640,.T.);
#2114=EDGE_CURVE('',#1705,#1722,#641,.T.);
#2115=EDGE_CURVE('',#1706,#1723,#642,.T.);
#2116=EDGE_CURVE('',#1723,#1722,#643,.T.);
#2117=EDGE_CURVE('',#1721,#1724,#644,.T.);
#2118=EDGE_CURVE('',#1723,#1724,#645,.T.);
#2119=EDGE_CURVE('',#1725,#1726,#646,.T.);
#2120=EDGE_CURVE('',#1725,#1677,#647,.T.);
#2121=EDGE_CURVE('',#1726,#1676,#648,.T.);
#2122=EDGE_CURVE('',#1727,#1728,#649,.T.);
#2123=EDGE_CURVE('',#1727,#1726,#650,.T.);
#2124=EDGE_CURVE('',#1729,#1675,#651,.T.);
#2125=EDGE_CURVE('',#1729,#1728,#652,.T.);
#2126=EDGE_CURVE('',#1728,#1730,#653,.T.);
#2127=EDGE_CURVE('',#1731,#1729,#654,.T.);
#2128=EDGE_CURVE('',#1731,#1730,#655,.T.);
#2129=EDGE_CURVE('',#1731,#1674,#656,.T.);
#2130=EDGE_CURVE('',#1732,#1673,#657,.T.);
#2131=EDGE_CURVE('',#1732,#1733,#658,.T.);
#2132=EDGE_CURVE('',#1733,#1730,#659,.T.);
#2133=EDGE_CURVE('',#1727,#1733,#660,.T.);
#2134=EDGE_CURVE('',#1734,#1735,#661,.T.);
#2135=EDGE_CURVE('',#1735,#1736,#662,.T.);
#2136=EDGE_CURVE('',#1736,#1737,#663,.T.);
#2137=EDGE_CURVE('',#1737,#1738,#664,.T.);
#2138=EDGE_CURVE('',#1739,#1738,#665,.T.);
#2139=EDGE_CURVE('',#1739,#1725,#666,.T.);
#2140=EDGE_CURVE('',#1740,#1732,#667,.T.);
#2141=EDGE_CURVE('',#1740,#1734,#668,.T.);
#2142=EDGE_CURVE('',#1687,#1740,#669,.T.);
#2143=EDGE_CURVE('',#1734,#1686,#670,.T.);
#2144=EDGE_CURVE('',#1741,#1690,#671,.T.);
#2145=EDGE_CURVE('',#1689,#1742,#672,.T.);
#2146=EDGE_CURVE('',#1742,#1743,#673,.T.);
#2147=EDGE_CURVE('',#1744,#1743,#674,.T.);
#2148=EDGE_CURVE('',#1744,#1741,#675,.T.);
#2149=EDGE_CURVE('',#1736,#1744,#676,.T.);
#2150=EDGE_CURVE('',#1735,#1741,#677,.T.);
#2151=EDGE_CURVE('',#1742,#1745,#678,.T.);
#2152=EDGE_CURVE('',#1745,#1707,#679,.T.);
#2153=EDGE_CURVE('',#1743,#1707,#680,.T.);
#2154=EDGE_CURVE('',#1745,#1708,#681,.T.);
#2155=EDGE_CURVE('',#1746,#1745,#682,.T.);
#2156=EDGE_CURVE('',#1746,#1709,#683,.T.);
#2157=EDGE_CURVE('',#1747,#1748,#684,.T.);
#2158=EDGE_CURVE('',#1749,#1747,#685,.T.);
#2159=EDGE_CURVE('',#1750,#1749,#686,.T.);
#2160=EDGE_CURVE('',#1751,#1750,#687,.T.);
#2161=EDGE_CURVE('',#1751,#1752,#688,.T.);
#2162=EDGE_CURVE('',#1753,#1752,#689,.T.);
#2163=EDGE_CURVE('',#1754,#1753,#690,.T.);
#2164=EDGE_CURVE('',#1755,#1754,#691,.T.);
#2165=EDGE_CURVE('',#1756,#1755,#692,.T.);
#2166=EDGE_CURVE('',#1756,#1748,#693,.T.);
#2167=EDGE_CURVE('',#1696,#1715,#694,.T.);
#2168=EDGE_CURVE('',#1695,#1716,#695,.T.);
#2169=EDGE_CURVE('',#1757,#1758,#696,.T.);
#2170=EDGE_CURVE('',#1759,#1757,#697,.T.);
#2171=EDGE_CURVE('',#1760,#1759,#698,.T.);
#2172=EDGE_CURVE('',#1761,#1760,#699,.T.);
#2173=EDGE_CURVE('',#1761,#1762,#700,.T.);
#2174=EDGE_CURVE('',#1763,#1762,#701,.T.);
#2175=EDGE_CURVE('',#1764,#1763,#702,.T.);
#2176=EDGE_CURVE('',#1765,#1764,#703,.T.);
#2177=EDGE_CURVE('',#1766,#1765,#704,.T.);
#2178=EDGE_CURVE('',#1766,#1758,#705,.T.);
#2179=EDGE_CURVE('',#1746,#1710,#706,.T.);
#2180=EDGE_CURVE('',#1746,#1767,#707,.T.);
#2181=EDGE_CURVE('',#1681,#1767,#708,.T.);
#2182=EDGE_CURVE('',#1710,#1681,#709,.T.);
#2183=EDGE_CURVE('',#1767,#1688,#710,.T.);
#2184=EDGE_CURVE('',#1691,#1671,#711,.T.);
#2185=EDGE_CURVE('',#1717,#1695,#712,.T.);
#2186=EDGE_CURVE('',#1682,#1717,#713,.T.);
#2187=EDGE_CURVE('',#1670,#1693,#714,.T.);
#2188=EDGE_CURVE('',#1694,#1672,#715,.T.);
#2189=EDGE_CURVE('',#1713,#1696,#716,.T.);
#2190=EDGE_CURVE('',#1713,#1672,#717,.T.);
#2191=EDGE_CURVE('',#1768,#1756,#718,.T.);
#2192=EDGE_CURVE('',#1768,#1769,#719,.T.);
#2193=EDGE_CURVE('',#1748,#1769,#720,.T.);
#2194=EDGE_CURVE('',#1770,#1769,#721,.T.);
#2195=EDGE_CURVE('',#1771,#1770,#722,.T.);
#2196=EDGE_CURVE('',#1771,#1748,#723,.T.);
#2197=EDGE_CURVE('',#1755,#1772,#724,.T.);
#2198=EDGE_CURVE('',#1773,#1772,#725,.T.);
#2199=EDGE_CURVE('',#1773,#1756,#726,.T.);
#2200=EDGE_CURVE('',#1774,#1771,#727,.T.);
#2201=EDGE_CURVE('',#1747,#1774,#728,.T.);
#2202=EDGE_CURVE('',#1773,#1775,#729,.T.);
#2203=EDGE_CURVE('',#1775,#1768,#730,.T.);
#2204=EDGE_CURVE('',#1775,#1770,#731,.T.);
#2205=EDGE_CURVE('',#1776,#1777,#732,.T.);
#2206=EDGE_CURVE('',#1777,#1778,#733,.T.);
#2207=EDGE_CURVE('',#1778,#1779,#734,.T.);
#2208=EDGE_CURVE('',#1779,#1780,#735,.T.);
#2209=EDGE_CURVE('',#1780,#1781,#736,.T.);
#2210=EDGE_CURVE('',#1782,#1781,#737,.T.);
#2211=EDGE_CURVE('',#1783,#1782,#738,.T.);
#2212=EDGE_CURVE('',#1783,#1784,#739,.T.);
#2213=EDGE_CURVE('',#1784,#1785,#740,.T.);
#2214=EDGE_CURVE('',#1785,#1786,#741,.T.);
#2215=EDGE_CURVE('',#1786,#1787,#742,.T.);
#2216=EDGE_CURVE('',#1788,#1787,#743,.T.);
#2217=EDGE_CURVE('',#1789,#1788,#744,.T.);
#2218=EDGE_CURVE('',#1776,#1789,#745,.T.);
#2219=EDGE_CURVE('',#1790,#1790,#50,.T.);
#2220=EDGE_CURVE('',#1791,#1792,#746,.T.);
#2221=EDGE_CURVE('',#1792,#1793,#747,.T.);
#2222=EDGE_CURVE('',#1793,#1774,#748,.T.);
#2223=EDGE_CURVE('',#1772,#1794,#749,.T.);
#2224=EDGE_CURVE('',#1794,#1795,#750,.T.);
#2225=EDGE_CURVE('',#1795,#1796,#751,.T.);
#2226=EDGE_CURVE('',#1797,#1796,#752,.T.);
#2227=EDGE_CURVE('',#1798,#1797,#753,.T.);
#2228=EDGE_CURVE('',#1791,#1798,#754,.T.);
#2229=EDGE_CURVE('',#1799,#1799,#51,.T.);
#2230=EDGE_CURVE('',#1703,#1701,#52,.T.);
#2231=EDGE_CURVE('',#1799,#1703,#755,.T.);
#2232=EDGE_CURVE('',#1704,#1702,#53,.T.);
#2233=EDGE_CURVE('',#1699,#1697,#54,.T.);
#2234=EDGE_CURVE('',#1790,#1699,#756,.T.);
#2235=EDGE_CURVE('',#1700,#1698,#55,.T.);
#2236=EDGE_CURVE('',#1789,#1800,#757,.T.);
#2237=EDGE_CURVE('',#1800,#1761,#758,.T.);
#2238=EDGE_CURVE('',#1776,#1761,#759,.T.);
#2239=EDGE_CURVE('',#1760,#1777,#760,.T.);
#2240=EDGE_CURVE('',#1763,#1786,#761,.T.);
#2241=EDGE_CURVE('',#1787,#1762,#762,.T.);
#2242=EDGE_CURVE('',#1759,#1778,#763,.T.);
#2243=EDGE_CURVE('',#1757,#1779,#764,.T.);
#2244=EDGE_CURVE('',#1765,#1784,#765,.T.);
#2245=EDGE_CURVE('',#1783,#1766,#766,.T.);
#2246=EDGE_CURVE('',#1780,#1758,#767,.T.);
#2247=EDGE_CURVE('',#1782,#1801,#768,.T.);
#2248=EDGE_CURVE('',#1801,#1766,#769,.T.);
#2249=EDGE_CURVE('',#1801,#1802,#770,.T.);
#2250=EDGE_CURVE('',#1758,#1802,#771,.T.);
#2251=EDGE_CURVE('',#1781,#1802,#772,.T.);
#2252=EDGE_CURVE('',#1764,#1785,#773,.T.);
#2253=EDGE_CURVE('',#1762,#1803,#774,.T.);
#2254=EDGE_CURVE('',#1788,#1803,#775,.T.);
#2255=EDGE_CURVE('',#1800,#1803,#776,.T.);
#2256=EDGE_CURVE('',#1798,#1804,#777,.T.);
#2257=EDGE_CURVE('',#1804,#1751,#778,.T.);
#2258=EDGE_CURVE('',#1791,#1751,#779,.T.);
#2259=EDGE_CURVE('',#1750,#1792,#780,.T.);
#2260=EDGE_CURVE('',#1753,#1795,#781,.T.);
#2261=EDGE_CURVE('',#1796,#1752,#782,.T.);
#2262=EDGE_CURVE('',#1749,#1793,#783,.T.);
#2263=EDGE_CURVE('',#1752,#1805,#784,.T.);
#2264=EDGE_CURVE('',#1797,#1805,#785,.T.);
#2265=EDGE_CURVE('',#1804,#1805,#786,.T.);
#2266=EDGE_CURVE('',#1754,#1794,#787,.T.);
#2267=EDGE_CURVE('',#1738,#1806,#788,.T.);
#2268=EDGE_CURVE('',#1807,#1806,#789,.T.);
#2269=EDGE_CURVE('',#1739,#1807,#790,.T.);
#2270=EDGE_CURVE('',#1808,#1678,#791,.T.);
#2271=EDGE_CURVE('',#1808,#1807,#792,.T.);
#2272=EDGE_CURVE('',#1809,#1808,#793,.T.);
#2273=EDGE_CURVE('',#1809,#1806,#794,.T.);
#2274=EDGE_CURVE('',#1737,#1680,#795,.T.);
#2275=EDGE_CURVE('',#1809,#1679,#796,.T.);
#2276=EDGE_CURVE('',#1719,#1810,#797,.T.);
#2277=EDGE_CURVE('',#1718,#1811,#798,.T.);
#2278=EDGE_CURVE('',#1810,#1811,#799,.T.);
#2279=EDGE_CURVE('',#1810,#1812,#800,.T.);
#2280=EDGE_CURVE('',#1813,#1811,#801,.T.);
#2281=EDGE_CURVE('',#1813,#1812,#802,.T.);
#2282=EDGE_CURVE('',#1714,#1813,#803,.T.);
#2283=EDGE_CURVE('',#1720,#1812,#804,.T.);
#2284=EDGE_CURVE('',#1711,#1724,#805,.T.);
#2285=EDGE_CURVE('',#1814,#1815,#806,.T.);
#2286=EDGE_CURVE('',#1816,#1815,#807,.T.);
#2287=EDGE_CURVE('',#1816,#1817,#808,.T.);
#2288=EDGE_CURVE('',#1817,#1818,#809,.T.);
#2289=EDGE_CURVE('',#1819,#1818,#810,.T.);
#2290=EDGE_CURVE('',#1819,#1814,#811,.T.);
#2291=EDGE_CURVE('',#1820,#1821,#812,.T.);
#2292=EDGE_CURVE('',#1815,#1821,#56,.T.);
#2293=EDGE_CURVE('',#1820,#1814,#57,.T.);
#2294=EDGE_CURVE('',#1822,#1823,#813,.T.);
#2295=EDGE_CURVE('',#1824,#1822,#814,.T.);
#2296=EDGE_CURVE('',#1825,#1824,#815,.T.);
#2297=EDGE_CURVE('',#1825,#1823,#816,.T.);
#2298=EDGE_CURVE('',#1823,#1826,#817,.T.);
#2299=EDGE_CURVE('',#1827,#1825,#818,.T.);
#2300=EDGE_CURVE('',#1826,#1827,#819,.T.);
#2301=EDGE_CURVE('',#1828,#1829,#820,.T.);
#2302=EDGE_CURVE('',#1830,#1828,#821,.T.);
#2303=EDGE_CURVE('',#1831,#1830,#822,.T.);
#2304=EDGE_CURVE('',#1829,#1831,#823,.T.);
#2305=EDGE_CURVE('',#1832,#1816,#824,.T.);
#2306=EDGE_CURVE('',#1832,#1817,#825,.T.);
#2307=EDGE_CURVE('',#1833,#1830,#826,.T.);
#2308=EDGE_CURVE('',#1833,#1827,#827,.T.);
#2309=EDGE_CURVE('',#1824,#1831,#828,.T.);
#2310=EDGE_CURVE('',#1834,#1834,#58,.T.);
#2311=EDGE_CURVE('',#1835,#1836,#829,.T.);
#2312=EDGE_CURVE('',#1837,#1836,#830,.T.);
#2313=EDGE_CURVE('',#1837,#1838,#59,.T.);
#2314=EDGE_CURVE('',#1838,#1820,#831,.T.);
#2315=EDGE_CURVE('',#1835,#1819,#832,.T.);
#2316=EDGE_CURVE('',#1839,#1840,#60,.T.);
#2317=EDGE_CURVE('',#1840,#1839,#61,.T.);
#2318=EDGE_CURVE('',#1841,#1842,#833,.T.);
#2319=EDGE_CURVE('',#1832,#1842,#834,.T.);
#2320=EDGE_CURVE('',#1821,#1828,#835,.T.);
#2321=EDGE_CURVE('',#1829,#1822,#836,.T.);
#2322=EDGE_CURVE('',#1826,#1843,#837,.T.);
#2323=EDGE_CURVE('',#1843,#1844,#838,.T.);
#2324=EDGE_CURVE('',#1844,#1845,#839,.T.);
#2325=EDGE_CURVE('',#1845,#1841,#840,.T.);
#2326=EDGE_CURVE('',#1818,#1842,#841,.T.);
#2327=EDGE_CURVE('',#1846,#1840,#842,.T.);
#2328=EDGE_CURVE('',#1846,#1847,#62,.T.);
#2329=EDGE_CURVE('',#1847,#1839,#843,.T.);
#2330=EDGE_CURVE('',#1848,#1849,#63,.T.);
#2331=EDGE_CURVE('',#1849,#1850,#844,.T.);
#2332=EDGE_CURVE('',#1848,#1850,#845,.T.);
#2333=EDGE_CURVE('',#1851,#1852,#846,.T.);
#2334=EDGE_CURVE('',#1845,#1851,#847,.T.);
#2335=EDGE_CURVE('',#1849,#1845,#848,.T.);
#2336=EDGE_CURVE('',#1849,#1852,#13,.T.);
#2337=EDGE_CURVE('',#1852,#1837,#849,.T.);
#2338=EDGE_CURVE('',#1848,#1838,#850,.T.);
#2339=EDGE_CURVE('',#1851,#1836,#851,.T.);
#2340=EDGE_CURVE('',#1847,#1846,#64,.T.);
#2341=EDGE_CURVE('',#1834,#1847,#852,.T.);
#2342=EDGE_CURVE('',#1843,#1833,#853,.T.);
#2343=EDGE_CURVE('',#1850,#1844,#854,.T.);
#2344=EDGE_CURVE('',#1841,#1835,#855,.T.);
#2345=EDGE_CURVE('',#1853,#1854,#856,.T.);
#2346=EDGE_CURVE('',#1855,#1854,#857,.T.);
#2347=EDGE_CURVE('',#1856,#1855,#858,.T.);
#2348=EDGE_CURVE('',#1856,#1857,#65,.T.);
#2349=EDGE_CURVE('',#1857,#1858,#859,.T.);
#2350=EDGE_CURVE('',#1858,#1859,#66,.T.);
#2351=EDGE_CURVE('',#1859,#1853,#860,.T.);
#2352=EDGE_CURVE('',#1860,#1861,#67,.T.);
#2353=EDGE_CURVE('',#1861,#1860,#68,.T.);
#2354=EDGE_CURVE('',#1862,#1863,#861,.T.);
#2355=EDGE_CURVE('',#1854,#1862,#862,.T.);
#2356=EDGE_CURVE('',#1853,#1864,#863,.T.);
#2357=EDGE_CURVE('',#1863,#1864,#864,.T.);
#2358=EDGE_CURVE('',#1865,#1866,#865,.T.);
#2359=EDGE_CURVE('',#1865,#1856,#866,.T.);
#2360=EDGE_CURVE('',#1867,#1855,#867,.T.);
#2361=EDGE_CURVE('',#1867,#1868,#868,.T.);
#2362=EDGE_CURVE('',#1868,#1866,#869,.T.);
#2363=EDGE_CURVE('',#1869,#1867,#870,.T.);
#2364=EDGE_CURVE('',#1869,#1870,#871,.T.);
#2365=EDGE_CURVE('',#1868,#1870,#872,.T.);
#2366=EDGE_CURVE('',#1871,#1861,#873,.T.);
#2367=EDGE_CURVE('',#1871,#1872,#69,.T.);
#2368=EDGE_CURVE('',#1872,#1860,#874,.T.);
#2369=EDGE_CURVE('',#1873,#1865,#70,.T.);
#2370=EDGE_CURVE('',#1873,#1857,#875,.T.);
#2371=EDGE_CURVE('',#1859,#1874,#876,.T.);
#2372=EDGE_CURVE('',#1858,#1875,#877,.T.);
#2373=EDGE_CURVE('',#1876,#1875,#71,.T.);
#2374=EDGE_CURVE('',#1874,#1876,#14,.T.);
#2375=EDGE_CURVE('',#1863,#1877,#878,.T.);
#2376=EDGE_CURVE('',#1874,#1864,#879,.T.);
#2377=EDGE_CURVE('',#1876,#1877,#880,.T.);
#2378=EDGE_CURVE('',#1875,#1878,#881,.T.);
#2379=EDGE_CURVE('',#1878,#1876,#882,.T.);
#2380=EDGE_CURVE('',#1879,#1880,#883,.T.);
#2381=EDGE_CURVE('',#1880,#1881,#884,.T.);
#2382=EDGE_CURVE('',#1881,#1882,#885,.T.);
#2383=EDGE_CURVE('',#1883,#1882,#886,.T.);
#2384=EDGE_CURVE('',#1883,#1884,#887,.T.);
#2385=EDGE_CURVE('',#1884,#1879,#888,.T.);
#2386=EDGE_CURVE('',#1885,#1885,#72,.T.);
#2387=EDGE_CURVE('',#1872,#1871,#73,.T.);
#2388=EDGE_CURVE('',#1885,#1872,#889,.T.);
#2389=EDGE_CURVE('',#1886,#1887,#890,.T.);
#2390=EDGE_CURVE('',#1883,#1886,#891,.T.);
#2391=EDGE_CURVE('',#1882,#1887,#892,.T.);
#2392=EDGE_CURVE('',#1887,#1888,#893,.T.);
#2393=EDGE_CURVE('',#1888,#1881,#894,.T.);
#2394=EDGE_CURVE('',#1888,#1889,#895,.T.);
#2395=EDGE_CURVE('',#1889,#1880,#896,.T.);
#2396=EDGE_CURVE('',#1866,#1870,#897,.T.);
#2397=EDGE_CURVE('',#1890,#1891,#898,.T.);
#2398=EDGE_CURVE('',#1890,#1878,#899,.T.);
#2399=EDGE_CURVE('',#1889,#1873,#900,.T.);
#2400=EDGE_CURVE('',#1879,#1891,#901,.T.);
#2401=EDGE_CURVE('',#1869,#1862,#902,.T.);
#2402=EDGE_CURVE('',#1877,#1890,#903,.T.);
#2403=EDGE_CURVE('',#1891,#1892,#904,.T.);
#2404=EDGE_CURVE('',#1892,#1884,#905,.T.);
#2405=EDGE_CURVE('',#1892,#1886,#906,.T.);
#2406=EDGE_CURVE('',#1893,#1894,#907,.T.);
#2407=EDGE_CURVE('',#1895,#1893,#908,.T.);
#2408=EDGE_CURVE('',#1896,#1895,#909,.T.);
#2409=EDGE_CURVE('',#1897,#1896,#910,.T.);
#2410=EDGE_CURVE('',#1898,#1897,#911,.T.);
#2411=EDGE_CURVE('',#1899,#1898,#912,.T.);
#2412=EDGE_CURVE('',#1900,#1899,#913,.T.);
#2413=EDGE_CURVE('',#1901,#1900,#914,.T.);
#2414=EDGE_CURVE('',#1902,#1901,#915,.T.);
#2415=EDGE_CURVE('',#1894,#1902,#916,.T.);
#2416=EDGE_CURVE('',#1903,#1897,#917,.T.);
#2417=EDGE_CURVE('',#1903,#1904,#918,.T.);
#2418=EDGE_CURVE('',#1905,#1904,#919,.T.);
#2419=EDGE_CURVE('',#1906,#1905,#920,.T.);
#2420=EDGE_CURVE('',#1898,#1906,#921,.T.);
#2421=EDGE_CURVE('',#1907,#1900,#922,.T.);
#2422=EDGE_CURVE('',#1907,#1908,#923,.T.);
#2423=EDGE_CURVE('',#1909,#1908,#924,.T.);
#2424=EDGE_CURVE('',#1909,#1910,#925,.T.);
#2425=EDGE_CURVE('',#1901,#1910,#926,.T.);
#2426=EDGE_CURVE('',#1896,#1911,#927,.T.);
#2427=EDGE_CURVE('',#1911,#1903,#928,.T.);
#2428=EDGE_CURVE('',#1895,#1912,#929,.T.);
#2429=EDGE_CURVE('',#1911,#1912,#930,.T.);
#2430=EDGE_CURVE('',#1913,#1893,#931,.T.);
#2431=EDGE_CURVE('',#1913,#1912,#932,.T.);
#2432=EDGE_CURVE('',#1914,#1909,#933,.T.);
#2433=EDGE_CURVE('',#1915,#1914,#934,.T.);
#2434=EDGE_CURVE('',#1915,#1910,#935,.T.);
#2435=EDGE_CURVE('',#1916,#1917,#936,.T.);
#2436=EDGE_CURVE('',#1918,#1917,#74,.T.);
#2437=EDGE_CURVE('',#1919,#1918,#937,.T.);
#2438=EDGE_CURVE('',#1916,#1919,#75,.T.);
#2439=EDGE_CURVE('',#1917,#1920,#938,.T.);
#2440=EDGE_CURVE('',#1916,#1921,#939,.T.);
#2441=EDGE_CURVE('',#1920,#1921,#940,.T.);
#2442=EDGE_CURVE('',#1922,#1923,#941,.T.);
#2443=EDGE_CURVE('',#1920,#1922,#76,.T.);
#2444=EDGE_CURVE('',#1923,#1921,#77,.T.);
#2445=EDGE_CURVE('',#1923,#1924,#942,.T.);
#2446=EDGE_CURVE('',#1915,#1924,#943,.T.);
#2447=EDGE_CURVE('',#1922,#1914,#944,.T.);
#2448=EDGE_CURVE('',#1924,#1925,#945,.T.);
#2449=EDGE_CURVE('',#1925,#1926,#946,.T.);
#2450=EDGE_CURVE('',#1915,#1926,#947,.T.);
#2451=EDGE_CURVE('',#1927,#1918,#948,.T.);
#2452=EDGE_CURVE('',#1908,#1928,#949,.T.);
#2453=EDGE_CURVE('',#1928,#1929,#950,.T.);
#2454=EDGE_CURVE('',#1929,#1927,#78,.T.);
#2455=EDGE_CURVE('',#1930,#1919,#951,.T.);
#2456=EDGE_CURVE('',#1927,#1930,#952,.T.);
#2457=EDGE_CURVE('',#1904,#1931,#953,.T.);
#2458=EDGE_CURVE('',#1913,#1924,#954,.T.);
#2459=EDGE_CURVE('',#1930,#1931,#79,.T.);
#2460=EDGE_CURVE('',#1929,#1931,#955,.T.);
#2461=EDGE_CURVE('',#1928,#1932,#956,.T.);
#2462=EDGE_CURVE('',#1932,#1904,#957,.T.);
#2463=EDGE_CURVE('',#1907,#1932,#958,.T.);
#2464=EDGE_CURVE('',#1933,#1899,#959,.T.);
#2465=EDGE_CURVE('',#1934,#1933,#960,.T.);
#2466=EDGE_CURVE('',#1932,#1934,#961,.T.);
#2467=EDGE_CURVE('',#1905,#1934,#962,.T.);
#2468=EDGE_CURVE('',#1902,#1926,#963,.T.);
#2469=EDGE_CURVE('',#1925,#1894,#964,.T.);
#2470=EDGE_CURVE('',#1906,#1933,#965,.T.);
#2471=EDGE_CURVE('',#1935,#1936,#966,.T.);
#2472=EDGE_CURVE('',#1937,#1935,#967,.T.);
#2473=EDGE_CURVE('',#1938,#1937,#80,.T.);
#2474=EDGE_CURVE('',#1939,#1938,#968,.T.);
#2475=EDGE_CURVE('',#1940,#1939,#969,.T.);
#2476=EDGE_CURVE('',#1941,#1940,#970,.T.);
#2477=EDGE_CURVE('',#1942,#1941,#971,.T.);
#2478=EDGE_CURVE('',#1943,#1942,#972,.T.);
#2479=EDGE_CURVE('',#1944,#1943,#973,.T.);
#2480=EDGE_CURVE('',#1945,#1944,#974,.T.);
#2481=EDGE_CURVE('',#1946,#1945,#975,.F.);
#2482=EDGE_CURVE('',#1936,#1946,#976,.T.);
#2483=EDGE_CURVE('',#1941,#1947,#977,.T.);
#2484=EDGE_CURVE('',#1948,#1947,#978,.T.);
#2485=EDGE_CURVE('',#1942,#1948,#979,.T.);
#2486=EDGE_CURVE('',#1949,#1940,#980,.T.);
#2487=EDGE_CURVE('',#1949,#1947,#981,.T.);
#2488=EDGE_CURVE('',#1950,#1939,#982,.T.);
#2489=EDGE_CURVE('',#1951,#1950,#983,.T.);
#2490=EDGE_CURVE('',#1949,#1951,#984,.T.);
#2491=EDGE_CURVE('',#1952,#1938,#985,.T.);
#2492=EDGE_CURVE('',#1950,#1952,#986,.T.);
#2493=EDGE_CURVE('',#1953,#1937,#987,.T.);
#2494=EDGE_CURVE('',#1952,#1953,#81,.T.);
#2495=EDGE_CURVE('',#1935,#1954,#988,.T.);
#2496=EDGE_CURVE('',#1953,#1954,#989,.T.);
#2497=EDGE_CURVE('',#1955,#1946,#990,.T.);
#2498=EDGE_CURVE('',#1955,#1956,#991,.T.);
#2499=EDGE_CURVE('',#1957,#1956,#992,.T.);
#2500=EDGE_CURVE('',#1957,#1958,#993,.T.);
#2501=EDGE_CURVE('',#1936,#1958,#994,.T.);
#2502=EDGE_CURVE('',#1959,#1943,#995,.T.);
#2503=EDGE_CURVE('',#1959,#1960,#996,.T.);
#2504=EDGE_CURVE('',#1961,#1960,#997,.T.);
#2505=EDGE_CURVE('',#1944,#1961,#998,.T.);
#2506=EDGE_CURVE('',#1948,#1959,#999,.T.);
#2507=EDGE_CURVE('',#1962,#1963,#1000,.T.);
#2508=EDGE_CURVE('',#1962,#1961,#1001,.T.);
#2509=EDGE_CURVE('',#1963,#1960,#1002,.T.);
#2510=EDGE_CURVE('',#1964,#1957,#1003,.T.);
#2511=EDGE_CURVE('',#1965,#1964,#1004,.T.);
#2512=EDGE_CURVE('',#1965,#1958,#1005,.T.);
#2513=EDGE_CURVE('',#1966,#1951,#1006,.T.);
#2514=EDGE_CURVE('',#1951,#1965,#1007,.T.);
#2515=EDGE_CURVE('',#1967,#1964,#1008,.T.);
#2516=EDGE_CURVE('',#1967,#1966,#1009,.T.);
#2517=EDGE_CURVE('',#1968,#1967,#82,.T.);
#2518=EDGE_CURVE('',#1968,#1969,#1010,.T.);
#2519=EDGE_CURVE('',#1966,#1969,#83,.T.);
#2520=EDGE_CURVE('',#1970,#1968,#1011,.T.);
#2521=EDGE_CURVE('',#1971,#1970,#1012,.T.);
#2522=EDGE_CURVE('',#1971,#1969,#1013,.T.);
#2523=EDGE_CURVE('',#1972,#1970,#84,.T.);
#2524=EDGE_CURVE('',#1973,#1972,#1014,.T.);
#2525=EDGE_CURVE('',#1971,#1973,#85,.T.);
#2526=EDGE_CURVE('',#1974,#1973,#1015,.T.);
#2527=EDGE_CURVE('',#1975,#1972,#1016,.T.);
#2528=EDGE_CURVE('',#1975,#1974,#1017,.T.);
#2529=EDGE_CURVE('',#1976,#1975,#86,.T.);
#2530=EDGE_CURVE('',#1976,#1977,#1018,.T.);
#2531=EDGE_CURVE('',#1974,#1977,#87,.T.);
#2532=EDGE_CURVE('',#1978,#1976,#1019,.T.);
#2533=EDGE_CURVE('',#1978,#1963,#1020,.T.);
#2534=EDGE_CURVE('',#1960,#1977,#1021,.T.);
#2535=EDGE_CURVE('',#1956,#1978,#1022,.T.);
#2536=EDGE_CURVE('',#1955,#1963,#1023,.T.);
#2537=EDGE_CURVE('',#1962,#1945,#1024,.T.);
#2538=EDGE_CURVE('',#1954,#1965,#1025,.T.);
#2539=EDGE_CURVE('',#1979,#1980,#1026,.T.);
#2540=EDGE_CURVE('',#1979,#1981,#1027,.T.);
#2541=EDGE_CURVE('',#1982,#1981,#1028,.T.);
#2542=EDGE_CURVE('',#1982,#1983,#1029,.T.);
#2543=EDGE_CURVE('',#1984,#1983,#1030,.F.);
#2544=EDGE_CURVE('',#1984,#1985,#1031,.T.);
#2545=EDGE_CURVE('',#1986,#1985,#1032,.T.);
#2546=EDGE_CURVE('',#1986,#1987,#1033,.T.);
#2547=EDGE_CURVE('',#1988,#1987,#1034,.F.);
#2548=EDGE_CURVE('',#1988,#1989,#1035,.T.);
#2549=EDGE_CURVE('',#1990,#1989,#1036,.T.);
#2550=EDGE_CURVE('',#1990,#1991,#1037,.T.);
#2551=EDGE_CURVE('',#1992,#1991,#1038,.F.);
#2552=EDGE_CURVE('',#1992,#1993,#1039,.T.);
#2553=EDGE_CURVE('',#1994,#1993,#1040,.T.);
#2554=EDGE_CURVE('',#1980,#1994,#1041,.T.);
#2555=EDGE_CURVE('',#1995,#1979,#1042,.T.);
#2556=EDGE_CURVE('',#1995,#1996,#1043,.T.);
#2557=EDGE_CURVE('',#1997,#1996,#1044,.F.);
#2558=EDGE_CURVE('',#1997,#1998,#1045,.T.);
#2559=EDGE_CURVE('',#1981,#1998,#1046,.T.);
#2560=EDGE_CURVE('',#1999,#2000,#1047,.T.);
#2561=EDGE_CURVE('',#2001,#1999,#1048,.T.);
#2562=EDGE_CURVE('',#2002,#2001,#1049,.T.);
#2563=EDGE_CURVE('',#2003,#2002,#1050,.T.);
#2564=EDGE_CURVE('',#2004,#2003,#1051,.T.);
#2565=EDGE_CURVE('',#2004,#2000,#1052,.F.);
#2566=EDGE_CURVE('',#1980,#2005,#1053,.T.);
#2567=EDGE_CURVE('',#1994,#2001,#1054,.T.);
#2568=EDGE_CURVE('',#2006,#1999,#1055,.F.);
#2569=EDGE_CURVE('',#2005,#2006,#1056,.T.);
#2570=EDGE_CURVE('',#1998,#2007,#1057,.T.);
#2571=EDGE_CURVE('',#1982,#2007,#1058,.T.);
#2572=EDGE_CURVE('',#1997,#2008,#1059,.T.);
#2573=EDGE_CURVE('',#2009,#2008,#1060,.F.);
#2574=EDGE_CURVE('',#2009,#2010,#1061,.T.);
#2575=EDGE_CURVE('',#2010,#2007,#1062,.T.);
#2576=EDGE_CURVE('',#1985,#2011,#1063,.T.);
#2577=EDGE_CURVE('',#2012,#2011,#1064,.T.);
#2578=EDGE_CURVE('',#1986,#2012,#1065,.T.);
#2579=EDGE_CURVE('',#1989,#2013,#1066,.T.);
#2580=EDGE_CURVE('',#2013,#2014,#1067,.T.);
#2581=EDGE_CURVE('',#1990,#2014,#1068,.T.);
#2582=EDGE_CURVE('',#2015,#2016,#1069,.T.);
#2583=EDGE_CURVE('',#2015,#2017,#1070,.T.);
#2584=EDGE_CURVE('',#2017,#2018,#1071,.T.);
#2585=EDGE_CURVE('',#2018,#2016,#1072,.T.);
#2586=EDGE_CURVE('',#2005,#2019,#88,.T.);
#2587=EDGE_CURVE('',#2020,#2006,#15,.T.);
#2588=EDGE_CURVE('',#2019,#2020,#1073,.T.);
#2589=EDGE_CURVE('',#2021,#2022,#89,.T.);
#2590=EDGE_CURVE('',#2023,#2021,#1074,.T.);
#2591=EDGE_CURVE('',#2024,#2023,#16,.F.);
#2592=EDGE_CURVE('',#2024,#2022,#1075,.T.);
#2593=EDGE_CURVE('',#2025,#2021,#1076,.F.);
#2594=EDGE_CURVE('',#2025,#2026,#1077,.T.);
#2595=EDGE_CURVE('',#2023,#2026,#1078,.T.);
#2596=EDGE_CURVE('',#2027,#2025,#90,.T.);
#2597=EDGE_CURVE('',#2027,#2028,#1079,.T.);
#2598=EDGE_CURVE('',#2026,#2028,#17,.F.);
#2599=EDGE_CURVE('',#2029,#2030,#1080,.T.);
#2600=EDGE_CURVE('',#2031,#2029,#1081,.T.);
#2601=EDGE_CURVE('',#2031,#2032,#1082,.T.);
#2602=EDGE_CURVE('',#2032,#2030,#1083,.T.);
#2603=EDGE_CURVE('',#2033,#2034,#1084,.T.);
#2604=EDGE_CURVE('',#2035,#2033,#1085,.T.);
#2605=EDGE_CURVE('',#2036,#2035,#1086,.F.);
#2606=EDGE_CURVE('',#2034,#2036,#1087,.T.);
#2607=EDGE_CURVE('',#2037,#2038,#1088,.T.);
#2608=EDGE_CURVE('',#2016,#2038,#18,.F.);
#2609=EDGE_CURVE('',#2037,#2018,#91,.T.);
#2610=EDGE_CURVE('',#2039,#2040,#1089,.T.);
#2611=EDGE_CURVE('',#2039,#2033,#1090,.F.);
#2612=EDGE_CURVE('',#2040,#2034,#1091,.T.);
#2613=EDGE_CURVE('',#2040,#2041,#1092,.T.);
#2614=EDGE_CURVE('',#2042,#2041,#1093,.T.);
#2615=EDGE_CURVE('',#2039,#2042,#1094,.T.);
#2616=EDGE_CURVE('',#1993,#2002,#1095,.T.);
#2617=EDGE_CURVE('',#2009,#2037,#1096,.T.);
#2618=EDGE_CURVE('',#2038,#2008,#1097,.F.);
#2619=EDGE_CURVE('',#1984,#2043,#1098,.T.);
#2620=EDGE_CURVE('',#2044,#2043,#1099,.T.);
#2621=EDGE_CURVE('',#2045,#2044,#1100,.T.);
#2622=EDGE_CURVE('',#2011,#2045,#1101,.T.);
#2623=EDGE_CURVE('',#1988,#2031,#1102,.T.);
#2624=EDGE_CURVE('',#2046,#2029,#1103,.T.);
#2625=EDGE_CURVE('',#2013,#2046,#1104,.T.);
#2626=EDGE_CURVE('',#1987,#2032,#1105,.F.);
#2627=EDGE_CURVE('',#2012,#2047,#1106,.T.);
#2628=EDGE_CURVE('',#2030,#2047,#1107,.T.);
#2629=EDGE_CURVE('',#2047,#2045,#1108,.T.);
#2630=EDGE_CURVE('',#2017,#2043,#92,.T.);
#2631=EDGE_CURVE('',#2044,#2015,#19,.F.);
#2632=EDGE_CURVE('',#2041,#2036,#1109,.T.);
#2633=EDGE_CURVE('',#1983,#2010,#1110,.T.);
#2634=EDGE_CURVE('',#2035,#2042,#1111,.T.);
#2635=EDGE_CURVE('',#2028,#2048,#1112,.T.);
#2636=EDGE_CURVE('',#2046,#2048,#1113,.T.);
#2637=EDGE_CURVE('',#1996,#2049,#20,.T.);
#2638=EDGE_CURVE('',#2049,#2050,#1114,.T.);
#2639=EDGE_CURVE('',#2050,#2051,#21,.T.);
#2640=EDGE_CURVE('',#2051,#2052,#1115,.T.);
#2641=EDGE_CURVE('',#2052,#2053,#22,.T.);
#2642=EDGE_CURVE('',#2053,#2020,#1116,.T.);
#2643=EDGE_CURVE('',#2000,#2024,#1117,.F.);
#2644=EDGE_CURVE('',#2019,#2054,#1118,.T.);
#2645=EDGE_CURVE('',#2054,#2053,#1119,.T.);
#2646=EDGE_CURVE('',#2003,#1992,#1120,.T.);
#2647=EDGE_CURVE('',#1991,#2027,#1121,.F.);
#2648=EDGE_CURVE('',#2014,#2048,#1122,.T.);
#2649=EDGE_CURVE('',#2022,#2004,#1123,.T.);
#2650=EDGE_CURVE('',#2054,#2055,#93,.T.);
#2651=EDGE_CURVE('',#2055,#2052,#1124,.T.);
#2652=EDGE_CURVE('',#2055,#2056,#1125,.T.);
#2653=EDGE_CURVE('',#2056,#2051,#1126,.T.);
#2654=EDGE_CURVE('',#2056,#2057,#94,.T.);
#2655=EDGE_CURVE('',#2057,#2050,#1127,.T.);
#2656=EDGE_CURVE('',#2057,#2058,#1128,.T.);
#2657=EDGE_CURVE('',#2058,#2049,#1129,.T.);
#2658=EDGE_CURVE('',#2058,#1995,#95,.T.);
#2659=ORIENTED_EDGE('',*,*,#2059,.F.);
#2660=ORIENTED_EDGE('',*,*,#2060,.T.);
#2661=ORIENTED_EDGE('',*,*,#2061,.F.);
#2662=ORIENTED_EDGE('',*,*,#2062,.T.);
#2663=ORIENTED_EDGE('',*,*,#2063,.T.);
#2664=ORIENTED_EDGE('',*,*,#2064,.T.);
#2665=ORIENTED_EDGE('',*,*,#2065,.F.);
#2666=ORIENTED_EDGE('',*,*,#2066,.F.);
#2667=ORIENTED_EDGE('',*,*,#2067,.F.);
#2668=ORIENTED_EDGE('',*,*,#2068,.F.);
#2669=ORIENTED_EDGE('',*,*,#2069,.F.);
#2670=ORIENTED_EDGE('',*,*,#2070,.T.);
#2671=ORIENTED_EDGE('',*,*,#2071,.T.);
#2672=ORIENTED_EDGE('',*,*,#2072,.T.);
#2673=ORIENTED_EDGE('',*,*,#2073,.F.);
#2674=ORIENTED_EDGE('',*,*,#2074,.T.);
#2675=ORIENTED_EDGE('',*,*,#2075,.T.);
#2676=ORIENTED_EDGE('',*,*,#2076,.F.);
#2677=ORIENTED_EDGE('',*,*,#2077,.T.);
#2678=ORIENTED_EDGE('',*,*,#2078,.F.);
#2679=ORIENTED_EDGE('',*,*,#2079,.T.);
#2680=ORIENTED_EDGE('',*,*,#2080,.T.);
#2681=ORIENTED_EDGE('',*,*,#2081,.T.);
#2682=ORIENTED_EDGE('',*,*,#2082,.F.);
#2683=ORIENTED_EDGE('',*,*,#2083,.T.);
#2684=ORIENTED_EDGE('',*,*,#2073,.T.);
#2685=ORIENTED_EDGE('',*,*,#2084,.F.);
#2686=ORIENTED_EDGE('',*,*,#2081,.F.);
#2687=ORIENTED_EDGE('',*,*,#2072,.F.);
#2688=ORIENTED_EDGE('',*,*,#2085,.T.);
#2689=ORIENTED_EDGE('',*,*,#2086,.T.);
#2690=ORIENTED_EDGE('',*,*,#2087,.T.);
#2691=ORIENTED_EDGE('',*,*,#2088,.F.);
#2692=ORIENTED_EDGE('',*,*,#2089,.T.);
#2693=ORIENTED_EDGE('',*,*,#2090,.T.);
#2694=ORIENTED_EDGE('',*,*,#2091,.F.);
#2695=ORIENTED_EDGE('',*,*,#2092,.F.);
#2696=ORIENTED_EDGE('',*,*,#2093,.T.);
#2697=ORIENTED_EDGE('',*,*,#2094,.T.);
#2698=ORIENTED_EDGE('',*,*,#2095,.F.);
#2699=ORIENTED_EDGE('',*,*,#2096,.T.);
#2700=ORIENTED_EDGE('',*,*,#2097,.T.);
#2701=ORIENTED_EDGE('',*,*,#2098,.F.);
#2702=ORIENTED_EDGE('',*,*,#2099,.F.);
#2703=ORIENTED_EDGE('',*,*,#2100,.F.);
#2704=ORIENTED_EDGE('',*,*,#2101,.F.);
#2705=ORIENTED_EDGE('',*,*,#2102,.T.);
#2706=ORIENTED_EDGE('',*,*,#2103,.F.);
#2707=ORIENTED_EDGE('',*,*,#2104,.F.);
#2708=ORIENTED_EDGE('',*,*,#2105,.T.);
#2709=ORIENTED_EDGE('',*,*,#2106,.F.);
#2710=ORIENTED_EDGE('',*,*,#2107,.T.);
#2711=ORIENTED_EDGE('',*,*,#2108,.F.);
#2712=ORIENTED_EDGE('',*,*,#2109,.T.);
#2713=ORIENTED_EDGE('',*,*,#2110,.T.);
#2714=ORIENTED_EDGE('',*,*,#2111,.T.);
#2715=ORIENTED_EDGE('',*,*,#2103,.T.);
#2716=ORIENTED_EDGE('',*,*,#2112,.T.);
#2717=ORIENTED_EDGE('',*,*,#2113,.F.);
#2718=ORIENTED_EDGE('',*,*,#2114,.F.);
#2719=ORIENTED_EDGE('',*,*,#2115,.F.);
#2720=ORIENTED_EDGE('',*,*,#2096,.F.);
#2721=ORIENTED_EDGE('',*,*,#2114,.T.);
#2722=ORIENTED_EDGE('',*,*,#2116,.F.);
#2723=ORIENTED_EDGE('',*,*,#2113,.T.);
#2724=ORIENTED_EDGE('',*,*,#2117,.T.);
#2725=ORIENTED_EDGE('',*,*,#2118,.F.);
#2726=ORIENTED_EDGE('',*,*,#2116,.T.);
#2727=ORIENTED_EDGE('',*,*,#2119,.F.);
#2728=ORIENTED_EDGE('',*,*,#2120,.T.);
#2729=ORIENTED_EDGE('',*,*,#2065,.T.);
#2730=ORIENTED_EDGE('',*,*,#2121,.F.);
#2731=ORIENTED_EDGE('',*,*,#2122,.F.);
#2732=ORIENTED_EDGE('',*,*,#2123,.T.);
#2733=ORIENTED_EDGE('',*,*,#2121,.T.);
#2734=ORIENTED_EDGE('',*,*,#2064,.F.);
#2735=ORIENTED_EDGE('',*,*,#2124,.F.);
#2736=ORIENTED_EDGE('',*,*,#2125,.T.);
#2737=ORIENTED_EDGE('',*,*,#2126,.F.);
#2738=ORIENTED_EDGE('',*,*,#2125,.F.);
#2739=ORIENTED_EDGE('',*,*,#2127,.F.);
#2740=ORIENTED_EDGE('',*,*,#2128,.T.);
#2741=ORIENTED_EDGE('',*,*,#2129,.T.);
#2742=ORIENTED_EDGE('',*,*,#2062,.F.);
#2743=ORIENTED_EDGE('',*,*,#2130,.F.);
#2744=ORIENTED_EDGE('',*,*,#2131,.T.);
#2745=ORIENTED_EDGE('',*,*,#2132,.T.);
#2746=ORIENTED_EDGE('',*,*,#2128,.F.);
#2747=ORIENTED_EDGE('',*,*,#2133,.F.);
#2748=ORIENTED_EDGE('',*,*,#2122,.T.);
#2749=ORIENTED_EDGE('',*,*,#2126,.T.);
#2750=ORIENTED_EDGE('',*,*,#2132,.F.);
#2751=ORIENTED_EDGE('',*,*,#2134,.T.);
#2752=ORIENTED_EDGE('',*,*,#2135,.T.);
#2753=ORIENTED_EDGE('',*,*,#2136,.T.);
#2754=ORIENTED_EDGE('',*,*,#2137,.T.);
#2755=ORIENTED_EDGE('',*,*,#2138,.F.);
#2756=ORIENTED_EDGE('',*,*,#2139,.T.);
#2757=ORIENTED_EDGE('',*,*,#2119,.T.);
#2758=ORIENTED_EDGE('',*,*,#2123,.F.);
#2759=ORIENTED_EDGE('',*,*,#2133,.T.);
#2760=ORIENTED_EDGE('',*,*,#2131,.F.);
#2761=ORIENTED_EDGE('',*,*,#2140,.F.);
#2762=ORIENTED_EDGE('',*,*,#2141,.T.);
#2763=ORIENTED_EDGE('',*,*,#2141,.F.);
#2764=ORIENTED_EDGE('',*,*,#2142,.F.);
#2765=ORIENTED_EDGE('',*,*,#2075,.F.);
#2766=ORIENTED_EDGE('',*,*,#2143,.F.);
#2767=ORIENTED_EDGE('',*,*,#2144,.T.);
#2768=ORIENTED_EDGE('',*,*,#2078,.T.);
#2769=ORIENTED_EDGE('',*,*,#2145,.T.);
#2770=ORIENTED_EDGE('',*,*,#2146,.T.);
#2771=ORIENTED_EDGE('',*,*,#2147,.F.);
#2772=ORIENTED_EDGE('',*,*,#2148,.T.);
#2773=ORIENTED_EDGE('',*,*,#2148,.F.);
#2774=ORIENTED_EDGE('',*,*,#2149,.F.);
#2775=ORIENTED_EDGE('',*,*,#2135,.F.);
#2776=ORIENTED_EDGE('',*,*,#2150,.T.);
#2777=ORIENTED_EDGE('',*,*,#2146,.F.);
#2778=ORIENTED_EDGE('',*,*,#2151,.T.);
#2779=ORIENTED_EDGE('',*,*,#2152,.T.);
#2780=ORIENTED_EDGE('',*,*,#2153,.F.);
#2781=ORIENTED_EDGE('',*,*,#2152,.F.);
#2782=ORIENTED_EDGE('',*,*,#2154,.T.);
#2783=ORIENTED_EDGE('',*,*,#2098,.T.);
#2784=ORIENTED_EDGE('',*,*,#2155,.F.);
#2785=ORIENTED_EDGE('',*,*,#2156,.T.);
#2786=ORIENTED_EDGE('',*,*,#2099,.T.);
#2787=ORIENTED_EDGE('',*,*,#2154,.F.);
#2788=ORIENTED_EDGE('',*,*,#2157,.F.);
#2789=ORIENTED_EDGE('',*,*,#2158,.F.);
#2790=ORIENTED_EDGE('',*,*,#2159,.F.);
#2791=ORIENTED_EDGE('',*,*,#2160,.F.);
#2792=ORIENTED_EDGE('',*,*,#2161,.T.);
#2793=ORIENTED_EDGE('',*,*,#2162,.F.);
#2794=ORIENTED_EDGE('',*,*,#2163,.F.);
#2795=ORIENTED_EDGE('',*,*,#2164,.F.);
#2796=ORIENTED_EDGE('',*,*,#2165,.F.);
#2797=ORIENTED_EDGE('',*,*,#2166,.T.);
#2798=ORIENTED_EDGE('',*,*,#2106,.T.);
#2799=ORIENTED_EDGE('',*,*,#2167,.F.);
#2800=ORIENTED_EDGE('',*,*,#2086,.F.);
#2801=ORIENTED_EDGE('',*,*,#2168,.T.);
#2802=ORIENTED_EDGE('',*,*,#2169,.F.);
#2803=ORIENTED_EDGE('',*,*,#2170,.F.);
#2804=ORIENTED_EDGE('',*,*,#2171,.F.);
#2805=ORIENTED_EDGE('',*,*,#2172,.F.);
#2806=ORIENTED_EDGE('',*,*,#2173,.T.);
#2807=ORIENTED_EDGE('',*,*,#2174,.F.);
#2808=ORIENTED_EDGE('',*,*,#2175,.F.);
#2809=ORIENTED_EDGE('',*,*,#2176,.F.);
#2810=ORIENTED_EDGE('',*,*,#2177,.F.);
#2811=ORIENTED_EDGE('',*,*,#2178,.T.);
#2812=ORIENTED_EDGE('',*,*,#2156,.F.);
#2813=ORIENTED_EDGE('',*,*,#2179,.T.);
#2814=ORIENTED_EDGE('',*,*,#2100,.T.);
#2815=ORIENTED_EDGE('',*,*,#2179,.F.);
#2816=ORIENTED_EDGE('',*,*,#2180,.T.);
#2817=ORIENTED_EDGE('',*,*,#2181,.F.);
#2818=ORIENTED_EDGE('',*,*,#2182,.F.);
#2819=ORIENTED_EDGE('',*,*,#2183,.T.);
#2820=ORIENTED_EDGE('',*,*,#2080,.F.);
#2821=ORIENTED_EDGE('',*,*,#2184,.T.);
#2822=ORIENTED_EDGE('',*,*,#2070,.F.);
#2823=ORIENTED_EDGE('',*,*,#2181,.T.);
#2824=ORIENTED_EDGE('',*,*,#2077,.F.);
#2825=ORIENTED_EDGE('',*,*,#2183,.F.);
#2826=ORIENTED_EDGE('',*,*,#2180,.F.);
#2827=ORIENTED_EDGE('',*,*,#2155,.T.);
#2828=ORIENTED_EDGE('',*,*,#2151,.F.);
#2829=ORIENTED_EDGE('',*,*,#2145,.F.);
#2830=ORIENTED_EDGE('',*,*,#2168,.F.);
#2831=ORIENTED_EDGE('',*,*,#2185,.F.);
#2832=ORIENTED_EDGE('',*,*,#2107,.F.);
#2833=ORIENTED_EDGE('',*,*,#2185,.T.);
#2834=ORIENTED_EDGE('',*,*,#2085,.F.);
#2835=ORIENTED_EDGE('',*,*,#2071,.F.);
#2836=ORIENTED_EDGE('',*,*,#2186,.T.);
#2837=ORIENTED_EDGE('',*,*,#2187,.T.);
#2838=ORIENTED_EDGE('',*,*,#2082,.T.);
#2839=ORIENTED_EDGE('',*,*,#2084,.T.);
#2840=ORIENTED_EDGE('',*,*,#2188,.T.);
#2841=ORIENTED_EDGE('',*,*,#2060,.F.);
#2842=ORIENTED_EDGE('',*,*,#2188,.F.);
#2843=ORIENTED_EDGE('',*,*,#2087,.F.);
#2844=ORIENTED_EDGE('',*,*,#2189,.F.);
#2845=ORIENTED_EDGE('',*,*,#2190,.T.);
#2846=ORIENTED_EDGE('',*,*,#2189,.T.);
#2847=ORIENTED_EDGE('',*,*,#2167,.T.);
#2848=ORIENTED_EDGE('',*,*,#2105,.F.);
#2849=ORIENTED_EDGE('',*,*,#2166,.F.);
#2850=ORIENTED_EDGE('',*,*,#2191,.F.);
#2851=ORIENTED_EDGE('',*,*,#2192,.T.);
#2852=ORIENTED_EDGE('',*,*,#2193,.F.);
#2853=ORIENTED_EDGE('',*,*,#2193,.T.);
#2854=ORIENTED_EDGE('',*,*,#2194,.F.);
#2855=ORIENTED_EDGE('',*,*,#2195,.F.);
#2856=ORIENTED_EDGE('',*,*,#2196,.T.);
#2857=ORIENTED_EDGE('',*,*,#2165,.T.);
#2858=ORIENTED_EDGE('',*,*,#2197,.T.);
#2859=ORIENTED_EDGE('',*,*,#2198,.F.);
#2860=ORIENTED_EDGE('',*,*,#2199,.T.);
#2861=ORIENTED_EDGE('',*,*,#2200,.F.);
#2862=ORIENTED_EDGE('',*,*,#2201,.F.);
#2863=ORIENTED_EDGE('',*,*,#2157,.T.);
#2864=ORIENTED_EDGE('',*,*,#2196,.F.);
#2865=ORIENTED_EDGE('',*,*,#2202,.T.);
#2866=ORIENTED_EDGE('',*,*,#2203,.T.);
#2867=ORIENTED_EDGE('',*,*,#2191,.T.);
#2868=ORIENTED_EDGE('',*,*,#2199,.F.);
#2869=ORIENTED_EDGE('',*,*,#2204,.T.);
#2870=ORIENTED_EDGE('',*,*,#2194,.T.);
#2871=ORIENTED_EDGE('',*,*,#2192,.F.);
#2872=ORIENTED_EDGE('',*,*,#2203,.F.);
#2873=ORIENTED_EDGE('',*,*,#2205,.T.);
#2874=ORIENTED_EDGE('',*,*,#2206,.T.);
#2875=ORIENTED_EDGE('',*,*,#2207,.T.);
#2876=ORIENTED_EDGE('',*,*,#2208,.T.);
#2877=ORIENTED_EDGE('',*,*,#2209,.T.);
#2878=ORIENTED_EDGE('',*,*,#2210,.F.);
#2879=ORIENTED_EDGE('',*,*,#2211,.F.);
#2880=ORIENTED_EDGE('',*,*,#2212,.T.);
#2881=ORIENTED_EDGE('',*,*,#2213,.T.);
#2882=ORIENTED_EDGE('',*,*,#2214,.T.);
#2883=ORIENTED_EDGE('',*,*,#2215,.T.);
#2884=ORIENTED_EDGE('',*,*,#2216,.F.);
#2885=ORIENTED_EDGE('',*,*,#2217,.F.);
#2886=ORIENTED_EDGE('',*,*,#2218,.F.);
#2887=ORIENTED_EDGE('',*,*,#2219,.T.);
#2888=ORIENTED_EDGE('',*,*,#2220,.T.);
#2889=ORIENTED_EDGE('',*,*,#2221,.T.);
#2890=ORIENTED_EDGE('',*,*,#2222,.T.);
#2891=ORIENTED_EDGE('',*,*,#2200,.T.);
#2892=ORIENTED_EDGE('',*,*,#2195,.T.);
#2893=ORIENTED_EDGE('',*,*,#2204,.F.);
#2894=ORIENTED_EDGE('',*,*,#2202,.F.);
#2895=ORIENTED_EDGE('',*,*,#2198,.T.);
#2896=ORIENTED_EDGE('',*,*,#2223,.T.);
#2897=ORIENTED_EDGE('',*,*,#2224,.T.);
#2898=ORIENTED_EDGE('',*,*,#2225,.T.);
#2899=ORIENTED_EDGE('',*,*,#2226,.F.);
#2900=ORIENTED_EDGE('',*,*,#2227,.F.);
#2901=ORIENTED_EDGE('',*,*,#2228,.F.);
#2902=ORIENTED_EDGE('',*,*,#2229,.T.);
#2903=ORIENTED_EDGE('',*,*,#2230,.F.);
#2904=ORIENTED_EDGE('',*,*,#2231,.F.);
#2905=ORIENTED_EDGE('',*,*,#2229,.F.);
#2906=ORIENTED_EDGE('',*,*,#2231,.T.);
#2907=ORIENTED_EDGE('',*,*,#2093,.F.);
#2908=ORIENTED_EDGE('',*,*,#2092,.T.);
#2909=ORIENTED_EDGE('',*,*,#2232,.F.);
#2910=ORIENTED_EDGE('',*,*,#2094,.F.);
#2911=ORIENTED_EDGE('',*,*,#2230,.T.);
#2912=ORIENTED_EDGE('',*,*,#2233,.F.);
#2913=ORIENTED_EDGE('',*,*,#2234,.F.);
#2914=ORIENTED_EDGE('',*,*,#2219,.F.);
#2915=ORIENTED_EDGE('',*,*,#2234,.T.);
#2916=ORIENTED_EDGE('',*,*,#2089,.F.);
#2917=ORIENTED_EDGE('',*,*,#2088,.T.);
#2918=ORIENTED_EDGE('',*,*,#2235,.F.);
#2919=ORIENTED_EDGE('',*,*,#2090,.F.);
#2920=ORIENTED_EDGE('',*,*,#2233,.T.);
#2921=ORIENTED_EDGE('',*,*,#2218,.T.);
#2922=ORIENTED_EDGE('',*,*,#2236,.T.);
#2923=ORIENTED_EDGE('',*,*,#2237,.T.);
#2924=ORIENTED_EDGE('',*,*,#2238,.F.);
#2925=ORIENTED_EDGE('',*,*,#2172,.T.);
#2926=ORIENTED_EDGE('',*,*,#2239,.T.);
#2927=ORIENTED_EDGE('',*,*,#2205,.F.);
#2928=ORIENTED_EDGE('',*,*,#2238,.T.);
#2929=ORIENTED_EDGE('',*,*,#2215,.F.);
#2930=ORIENTED_EDGE('',*,*,#2240,.F.);
#2931=ORIENTED_EDGE('',*,*,#2174,.T.);
#2932=ORIENTED_EDGE('',*,*,#2241,.F.);
#2933=ORIENTED_EDGE('',*,*,#2242,.T.);
#2934=ORIENTED_EDGE('',*,*,#2206,.F.);
#2935=ORIENTED_EDGE('',*,*,#2239,.F.);
#2936=ORIENTED_EDGE('',*,*,#2171,.T.);
#2937=ORIENTED_EDGE('',*,*,#2243,.T.);
#2938=ORIENTED_EDGE('',*,*,#2207,.F.);
#2939=ORIENTED_EDGE('',*,*,#2242,.F.);
#2940=ORIENTED_EDGE('',*,*,#2170,.T.);
#2941=ORIENTED_EDGE('',*,*,#2177,.T.);
#2942=ORIENTED_EDGE('',*,*,#2244,.T.);
#2943=ORIENTED_EDGE('',*,*,#2212,.F.);
#2944=ORIENTED_EDGE('',*,*,#2245,.T.);
#2945=ORIENTED_EDGE('',*,*,#2208,.F.);
#2946=ORIENTED_EDGE('',*,*,#2243,.F.);
#2947=ORIENTED_EDGE('',*,*,#2169,.T.);
#2948=ORIENTED_EDGE('',*,*,#2246,.F.);
#2949=ORIENTED_EDGE('',*,*,#2211,.T.);
#2950=ORIENTED_EDGE('',*,*,#2247,.T.);
#2951=ORIENTED_EDGE('',*,*,#2248,.T.);
#2952=ORIENTED_EDGE('',*,*,#2245,.F.);
#2953=ORIENTED_EDGE('',*,*,#2178,.F.);
#2954=ORIENTED_EDGE('',*,*,#2248,.F.);
#2955=ORIENTED_EDGE('',*,*,#2249,.T.);
#2956=ORIENTED_EDGE('',*,*,#2250,.F.);
#2957=ORIENTED_EDGE('',*,*,#2250,.T.);
#2958=ORIENTED_EDGE('',*,*,#2251,.F.);
#2959=ORIENTED_EDGE('',*,*,#2209,.F.);
#2960=ORIENTED_EDGE('',*,*,#2246,.T.);
#2961=ORIENTED_EDGE('',*,*,#2210,.T.);
#2962=ORIENTED_EDGE('',*,*,#2251,.T.);
#2963=ORIENTED_EDGE('',*,*,#2249,.F.);
#2964=ORIENTED_EDGE('',*,*,#2247,.F.);
#2965=ORIENTED_EDGE('',*,*,#2252,.T.);
#2966=ORIENTED_EDGE('',*,*,#2213,.F.);
#2967=ORIENTED_EDGE('',*,*,#2244,.F.);
#2968=ORIENTED_EDGE('',*,*,#2176,.T.);
#2969=ORIENTED_EDGE('',*,*,#2240,.T.);
#2970=ORIENTED_EDGE('',*,*,#2214,.F.);
#2971=ORIENTED_EDGE('',*,*,#2252,.F.);
#2972=ORIENTED_EDGE('',*,*,#2175,.T.);
#2973=ORIENTED_EDGE('',*,*,#2253,.T.);
#2974=ORIENTED_EDGE('',*,*,#2254,.F.);
#2975=ORIENTED_EDGE('',*,*,#2216,.T.);
#2976=ORIENTED_EDGE('',*,*,#2241,.T.);
#2977=ORIENTED_EDGE('',*,*,#2217,.T.);
#2978=ORIENTED_EDGE('',*,*,#2254,.T.);
#2979=ORIENTED_EDGE('',*,*,#2255,.F.);
#2980=ORIENTED_EDGE('',*,*,#2236,.F.);
#2981=ORIENTED_EDGE('',*,*,#2173,.F.);
#2982=ORIENTED_EDGE('',*,*,#2237,.F.);
#2983=ORIENTED_EDGE('',*,*,#2255,.T.);
#2984=ORIENTED_EDGE('',*,*,#2253,.F.);
#2985=ORIENTED_EDGE('',*,*,#2228,.T.);
#2986=ORIENTED_EDGE('',*,*,#2256,.T.);
#2987=ORIENTED_EDGE('',*,*,#2257,.T.);
#2988=ORIENTED_EDGE('',*,*,#2258,.F.);
#2989=ORIENTED_EDGE('',*,*,#2160,.T.);
#2990=ORIENTED_EDGE('',*,*,#2259,.T.);
#2991=ORIENTED_EDGE('',*,*,#2220,.F.);
#2992=ORIENTED_EDGE('',*,*,#2258,.T.);
#2993=ORIENTED_EDGE('',*,*,#2225,.F.);
#2994=ORIENTED_EDGE('',*,*,#2260,.F.);
#2995=ORIENTED_EDGE('',*,*,#2162,.T.);
#2996=ORIENTED_EDGE('',*,*,#2261,.F.);
#2997=ORIENTED_EDGE('',*,*,#2262,.T.);
#2998=ORIENTED_EDGE('',*,*,#2221,.F.);
#2999=ORIENTED_EDGE('',*,*,#2259,.F.);
#3000=ORIENTED_EDGE('',*,*,#2159,.T.);
#3001=ORIENTED_EDGE('',*,*,#2201,.T.);
#3002=ORIENTED_EDGE('',*,*,#2222,.F.);
#3003=ORIENTED_EDGE('',*,*,#2262,.F.);
#3004=ORIENTED_EDGE('',*,*,#2158,.T.);
#3005=ORIENTED_EDGE('',*,*,#2263,.T.);
#3006=ORIENTED_EDGE('',*,*,#2264,.F.);
#3007=ORIENTED_EDGE('',*,*,#2226,.T.);
#3008=ORIENTED_EDGE('',*,*,#2261,.T.);
#3009=ORIENTED_EDGE('',*,*,#2227,.T.);
#3010=ORIENTED_EDGE('',*,*,#2264,.T.);
#3011=ORIENTED_EDGE('',*,*,#2265,.F.);
#3012=ORIENTED_EDGE('',*,*,#2256,.F.);
#3013=ORIENTED_EDGE('',*,*,#2161,.F.);
#3014=ORIENTED_EDGE('',*,*,#2257,.F.);
#3015=ORIENTED_EDGE('',*,*,#2265,.T.);
#3016=ORIENTED_EDGE('',*,*,#2263,.F.);
#3017=ORIENTED_EDGE('',*,*,#2260,.T.);
#3018=ORIENTED_EDGE('',*,*,#2224,.F.);
#3019=ORIENTED_EDGE('',*,*,#2266,.F.);
#3020=ORIENTED_EDGE('',*,*,#2163,.T.);
#3021=ORIENTED_EDGE('',*,*,#2266,.T.);
#3022=ORIENTED_EDGE('',*,*,#2223,.F.);
#3023=ORIENTED_EDGE('',*,*,#2197,.F.);
#3024=ORIENTED_EDGE('',*,*,#2164,.T.);
#3025=ORIENTED_EDGE('',*,*,#2267,.T.);
#3026=ORIENTED_EDGE('',*,*,#2268,.F.);
#3027=ORIENTED_EDGE('',*,*,#2269,.F.);
#3028=ORIENTED_EDGE('',*,*,#2138,.T.);
#3029=ORIENTED_EDGE('',*,*,#2270,.T.);
#3030=ORIENTED_EDGE('',*,*,#2066,.T.);
#3031=ORIENTED_EDGE('',*,*,#2120,.F.);
#3032=ORIENTED_EDGE('',*,*,#2139,.F.);
#3033=ORIENTED_EDGE('',*,*,#2269,.T.);
#3034=ORIENTED_EDGE('',*,*,#2271,.F.);
#3035=ORIENTED_EDGE('',*,*,#2272,.T.);
#3036=ORIENTED_EDGE('',*,*,#2271,.T.);
#3037=ORIENTED_EDGE('',*,*,#2268,.T.);
#3038=ORIENTED_EDGE('',*,*,#2273,.F.);
#3039=ORIENTED_EDGE('',*,*,#2267,.F.);
#3040=ORIENTED_EDGE('',*,*,#2137,.F.);
#3041=ORIENTED_EDGE('',*,*,#2274,.T.);
#3042=ORIENTED_EDGE('',*,*,#2068,.T.);
#3043=ORIENTED_EDGE('',*,*,#2275,.F.);
#3044=ORIENTED_EDGE('',*,*,#2273,.T.);
#3045=ORIENTED_EDGE('',*,*,#2275,.T.);
#3046=ORIENTED_EDGE('',*,*,#2067,.T.);
#3047=ORIENTED_EDGE('',*,*,#2270,.F.);
#3048=ORIENTED_EDGE('',*,*,#2272,.F.);
#3049=ORIENTED_EDGE('',*,*,#2124,.T.);
#3050=ORIENTED_EDGE('',*,*,#2063,.F.);
#3051=ORIENTED_EDGE('',*,*,#2129,.F.);
#3052=ORIENTED_EDGE('',*,*,#2127,.T.);
#3053=ORIENTED_EDGE('',*,*,#2276,.F.);
#3054=ORIENTED_EDGE('',*,*,#2109,.F.);
#3055=ORIENTED_EDGE('',*,*,#2277,.T.);
#3056=ORIENTED_EDGE('',*,*,#2278,.F.);
#3057=ORIENTED_EDGE('',*,*,#2279,.F.);
#3058=ORIENTED_EDGE('',*,*,#2278,.T.);
#3059=ORIENTED_EDGE('',*,*,#2280,.F.);
#3060=ORIENTED_EDGE('',*,*,#2281,.T.);
#3061=ORIENTED_EDGE('',*,*,#2282,.F.);
#3062=ORIENTED_EDGE('',*,*,#2111,.F.);
#3063=ORIENTED_EDGE('',*,*,#2283,.T.);
#3064=ORIENTED_EDGE('',*,*,#2281,.F.);
#3065=ORIENTED_EDGE('',*,*,#2110,.F.);
#3066=ORIENTED_EDGE('',*,*,#2276,.T.);
#3067=ORIENTED_EDGE('',*,*,#2279,.T.);
#3068=ORIENTED_EDGE('',*,*,#2283,.F.);
#3069=ORIENTED_EDGE('',*,*,#2112,.F.);
#3070=ORIENTED_EDGE('',*,*,#2102,.F.);
#3071=ORIENTED_EDGE('',*,*,#2284,.T.);
#3072=ORIENTED_EDGE('',*,*,#2117,.F.);
#3073=ORIENTED_EDGE('',*,*,#2140,.T.);
#3074=ORIENTED_EDGE('',*,*,#2130,.T.);
#3075=ORIENTED_EDGE('',*,*,#2061,.T.);
#3076=ORIENTED_EDGE('',*,*,#2190,.F.);
#3077=ORIENTED_EDGE('',*,*,#2104,.T.);
#3078=ORIENTED_EDGE('',*,*,#2282,.T.);
#3079=ORIENTED_EDGE('',*,*,#2280,.T.);
#3080=ORIENTED_EDGE('',*,*,#2277,.F.);
#3081=ORIENTED_EDGE('',*,*,#2108,.T.);
#3082=ORIENTED_EDGE('',*,*,#2186,.F.);
#3083=ORIENTED_EDGE('',*,*,#2076,.T.);
#3084=ORIENTED_EDGE('',*,*,#2142,.T.);
#3085=ORIENTED_EDGE('',*,*,#2134,.F.);
#3086=ORIENTED_EDGE('',*,*,#2143,.T.);
#3087=ORIENTED_EDGE('',*,*,#2074,.F.);
#3088=ORIENTED_EDGE('',*,*,#2083,.F.);
#3089=ORIENTED_EDGE('',*,*,#2187,.F.);
#3090=ORIENTED_EDGE('',*,*,#2059,.T.);
#3091=ORIENTED_EDGE('',*,*,#2184,.F.);
#3092=ORIENTED_EDGE('',*,*,#2079,.F.);
#3093=ORIENTED_EDGE('',*,*,#2144,.F.);
#3094=ORIENTED_EDGE('',*,*,#2150,.F.);
#3095=ORIENTED_EDGE('',*,*,#2232,.T.);
#3096=ORIENTED_EDGE('',*,*,#2095,.T.);
#3097=ORIENTED_EDGE('',*,*,#2235,.T.);
#3098=ORIENTED_EDGE('',*,*,#2091,.T.);
#3099=ORIENTED_EDGE('',*,*,#2136,.F.);
#3100=ORIENTED_EDGE('',*,*,#2149,.T.);
#3101=ORIENTED_EDGE('',*,*,#2147,.T.);
#3102=ORIENTED_EDGE('',*,*,#2153,.T.);
#3103=ORIENTED_EDGE('',*,*,#2097,.F.);
#3104=ORIENTED_EDGE('',*,*,#2115,.T.);
#3105=ORIENTED_EDGE('',*,*,#2118,.T.);
#3106=ORIENTED_EDGE('',*,*,#2284,.F.);
#3107=ORIENTED_EDGE('',*,*,#2101,.T.);
#3108=ORIENTED_EDGE('',*,*,#2182,.T.);
#3109=ORIENTED_EDGE('',*,*,#2069,.T.);
#3110=ORIENTED_EDGE('',*,*,#2274,.F.);
#3111=ORIENTED_EDGE('',*,*,#2285,.T.);
#3112=ORIENTED_EDGE('',*,*,#2286,.F.);
#3113=ORIENTED_EDGE('',*,*,#2287,.T.);
#3114=ORIENTED_EDGE('',*,*,#2288,.T.);
#3115=ORIENTED_EDGE('',*,*,#2289,.F.);
#3116=ORIENTED_EDGE('',*,*,#2290,.T.);
#3117=ORIENTED_EDGE('',*,*,#2291,.T.);
#3118=ORIENTED_EDGE('',*,*,#2292,.F.);
#3119=ORIENTED_EDGE('',*,*,#2285,.F.);
#3120=ORIENTED_EDGE('',*,*,#2293,.F.);
#3121=ORIENTED_EDGE('',*,*,#2294,.F.);
#3122=ORIENTED_EDGE('',*,*,#2295,.F.);
#3123=ORIENTED_EDGE('',*,*,#2296,.F.);
#3124=ORIENTED_EDGE('',*,*,#2297,.T.);
#3125=ORIENTED_EDGE('',*,*,#2298,.F.);
#3126=ORIENTED_EDGE('',*,*,#2297,.F.);
#3127=ORIENTED_EDGE('',*,*,#2299,.F.);
#3128=ORIENTED_EDGE('',*,*,#2300,.F.);
#3129=ORIENTED_EDGE('',*,*,#2301,.F.);
#3130=ORIENTED_EDGE('',*,*,#2302,.F.);
#3131=ORIENTED_EDGE('',*,*,#2303,.F.);
#3132=ORIENTED_EDGE('',*,*,#2304,.F.);
#3133=ORIENTED_EDGE('',*,*,#2305,.F.);
#3134=ORIENTED_EDGE('',*,*,#2306,.T.);
#3135=ORIENTED_EDGE('',*,*,#2287,.F.);
#3136=ORIENTED_EDGE('',*,*,#2303,.T.);
#3137=ORIENTED_EDGE('',*,*,#2307,.F.);
#3138=ORIENTED_EDGE('',*,*,#2308,.T.);
#3139=ORIENTED_EDGE('',*,*,#2299,.T.);
#3140=ORIENTED_EDGE('',*,*,#2296,.T.);
#3141=ORIENTED_EDGE('',*,*,#2309,.T.);
#3142=ORIENTED_EDGE('',*,*,#2310,.T.);
#3143=ORIENTED_EDGE('',*,*,#2311,.T.);
#3144=ORIENTED_EDGE('',*,*,#2312,.F.);
#3145=ORIENTED_EDGE('',*,*,#2313,.T.);
#3146=ORIENTED_EDGE('',*,*,#2314,.T.);
#3147=ORIENTED_EDGE('',*,*,#2293,.T.);
#3148=ORIENTED_EDGE('',*,*,#2290,.F.);
#3149=ORIENTED_EDGE('',*,*,#2315,.F.);
#3150=ORIENTED_EDGE('',*,*,#2316,.T.);
#3151=ORIENTED_EDGE('',*,*,#2317,.T.);
#3152=ORIENTED_EDGE('',*,*,#2318,.T.);
#3153=ORIENTED_EDGE('',*,*,#2319,.F.);
#3154=ORIENTED_EDGE('',*,*,#2305,.T.);
#3155=ORIENTED_EDGE('',*,*,#2286,.T.);
#3156=ORIENTED_EDGE('',*,*,#2292,.T.);
#3157=ORIENTED_EDGE('',*,*,#2320,.T.);
#3158=ORIENTED_EDGE('',*,*,#2301,.T.);
#3159=ORIENTED_EDGE('',*,*,#2321,.T.);
#3160=ORIENTED_EDGE('',*,*,#2294,.T.);
#3161=ORIENTED_EDGE('',*,*,#2298,.T.);
#3162=ORIENTED_EDGE('',*,*,#2322,.T.);
#3163=ORIENTED_EDGE('',*,*,#2323,.T.);
#3164=ORIENTED_EDGE('',*,*,#2324,.T.);
#3165=ORIENTED_EDGE('',*,*,#2325,.T.);
#3166=ORIENTED_EDGE('',*,*,#2326,.F.);
#3167=ORIENTED_EDGE('',*,*,#2288,.F.);
#3168=ORIENTED_EDGE('',*,*,#2306,.F.);
#3169=ORIENTED_EDGE('',*,*,#2319,.T.);
#3170=ORIENTED_EDGE('',*,*,#2327,.F.);
#3171=ORIENTED_EDGE('',*,*,#2328,.T.);
#3172=ORIENTED_EDGE('',*,*,#2329,.T.);
#3173=ORIENTED_EDGE('',*,*,#2317,.F.);
#3174=ORIENTED_EDGE('',*,*,#2330,.T.);
#3175=ORIENTED_EDGE('',*,*,#2331,.T.);
#3176=ORIENTED_EDGE('',*,*,#2332,.F.);
#3177=ORIENTED_EDGE('',*,*,#2333,.F.);
#3178=ORIENTED_EDGE('',*,*,#2334,.F.);
#3179=ORIENTED_EDGE('',*,*,#2335,.F.);
#3180=ORIENTED_EDGE('',*,*,#2336,.T.);
#3181=ORIENTED_EDGE('',*,*,#2337,.F.);
#3182=ORIENTED_EDGE('',*,*,#2336,.F.);
#3183=ORIENTED_EDGE('',*,*,#2330,.F.);
#3184=ORIENTED_EDGE('',*,*,#2338,.T.);
#3185=ORIENTED_EDGE('',*,*,#2313,.F.);
#3186=ORIENTED_EDGE('',*,*,#2312,.T.);
#3187=ORIENTED_EDGE('',*,*,#2339,.F.);
#3188=ORIENTED_EDGE('',*,*,#2333,.T.);
#3189=ORIENTED_EDGE('',*,*,#2337,.T.);
#3190=ORIENTED_EDGE('',*,*,#2340,.F.);
#3191=ORIENTED_EDGE('',*,*,#2341,.F.);
#3192=ORIENTED_EDGE('',*,*,#2310,.F.);
#3193=ORIENTED_EDGE('',*,*,#2341,.T.);
#3194=ORIENTED_EDGE('',*,*,#2328,.F.);
#3195=ORIENTED_EDGE('',*,*,#2327,.T.);
#3196=ORIENTED_EDGE('',*,*,#2316,.F.);
#3197=ORIENTED_EDGE('',*,*,#2329,.F.);
#3198=ORIENTED_EDGE('',*,*,#2340,.T.);
#3199=ORIENTED_EDGE('',*,*,#2321,.F.);
#3200=ORIENTED_EDGE('',*,*,#2304,.T.);
#3201=ORIENTED_EDGE('',*,*,#2309,.F.);
#3202=ORIENTED_EDGE('',*,*,#2295,.T.);
#3203=ORIENTED_EDGE('',*,*,#2322,.F.);
#3204=ORIENTED_EDGE('',*,*,#2300,.T.);
#3205=ORIENTED_EDGE('',*,*,#2308,.F.);
#3206=ORIENTED_EDGE('',*,*,#2342,.F.);
#3207=ORIENTED_EDGE('',*,*,#2323,.F.);
#3208=ORIENTED_EDGE('',*,*,#2342,.T.);
#3209=ORIENTED_EDGE('',*,*,#2307,.T.);
#3210=ORIENTED_EDGE('',*,*,#2302,.T.);
#3211=ORIENTED_EDGE('',*,*,#2320,.F.);
#3212=ORIENTED_EDGE('',*,*,#2291,.F.);
#3213=ORIENTED_EDGE('',*,*,#2314,.F.);
#3214=ORIENTED_EDGE('',*,*,#2338,.F.);
#3215=ORIENTED_EDGE('',*,*,#2332,.T.);
#3216=ORIENTED_EDGE('',*,*,#2343,.T.);
#3217=ORIENTED_EDGE('',*,*,#2324,.F.);
#3218=ORIENTED_EDGE('',*,*,#2343,.F.);
#3219=ORIENTED_EDGE('',*,*,#2331,.F.);
#3220=ORIENTED_EDGE('',*,*,#2335,.T.);
#3221=ORIENTED_EDGE('',*,*,#2325,.F.);
#3222=ORIENTED_EDGE('',*,*,#2334,.T.);
#3223=ORIENTED_EDGE('',*,*,#2339,.T.);
#3224=ORIENTED_EDGE('',*,*,#2311,.F.);
#3225=ORIENTED_EDGE('',*,*,#2344,.F.);
#3226=ORIENTED_EDGE('',*,*,#2318,.F.);
#3227=ORIENTED_EDGE('',*,*,#2344,.T.);
#3228=ORIENTED_EDGE('',*,*,#2315,.T.);
#3229=ORIENTED_EDGE('',*,*,#2289,.T.);
#3230=ORIENTED_EDGE('',*,*,#2326,.T.);
#3231=ORIENTED_EDGE('',*,*,#2345,.T.);
#3232=ORIENTED_EDGE('',*,*,#2346,.F.);
#3233=ORIENTED_EDGE('',*,*,#2347,.F.);
#3234=ORIENTED_EDGE('',*,*,#2348,.T.);
#3235=ORIENTED_EDGE('',*,*,#2349,.T.);
#3236=ORIENTED_EDGE('',*,*,#2350,.T.);
#3237=ORIENTED_EDGE('',*,*,#2351,.T.);
#3238=ORIENTED_EDGE('',*,*,#2352,.T.);
#3239=ORIENTED_EDGE('',*,*,#2353,.T.);
#3240=ORIENTED_EDGE('',*,*,#2354,.F.);
#3241=ORIENTED_EDGE('',*,*,#2355,.F.);
#3242=ORIENTED_EDGE('',*,*,#2345,.F.);
#3243=ORIENTED_EDGE('',*,*,#2356,.T.);
#3244=ORIENTED_EDGE('',*,*,#2357,.F.);
#3245=ORIENTED_EDGE('',*,*,#2358,.F.);
#3246=ORIENTED_EDGE('',*,*,#2359,.T.);
#3247=ORIENTED_EDGE('',*,*,#2347,.T.);
#3248=ORIENTED_EDGE('',*,*,#2360,.F.);
#3249=ORIENTED_EDGE('',*,*,#2361,.T.);
#3250=ORIENTED_EDGE('',*,*,#2362,.T.);
#3251=ORIENTED_EDGE('',*,*,#2363,.F.);
#3252=ORIENTED_EDGE('',*,*,#2364,.T.);
#3253=ORIENTED_EDGE('',*,*,#2365,.F.);
#3254=ORIENTED_EDGE('',*,*,#2361,.F.);
#3255=ORIENTED_EDGE('',*,*,#2366,.F.);
#3256=ORIENTED_EDGE('',*,*,#2367,.T.);
#3257=ORIENTED_EDGE('',*,*,#2368,.T.);
#3258=ORIENTED_EDGE('',*,*,#2353,.F.);
#3259=ORIENTED_EDGE('',*,*,#2369,.F.);
#3260=ORIENTED_EDGE('',*,*,#2370,.T.);
#3261=ORIENTED_EDGE('',*,*,#2348,.F.);
#3262=ORIENTED_EDGE('',*,*,#2359,.F.);
#3263=ORIENTED_EDGE('',*,*,#2371,.F.);
#3264=ORIENTED_EDGE('',*,*,#2350,.F.);
#3265=ORIENTED_EDGE('',*,*,#2372,.T.);
#3266=ORIENTED_EDGE('',*,*,#2373,.F.);
#3267=ORIENTED_EDGE('',*,*,#2374,.F.);
#3268=ORIENTED_EDGE('',*,*,#2375,.F.);
#3269=ORIENTED_EDGE('',*,*,#2357,.T.);
#3270=ORIENTED_EDGE('',*,*,#2376,.F.);
#3271=ORIENTED_EDGE('',*,*,#2374,.T.);
#3272=ORIENTED_EDGE('',*,*,#2377,.T.);
#3273=ORIENTED_EDGE('',*,*,#2376,.T.);
#3274=ORIENTED_EDGE('',*,*,#2356,.F.);
#3275=ORIENTED_EDGE('',*,*,#2351,.F.);
#3276=ORIENTED_EDGE('',*,*,#2371,.T.);
#3277=ORIENTED_EDGE('',*,*,#2373,.T.);
#3278=ORIENTED_EDGE('',*,*,#2378,.T.);
#3279=ORIENTED_EDGE('',*,*,#2379,.T.);
#3280=ORIENTED_EDGE('',*,*,#2380,.T.);
#3281=ORIENTED_EDGE('',*,*,#2381,.T.);
#3282=ORIENTED_EDGE('',*,*,#2382,.T.);
#3283=ORIENTED_EDGE('',*,*,#2383,.F.);
#3284=ORIENTED_EDGE('',*,*,#2384,.T.);
#3285=ORIENTED_EDGE('',*,*,#2385,.T.);
#3286=ORIENTED_EDGE('',*,*,#2386,.T.);
#3287=ORIENTED_EDGE('',*,*,#2387,.F.);
#3288=ORIENTED_EDGE('',*,*,#2388,.F.);
#3289=ORIENTED_EDGE('',*,*,#2386,.F.);
#3290=ORIENTED_EDGE('',*,*,#2388,.T.);
#3291=ORIENTED_EDGE('',*,*,#2367,.F.);
#3292=ORIENTED_EDGE('',*,*,#2366,.T.);
#3293=ORIENTED_EDGE('',*,*,#2352,.F.);
#3294=ORIENTED_EDGE('',*,*,#2368,.F.);
#3295=ORIENTED_EDGE('',*,*,#2387,.T.);
#3296=ORIENTED_EDGE('',*,*,#2389,.F.);
#3297=ORIENTED_EDGE('',*,*,#2390,.F.);
#3298=ORIENTED_EDGE('',*,*,#2383,.T.);
#3299=ORIENTED_EDGE('',*,*,#2391,.T.);
#3300=ORIENTED_EDGE('',*,*,#2392,.F.);
#3301=ORIENTED_EDGE('',*,*,#2391,.F.);
#3302=ORIENTED_EDGE('',*,*,#2382,.F.);
#3303=ORIENTED_EDGE('',*,*,#2393,.F.);
#3304=ORIENTED_EDGE('',*,*,#2394,.F.);
#3305=ORIENTED_EDGE('',*,*,#2393,.T.);
#3306=ORIENTED_EDGE('',*,*,#2381,.F.);
#3307=ORIENTED_EDGE('',*,*,#2395,.F.);
#3308=ORIENTED_EDGE('',*,*,#2396,.F.);
#3309=ORIENTED_EDGE('',*,*,#2362,.F.);
#3310=ORIENTED_EDGE('',*,*,#2365,.T.);
#3311=ORIENTED_EDGE('',*,*,#2397,.F.);
#3312=ORIENTED_EDGE('',*,*,#2398,.T.);
#3313=ORIENTED_EDGE('',*,*,#2378,.F.);
#3314=ORIENTED_EDGE('',*,*,#2372,.F.);
#3315=ORIENTED_EDGE('',*,*,#2349,.F.);
#3316=ORIENTED_EDGE('',*,*,#2370,.F.);
#3317=ORIENTED_EDGE('',*,*,#2399,.F.);
#3318=ORIENTED_EDGE('',*,*,#2395,.T.);
#3319=ORIENTED_EDGE('',*,*,#2380,.F.);
#3320=ORIENTED_EDGE('',*,*,#2400,.T.);
#3321=ORIENTED_EDGE('',*,*,#2401,.F.);
#3322=ORIENTED_EDGE('',*,*,#2363,.T.);
#3323=ORIENTED_EDGE('',*,*,#2360,.T.);
#3324=ORIENTED_EDGE('',*,*,#2346,.T.);
#3325=ORIENTED_EDGE('',*,*,#2355,.T.);
#3326=ORIENTED_EDGE('',*,*,#2402,.F.);
#3327=ORIENTED_EDGE('',*,*,#2377,.F.);
#3328=ORIENTED_EDGE('',*,*,#2379,.F.);
#3329=ORIENTED_EDGE('',*,*,#2398,.F.);
#3330=ORIENTED_EDGE('',*,*,#2403,.F.);
#3331=ORIENTED_EDGE('',*,*,#2400,.F.);
#3332=ORIENTED_EDGE('',*,*,#2385,.F.);
#3333=ORIENTED_EDGE('',*,*,#2404,.F.);
#3334=ORIENTED_EDGE('',*,*,#2405,.F.);
#3335=ORIENTED_EDGE('',*,*,#2404,.T.);
#3336=ORIENTED_EDGE('',*,*,#2384,.F.);
#3337=ORIENTED_EDGE('',*,*,#2390,.T.);
#3338=ORIENTED_EDGE('',*,*,#2354,.T.);
#3339=ORIENTED_EDGE('',*,*,#2375,.T.);
#3340=ORIENTED_EDGE('',*,*,#2402,.T.);
#3341=ORIENTED_EDGE('',*,*,#2397,.T.);
#3342=ORIENTED_EDGE('',*,*,#2403,.T.);
#3343=ORIENTED_EDGE('',*,*,#2405,.T.);
#3344=ORIENTED_EDGE('',*,*,#2389,.T.);
#3345=ORIENTED_EDGE('',*,*,#2392,.T.);
#3346=ORIENTED_EDGE('',*,*,#2394,.T.);
#3347=ORIENTED_EDGE('',*,*,#2399,.T.);
#3348=ORIENTED_EDGE('',*,*,#2369,.T.);
#3349=ORIENTED_EDGE('',*,*,#2358,.T.);
#3350=ORIENTED_EDGE('',*,*,#2396,.T.);
#3351=ORIENTED_EDGE('',*,*,#2364,.F.);
#3352=ORIENTED_EDGE('',*,*,#2401,.T.);
#3353=ORIENTED_EDGE('',*,*,#2406,.F.);
#3354=ORIENTED_EDGE('',*,*,#2407,.F.);
#3355=ORIENTED_EDGE('',*,*,#2408,.F.);
#3356=ORIENTED_EDGE('',*,*,#2409,.F.);
#3357=ORIENTED_EDGE('',*,*,#2410,.F.);
#3358=ORIENTED_EDGE('',*,*,#2411,.F.);
#3359=ORIENTED_EDGE('',*,*,#2412,.F.);
#3360=ORIENTED_EDGE('',*,*,#2413,.F.);
#3361=ORIENTED_EDGE('',*,*,#2414,.F.);
#3362=ORIENTED_EDGE('',*,*,#2415,.F.);
#3363=ORIENTED_EDGE('',*,*,#2410,.T.);
#3364=ORIENTED_EDGE('',*,*,#2416,.F.);
#3365=ORIENTED_EDGE('',*,*,#2417,.T.);
#3366=ORIENTED_EDGE('',*,*,#2418,.F.);
#3367=ORIENTED_EDGE('',*,*,#2419,.F.);
#3368=ORIENTED_EDGE('',*,*,#2420,.F.);
#3369=ORIENTED_EDGE('',*,*,#2413,.T.);
#3370=ORIENTED_EDGE('',*,*,#2421,.F.);
#3371=ORIENTED_EDGE('',*,*,#2422,.T.);
#3372=ORIENTED_EDGE('',*,*,#2423,.F.);
#3373=ORIENTED_EDGE('',*,*,#2424,.T.);
#3374=ORIENTED_EDGE('',*,*,#2425,.F.);
#3375=ORIENTED_EDGE('',*,*,#2409,.T.);
#3376=ORIENTED_EDGE('',*,*,#2426,.T.);
#3377=ORIENTED_EDGE('',*,*,#2427,.T.);
#3378=ORIENTED_EDGE('',*,*,#2416,.T.);
#3379=ORIENTED_EDGE('',*,*,#2408,.T.);
#3380=ORIENTED_EDGE('',*,*,#2428,.T.);
#3381=ORIENTED_EDGE('',*,*,#2429,.F.);
#3382=ORIENTED_EDGE('',*,*,#2426,.F.);
#3383=ORIENTED_EDGE('',*,*,#2407,.T.);
#3384=ORIENTED_EDGE('',*,*,#2430,.F.);
#3385=ORIENTED_EDGE('',*,*,#2431,.T.);
#3386=ORIENTED_EDGE('',*,*,#2428,.F.);
#3387=ORIENTED_EDGE('',*,*,#2432,.F.);
#3388=ORIENTED_EDGE('',*,*,#2433,.F.);
#3389=ORIENTED_EDGE('',*,*,#2434,.T.);
#3390=ORIENTED_EDGE('',*,*,#2424,.F.);
#3391=ORIENTED_EDGE('',*,*,#2435,.T.);
#3392=ORIENTED_EDGE('',*,*,#2436,.F.);
#3393=ORIENTED_EDGE('',*,*,#2437,.F.);
#3394=ORIENTED_EDGE('',*,*,#2438,.F.);
#3395=ORIENTED_EDGE('',*,*,#2439,.F.);
#3396=ORIENTED_EDGE('',*,*,#2435,.F.);
#3397=ORIENTED_EDGE('',*,*,#2440,.T.);
#3398=ORIENTED_EDGE('',*,*,#2441,.F.);
#3399=ORIENTED_EDGE('',*,*,#2442,.F.);
#3400=ORIENTED_EDGE('',*,*,#2443,.F.);
#3401=ORIENTED_EDGE('',*,*,#2441,.T.);
#3402=ORIENTED_EDGE('',*,*,#2444,.F.);
#3403=ORIENTED_EDGE('',*,*,#2445,.T.);
#3404=ORIENTED_EDGE('',*,*,#2446,.F.);
#3405=ORIENTED_EDGE('',*,*,#2433,.T.);
#3406=ORIENTED_EDGE('',*,*,#2447,.F.);
#3407=ORIENTED_EDGE('',*,*,#2442,.T.);
#3408=ORIENTED_EDGE('',*,*,#2448,.T.);
#3409=ORIENTED_EDGE('',*,*,#2449,.T.);
#3410=ORIENTED_EDGE('',*,*,#2450,.F.);
#3411=ORIENTED_EDGE('',*,*,#2446,.T.);
#3412=ORIENTED_EDGE('',*,*,#2451,.T.);
#3413=ORIENTED_EDGE('',*,*,#2436,.T.);
#3414=ORIENTED_EDGE('',*,*,#2439,.T.);
#3415=ORIENTED_EDGE('',*,*,#2443,.T.);
#3416=ORIENTED_EDGE('',*,*,#2447,.T.);
#3417=ORIENTED_EDGE('',*,*,#2432,.T.);
#3418=ORIENTED_EDGE('',*,*,#2423,.T.);
#3419=ORIENTED_EDGE('',*,*,#2452,.T.);
#3420=ORIENTED_EDGE('',*,*,#2453,.T.);
#3421=ORIENTED_EDGE('',*,*,#2454,.T.);
#3422=ORIENTED_EDGE('',*,*,#2455,.T.);
#3423=ORIENTED_EDGE('',*,*,#2437,.T.);
#3424=ORIENTED_EDGE('',*,*,#2451,.F.);
#3425=ORIENTED_EDGE('',*,*,#2456,.T.);
#3426=ORIENTED_EDGE('',*,*,#2457,.F.);
#3427=ORIENTED_EDGE('',*,*,#2417,.F.);
#3428=ORIENTED_EDGE('',*,*,#2427,.F.);
#3429=ORIENTED_EDGE('',*,*,#2429,.T.);
#3430=ORIENTED_EDGE('',*,*,#2431,.F.);
#3431=ORIENTED_EDGE('',*,*,#2458,.T.);
#3432=ORIENTED_EDGE('',*,*,#2445,.F.);
#3433=ORIENTED_EDGE('',*,*,#2444,.T.);
#3434=ORIENTED_EDGE('',*,*,#2440,.F.);
#3435=ORIENTED_EDGE('',*,*,#2438,.T.);
#3436=ORIENTED_EDGE('',*,*,#2455,.F.);
#3437=ORIENTED_EDGE('',*,*,#2459,.T.);
#3438=ORIENTED_EDGE('',*,*,#2456,.F.);
#3439=ORIENTED_EDGE('',*,*,#2454,.F.);
#3440=ORIENTED_EDGE('',*,*,#2460,.T.);
#3441=ORIENTED_EDGE('',*,*,#2459,.F.);
#3442=ORIENTED_EDGE('',*,*,#2453,.F.);
#3443=ORIENTED_EDGE('',*,*,#2461,.T.);
#3444=ORIENTED_EDGE('',*,*,#2462,.T.);
#3445=ORIENTED_EDGE('',*,*,#2457,.T.);
#3446=ORIENTED_EDGE('',*,*,#2460,.F.);
#3447=ORIENTED_EDGE('',*,*,#2452,.F.);
#3448=ORIENTED_EDGE('',*,*,#2422,.F.);
#3449=ORIENTED_EDGE('',*,*,#2463,.T.);
#3450=ORIENTED_EDGE('',*,*,#2461,.F.);
#3451=ORIENTED_EDGE('',*,*,#2464,.F.);
#3452=ORIENTED_EDGE('',*,*,#2465,.F.);
#3453=ORIENTED_EDGE('',*,*,#2466,.F.);
#3454=ORIENTED_EDGE('',*,*,#2463,.F.);
#3455=ORIENTED_EDGE('',*,*,#2421,.T.);
#3456=ORIENTED_EDGE('',*,*,#2412,.T.);
#3457=ORIENTED_EDGE('',*,*,#2466,.T.);
#3458=ORIENTED_EDGE('',*,*,#2467,.F.);
#3459=ORIENTED_EDGE('',*,*,#2418,.T.);
#3460=ORIENTED_EDGE('',*,*,#2462,.F.);
#3461=ORIENTED_EDGE('',*,*,#2414,.T.);
#3462=ORIENTED_EDGE('',*,*,#2425,.T.);
#3463=ORIENTED_EDGE('',*,*,#2434,.F.);
#3464=ORIENTED_EDGE('',*,*,#2450,.T.);
#3465=ORIENTED_EDGE('',*,*,#2468,.F.);
#3466=ORIENTED_EDGE('',*,*,#2406,.T.);
#3467=ORIENTED_EDGE('',*,*,#2469,.F.);
#3468=ORIENTED_EDGE('',*,*,#2448,.F.);
#3469=ORIENTED_EDGE('',*,*,#2458,.F.);
#3470=ORIENTED_EDGE('',*,*,#2430,.T.);
#3471=ORIENTED_EDGE('',*,*,#2415,.T.);
#3472=ORIENTED_EDGE('',*,*,#2468,.T.);
#3473=ORIENTED_EDGE('',*,*,#2449,.F.);
#3474=ORIENTED_EDGE('',*,*,#2469,.T.);
#3475=ORIENTED_EDGE('',*,*,#2470,.F.);
#3476=ORIENTED_EDGE('',*,*,#2419,.T.);
#3477=ORIENTED_EDGE('',*,*,#2467,.T.);
#3478=ORIENTED_EDGE('',*,*,#2465,.T.);
#3479=ORIENTED_EDGE('',*,*,#2411,.T.);
#3480=ORIENTED_EDGE('',*,*,#2420,.T.);
#3481=ORIENTED_EDGE('',*,*,#2470,.T.);
#3482=ORIENTED_EDGE('',*,*,#2464,.T.);
#3483=ORIENTED_EDGE('',*,*,#2471,.F.);
#3484=ORIENTED_EDGE('',*,*,#2472,.F.);
#3485=ORIENTED_EDGE('',*,*,#2473,.F.);
#3486=ORIENTED_EDGE('',*,*,#2474,.F.);
#3487=ORIENTED_EDGE('',*,*,#2475,.F.);
#3488=ORIENTED_EDGE('',*,*,#2476,.F.);
#3489=ORIENTED_EDGE('',*,*,#2477,.F.);
#3490=ORIENTED_EDGE('',*,*,#2478,.F.);
#3491=ORIENTED_EDGE('',*,*,#2479,.F.);
#3492=ORIENTED_EDGE('',*,*,#2480,.F.);
#3493=ORIENTED_EDGE('',*,*,#2481,.F.);
#3494=ORIENTED_EDGE('',*,*,#2482,.F.);
#3495=ORIENTED_EDGE('',*,*,#2477,.T.);
#3496=ORIENTED_EDGE('',*,*,#2483,.T.);
#3497=ORIENTED_EDGE('',*,*,#2484,.F.);
#3498=ORIENTED_EDGE('',*,*,#2485,.F.);
#3499=ORIENTED_EDGE('',*,*,#2476,.T.);
#3500=ORIENTED_EDGE('',*,*,#2486,.F.);
#3501=ORIENTED_EDGE('',*,*,#2487,.T.);
#3502=ORIENTED_EDGE('',*,*,#2483,.F.);
#3503=ORIENTED_EDGE('',*,*,#2475,.T.);
#3504=ORIENTED_EDGE('',*,*,#2488,.F.);
#3505=ORIENTED_EDGE('',*,*,#2489,.F.);
#3506=ORIENTED_EDGE('',*,*,#2490,.F.);
#3507=ORIENTED_EDGE('',*,*,#2486,.T.);
#3508=ORIENTED_EDGE('',*,*,#2474,.T.);
#3509=ORIENTED_EDGE('',*,*,#2491,.F.);
#3510=ORIENTED_EDGE('',*,*,#2492,.F.);
#3511=ORIENTED_EDGE('',*,*,#2488,.T.);
#3512=ORIENTED_EDGE('',*,*,#2473,.T.);
#3513=ORIENTED_EDGE('',*,*,#2493,.F.);
#3514=ORIENTED_EDGE('',*,*,#2494,.F.);
#3515=ORIENTED_EDGE('',*,*,#2491,.T.);
#3516=ORIENTED_EDGE('',*,*,#2472,.T.);
#3517=ORIENTED_EDGE('',*,*,#2495,.T.);
#3518=ORIENTED_EDGE('',*,*,#2496,.F.);
#3519=ORIENTED_EDGE('',*,*,#2493,.T.);
#3520=ORIENTED_EDGE('',*,*,#2482,.T.);
#3521=ORIENTED_EDGE('',*,*,#2497,.F.);
#3522=ORIENTED_EDGE('',*,*,#2498,.T.);
#3523=ORIENTED_EDGE('',*,*,#2499,.F.);
#3524=ORIENTED_EDGE('',*,*,#2500,.T.);
#3525=ORIENTED_EDGE('',*,*,#2501,.F.);
#3526=ORIENTED_EDGE('',*,*,#2479,.T.);
#3527=ORIENTED_EDGE('',*,*,#2502,.F.);
#3528=ORIENTED_EDGE('',*,*,#2503,.T.);
#3529=ORIENTED_EDGE('',*,*,#2504,.F.);
#3530=ORIENTED_EDGE('',*,*,#2505,.F.);
#3531=ORIENTED_EDGE('',*,*,#2478,.T.);
#3532=ORIENTED_EDGE('',*,*,#2485,.T.);
#3533=ORIENTED_EDGE('',*,*,#2506,.T.);
#3534=ORIENTED_EDGE('',*,*,#2502,.T.);
#3535=ORIENTED_EDGE('',*,*,#2507,.F.);
#3536=ORIENTED_EDGE('',*,*,#2508,.T.);
#3537=ORIENTED_EDGE('',*,*,#2504,.T.);
#3538=ORIENTED_EDGE('',*,*,#2509,.F.);
#3539=ORIENTED_EDGE('',*,*,#2500,.F.);
#3540=ORIENTED_EDGE('',*,*,#2510,.F.);
#3541=ORIENTED_EDGE('',*,*,#2511,.F.);
#3542=ORIENTED_EDGE('',*,*,#2512,.T.);
#3543=ORIENTED_EDGE('',*,*,#2513,.T.);
#3544=ORIENTED_EDGE('',*,*,#2514,.T.);
#3545=ORIENTED_EDGE('',*,*,#2511,.T.);
#3546=ORIENTED_EDGE('',*,*,#2515,.F.);
#3547=ORIENTED_EDGE('',*,*,#2516,.T.);
#3548=ORIENTED_EDGE('',*,*,#2516,.F.);
#3549=ORIENTED_EDGE('',*,*,#2517,.F.);
#3550=ORIENTED_EDGE('',*,*,#2518,.T.);
#3551=ORIENTED_EDGE('',*,*,#2519,.F.);
#3552=ORIENTED_EDGE('',*,*,#2520,.F.);
#3553=ORIENTED_EDGE('',*,*,#2521,.F.);
#3554=ORIENTED_EDGE('',*,*,#2522,.T.);
#3555=ORIENTED_EDGE('',*,*,#2518,.F.);
#3556=ORIENTED_EDGE('',*,*,#2521,.T.);
#3557=ORIENTED_EDGE('',*,*,#2523,.F.);
#3558=ORIENTED_EDGE('',*,*,#2524,.F.);
#3559=ORIENTED_EDGE('',*,*,#2525,.F.);
#3560=ORIENTED_EDGE('',*,*,#2526,.T.);
#3561=ORIENTED_EDGE('',*,*,#2524,.T.);
#3562=ORIENTED_EDGE('',*,*,#2527,.F.);
#3563=ORIENTED_EDGE('',*,*,#2528,.T.);
#3564=ORIENTED_EDGE('',*,*,#2528,.F.);
#3565=ORIENTED_EDGE('',*,*,#2529,.F.);
#3566=ORIENTED_EDGE('',*,*,#2530,.T.);
#3567=ORIENTED_EDGE('',*,*,#2531,.F.);
#3568=ORIENTED_EDGE('',*,*,#2532,.F.);
#3569=ORIENTED_EDGE('',*,*,#2533,.T.);
#3570=ORIENTED_EDGE('',*,*,#2509,.T.);
#3571=ORIENTED_EDGE('',*,*,#2534,.T.);
#3572=ORIENTED_EDGE('',*,*,#2530,.F.);
#3573=ORIENTED_EDGE('',*,*,#2535,.F.);
#3574=ORIENTED_EDGE('',*,*,#2498,.F.);
#3575=ORIENTED_EDGE('',*,*,#2536,.T.);
#3576=ORIENTED_EDGE('',*,*,#2533,.F.);
#3577=ORIENTED_EDGE('',*,*,#2481,.T.);
#3578=ORIENTED_EDGE('',*,*,#2537,.F.);
#3579=ORIENTED_EDGE('',*,*,#2507,.T.);
#3580=ORIENTED_EDGE('',*,*,#2536,.F.);
#3581=ORIENTED_EDGE('',*,*,#2497,.T.);
#3582=ORIENTED_EDGE('',*,*,#2480,.T.);
#3583=ORIENTED_EDGE('',*,*,#2505,.T.);
#3584=ORIENTED_EDGE('',*,*,#2508,.F.);
#3585=ORIENTED_EDGE('',*,*,#2537,.T.);
#3586=ORIENTED_EDGE('',*,*,#2527,.T.);
#3587=ORIENTED_EDGE('',*,*,#2523,.T.);
#3588=ORIENTED_EDGE('',*,*,#2520,.T.);
#3589=ORIENTED_EDGE('',*,*,#2517,.T.);
#3590=ORIENTED_EDGE('',*,*,#2515,.T.);
#3591=ORIENTED_EDGE('',*,*,#2510,.T.);
#3592=ORIENTED_EDGE('',*,*,#2499,.T.);
#3593=ORIENTED_EDGE('',*,*,#2535,.T.);
#3594=ORIENTED_EDGE('',*,*,#2532,.T.);
#3595=ORIENTED_EDGE('',*,*,#2529,.T.);
#3596=ORIENTED_EDGE('',*,*,#2534,.F.);
#3597=ORIENTED_EDGE('',*,*,#2503,.F.);
#3598=ORIENTED_EDGE('',*,*,#2506,.F.);
#3599=ORIENTED_EDGE('',*,*,#2484,.T.);
#3600=ORIENTED_EDGE('',*,*,#2487,.F.);
#3601=ORIENTED_EDGE('',*,*,#2490,.T.);
#3602=ORIENTED_EDGE('',*,*,#2513,.F.);
#3603=ORIENTED_EDGE('',*,*,#2519,.T.);
#3604=ORIENTED_EDGE('',*,*,#2522,.F.);
#3605=ORIENTED_EDGE('',*,*,#2525,.T.);
#3606=ORIENTED_EDGE('',*,*,#2526,.F.);
#3607=ORIENTED_EDGE('',*,*,#2531,.T.);
#3608=ORIENTED_EDGE('',*,*,#2489,.T.);
#3609=ORIENTED_EDGE('',*,*,#2492,.T.);
#3610=ORIENTED_EDGE('',*,*,#2494,.T.);
#3611=ORIENTED_EDGE('',*,*,#2496,.T.);
#3612=ORIENTED_EDGE('',*,*,#2538,.T.);
#3613=ORIENTED_EDGE('',*,*,#2514,.F.);
#3614=ORIENTED_EDGE('',*,*,#2471,.T.);
#3615=ORIENTED_EDGE('',*,*,#2501,.T.);
#3616=ORIENTED_EDGE('',*,*,#2512,.F.);
#3617=ORIENTED_EDGE('',*,*,#2538,.F.);
#3618=ORIENTED_EDGE('',*,*,#2495,.F.);
#3619=ORIENTED_EDGE('',*,*,#2539,.F.);
#3620=ORIENTED_EDGE('',*,*,#2540,.T.);
#3621=ORIENTED_EDGE('',*,*,#2541,.F.);
#3622=ORIENTED_EDGE('',*,*,#2542,.T.);
#3623=ORIENTED_EDGE('',*,*,#2543,.F.);
#3624=ORIENTED_EDGE('',*,*,#2544,.T.);
#3625=ORIENTED_EDGE('',*,*,#2545,.F.);
#3626=ORIENTED_EDGE('',*,*,#2546,.T.);
#3627=ORIENTED_EDGE('',*,*,#2547,.F.);
#3628=ORIENTED_EDGE('',*,*,#2548,.T.);
#3629=ORIENTED_EDGE('',*,*,#2549,.F.);
#3630=ORIENTED_EDGE('',*,*,#2550,.T.);
#3631=ORIENTED_EDGE('',*,*,#2551,.F.);
#3632=ORIENTED_EDGE('',*,*,#2552,.T.);
#3633=ORIENTED_EDGE('',*,*,#2553,.F.);
#3634=ORIENTED_EDGE('',*,*,#2554,.F.);
#3635=ORIENTED_EDGE('',*,*,#2555,.F.);
#3636=ORIENTED_EDGE('',*,*,#2556,.T.);
#3637=ORIENTED_EDGE('',*,*,#2557,.F.);
#3638=ORIENTED_EDGE('',*,*,#2558,.T.);
#3639=ORIENTED_EDGE('',*,*,#2559,.F.);
#3640=ORIENTED_EDGE('',*,*,#2540,.F.);
#3641=ORIENTED_EDGE('',*,*,#2560,.F.);
#3642=ORIENTED_EDGE('',*,*,#2561,.F.);
#3643=ORIENTED_EDGE('',*,*,#2562,.F.);
#3644=ORIENTED_EDGE('',*,*,#2563,.F.);
#3645=ORIENTED_EDGE('',*,*,#2564,.F.);
#3646=ORIENTED_EDGE('',*,*,#2565,.T.);
#3647=ORIENTED_EDGE('',*,*,#2566,.F.);
#3648=ORIENTED_EDGE('',*,*,#2554,.T.);
#3649=ORIENTED_EDGE('',*,*,#2567,.T.);
#3650=ORIENTED_EDGE('',*,*,#2561,.T.);
#3651=ORIENTED_EDGE('',*,*,#2568,.F.);
#3652=ORIENTED_EDGE('',*,*,#2569,.F.);
#3653=ORIENTED_EDGE('',*,*,#2559,.T.);
#3654=ORIENTED_EDGE('',*,*,#2570,.T.);
#3655=ORIENTED_EDGE('',*,*,#2571,.F.);
#3656=ORIENTED_EDGE('',*,*,#2541,.T.);
#3657=ORIENTED_EDGE('',*,*,#2572,.T.);
#3658=ORIENTED_EDGE('',*,*,#2573,.F.);
#3659=ORIENTED_EDGE('',*,*,#2574,.T.);
#3660=ORIENTED_EDGE('',*,*,#2575,.T.);
#3661=ORIENTED_EDGE('',*,*,#2570,.F.);
#3662=ORIENTED_EDGE('',*,*,#2558,.F.);
#3663=ORIENTED_EDGE('',*,*,#2545,.T.);
#3664=ORIENTED_EDGE('',*,*,#2576,.T.);
#3665=ORIENTED_EDGE('',*,*,#2577,.F.);
#3666=ORIENTED_EDGE('',*,*,#2578,.F.);
#3667=ORIENTED_EDGE('',*,*,#2549,.T.);
#3668=ORIENTED_EDGE('',*,*,#2579,.T.);
#3669=ORIENTED_EDGE('',*,*,#2580,.T.);
#3670=ORIENTED_EDGE('',*,*,#2581,.F.);
#3671=ORIENTED_EDGE('',*,*,#2582,.F.);
#3672=ORIENTED_EDGE('',*,*,#2583,.T.);
#3673=ORIENTED_EDGE('',*,*,#2584,.T.);
#3674=ORIENTED_EDGE('',*,*,#2585,.T.);
#3675=ORIENTED_EDGE('',*,*,#2586,.F.);
#3676=ORIENTED_EDGE('',*,*,#2569,.T.);
#3677=ORIENTED_EDGE('',*,*,#2587,.F.);
#3678=ORIENTED_EDGE('',*,*,#2588,.F.);
#3679=ORIENTED_EDGE('',*,*,#2589,.F.);
#3680=ORIENTED_EDGE('',*,*,#2590,.F.);
#3681=ORIENTED_EDGE('',*,*,#2591,.F.);
#3682=ORIENTED_EDGE('',*,*,#2592,.T.);
#3683=ORIENTED_EDGE('',*,*,#2593,.F.);
#3684=ORIENTED_EDGE('',*,*,#2594,.T.);
#3685=ORIENTED_EDGE('',*,*,#2595,.F.);
#3686=ORIENTED_EDGE('',*,*,#2590,.T.);
#3687=ORIENTED_EDGE('',*,*,#2596,.F.);
#3688=ORIENTED_EDGE('',*,*,#2597,.T.);
#3689=ORIENTED_EDGE('',*,*,#2598,.F.);
#3690=ORIENTED_EDGE('',*,*,#2594,.F.);
#3691=ORIENTED_EDGE('',*,*,#2599,.F.);
#3692=ORIENTED_EDGE('',*,*,#2600,.F.);
#3693=ORIENTED_EDGE('',*,*,#2601,.T.);
#3694=ORIENTED_EDGE('',*,*,#2602,.T.);
#3695=ORIENTED_EDGE('',*,*,#2603,.F.);
#3696=ORIENTED_EDGE('',*,*,#2604,.F.);
#3697=ORIENTED_EDGE('',*,*,#2605,.F.);
#3698=ORIENTED_EDGE('',*,*,#2606,.F.);
#3699=ORIENTED_EDGE('',*,*,#2607,.T.);
#3700=ORIENTED_EDGE('',*,*,#2608,.F.);
#3701=ORIENTED_EDGE('',*,*,#2585,.F.);
#3702=ORIENTED_EDGE('',*,*,#2609,.F.);
#3703=ORIENTED_EDGE('',*,*,#2610,.F.);
#3704=ORIENTED_EDGE('',*,*,#2611,.T.);
#3705=ORIENTED_EDGE('',*,*,#2603,.T.);
#3706=ORIENTED_EDGE('',*,*,#2612,.F.);
#3707=ORIENTED_EDGE('',*,*,#2610,.T.);
#3708=ORIENTED_EDGE('',*,*,#2613,.T.);
#3709=ORIENTED_EDGE('',*,*,#2614,.F.);
#3710=ORIENTED_EDGE('',*,*,#2615,.F.);
#3711=ORIENTED_EDGE('',*,*,#2562,.T.);
#3712=ORIENTED_EDGE('',*,*,#2567,.F.);
#3713=ORIENTED_EDGE('',*,*,#2553,.T.);
#3714=ORIENTED_EDGE('',*,*,#2616,.T.);
#3715=ORIENTED_EDGE('',*,*,#2617,.F.);
#3716=ORIENTED_EDGE('',*,*,#2573,.T.);
#3717=ORIENTED_EDGE('',*,*,#2618,.F.);
#3718=ORIENTED_EDGE('',*,*,#2607,.F.);
#3719=ORIENTED_EDGE('',*,*,#2619,.T.);
#3720=ORIENTED_EDGE('',*,*,#2620,.F.);
#3721=ORIENTED_EDGE('',*,*,#2621,.F.);
#3722=ORIENTED_EDGE('',*,*,#2622,.F.);
#3723=ORIENTED_EDGE('',*,*,#2576,.F.);
#3724=ORIENTED_EDGE('',*,*,#2544,.F.);
#3725=ORIENTED_EDGE('',*,*,#2623,.T.);
#3726=ORIENTED_EDGE('',*,*,#2600,.T.);
#3727=ORIENTED_EDGE('',*,*,#2624,.F.);
#3728=ORIENTED_EDGE('',*,*,#2625,.F.);
#3729=ORIENTED_EDGE('',*,*,#2579,.F.);
#3730=ORIENTED_EDGE('',*,*,#2548,.F.);
#3731=ORIENTED_EDGE('',*,*,#2601,.F.);
#3732=ORIENTED_EDGE('',*,*,#2623,.F.);
#3733=ORIENTED_EDGE('',*,*,#2547,.T.);
#3734=ORIENTED_EDGE('',*,*,#2626,.T.);
#3735=ORIENTED_EDGE('',*,*,#2627,.T.);
#3736=ORIENTED_EDGE('',*,*,#2628,.F.);
#3737=ORIENTED_EDGE('',*,*,#2602,.F.);
#3738=ORIENTED_EDGE('',*,*,#2626,.F.);
#3739=ORIENTED_EDGE('',*,*,#2546,.F.);
#3740=ORIENTED_EDGE('',*,*,#2578,.T.);
#3741=ORIENTED_EDGE('',*,*,#2622,.T.);
#3742=ORIENTED_EDGE('',*,*,#2629,.F.);
#3743=ORIENTED_EDGE('',*,*,#2627,.F.);
#3744=ORIENTED_EDGE('',*,*,#2577,.T.);
#3745=ORIENTED_EDGE('',*,*,#2630,.F.);
#3746=ORIENTED_EDGE('',*,*,#2583,.F.);
#3747=ORIENTED_EDGE('',*,*,#2631,.F.);
#3748=ORIENTED_EDGE('',*,*,#2620,.T.);
#3749=ORIENTED_EDGE('',*,*,#2612,.T.);
#3750=ORIENTED_EDGE('',*,*,#2606,.T.);
#3751=ORIENTED_EDGE('',*,*,#2632,.F.);
#3752=ORIENTED_EDGE('',*,*,#2613,.F.);
#3753=ORIENTED_EDGE('',*,*,#2575,.F.);
#3754=ORIENTED_EDGE('',*,*,#2633,.F.);
#3755=ORIENTED_EDGE('',*,*,#2542,.F.);
#3756=ORIENTED_EDGE('',*,*,#2571,.T.);
#3757=ORIENTED_EDGE('',*,*,#2634,.F.);
#3758=ORIENTED_EDGE('',*,*,#2604,.T.);
#3759=ORIENTED_EDGE('',*,*,#2611,.F.);
#3760=ORIENTED_EDGE('',*,*,#2615,.T.);
#3761=ORIENTED_EDGE('',*,*,#2598,.T.);
#3762=ORIENTED_EDGE('',*,*,#2635,.T.);
#3763=ORIENTED_EDGE('',*,*,#2636,.F.);
#3764=ORIENTED_EDGE('',*,*,#2624,.T.);
#3765=ORIENTED_EDGE('',*,*,#2599,.T.);
#3766=ORIENTED_EDGE('',*,*,#2628,.T.);
#3767=ORIENTED_EDGE('',*,*,#2629,.T.);
#3768=ORIENTED_EDGE('',*,*,#2621,.T.);
#3769=ORIENTED_EDGE('',*,*,#2631,.T.);
#3770=ORIENTED_EDGE('',*,*,#2582,.T.);
#3771=ORIENTED_EDGE('',*,*,#2608,.T.);
#3772=ORIENTED_EDGE('',*,*,#2618,.T.);
#3773=ORIENTED_EDGE('',*,*,#2572,.F.);
#3774=ORIENTED_EDGE('',*,*,#2557,.T.);
#3775=ORIENTED_EDGE('',*,*,#2637,.T.);
#3776=ORIENTED_EDGE('',*,*,#2638,.T.);
#3777=ORIENTED_EDGE('',*,*,#2639,.T.);
#3778=ORIENTED_EDGE('',*,*,#2640,.T.);
#3779=ORIENTED_EDGE('',*,*,#2641,.T.);
#3780=ORIENTED_EDGE('',*,*,#2642,.T.);
#3781=ORIENTED_EDGE('',*,*,#2587,.T.);
#3782=ORIENTED_EDGE('',*,*,#2568,.T.);
#3783=ORIENTED_EDGE('',*,*,#2560,.T.);
#3784=ORIENTED_EDGE('',*,*,#2643,.T.);
#3785=ORIENTED_EDGE('',*,*,#2591,.T.);
#3786=ORIENTED_EDGE('',*,*,#2595,.T.);
#3787=ORIENTED_EDGE('',*,*,#2614,.T.);
#3788=ORIENTED_EDGE('',*,*,#2632,.T.);
#3789=ORIENTED_EDGE('',*,*,#2605,.T.);
#3790=ORIENTED_EDGE('',*,*,#2634,.T.);
#3791=ORIENTED_EDGE('',*,*,#2644,.F.);
#3792=ORIENTED_EDGE('',*,*,#2588,.T.);
#3793=ORIENTED_EDGE('',*,*,#2642,.F.);
#3794=ORIENTED_EDGE('',*,*,#2645,.F.);
#3795=ORIENTED_EDGE('',*,*,#2646,.F.);
#3796=ORIENTED_EDGE('',*,*,#2563,.T.);
#3797=ORIENTED_EDGE('',*,*,#2616,.F.);
#3798=ORIENTED_EDGE('',*,*,#2552,.F.);
#3799=ORIENTED_EDGE('',*,*,#2647,.F.);
#3800=ORIENTED_EDGE('',*,*,#2550,.F.);
#3801=ORIENTED_EDGE('',*,*,#2581,.T.);
#3802=ORIENTED_EDGE('',*,*,#2648,.T.);
#3803=ORIENTED_EDGE('',*,*,#2635,.F.);
#3804=ORIENTED_EDGE('',*,*,#2597,.F.);
#3805=ORIENTED_EDGE('',*,*,#2648,.F.);
#3806=ORIENTED_EDGE('',*,*,#2580,.F.);
#3807=ORIENTED_EDGE('',*,*,#2625,.T.);
#3808=ORIENTED_EDGE('',*,*,#2636,.T.);
#3809=ORIENTED_EDGE('',*,*,#2649,.F.);
#3810=ORIENTED_EDGE('',*,*,#2592,.F.);
#3811=ORIENTED_EDGE('',*,*,#2643,.F.);
#3812=ORIENTED_EDGE('',*,*,#2565,.F.);
#3813=ORIENTED_EDGE('',*,*,#2617,.T.);
#3814=ORIENTED_EDGE('',*,*,#2609,.T.);
#3815=ORIENTED_EDGE('',*,*,#2584,.F.);
#3816=ORIENTED_EDGE('',*,*,#2630,.T.);
#3817=ORIENTED_EDGE('',*,*,#2619,.F.);
#3818=ORIENTED_EDGE('',*,*,#2543,.T.);
#3819=ORIENTED_EDGE('',*,*,#2633,.T.);
#3820=ORIENTED_EDGE('',*,*,#2574,.F.);
#3821=ORIENTED_EDGE('',*,*,#2649,.T.);
#3822=ORIENTED_EDGE('',*,*,#2564,.T.);
#3823=ORIENTED_EDGE('',*,*,#2646,.T.);
#3824=ORIENTED_EDGE('',*,*,#2551,.T.);
#3825=ORIENTED_EDGE('',*,*,#2647,.T.);
#3826=ORIENTED_EDGE('',*,*,#2596,.T.);
#3827=ORIENTED_EDGE('',*,*,#2593,.T.);
#3828=ORIENTED_EDGE('',*,*,#2589,.T.);
#3829=ORIENTED_EDGE('',*,*,#2650,.F.);
#3830=ORIENTED_EDGE('',*,*,#2645,.T.);
#3831=ORIENTED_EDGE('',*,*,#2641,.F.);
#3832=ORIENTED_EDGE('',*,*,#2651,.F.);
#3833=ORIENTED_EDGE('',*,*,#2652,.F.);
#3834=ORIENTED_EDGE('',*,*,#2651,.T.);
#3835=ORIENTED_EDGE('',*,*,#2640,.F.);
#3836=ORIENTED_EDGE('',*,*,#2653,.F.);
#3837=ORIENTED_EDGE('',*,*,#2654,.F.);
#3838=ORIENTED_EDGE('',*,*,#2653,.T.);
#3839=ORIENTED_EDGE('',*,*,#2639,.F.);
#3840=ORIENTED_EDGE('',*,*,#2655,.F.);
#3841=ORIENTED_EDGE('',*,*,#2656,.F.);
#3842=ORIENTED_EDGE('',*,*,#2655,.T.);
#3843=ORIENTED_EDGE('',*,*,#2638,.F.);
#3844=ORIENTED_EDGE('',*,*,#2657,.F.);
#3845=ORIENTED_EDGE('',*,*,#2658,.F.);
#3846=ORIENTED_EDGE('',*,*,#2657,.T.);
#3847=ORIENTED_EDGE('',*,*,#2637,.F.);
#3848=ORIENTED_EDGE('',*,*,#2556,.F.);
#3849=ORIENTED_EDGE('',*,*,#2650,.T.);
#3850=ORIENTED_EDGE('',*,*,#2652,.T.);
#3851=ORIENTED_EDGE('',*,*,#2654,.T.);
#3852=ORIENTED_EDGE('',*,*,#2656,.T.);
#3853=ORIENTED_EDGE('',*,*,#2658,.T.);
#3854=ORIENTED_EDGE('',*,*,#2555,.T.);
#3855=ORIENTED_EDGE('',*,*,#2539,.T.);
#3856=ORIENTED_EDGE('',*,*,#2566,.T.);
#3857=ORIENTED_EDGE('',*,*,#2586,.T.);
#3858=ORIENTED_EDGE('',*,*,#2644,.T.);
#3859=PLANE('',#4299);
#3860=PLANE('',#4300);
#3861=PLANE('',#4301);
#3862=PLANE('',#4302);
#3863=PLANE('',#4303);
#3864=PLANE('',#4308);
#3865=PLANE('',#4309);
#3866=PLANE('',#4310);
#3867=PLANE('',#4311);
#3868=PLANE('',#4312);
#3869=PLANE('',#4313);
#3870=PLANE('',#4314);
#3871=PLANE('',#4315);
#3872=PLANE('',#4316);
#3873=PLANE('',#4317);
#3874=PLANE('',#4318);
#3875=PLANE('',#4319);
#3876=PLANE('',#4320);
#3877=PLANE('',#4321);
#3878=PLANE('',#4322);
#3879=PLANE('',#4323);
#3880=PLANE('',#4324);
#3881=PLANE('',#4325);
#3882=PLANE('',#4326);
#3883=PLANE('',#4327);
#3884=PLANE('',#4328);
#3885=PLANE('',#4329);
#3886=PLANE('',#4330);
#3887=PLANE('',#4331);
#3888=PLANE('',#4332);
#3889=PLANE('',#4333);
#3890=PLANE('',#4334);
#3891=PLANE('',#4335);
#3892=PLANE('',#4336);
#3893=PLANE('',#4337);
#3894=PLANE('',#4338);
#3895=PLANE('',#4339);
#3896=PLANE('',#4340);
#3897=PLANE('',#4341);
#3898=PLANE('',#4343);
#3899=PLANE('',#4349);
#3900=PLANE('',#4350);
#3901=PLANE('',#4351);
#3902=PLANE('',#4352);
#3903=PLANE('',#4353);
#3904=PLANE('',#4354);
#3905=PLANE('',#4355);
#3906=PLANE('',#4356);
#3907=PLANE('',#4357);
#3908=PLANE('',#4358);
#3909=PLANE('',#4359);
#3910=PLANE('',#4360);
#3911=PLANE('',#4361);
#3912=PLANE('',#4362);
#3913=PLANE('',#4363);
#3914=PLANE('',#4364);
#3915=PLANE('',#4365);
#3916=PLANE('',#4366);
#3917=PLANE('',#4367);
#3918=PLANE('',#4368);
#3919=PLANE('',#4369);
#3920=PLANE('',#4370);
#3921=PLANE('',#4371);
#3922=PLANE('',#4372);
#3923=PLANE('',#4373);
#3924=PLANE('',#4374);
#3925=PLANE('',#4375);
#3926=PLANE('',#4376);
#3927=PLANE('',#4377);
#3928=PLANE('',#4378);
#3929=PLANE('',#4379);
#3930=PLANE('',#4380);
#3931=PLANE('',#4381);
#3932=PLANE('',#4382);
#3933=PLANE('',#4383);
#3934=PLANE('',#4384);
#3935=PLANE('',#4385);
#3936=PLANE('',#4386);
#3937=PLANE('',#4387);
#3938=PLANE('',#4388);
#3939=PLANE('',#4389);
#3940=PLANE('',#4392);
#3941=PLANE('',#4393);
#3942=PLANE('',#4394);
#3943=PLANE('',#4395);
#3944=PLANE('',#4396);
#3945=PLANE('',#4398);
#3946=PLANE('',#4402);
#3947=PLANE('',#4403);
#3948=PLANE('',#4405);
#3949=PLANE('',#4407);
#3950=PLANE('',#4408);
#3951=PLANE('',#4410);
#3952=PLANE('',#4411);
#3953=PLANE('',#4412);
#3954=PLANE('',#4413);
#3955=PLANE('',#4414);
#3956=PLANE('',#4415);
#3957=PLANE('',#4416);
#3958=PLANE('',#4421);
#3959=PLANE('',#4422);
#3960=PLANE('',#4423);
#3961=PLANE('',#4427);
#3962=PLANE('',#4428);
#3963=PLANE('',#4429);
#3964=PLANE('',#4430);
#3965=PLANE('',#4433);
#3966=PLANE('',#4434);
#3967=PLANE('',#4435);
#3968=PLANE('',#4436);
#3969=PLANE('',#4437);
#3970=PLANE('',#4438);
#3971=PLANE('',#4439);
#3972=PLANE('',#4440);
#3973=PLANE('',#4441);
#3974=PLANE('',#4442);
#3975=PLANE('',#4443);
#3976=PLANE('',#4444);
#3977=PLANE('',#4445);
#3978=PLANE('',#4446);
#3979=PLANE('',#4447);
#3980=PLANE('',#4448);
#3981=PLANE('',#4449);
#3982=PLANE('',#4452);
#3983=PLANE('',#4455);
#3984=PLANE('',#4456);
#3985=PLANE('',#4457);
#3986=PLANE('',#4459);
#3987=PLANE('',#4460);
#3988=PLANE('',#4462);
#3989=PLANE('',#4463);
#3990=PLANE('',#4464);
#3991=PLANE('',#4465);
#3992=PLANE('',#4466);
#3993=PLANE('',#4467);
#3994=PLANE('',#4468);
#3995=PLANE('',#4469);
#3996=PLANE('',#4470);
#3997=PLANE('',#4471);
#3998=PLANE('',#4473);
#3999=PLANE('',#4474);
#4000=PLANE('',#4475);
#4001=PLANE('',#4476);
#4002=PLANE('',#4478);
#4003=PLANE('',#4479);
#4004=PLANE('',#4480);
#4005=PLANE('',#4481);
#4006=PLANE('',#4482);
#4007=PLANE('',#4483);
#4008=PLANE('',#4484);
#4009=PLANE('',#4487);
#4010=PLANE('',#4490);
#4011=PLANE('',#4493);
#4012=PLANE('',#4494);
#4013=PLANE('',#4495);
#4014=PLANE('',#4496);
#4015=PLANE('',#4497);
#4016=PLANE('',#4498);
#4017=PLANE('',#4499);
#4018=PLANE('',#4500);
#4019=PLANE('',#4501);
#4020=PLANE('',#4502);
#4021=PLANE('',#4503);
#4022=PLANE('',#4504);
#4023=PLANE('',#4505);
#4024=PLANE('',#4506);
#4025=PLANE('',#4507);
#4026=PLANE('',#4508);
#4027=PLANE('',#4509);
#4028=PLANE('',#4512);
#4029=PLANE('',#4514);
#4030=PLANE('',#4515);
#4031=PLANE('',#4517);
#4032=PLANE('',#4518);
#4033=PLANE('',#4519);
#4034=PLANE('',#4520);
#4035=PLANE('',#4521);
#4036=PLANE('',#4522);
#4037=PLANE('',#4523);
#4038=PLANE('',#4524);
#4039=PLANE('',#4525);
#4040=PLANE('',#4527);
#4041=PLANE('',#4528);
#4042=PLANE('',#4529);
#4043=PLANE('',#4530);
#4044=PLANE('',#4531);
#4045=PLANE('',#4532);
#4046=PLANE('',#4533);
#4047=PLANE('',#4534);
#4048=PLANE('',#4535);
#4049=PLANE('',#4536);
#4050=PLANE('',#4537);
#4051=PLANE('',#4539);
#4052=PLANE('',#4541);
#4053=PLANE('',#4543);
#4054=ADVANCED_FACE('',(#127),#3859,.T.);
#4055=ADVANCED_FACE('',(#128),#3860,.T.);
#4056=ADVANCED_FACE('',(#129),#3861,.T.);
#4057=ADVANCED_FACE('',(#130),#3862,.T.);
#4058=ADVANCED_FACE('',(#131),#3863,.T.);
#4059=ADVANCED_FACE('',(#132),#96,.F.);
#4060=ADVANCED_FACE('',(#133),#97,.F.);
#4061=ADVANCED_FACE('',(#134),#3864,.T.);
#4062=ADVANCED_FACE('',(#135),#3865,.T.);
#4063=ADVANCED_FACE('',(#136),#3866,.F.);
#4064=ADVANCED_FACE('',(#137),#3867,.T.);
#4065=ADVANCED_FACE('',(#138),#3868,.T.);
#4066=ADVANCED_FACE('',(#139),#3869,.T.);
#4067=ADVANCED_FACE('',(#140),#3870,.F.);
#4068=ADVANCED_FACE('',(#141),#3871,.F.);
#4069=ADVANCED_FACE('',(#142),#3872,.F.);
#4070=ADVANCED_FACE('',(#143),#3873,.T.);
#4071=ADVANCED_FACE('',(#144),#3874,.T.);
#4072=ADVANCED_FACE('',(#145),#3875,.T.);
#4073=ADVANCED_FACE('',(#146),#3876,.T.);
#4074=ADVANCED_FACE('',(#147),#3877,.T.);
#4075=ADVANCED_FACE('',(#148),#3878,.T.);
#4076=ADVANCED_FACE('',(#149),#3879,.F.);
#4077=ADVANCED_FACE('',(#150,#35),#3880,.T.);
#4078=ADVANCED_FACE('',(#151,#36),#3881,.T.);
#4079=ADVANCED_FACE('',(#152),#3882,.F.);
#4080=ADVANCED_FACE('',(#153),#3883,.T.);
#4081=ADVANCED_FACE('',(#154),#3884,.T.);
#4082=ADVANCED_FACE('',(#155),#3885,.T.);
#4083=ADVANCED_FACE('',(#156),#3886,.T.);
#4084=ADVANCED_FACE('',(#157),#3887,.F.);
#4085=ADVANCED_FACE('',(#158),#3888,.T.);
#4086=ADVANCED_FACE('',(#159),#3889,.F.);
#4087=ADVANCED_FACE('',(#160),#3890,.T.);
#4088=ADVANCED_FACE('',(#161),#3891,.T.);
#4089=ADVANCED_FACE('',(#162),#3892,.T.);
#4090=ADVANCED_FACE('',(#163),#3893,.F.);
#4091=ADVANCED_FACE('',(#164),#3894,.F.);
#4092=ADVANCED_FACE('',(#165),#3895,.T.);
#4093=ADVANCED_FACE('',(#166),#3896,.T.);
#4094=ADVANCED_FACE('',(#167,#37),#3897,.T.);
#4095=ADVANCED_FACE('',(#168,#38),#3898,.T.);
#4096=ADVANCED_FACE('',(#169),#98,.F.);
#4097=ADVANCED_FACE('',(#170),#99,.F.);
#4098=ADVANCED_FACE('',(#171),#100,.F.);
#4099=ADVANCED_FACE('',(#172),#101,.F.);
#4100=ADVANCED_FACE('',(#173),#3899,.T.);
#4101=ADVANCED_FACE('',(#174),#3900,.F.);
#4102=ADVANCED_FACE('',(#175),#3901,.F.);
#4103=ADVANCED_FACE('',(#176),#3902,.F.);
#4104=ADVANCED_FACE('',(#177),#3903,.F.);
#4105=ADVANCED_FACE('',(#178),#3904,.F.);
#4106=ADVANCED_FACE('',(#179),#3905,.F.);
#4107=ADVANCED_FACE('',(#180),#3906,.T.);
#4108=ADVANCED_FACE('',(#181),#3907,.T.);
#4109=ADVANCED_FACE('',(#182),#3908,.T.);
#4110=ADVANCED_FACE('',(#183),#3909,.T.);
#4111=ADVANCED_FACE('',(#184),#3910,.F.);
#4112=ADVANCED_FACE('',(#185),#3911,.F.);
#4113=ADVANCED_FACE('',(#186),#3912,.T.);
#4114=ADVANCED_FACE('',(#187),#3913,.T.);
#4115=ADVANCED_FACE('',(#188),#3914,.T.);
#4116=ADVANCED_FACE('',(#189),#3915,.T.);
#4117=ADVANCED_FACE('',(#190),#3916,.F.);
#4118=ADVANCED_FACE('',(#191),#3917,.F.);
#4119=ADVANCED_FACE('',(#192),#3918,.F.);
#4120=ADVANCED_FACE('',(#193),#3919,.F.);
#4121=ADVANCED_FACE('',(#194),#3920,.T.);
#4122=ADVANCED_FACE('',(#195),#3921,.T.);
#4123=ADVANCED_FACE('',(#196),#3922,.T.);
#4124=ADVANCED_FACE('',(#197),#3923,.F.);
#4125=ADVANCED_FACE('',(#198),#3924,.F.);
#4126=ADVANCED_FACE('',(#199),#3925,.F.);
#4127=ADVANCED_FACE('',(#200),#3926,.T.);
#4128=ADVANCED_FACE('',(#201),#3927,.T.);
#4129=ADVANCED_FACE('',(#202),#3928,.T.);
#4130=ADVANCED_FACE('',(#203),#3929,.T.);
#4131=ADVANCED_FACE('',(#204),#3930,.F.);
#4132=ADVANCED_FACE('',(#205),#3931,.T.);
#4133=ADVANCED_FACE('',(#206),#3932,.F.);
#4134=ADVANCED_FACE('',(#207),#3933,.T.);
#4135=ADVANCED_FACE('',(#208),#3934,.T.);
#4136=ADVANCED_FACE('',(#209),#3935,.T.);
#4137=ADVANCED_FACE('',(#210),#3936,.T.);
#4138=ADVANCED_FACE('',(#211,#39,#40),#3937,.F.);
#4139=ADVANCED_FACE('',(#212),#3938,.T.);
#4140=ADVANCED_FACE('',(#213),#3939,.T.);
#4141=ADVANCED_FACE('',(#214),#102,.T.);
#4142=ADVANCED_FACE('',(#215),#3940,.T.);
#4143=ADVANCED_FACE('',(#216),#3941,.F.);
#4144=ADVANCED_FACE('',(#217),#3942,.F.);
#4145=ADVANCED_FACE('',(#218),#3943,.T.);
#4146=ADVANCED_FACE('',(#219,#41),#3944,.T.);
#4147=ADVANCED_FACE('',(#220,#42),#3945,.T.);
#4148=ADVANCED_FACE('',(#221),#3946,.T.);
#4149=ADVANCED_FACE('',(#222),#3947,.T.);
#4150=ADVANCED_FACE('',(#223),#103,.F.);
#4151=ADVANCED_FACE('',(#224),#3948,.F.);
#4152=ADVANCED_FACE('',(#225),#3949,.T.);
#4153=ADVANCED_FACE('',(#226),#104,.T.);
#4154=ADVANCED_FACE('',(#227),#3950,.T.);
#4155=ADVANCED_FACE('',(#228),#105,.F.);
#4156=ADVANCED_FACE('',(#229),#106,.F.);
#4157=ADVANCED_FACE('',(#230),#3951,.F.);
#4158=ADVANCED_FACE('',(#231),#3952,.F.);
#4159=ADVANCED_FACE('',(#232),#3953,.T.);
#4160=ADVANCED_FACE('',(#233),#3954,.T.);
#4161=ADVANCED_FACE('',(#234),#3955,.T.);
#4162=ADVANCED_FACE('',(#235),#3956,.T.);
#4163=ADVANCED_FACE('',(#236,#43),#3957,.T.);
#4164=ADVANCED_FACE('',(#237),#3958,.T.);
#4165=ADVANCED_FACE('',(#238),#3959,.T.);
#4166=ADVANCED_FACE('',(#239),#3960,.T.);
#4167=ADVANCED_FACE('',(#240),#107,.F.);
#4168=ADVANCED_FACE('',(#241),#108,.T.);
#4169=ADVANCED_FACE('',(#242),#109,.T.);
#4170=ADVANCED_FACE('',(#243),#3961,.T.);
#4171=ADVANCED_FACE('',(#244),#3962,.T.);
#4172=ADVANCED_FACE('',(#245),#3963,.F.);
#4173=ADVANCED_FACE('',(#246,#44),#3964,.T.);
#4174=ADVANCED_FACE('',(#247),#110,.F.);
#4175=ADVANCED_FACE('',(#248),#111,.F.);
#4176=ADVANCED_FACE('',(#249),#3965,.T.);
#4177=ADVANCED_FACE('',(#250),#3966,.F.);
#4178=ADVANCED_FACE('',(#251),#3967,.F.);
#4179=ADVANCED_FACE('',(#252),#3968,.T.);
#4180=ADVANCED_FACE('',(#253),#3969,.T.);
#4181=ADVANCED_FACE('',(#254),#3970,.T.);
#4182=ADVANCED_FACE('',(#255),#3971,.T.);
#4183=ADVANCED_FACE('',(#256),#3972,.F.);
#4184=ADVANCED_FACE('',(#257),#3973,.F.);
#4185=ADVANCED_FACE('',(#258),#3974,.T.);
#4186=ADVANCED_FACE('',(#259),#3975,.F.);
#4187=ADVANCED_FACE('',(#260),#3976,.F.);
#4188=ADVANCED_FACE('',(#261),#3977,.T.);
#4189=ADVANCED_FACE('',(#262),#3978,.F.);
#4190=ADVANCED_FACE('',(#263),#3979,.T.);
#4191=ADVANCED_FACE('',(#264),#3980,.F.);
#4192=ADVANCED_FACE('',(#265),#3981,.T.);
#4193=ADVANCED_FACE('',(#266),#112,.F.);
#4194=ADVANCED_FACE('',(#267),#3982,.T.);
#4195=ADVANCED_FACE('',(#268),#113,.T.);
#4196=ADVANCED_FACE('',(#269),#3983,.T.);
#4197=ADVANCED_FACE('',(#270),#3984,.T.);
#4198=ADVANCED_FACE('',(#271),#3985,.T.);
#4199=ADVANCED_FACE('',(#272),#3986,.T.);
#4200=ADVANCED_FACE('',(#273),#3987,.F.);
#4201=ADVANCED_FACE('',(#274),#114,.T.);
#4202=ADVANCED_FACE('',(#275),#3988,.T.);
#4203=ADVANCED_FACE('',(#276),#3989,.T.);
#4204=ADVANCED_FACE('',(#277),#3990,.T.);
#4205=ADVANCED_FACE('',(#278),#3991,.T.);
#4206=ADVANCED_FACE('',(#279),#3992,.T.);
#4207=ADVANCED_FACE('',(#280),#3993,.F.);
#4208=ADVANCED_FACE('',(#281),#3994,.T.);
#4209=ADVANCED_FACE('',(#282),#3995,.T.);
#4210=ADVANCED_FACE('',(#283),#3996,.T.);
#4211=ADVANCED_FACE('',(#284),#3997,.F.);
#4212=ADVANCED_FACE('',(#285),#3998,.T.);
#4213=ADVANCED_FACE('',(#286),#3999,.F.);
#4214=ADVANCED_FACE('',(#287),#4000,.F.);
#4215=ADVANCED_FACE('',(#288),#4001,.T.);
#4216=ADVANCED_FACE('',(#289),#115,.T.);
#4217=ADVANCED_FACE('',(#290),#4002,.T.);
#4218=ADVANCED_FACE('',(#291),#4003,.T.);
#4219=ADVANCED_FACE('',(#292),#4004,.F.);
#4220=ADVANCED_FACE('',(#293),#4005,.F.);
#4221=ADVANCED_FACE('',(#294),#4006,.T.);
#4222=ADVANCED_FACE('',(#295),#4007,.T.);
#4223=ADVANCED_FACE('',(#296),#4008,.T.);
#4224=ADVANCED_FACE('',(#297),#116,.T.);
#4225=ADVANCED_FACE('',(#298),#4009,.T.);
#4226=ADVANCED_FACE('',(#299),#117,.F.);
#4227=ADVANCED_FACE('',(#300),#4010,.T.);
#4228=ADVANCED_FACE('',(#301),#118,.T.);
#4229=ADVANCED_FACE('',(#302),#4011,.T.);
#4230=ADVANCED_FACE('',(#303),#4012,.T.);
#4231=ADVANCED_FACE('',(#304),#4013,.T.);
#4232=ADVANCED_FACE('',(#305),#4014,.T.);
#4233=ADVANCED_FACE('',(#306),#4015,.T.);
#4234=ADVANCED_FACE('',(#307),#4016,.F.);
#4235=ADVANCED_FACE('',(#308),#4017,.T.);
#4236=ADVANCED_FACE('',(#309),#4018,.T.);
#4237=ADVANCED_FACE('',(#310),#4019,.F.);
#4238=ADVANCED_FACE('',(#311),#4020,.F.);
#4239=ADVANCED_FACE('',(#312),#4021,.F.);
#4240=ADVANCED_FACE('',(#313),#4022,.F.);
#4241=ADVANCED_FACE('',(#314),#4023,.T.);
#4242=ADVANCED_FACE('',(#315),#4024,.T.);
#4243=ADVANCED_FACE('',(#316),#4025,.T.);
#4244=ADVANCED_FACE('',(#317),#4026,.T.);
#4245=ADVANCED_FACE('',(#318),#4027,.T.);
#4246=ADVANCED_FACE('',(#319),#119,.T.);
#4247=ADVANCED_FACE('',(#320),#120,.F.);
#4248=ADVANCED_FACE('',(#321),#4028,.T.);
#4249=ADVANCED_FACE('',(#322),#121,.F.);
#4250=ADVANCED_FACE('',(#323),#4029,.T.);
#4251=ADVANCED_FACE('',(#324),#4030,.F.);
#4252=ADVANCED_FACE('',(#325),#122,.F.);
#4253=ADVANCED_FACE('',(#326),#4031,.T.);
#4254=ADVANCED_FACE('',(#327),#4032,.T.);
#4255=ADVANCED_FACE('',(#328),#4033,.T.);
#4256=ADVANCED_FACE('',(#329),#4034,.F.);
#4257=ADVANCED_FACE('',(#330),#4035,.T.);
#4258=ADVANCED_FACE('',(#331),#4036,.T.);
#4259=ADVANCED_FACE('',(#332),#4037,.T.);
#4260=ADVANCED_FACE('',(#333),#4038,.T.);
#4261=ADVANCED_FACE('',(#334),#4039,.F.);
#4262=ADVANCED_FACE('',(#335),#123,.F.);
#4263=ADVANCED_FACE('',(#336),#4040,.T.);
#4264=ADVANCED_FACE('',(#337),#4041,.F.);
#4265=ADVANCED_FACE('',(#338),#4042,.T.);
#4266=ADVANCED_FACE('',(#339,#45),#4043,.T.);
#4267=ADVANCED_FACE('',(#340),#4044,.T.);
#4268=ADVANCED_FACE('',(#341),#4045,.F.);
#4269=ADVANCED_FACE('',(#342),#4046,.T.);
#4270=ADVANCED_FACE('',(#343),#4047,.T.);
#4271=ADVANCED_FACE('',(#344),#4048,.F.);
#4272=ADVANCED_FACE('',(#345),#4049,.T.);
#4273=ADVANCED_FACE('',(#346),#4050,.T.);
#4274=ADVANCED_FACE('',(#347),#124,.T.);
#4275=ADVANCED_FACE('',(#348),#4051,.T.);
#4276=ADVANCED_FACE('',(#349),#125,.T.);
#4277=ADVANCED_FACE('',(#350),#4052,.T.);
#4278=ADVANCED_FACE('',(#351),#126,.T.);
#4279=ADVANCED_FACE('',(#352),#4053,.T.);
#4280=CLOSED_SHELL('',(#4054,#4055,#4056,#4057,#4058,#4059,#4060,#4061,
#4062,#4063,#4064,#4065,#4066,#4067,#4068,#4069,#4070,#4071,#4072,#4073,
#4074,#4075,#4076,#4077,#4078,#4079,#4080,#4081,#4082,#4083,#4084,#4085,
#4086,#4087,#4088,#4089,#4090,#4091,#4092,#4093,#4094,#4095,#4096,#4097,
#4098,#4099,#4100,#4101,#4102,#4103,#4104,#4105,#4106,#4107,#4108,#4109,
#4110,#4111,#4112,#4113,#4114,#4115,#4116,#4117,#4118,#4119,#4120,#4121,
#4122,#4123,#4124,#4125,#4126,#4127,#4128,#4129,#4130,#4131,#4132,#4133,
#4134,#4135,#4136,#4137,#4138,#4139));
#4281=CLOSED_SHELL('',(#4140,#4141,#4142,#4143,#4144,#4145,#4146,#4147,
#4148,#4149,#4150,#4151,#4152,#4153,#4154,#4155,#4156,#4157,#4158,#4159,
#4160,#4161,#4162));
#4282=CLOSED_SHELL('',(#4163,#4164,#4165,#4166,#4167,#4168,#4169,#4170,
#4171,#4172,#4173,#4174,#4175,#4176,#4177,#4178,#4179,#4180,#4181,#4182,
#4183,#4184,#4185));
#4283=CLOSED_SHELL('',(#4186,#4187,#4188,#4189,#4190,#4191,#4192,#4193,
#4194,#4195,#4196,#4197,#4198,#4199,#4200,#4201,#4202,#4203,#4204,#4205,
#4206,#4207,#4208,#4209,#4210));
#4284=CLOSED_SHELL('',(#4211,#4212,#4213,#4214,#4215,#4216,#4217,#4218,
#4219,#4220,#4221,#4222,#4223,#4224,#4225,#4226,#4227,#4228,#4229,#4230,
#4231,#4232,#4233,#4234,#4235,#4236));
#4285=CLOSED_SHELL('',(#4237,#4238,#4239,#4240,#4241,#4242,#4243,#4244,
#4245,#4246,#4247,#4248,#4249,#4250,#4251,#4252,#4253,#4254,#4255,#4256,
#4257,#4258,#4259,#4260,#4261,#4262,#4263,#4264,#4265,#4266,#4267,#4268,
#4269,#4270,#4271,#4272,#4273,#4274,#4275,#4276,#4277,#4278,#4279));
#4286=DERIVED_UNIT_ELEMENT(#4288,1.);
#4287=DERIVED_UNIT_ELEMENT(#7281,-3.);
#4288=(
MASS_UNIT()
NAMED_UNIT(*)
SI_UNIT(.KILO.,.GRAM.)
);
#4289=DERIVED_UNIT((#4286,#4287));
#4290=MEASURE_REPRESENTATION_ITEM('density measure',
POSITIVE_RATIO_MEASURE(7850.),#4289);
#4291=PROPERTY_DEFINITION_REPRESENTATION(#4296,#4293);
#4292=PROPERTY_DEFINITION_REPRESENTATION(#4297,#4294);
#4293=REPRESENTATION('material name',(#4295),#7278);
#4294=REPRESENTATION('density',(#4290),#7278);
#4295=DESCRIPTIVE_REPRESENTATION_ITEM('\X2\AC15CCA0\X0\','\X2\AC15CCA0\X0\');
#4296=PROPERTY_DEFINITION('material property','material name',#7288);
#4297=PROPERTY_DEFINITION('material property','density of part',#7288);
#4298=AXIS2_PLACEMENT_3D('',#5576,#4544,#4545);
#4299=AXIS2_PLACEMENT_3D('',#5577,#4546,#4547);
#4300=AXIS2_PLACEMENT_3D('',#5602,#4560,#4561);
#4301=AXIS2_PLACEMENT_3D('',#5615,#4568,#4569);
#4302=AXIS2_PLACEMENT_3D('',#5624,#4574,#4575);
#4303=AXIS2_PLACEMENT_3D('',#5630,#4579,#4580);
#4304=AXIS2_PLACEMENT_3D('',#5664,#4586,#4587);
#4305=AXIS2_PLACEMENT_3D('',#5667,#4589,#4590);
#4306=AXIS2_PLACEMENT_3D('',#5694,#4592,#4593);
#4307=AXIS2_PLACEMENT_3D('',#5697,#4595,#4596);
#4308=AXIS2_PLACEMENT_3D('',#5698,#4597,#4598);
#4309=AXIS2_PLACEMENT_3D('',#5715,#4607,#4608);
#4310=AXIS2_PLACEMENT_3D('',#5732,#4617,#4618);
#4311=AXIS2_PLACEMENT_3D('',#5738,#4622,#4623);
#4312=AXIS2_PLACEMENT_3D('',#5742,#4626,#4627);
#4313=AXIS2_PLACEMENT_3D('',#5746,#4630,#4631);
#4314=AXIS2_PLACEMENT_3D('',#5752,#4635,#4636);
#4315=AXIS2_PLACEMENT_3D('',#5760,#4641,#4642);
#4316=AXIS2_PLACEMENT_3D('',#5766,#4646,#4647);
#4317=AXIS2_PLACEMENT_3D('',#5773,#4652,#4653);
#4318=AXIS2_PLACEMENT_3D('',#5775,#4655,#4656);
#4319=AXIS2_PLACEMENT_3D('',#5791,#4665,#4666);
#4320=AXIS2_PLACEMENT_3D('',#5794,#4669,#4670);
#4321=AXIS2_PLACEMENT_3D('',#5804,#4676,#4677);
#4322=AXIS2_PLACEMENT_3D('',#5807,#4680,#4681);
#4323=AXIS2_PLACEMENT_3D('',#5812,#4685,#4686);
#4324=AXIS2_PLACEMENT_3D('',#5814,#4688,#4689);
#4325=AXIS2_PLACEMENT_3D('',#5838,#4702,#4703);
#4326=AXIS2_PLACEMENT_3D('',#5861,#4716,#4717);
#4327=AXIS2_PLACEMENT_3D('',#5863,#4719,#4720);
#4328=AXIS2_PLACEMENT_3D('',#5868,#4724,#4725);
#4329=AXIS2_PLACEMENT_3D('',#5871,#4728,#4729);
#4330=AXIS2_PLACEMENT_3D('',#5872,#4730,#4731);
#4331=AXIS2_PLACEMENT_3D('',#5874,#4733,#4734);
#4332=AXIS2_PLACEMENT_3D('',#5876,#4736,#4737);
#4333=AXIS2_PLACEMENT_3D('',#5879,#4740,#4741);
#4334=AXIS2_PLACEMENT_3D('',#5882,#4744,#4745);
#4335=AXIS2_PLACEMENT_3D('',#5883,#4746,#4747);
#4336=AXIS2_PLACEMENT_3D('',#5889,#4751,#4752);
#4337=AXIS2_PLACEMENT_3D('',#5895,#4756,#4757);
#4338=AXIS2_PLACEMENT_3D('',#5901,#4761,#4762);
#4339=AXIS2_PLACEMENT_3D('',#5905,#4765,#4766);
#4340=AXIS2_PLACEMENT_3D('',#5909,#4769,#4770);
#4341=AXIS2_PLACEMENT_3D('',#5911,#4772,#4773);
#4342=AXIS2_PLACEMENT_3D('',#5941,#4788,#4789);
#4343=AXIS2_PLACEMENT_3D('',#5942,#4790,#4791);
#4344=AXIS2_PLACEMENT_3D('',#5961,#4801,#4802);
#4345=AXIS2_PLACEMENT_3D('',#5980,#4803,#4804);
#4346=AXIS2_PLACEMENT_3D('',#6000,#4806,#4807);
#4347=AXIS2_PLACEMENT_3D('',#6019,#4808,#4809);
#4348=AXIS2_PLACEMENT_3D('',#6039,#4811,#4812);
#4349=AXIS2_PLACEMENT_3D('',#6040,#4813,#4814);
#4350=AXIS2_PLACEMENT_3D('',#6045,#4818,#4819);
#4351=AXIS2_PLACEMENT_3D('',#6047,#4821,#4822);
#4352=AXIS2_PLACEMENT_3D('',#6050,#4825,#4826);
#4353=AXIS2_PLACEMENT_3D('',#6052,#4828,#4829);
#4354=AXIS2_PLACEMENT_3D('',#6054,#4831,#4832);
#4355=AXIS2_PLACEMENT_3D('',#6057,#4835,#4836);
#4356=AXIS2_PLACEMENT_3D('',#6059,#4838,#4839);
#4357=AXIS2_PLACEMENT_3D('',#6063,#4842,#4843);
#4358=AXIS2_PLACEMENT_3D('',#6067,#4846,#4847);
#4359=AXIS2_PLACEMENT_3D('',#6069,#4849,#4850);
#4360=AXIS2_PLACEMENT_3D('',#6070,#4851,#4852);
#4361=AXIS2_PLACEMENT_3D('',#6072,#4854,#4855);
#4362=AXIS2_PLACEMENT_3D('',#6073,#4856,#4857);
#4363=AXIS2_PLACEMENT_3D('',#6077,#4860,#4861);
#4364=AXIS2_PLACEMENT_3D('',#6079,#4863,#4864);
#4365=AXIS2_PLACEMENT_3D('',#6080,#4865,#4866);
#4366=AXIS2_PLACEMENT_3D('',#6085,#4870,#4871);
#4367=AXIS2_PLACEMENT_3D('',#6087,#4873,#4874);
#4368=AXIS2_PLACEMENT_3D('',#6090,#4877,#4878);
#4369=AXIS2_PLACEMENT_3D('',#6092,#4880,#4881);
#4370=AXIS2_PLACEMENT_3D('',#6093,#4882,#4883);
#4371=AXIS2_PLACEMENT_3D('',#6097,#4886,#4887);
#4372=AXIS2_PLACEMENT_3D('',#6099,#4889,#4890);
#4373=AXIS2_PLACEMENT_3D('',#6100,#4891,#4892);
#4374=AXIS2_PLACEMENT_3D('',#6102,#4894,#4895);
#4375=AXIS2_PLACEMENT_3D('',#6103,#4896,#4897);
#4376=AXIS2_PLACEMENT_3D('',#6109,#4901,#4902);
#4377=AXIS2_PLACEMENT_3D('',#6113,#4905,#4906);
#4378=AXIS2_PLACEMENT_3D('',#6117,#4909,#4910);
#4379=AXIS2_PLACEMENT_3D('',#6120,#4913,#4914);
#4380=AXIS2_PLACEMENT_3D('',#6121,#4915,#4916);
#4381=AXIS2_PLACEMENT_3D('',#6122,#4917,#4918);
#4382=AXIS2_PLACEMENT_3D('',#6128,#4922,#4923);
#4383=AXIS2_PLACEMENT_3D('',#6134,#4927,#4928);
#4384=AXIS2_PLACEMENT_3D('',#6137,#4931,#4932);
#4385=AXIS2_PLACEMENT_3D('',#6138,#4933,#4934);
#4386=AXIS2_PLACEMENT_3D('',#6140,#4936,#4937);
#4387=AXIS2_PLACEMENT_3D('',#6141,#4938,#4939);
#4388=AXIS2_PLACEMENT_3D('',#6142,#4940,#4941);
#4389=AXIS2_PLACEMENT_3D('',#6143,#4942,#4943);
#4390=AXIS2_PLACEMENT_3D('',#6165,#4951,#4952);
#4391=AXIS2_PLACEMENT_3D('',#6166,#4953,#4954);
#4392=AXIS2_PLACEMENT_3D('',#6167,#4955,#4956);
#4393=AXIS2_PLACEMENT_3D('',#6176,#4961,#4962);
#4394=AXIS2_PLACEMENT_3D('',#6182,#4966,#4967);
#4395=AXIS2_PLACEMENT_3D('',#6191,#4972,#4973);
#4396=AXIS2_PLACEMENT_3D('',#6195,#4976,#4977);
#4397=AXIS2_PLACEMENT_3D('',#6201,#4981,#4982);
#4398=AXIS2_PLACEMENT_3D('',#6202,#4983,#4984);
#4399=AXIS2_PLACEMENT_3D('',#6209,#4987,#4988);
#4400=AXIS2_PLACEMENT_3D('',#6214,#4991,#4992);
#4401=AXIS2_PLACEMENT_3D('',#6215,#4993,#4994);
#4402=AXIS2_PLACEMENT_3D('',#6216,#4995,#4996);
#4403=AXIS2_PLACEMENT_3D('',#6230,#5005,#5006);
#4404=AXIS2_PLACEMENT_3D('',#6253,#5009,#5010);
#4405=AXIS2_PLACEMENT_3D('',#6255,#5012,#5013);
#4406=AXIS2_PLACEMENT_3D('',#6258,#5014,#5015);
#4407=AXIS2_PLACEMENT_3D('',#6262,#5018,#5019);
#4408=AXIS2_PLACEMENT_3D('',#6284,#5025,#5026);
#4409=AXIS2_PLACEMENT_3D('',#6304,#5028,#5029);
#4410=AXIS2_PLACEMENT_3D('',#6324,#5031,#5032);
#4411=AXIS2_PLACEMENT_3D('',#6325,#5033,#5034);
#4412=AXIS2_PLACEMENT_3D('',#6327,#5036,#5037);
#4413=AXIS2_PLACEMENT_3D('',#6329,#5039,#5040);
#4414=AXIS2_PLACEMENT_3D('',#6330,#5041,#5042);
#4415=AXIS2_PLACEMENT_3D('',#6332,#5044,#5045);
#4416=AXIS2_PLACEMENT_3D('',#6333,#5046,#5047);
#4417=AXIS2_PLACEMENT_3D('',#6342,#5051,#5052);
#4418=AXIS2_PLACEMENT_3D('',#6346,#5054,#5055);
#4419=AXIS2_PLACEMENT_3D('',#6350,#5057,#5058);
#4420=AXIS2_PLACEMENT_3D('',#6351,#5059,#5060);
#4421=AXIS2_PLACEMENT_3D('',#6352,#5061,#5062);
#4422=AXIS2_PLACEMENT_3D('',#6360,#5067,#5068);
#4423=AXIS2_PLACEMENT_3D('',#6370,#5074,#5075);
#4424=AXIS2_PLACEMENT_3D('',#6397,#5080,#5081);
#4425=AXIS2_PLACEMENT_3D('',#6406,#5083,#5084);
#4426=AXIS2_PLACEMENT_3D('',#6419,#5088,#5089);
#4427=AXIS2_PLACEMENT_3D('',#6428,#5090,#5091);
#4428=AXIS2_PLACEMENT_3D('',#6433,#5095,#5096);
#4429=AXIS2_PLACEMENT_3D('',#6434,#5097,#5098);
#4430=AXIS2_PLACEMENT_3D('',#6438,#5101,#5102);
#4431=AXIS2_PLACEMENT_3D('',#6452,#5109,#5110);
#4432=AXIS2_PLACEMENT_3D('',#6471,#5111,#5112);
#4433=AXIS2_PLACEMENT_3D('',#6491,#5114,#5115);
#4434=AXIS2_PLACEMENT_3D('',#6497,#5119,#5120);
#4435=AXIS2_PLACEMENT_3D('',#6501,#5123,#5124);
#4436=AXIS2_PLACEMENT_3D('',#6505,#5127,#5128);
#4437=AXIS2_PLACEMENT_3D('',#6507,#5130,#5131);
#4438=AXIS2_PLACEMENT_3D('',#6514,#5136,#5137);
#4439=AXIS2_PLACEMENT_3D('',#6516,#5139,#5140);
#4440=AXIS2_PLACEMENT_3D('',#6518,#5142,#5143);
#4441=AXIS2_PLACEMENT_3D('',#6522,#5146,#5147);
#4442=AXIS2_PLACEMENT_3D('',#6524,#5149,#5150);
#4443=AXIS2_PLACEMENT_3D('',#6525,#5151,#5152);
#4444=AXIS2_PLACEMENT_3D('',#6546,#5163,#5164);
#4445=AXIS2_PLACEMENT_3D('',#6556,#5170,#5171);
#4446=AXIS2_PLACEMENT_3D('',#6566,#5177,#5178);
#4447=AXIS2_PLACEMENT_3D('',#6570,#5181,#5182);
#4448=AXIS2_PLACEMENT_3D('',#6574,#5185,#5186);
#4449=AXIS2_PLACEMENT_3D('',#6578,#5189,#5190);
#4450=AXIS2_PLACEMENT_3D('',#6598,#5195,#5196);
#4451=AXIS2_PLACEMENT_3D('',#6601,#5198,#5199);
#4452=AXIS2_PLACEMENT_3D('',#6602,#5200,#5201);
#4453=AXIS2_PLACEMENT_3D('',#6617,#5206,#5207);
#4454=AXIS2_PLACEMENT_3D('',#6618,#5208,#5209);
#4455=AXIS2_PLACEMENT_3D('',#6619,#5210,#5211);
#4456=AXIS2_PLACEMENT_3D('',#6624,#5215,#5216);
#4457=AXIS2_PLACEMENT_3D('',#6630,#5220,#5221);
#4458=AXIS2_PLACEMENT_3D('',#6637,#5225,#5226);
#4459=AXIS2_PLACEMENT_3D('',#6638,#5227,#5228);
#4460=AXIS2_PLACEMENT_3D('',#6642,#5231,#5232);
#4461=AXIS2_PLACEMENT_3D('',#6646,#5235,#5236);
#4462=AXIS2_PLACEMENT_3D('',#6654,#5238,#5239);
#4463=AXIS2_PLACEMENT_3D('',#6658,#5242,#5243);
#4464=AXIS2_PLACEMENT_3D('',#6660,#5245,#5246);
#4465=AXIS2_PLACEMENT_3D('',#6666,#5250,#5251);
#4466=AXIS2_PLACEMENT_3D('',#6668,#5253,#5254);
#4467=AXIS2_PLACEMENT_3D('',#6670,#5256,#5257);
#4468=AXIS2_PLACEMENT_3D('',#6672,#5259,#5260);
#4469=AXIS2_PLACEMENT_3D('',#6673,#5261,#5262);
#4470=AXIS2_PLACEMENT_3D('',#6675,#5264,#5265);
#4471=AXIS2_PLACEMENT_3D('',#6676,#5266,#5267);
#4472=AXIS2_PLACEMENT_3D('',#6683,#5270,#5271);
#4473=AXIS2_PLACEMENT_3D('',#6701,#5281,#5282);
#4474=AXIS2_PLACEMENT_3D('',#6707,#5286,#5287);
#4475=AXIS2_PLACEMENT_3D('',#6711,#5290,#5291);
#4476=AXIS2_PLACEMENT_3D('',#6717,#5295,#5296);
#4477=AXIS2_PLACEMENT_3D('',#6729,#5300,#5301);
#4478=AXIS2_PLACEMENT_3D('',#6730,#5302,#5303);
#4479=AXIS2_PLACEMENT_3D('',#6734,#5306,#5307);
#4480=AXIS2_PLACEMENT_3D('',#6744,#5313,#5314);
#4481=AXIS2_PLACEMENT_3D('',#6752,#5319,#5320);
#4482=AXIS2_PLACEMENT_3D('',#6754,#5322,#5323);
#4483=AXIS2_PLACEMENT_3D('',#6760,#5327,#5328);
#4484=AXIS2_PLACEMENT_3D('',#6766,#5332,#5333);
#4485=AXIS2_PLACEMENT_3D('',#6780,#5338,#5339);
#4486=AXIS2_PLACEMENT_3D('',#6783,#5341,#5342);
#4487=AXIS2_PLACEMENT_3D('',#6784,#5343,#5344);
#4488=AXIS2_PLACEMENT_3D('',#6801,#5348,#5349);
#4489=AXIS2_PLACEMENT_3D('',#6804,#5351,#5352);
#4490=AXIS2_PLACEMENT_3D('',#6805,#5353,#5354);
#4491=AXIS2_PLACEMENT_3D('',#6818,#5358,#5359);
#4492=AXIS2_PLACEMENT_3D('',#6821,#5361,#5362);
#4493=AXIS2_PLACEMENT_3D('',#6822,#5363,#5364);
#4494=AXIS2_PLACEMENT_3D('',#6827,#5368,#5369);
#4495=AXIS2_PLACEMENT_3D('',#6830,#5372,#5373);
#4496=AXIS2_PLACEMENT_3D('',#6832,#5375,#5376);
#4497=AXIS2_PLACEMENT_3D('',#6833,#5377,#5378);
#4498=AXIS2_PLACEMENT_3D('',#6834,#5379,#5380);
#4499=AXIS2_PLACEMENT_3D('',#6835,#5381,#5382);
#4500=AXIS2_PLACEMENT_3D('',#6837,#5384,#5385);
#4501=AXIS2_PLACEMENT_3D('',#6838,#5386,#5387);
#4502=AXIS2_PLACEMENT_3D('',#6871,#5404,#5405);
#4503=AXIS2_PLACEMENT_3D('',#6881,#5411,#5412);
#4504=AXIS2_PLACEMENT_3D('',#6894,#5419,#5420);
#4505=AXIS2_PLACEMENT_3D('',#6901,#5425,#5426);
#4506=AXIS2_PLACEMENT_3D('',#6905,#5429,#5430);
#4507=AXIS2_PLACEMENT_3D('',#6913,#5435,#5436);
#4508=AXIS2_PLACEMENT_3D('',#6919,#5440,#5441);
#4509=AXIS2_PLACEMENT_3D('',#6925,#5445,#5446);
#4510=AXIS2_PLACEMENT_3D('',#6955,#5451,#5452);
#4511=AXIS2_PLACEMENT_3D('',#6987,#5454,#5455);
#4512=AXIS2_PLACEMENT_3D('',#6998,#5458,#5459);
#4513=AXIS2_PLACEMENT_3D('',#7026,#5463,#5464);
#4514=AXIS2_PLACEMENT_3D('',#7045,#5466,#5467);
#4515=AXIS2_PLACEMENT_3D('',#7054,#5472,#5473);
#4516=AXIS2_PLACEMENT_3D('',#7093,#5479,#5480);
#4517=AXIS2_PLACEMENT_3D('',#7094,#5481,#5482);
#4518=AXIS2_PLACEMENT_3D('',#7100,#5486,#5487);
#4519=AXIS2_PLACEMENT_3D('',#7106,#5491,#5492);
#4520=AXIS2_PLACEMENT_3D('',#7108,#5494,#5495);
#4521=AXIS2_PLACEMENT_3D('',#7111,#5498,#5499);
#4522=AXIS2_PLACEMENT_3D('',#7119,#5504,#5505);
#4523=AXIS2_PLACEMENT_3D('',#7124,#5509,#5510);
#4524=AXIS2_PLACEMENT_3D('',#7126,#5512,#5513);
#4525=AXIS2_PLACEMENT_3D('',#7130,#5516,#5517);
#4526=AXIS2_PLACEMENT_3D('',#7153,#5519,#5520);
#4527=AXIS2_PLACEMENT_3D('',#7170,#5521,#5522);
#4528=AXIS2_PLACEMENT_3D('',#7172,#5524,#5525);
#4529=AXIS2_PLACEMENT_3D('',#7174,#5527,#5528);
#4530=AXIS2_PLACEMENT_3D('',#7176,#5530,#5531);
#4531=AXIS2_PLACEMENT_3D('',#7207,#5538,#5539);
#4532=AXIS2_PLACEMENT_3D('',#7211,#5542,#5543);
#4533=AXIS2_PLACEMENT_3D('',#7213,#5545,#5546);
#4534=AXIS2_PLACEMENT_3D('',#7216,#5549,#5550);
#4535=AXIS2_PLACEMENT_3D('',#7217,#5551,#5552);
#4536=AXIS2_PLACEMENT_3D('',#7219,#5554,#5555);
#4537=AXIS2_PLACEMENT_3D('',#7220,#5556,#5557);
#4538=AXIS2_PLACEMENT_3D('',#7237,#5558,#5559);
#4539=AXIS2_PLACEMENT_3D('',#7239,#5561,#5562);
#4540=AXIS2_PLACEMENT_3D('',#7256,#5565,#5566);
#4541=AXIS2_PLACEMENT_3D('',#7258,#5568,#5569);
#4542=AXIS2_PLACEMENT_3D('',#7274,#5572,#5573);
#4543=AXIS2_PLACEMENT_3D('',#7275,#5574,#5575);
#4544=DIRECTION('axis',(0.,0.,1.));
#4545=DIRECTION('refdir',(1.,0.,0.));
#4546=DIRECTION('center_axis',(-1.,5.55111512312578E-17,1.38777878078145E-17));
#4547=DIRECTION('ref_axis',(1.38777878078145E-17,0.,1.));
#4548=DIRECTION('',(-1.40208238752739E-17,-0.00257753918535425,-0.999996678140357));
#4549=DIRECTION('',(5.54718964574679E-17,0.999996044123563,-0.00281278104805917));
#4550=DIRECTION('',(1.40208238753538E-17,0.00257753918679377,0.999996678140353));
#4551=DIRECTION('',(-5.6837855809631E-17,-0.935701811981315,-0.352791891991417));
#4552=DIRECTION('',(-1.40208238753561E-17,-0.00257753918683671,-0.999996678140353));
#4553=DIRECTION('',(4.68639001816564E-17,0.933723636502628,-0.357994651686736));
#4554=DIRECTION('',(1.40208238753504E-17,0.00257753918673353,0.999996678140353));
#4555=DIRECTION('',(-4.68639001816475E-17,-0.933723636502531,0.357994651686989));
#4556=DIRECTION('',(1.40208238753541E-17,0.00257753918680093,0.999996678140353));
#4557=DIRECTION('',(5.68378558096116E-17,0.935701811980276,0.352791891994173));
#4558=DIRECTION('',(1.40208238753537E-17,0.00257753918679331,0.999996678140353));
#4559=DIRECTION('',(-5.54718964574679E-17,-0.999996044123563,0.00281278104805561));
#4560=DIRECTION('center_axis',(1.6046770363491E-17,0.0392657150077803,0.999228804441169));
#4561=DIRECTION('ref_axis',(1.,-5.55111512312578E-17,-1.38777878078144E-17));
#4562=DIRECTION('',(-0.751857139355354,-0.658817582036166,0.0258889088299187));
#4563=DIRECTION('',(-0.71622685014517,-0.697329344606424,0.0274022678241032));
#4564=DIRECTION('',(5.49234200169679E-17,0.999228804441182,-0.0392657150074501));
#4565=DIRECTION('',(1.,-5.55111512312578E-17,-1.38777878078145E-17));
#4566=DIRECTION('',(-0.0358164606488336,0.998587683990231,-0.0392405215257943));
#4567=DIRECTION('',(1.,-5.55111512312578E-17,-1.38777878078145E-17));
#4568=DIRECTION('center_axis',(-1.,5.55111512312578E-17,1.38777878078145E-17));
#4569=DIRECTION('ref_axis',(1.38777878078145E-17,0.,1.));
#4570=DIRECTION('',(-1.40208238753426E-17,-0.0025775391865934,-0.999996678140353));
#4571=DIRECTION('',(5.59466357835289E-17,0.999433862976603,0.0336445171709258));
#4572=DIRECTION('',(1.40208238753356E-17,0.00257753918646678,0.999996678140354));
#4573=DIRECTION('',(5.54718964576052E-17,0.999996044123591,-0.00281278103827689));
#4574=DIRECTION('center_axis',(-1.,5.55111512312578E-17,1.38777878078145E-17));
#4575=DIRECTION('ref_axis',(1.38777878078145E-17,0.,1.));
#4576=DIRECTION('',(-1.40208238754188E-17,-0.00257753918796726,-0.99999667814035));
#4577=DIRECTION('',(5.54718964576052E-17,0.999996044123591,-0.00281278103827688));
#4578=DIRECTION('',(1.40208238753356E-17,0.00257753918646738,0.999996678140354));
#4579=DIRECTION('center_axis',(-0.697626379731094,0.716459366588232,-0.00184670822748582));
#4580=DIRECTION('ref_axis',(-0.00264712145491309,3.03576608295941E-18,0.999996496367864));
#4581=DIRECTION('',(0.71646173692059,0.697623629920918,-0.00196227029054435));
#4582=DIRECTION('',(-1.40208238753169E-17,-0.00257753918613007,-0.999996678140355));
#4583=DIRECTION('',(-1.40208238752928E-17,-0.0025775391856956,-0.999996678140356));
#4584=DIRECTION('',(-1.40208238752006E-17,-0.00257753918403388,-0.99999667814036));
#4585=DIRECTION('',(-0.715925490378021,-0.697689909841721,-0.0260668742284261));
#4586=DIRECTION('center_axis',(9.07964260163695E-13,0.999996678140347,-0.00257753918903611));
#4587=DIRECTION('ref_axis',(2.32180830687039E-10,-0.00257753918903611,-0.999996678140347));
#4588=DIRECTION('',(-0.716461736909146,-0.697623629932583,0.00196227032205252));
#4589=DIRECTION('center_axis',(1.07107196349614E-12,0.999996678140354,-0.00257753918645578));
#4590=DIRECTION('ref_axis',(-6.27881981232571E-11,-0.00257753918645578,
-0.999996678140354));
#4591=DIRECTION('',(-0.715925490378122,-0.697689909841625,-0.026066874228246));
#4592=DIRECTION('center_axis',(-7.21098995911801E-13,0.999996678140361,
-0.00257753918375475));
#4593=DIRECTION('ref_axis',(1.84257387732592E-10,-0.00257753918375475,-0.999996678140361));
#4594=DIRECTION('',(-0.716461736910122,-0.697623629931579,0.00196227032240445));
#4595=DIRECTION('center_axis',(-3.30611552157543E-12,0.999996678140354,
-0.00257753918653161));
#4596=DIRECTION('ref_axis',(-4.07164828151363E-11,-0.00257753918653161,
-0.999996678140354));
#4597=DIRECTION('center_axis',(-1.,5.55111512312578E-17,1.38777878078145E-17));
#4598=DIRECTION('ref_axis',(1.38777878078145E-17,0.,1.));
#4599=DIRECTION('',(4.68639001815052E-17,0.933723636500979,-0.357994651691039));
#4600=DIRECTION('',(-1.40208238752259E-17,-0.00257753918448945,-0.999996678140359));
#4601=DIRECTION('',(5.52068242327479E-17,0.999778564618883,-0.0210433297889407));
#4602=DIRECTION('',(-1.40208238752928E-17,-0.0025775391856956,-0.999996678140356));
#4603=DIRECTION('',(-5.57185318485212E-17,-0.999881122327296,-0.0154188590209115));
#4604=DIRECTION('',(1.4020823875603E-17,0.00257753919128599,0.999996678140341));
#4605=DIRECTION('',(-5.68378558095953E-17,-0.935701811979403,-0.352791891996489));
#4606=DIRECTION('',(1.40208238753483E-17,0.00257753918669555,0.999996678140353));
#4607=DIRECTION('center_axis',(-1.,5.55111512312578E-17,1.38777878078145E-17));
#4608=DIRECTION('ref_axis',(1.38777878078145E-17,0.,1.));
#4609=DIRECTION('',(1.40208238752255E-17,0.00257753918448171,0.999996678140359));
#4610=DIRECTION('',(-5.5206824232748E-17,-0.999778564618883,0.0210433297889354));
#4611=DIRECTION('',(-1.40208238752928E-17,-0.0025775391856956,-0.999996678140356));
#4612=DIRECTION('',(5.57185318485212E-17,0.999881122327296,0.015418859020914));
#4613=DIRECTION('',(1.40208238756125E-17,0.00257753919145835,0.999996678140341));
#4614=DIRECTION('',(4.68639001815052E-17,0.933723636500979,-0.357994651691039));
#4615=DIRECTION('',(-1.40208238753487E-17,-0.00257753918670237,-0.999996678140353));
#4616=DIRECTION('',(-5.68378558096366E-17,-0.935701811981614,-0.352791891990624));
#4617=DIRECTION('center_axis',(-5.54751962891053E-17,-0.999996678140353,
0.00257753918669524));
#4618=DIRECTION('ref_axis',(-1.40208238753483E-17,-0.00257753918669524,
-0.999996678140353));
#4619=DIRECTION('',(1.,-5.55111512312578E-17,-1.38777878078145E-17));
#4620=DIRECTION('',(1.40208238753483E-17,0.00257753918669555,0.999996678140353));
#4621=DIRECTION('',(1.,-5.55111512312578E-17,-1.38777878078145E-17));
#4622=DIRECTION('center_axis',(3.2830713748392E-17,0.357994651688804,0.933723636501836));
#4623=DIRECTION('ref_axis',(1.,-5.55111512312578E-17,-1.38777878078145E-17));
#4624=DIRECTION('',(1.,-5.55111512312578E-17,-1.38777878078145E-17));
#4625=DIRECTION('',(-4.68639001817098E-17,-0.93372363650321,0.357994651685219));
#4626=DIRECTION('center_axis',(-1.,5.55111512312578E-17,1.38777878078145E-17));
#4627=DIRECTION('ref_axis',(1.38777878078145E-17,0.,1.));
#4628=DIRECTION('',(5.68378558096366E-17,0.935701811981614,0.352791891990624));
#4629=DIRECTION('',(1.40208238753522E-17,0.0025775391867657,0.999996678140353));
#4630=DIRECTION('center_axis',(5.54751962891048E-17,0.999996678140353,-0.00257753918673159));
#4631=DIRECTION('ref_axis',(1.40208238753503E-17,0.00257753918673159,0.999996678140353));
#4632=DIRECTION('',(3.01326683809161E-15,0.00257753918673159,0.999996678140353));
#4633=DIRECTION('',(-1.,5.55111512312578E-17,1.38777878078145E-17));
#4634=DIRECTION('',(-1.,5.55111512312578E-17,1.38777878078145E-17));
#4635=DIRECTION('center_axis',(-3.28307137482521E-17,-0.357994651686016,
-0.933723636502905));
#4636=DIRECTION('ref_axis',(-1.,5.55111512312578E-17,1.38777878078145E-17));
#4637=DIRECTION('',(-1.,5.55111512312578E-17,1.38777878078145E-17));
#4638=DIRECTION('',(-0.0335008605386279,0.933199526814252,-0.357793705222474));
#4639=DIRECTION('',(-1.,5.55111512312578E-17,1.38777878078145E-17));
#4640=DIRECTION('',(4.6863900181686E-17,0.933723636502951,-0.357994651685895));
#4641=DIRECTION('center_axis',(1.,-5.55111512312578E-17,-1.38777878078145E-17));
#4642=DIRECTION('ref_axis',(-1.38777878078145E-17,0.,-1.));
#4643=DIRECTION('',(1.40208238753476E-17,0.00257753918668347,0.999996678140353));
#4644=DIRECTION('',(-1.40208238753561E-17,-0.00257753918683671,-0.999996678140353));
#4645=DIRECTION('',(5.68378558096197E-17,0.935701811980707,0.352791891993031));
#4646=DIRECTION('center_axis',(-6.59841287134644E-18,-0.352791891989993,
0.935701811981852));
#4647=DIRECTION('ref_axis',(1.,-5.55111512312578E-17,-1.38777878078145E-17));
#4648=DIRECTION('',(-1.,5.55111512312578E-17,1.38777878078145E-17));
#4649=DIRECTION('',(-1.,5.55111512312578E-17,1.38777878078145E-17));
#4650=DIRECTION('',(0.0335060909982271,-0.935176427855569,-0.352593804042721));
#4651=DIRECTION('',(-1.,5.55111512312578E-17,1.38777878078145E-17));
#4652=DIRECTION('center_axis',(5.54751962891056E-17,0.999996678140353,-0.00257753918667765));
#4653=DIRECTION('ref_axis',(1.40208238753473E-17,0.00257753918667765,0.999996678140353));
#4654=DIRECTION('',(1.40208238753476E-17,0.00257753918668347,0.999996678140353));
#4655=DIRECTION('center_axis',(0.999357520691457,0.0358404422862893,-9.23804513406075E-5));
#4656=DIRECTION('ref_axis',(-9.24398416314394E-5,8.470329472543E-22,-0.999999995727438));
#4657=DIRECTION('',(-1.26369601006073E-14,-0.00257753918646325,-0.999996678140354));
#4658=DIRECTION('',(-0.0358170737692657,0.998792588996036,0.0336229295749573));
#4659=DIRECTION('',(-7.95448091806378E-16,0.00257753918683779,0.999996678140353));
#4660=DIRECTION('',(-0.0335060909846629,0.935176427856579,0.352593804041331));
#4661=DIRECTION('',(-1.40208238753586E-17,-0.00257753918688078,-0.999996678140353));
#4662=DIRECTION('',(0.0335008605463206,-0.933199526813697,0.357793705223203));
#4663=DIRECTION('',(-1.40208238753483E-17,-0.00257753918669507,-0.999996678140353));
#4664=DIRECTION('',(0.0358164606478129,-0.998587683990253,0.0392405215261723));
#4665=DIRECTION('center_axis',(0.712164054103817,0.0530507089875903,0.70000570163273));
#4666=DIRECTION('ref_axis',(0.70099282595432,3.81639164714897E-17,-0.713168323722091));
#4667=DIRECTION('',(0.701061277332888,-0.0018380458605664,-0.713098665692058));
#4668=DIRECTION('',(-0.701061277336416,0.00183804582823848,0.713098665688673));
#4669=DIRECTION('center_axis',(-1.20022851987498E-17,0.0336445171495946,
-0.999433862977321));
#4670=DIRECTION('ref_axis',(-1.,5.55111512312578E-17,1.38777878078145E-17));
#4671=DIRECTION('',(-1.,5.55111512312578E-17,1.38777878078145E-17));
#4672=DIRECTION('',(0.716232828916094,0.697466315664639,0.0234792098683891));
#4673=DIRECTION('',(0.751862741455103,0.658946397723785,0.0221824917099917));
#4674=DIRECTION('',(-1.,5.55111512312578E-17,1.38777878078145E-17));
#4675=DIRECTION('',(0.0358170737702981,-0.998792588995976,-0.0336229295756342));
#4676=DIRECTION('center_axis',(0.712176037671119,0.0491128535822061,-0.700280814373833));
#4677=DIRECTION('ref_axis',(-0.701126909321309,-3.46944695195361E-17,-0.713036504693518));
#4678=DIRECTION('',(-0.701061277336827,-0.00183804586057577,-0.713098665688186));
#4679=DIRECTION('',(-0.701061277336859,-0.00183804588706036,-0.713098665688086));
#4680=DIRECTION('center_axis',(-0.659074993385868,0.752074727190148,-0.00193850852029102));
#4681=DIRECTION('ref_axis',(-0.00294124364418502,-1.30104260698261E-18,
0.999995674533558));
#4682=DIRECTION('',(1.40208238753169E-17,0.00257753918613015,0.999996678140355));
#4683=DIRECTION('',(0.752021511869505,0.658992606743736,-0.0138704701650329));
#4684=DIRECTION('',(1.40208238753899E-17,0.00257753918744524,0.999996678140351));
#4685=DIRECTION('center_axis',(-1.50428542369041E-17,-0.0210433297889193,
-0.999778564618883));
#4686=DIRECTION('ref_axis',(-1.,5.55111512312578E-17,1.38777878078145E-17));
#4687=DIRECTION('',(1.,-5.55111512312578E-17,-1.38777878078145E-17));
#4688=DIRECTION('center_axis',(5.54751962891194E-17,0.999996678140356,-0.00257753918568962));
#4689=DIRECTION('ref_axis',(1.40208238752925E-17,0.00257753918568962,0.999996678140356));
#4690=DIRECTION('',(-1.40208238752928E-17,-0.0025775391856956,-0.999996678140356));
#4691=DIRECTION('',(1.,-5.55111512312578E-17,-1.38777878078145E-17));
#4692=DIRECTION('',(-1.,5.55111512312578E-17,1.38777878078145E-17));
#4693=DIRECTION('',(-0.493628485387939,-0.00224161592791255,-0.869669991187256));
#4694=DIRECTION('',(0.493628485389988,-0.00224161592792192,-0.869669991186092));
#4695=DIRECTION('',(1.,-5.55111512312578E-17,-1.38777878078145E-17));
#4696=DIRECTION('',(-1.,5.55111512312578E-17,1.38777878078145E-17));
#4697=DIRECTION('',(1.,-5.55111512312578E-17,-1.38777878078145E-17));
#4698=DIRECTION('',(0.493628485387933,0.00224161592791261,0.869669991187259));
#4699=DIRECTION('',(-0.493628485387926,0.00224161592791263,0.869669991187263));
#4700=DIRECTION('',(-1.,5.55111512312578E-17,1.38777878078145E-17));
#4701=DIRECTION('',(1.,-5.55111512312578E-17,-1.38777878078145E-17));
#4702=DIRECTION('center_axis',(5.54751962890894E-17,0.99999667814035,-0.00257753918782977));
#4703=DIRECTION('ref_axis',(1.40208238754112E-17,0.00257753918782977,0.99999667814035));
#4704=DIRECTION('',(1.,-5.55111512312578E-17,-1.38777878078145E-17));
#4705=DIRECTION('',(1.,-5.55111512312578E-17,-1.38777878078145E-17));
#4706=DIRECTION('',(1.,-5.55111512312578E-17,-1.38777878078145E-17));
#4707=DIRECTION('',(0.493628485387926,0.00224161592791257,0.869669991187263));
#4708=DIRECTION('',(-0.493628485387926,0.00224161592791263,0.869669991187263));
#4709=DIRECTION('',(-1.,5.55111512312578E-17,1.38777878078145E-17));
#4710=DIRECTION('',(1.,-5.55111512312578E-17,-1.38777878078145E-17));
#4711=DIRECTION('',(-1.,5.55111512312578E-17,1.38777878078145E-17));
#4712=DIRECTION('',(-0.493628485387926,-0.00224161592791257,-0.869669991187263));
#4713=DIRECTION('',(0.493628485387946,-0.00224161592791265,-0.869669991187251));
#4714=DIRECTION('',(1.,-5.55111512312578E-17,-1.38777878078145E-17));
#4715=DIRECTION('',(-1.,5.55111512312578E-17,1.38777878078145E-17));
#4716=DIRECTION('center_axis',(1.30202194338469E-17,-0.015418859019609,
0.999881122327316));
#4717=DIRECTION('ref_axis',(1.,-5.55111512312578E-17,-1.38777878078145E-17));
#4718=DIRECTION('',(0.752024313886995,0.659057009985003,0.0101631152911894));
#4719=DIRECTION('center_axis',(-0.659074993385749,0.752074727190251,-0.00193850852039665));
#4720=DIRECTION('ref_axis',(-0.00294124364434582,4.33680868994202E-19,0.999995674533558));
#4721=DIRECTION('',(7.59596766329338E-12,0.00257753919164161,0.99999667814034));
#4722=DIRECTION('',(-0.752077216445458,-0.659072396481859,0.00185383367970193));
#4723=DIRECTION('',(1.40208238753409E-17,0.00257753918656206,0.999996678140353));
#4724=DIRECTION('center_axis',(1.40338736231952E-17,0.00281278104905679,
0.999996044123561));
#4725=DIRECTION('ref_axis',(1.,-5.55111512312578E-17,-1.38777878078144E-17));
#4726=DIRECTION('',(-0.71646173692059,-0.697623629920918,0.00196227029054435));
#4727=DIRECTION('',(1.,-5.55111512312578E-17,-1.38777878078145E-17));
#4728=DIRECTION('center_axis',(-0.697626379729873,0.716459366589418,-0.00184670822847344));
#4729=DIRECTION('ref_axis',(-0.0026471214563334,-2.81892564846231E-18,0.99999649636786));
#4730=DIRECTION('center_axis',(-1.30202194338456E-17,0.0154188590196326,
-0.999881122327316));
#4731=DIRECTION('ref_axis',(-1.,5.55111512312578E-17,1.38777878078145E-17));
#4732=DIRECTION('',(-0.752024313887078,-0.659057009984909,-0.0101631152911875));
#4733=DIRECTION('center_axis',(0.659074993385773,-0.752074727190231,0.0019385085202756));
#4734=DIRECTION('ref_axis',(0.00294124364416205,2.38524477946811E-18,-0.999995674533558));
#4735=DIRECTION('',(-1.40208238753195E-17,-0.00257753918617595,-0.999996678140355));
#4736=DIRECTION('center_axis',(-1.40338736231954E-17,-0.00281278104905951,
-0.999996044123561));
#4737=DIRECTION('ref_axis',(-1.,5.55111512312578E-17,1.38777878078145E-17));
#4738=DIRECTION('',(-1.,5.55111512312578E-17,1.38777878078145E-17));
#4739=DIRECTION('',(0.752077216445748,0.659072396481527,-0.00185383367970562));
#4740=DIRECTION('center_axis',(0.659074993385914,-0.752074727190108,0.00193850851979505));
#4741=DIRECTION('ref_axis',(0.0029412436434323,8.67361737988403E-19,-0.99999567453356));
#4742=DIRECTION('',(-0.75202151186958,-0.658992606743634,0.013870470165874));
#4743=DIRECTION('',(-1.40208238753397E-17,-0.00257753918654001,-0.999996678140354));
#4744=DIRECTION('center_axis',(1.50428542368341E-17,0.0210433297876513,
0.99977856461891));
#4745=DIRECTION('ref_axis',(1.,-5.55111512312578E-17,-1.38777878078145E-17));
#4746=DIRECTION('center_axis',(4.97723494620485E-17,0.724229072716643,0.689559460983598));
#4747=DIRECTION('ref_axis',(1.,-5.55111512312578E-17,-1.38777878078145E-17));
#4748=DIRECTION('',(1.98215331541655E-10,0.689559461082587,-0.724229072622394));
#4749=DIRECTION('',(1.,-5.55111512312578E-17,-1.38777878078145E-17));
#4750=DIRECTION('',(-1.98215331541655E-10,-0.689559461082587,0.724229072622394));
#4751=DIRECTION('center_axis',(1.,-5.55111512312578E-17,-1.38777878078145E-17));
#4752=DIRECTION('ref_axis',(-1.38777878078145E-17,0.,-1.));
#4753=DIRECTION('',(5.54718964573836E-17,0.999996044123546,-0.00281278105406839));
#4754=DIRECTION('',(1.40208238735415E-17,0.00257753915412679,0.999996678140437));
#4755=DIRECTION('',(5.54718964574047E-17,0.999996044123551,-0.0028127810525598));
#4756=DIRECTION('center_axis',(-1.40338736233896E-17,-0.0028127810525598,
-0.999996044123551));
#4757=DIRECTION('ref_axis',(-1.,5.55111512312578E-17,1.38777878078145E-17));
#4758=DIRECTION('',(-5.54718964574047E-17,-0.999996044123551,0.0028127810525598));
#4759=DIRECTION('',(-1.,5.55111512312578E-17,1.38777878078145E-17));
#4760=DIRECTION('',(5.54718964574047E-17,0.999996044123551,-0.0028127810525598));
#4761=DIRECTION('center_axis',(-1.40338736233896E-17,-0.0028127810525598,
-0.999996044123551));
#4762=DIRECTION('ref_axis',(-1.,5.55111512312578E-17,1.38777878078145E-17));
#4763=DIRECTION('',(-1.,5.55111512312578E-17,1.38777878078145E-17));
#4764=DIRECTION('',(-5.54718964574047E-17,-0.999996044123551,0.0028127810525598));
#4765=DIRECTION('center_axis',(-1.,5.55111512312578E-17,1.38777878078145E-17));
#4766=DIRECTION('ref_axis',(1.38777878078145E-17,0.,1.));
#4767=DIRECTION('',(1.40208238735415E-17,0.00257753915412679,0.999996678140437));
#4768=DIRECTION('',(5.54718964573836E-17,0.999996044123546,-0.00281278105406839));
#4769=DIRECTION('center_axis',(1.40338736226369E-17,0.00281278103899139,
0.999996044123589));
#4770=DIRECTION('ref_axis',(1.,-5.55111512312578E-17,-1.38777878078145E-17));
#4771=DIRECTION('',(1.,-5.55111512312578E-17,-1.38777878078145E-17));
#4772=DIRECTION('center_axis',(5.54751962891086E-17,0.999996678140354,-0.00257753918646002));
#4773=DIRECTION('ref_axis',(1.40208238753352E-17,0.00257753918646002,0.999996678140354));
#4774=DIRECTION('',(-1.,5.55111512312578E-17,1.38777878078145E-17));
#4775=DIRECTION('',(-0.493628485387926,0.00224161592791369,0.869669991187263));
#4776=DIRECTION('',(0.493628485387926,0.00224161592791363,0.869669991187263));
#4777=DIRECTION('',(1.,-5.55111512312578E-17,-1.38777878078145E-17));
#4778=DIRECTION('',(-1.40208238735055E-17,-0.00257753915347775,-0.999996678140439));
#4779=DIRECTION('',(-1.,5.55111512312578E-17,1.38777878078145E-17));
#4780=DIRECTION('',(-1.40208238735055E-17,-0.00257753915347775,-0.999996678140439));
#4781=DIRECTION('',(1.,-5.55111512312578E-17,-1.38777878078145E-17));
#4782=DIRECTION('',(0.493628485387939,-0.00224161592791367,-0.869669991187256));
#4783=DIRECTION('',(-0.493628485387926,-0.00224161592791363,-0.869669991187263));
#4784=DIRECTION('',(-1.,5.55111512312578E-17,1.38777878078145E-17));
#4785=DIRECTION('',(-1.40208238735057E-17,-0.00257753915348026,-0.999996678140439));
#4786=DIRECTION('',(1.,-5.55111512312578E-17,-1.38777878078145E-17));
#4787=DIRECTION('',(2.74427492218959E-10,0.00257753915348026,0.999996678140439));
#4788=DIRECTION('center_axis',(-7.26657934962725E-13,-0.999996678140361,
0.00257753918375346));
#4789=DIRECTION('ref_axis',(1.80821588690507E-10,0.00257753918375346,0.999996678140361));
#4790=DIRECTION('center_axis',(5.54751962891086E-17,0.999996678140354,-0.00257753918646002));
#4791=DIRECTION('ref_axis',(1.40208238753352E-17,0.00257753918646002,0.999996678140354));
#4792=DIRECTION('',(1.,-5.55111512312578E-17,-1.38777878078145E-17));
#4793=DIRECTION('',(0.493628485387939,-0.00224161592791367,-0.869669991187256));
#4794=DIRECTION('',(-0.493628485387939,-0.00224161592791255,-0.869669991187256));
#4795=DIRECTION('',(-0.493628485387926,0.00224161592791263,0.869669991187263));
#4796=DIRECTION('',(0.493628485387933,0.00224161592791366,0.869669991187259));
#4797=DIRECTION('',(1.,-5.55111512312578E-17,-1.38777878078145E-17));
#4798=DIRECTION('',(1.40208238735023E-17,0.00257753915341944,0.999996678140439));
#4799=DIRECTION('',(-1.,5.55111512312578E-17,1.38777878078145E-17));
#4800=DIRECTION('',(-1.40208238735023E-17,-0.00257753915341944,-0.999996678140439));
#4801=DIRECTION('center_axis',(9.07940292229346E-13,-0.999996678140347,
0.0025775391890368));
#4802=DIRECTION('ref_axis',(2.32109342592236E-10,0.0025775391890368,0.999996678140347));
#4803=DIRECTION('center_axis',(-7.21098995911801E-13,0.999996678140361,
-0.00257753918375475));
#4804=DIRECTION('ref_axis',(1.84257387732592E-10,-0.00257753918375475,-0.999996678140361));
#4805=DIRECTION('',(-5.54718964574716E-17,-0.999996044123564,0.00281278104779318));
#4806=DIRECTION('center_axis',(-3.30611552157543E-12,0.999996678140354,
-0.00257753918653161));
#4807=DIRECTION('ref_axis',(-4.07164828151363E-11,-0.00257753918653161,
-0.999996678140354));
#4808=DIRECTION('center_axis',(9.07964260163695E-13,0.999996678140347,-0.00257753918903611));
#4809=DIRECTION('ref_axis',(2.32180830687039E-10,-0.00257753918903611,-0.999996678140347));
#4810=DIRECTION('',(-5.54718964574716E-17,-0.999996044123564,0.00281278104779318));
#4811=DIRECTION('center_axis',(1.07107196349614E-12,0.999996678140354,-0.00257753918645578));
#4812=DIRECTION('ref_axis',(-6.27881981232571E-11,-0.00257753918645578,
-0.999996678140354));
#4813=DIRECTION('center_axis',(-1.,5.55111512312578E-17,1.38777878078145E-17));
#4814=DIRECTION('ref_axis',(1.38777878078145E-17,0.,1.));
#4815=DIRECTION('',(5.54718964573842E-17,0.999996044123547,-0.00281278105402602));
#4816=DIRECTION('',(2.82275421329722E-17,0.689559461082236,-0.724229072622728));
#4817=DIRECTION('',(5.54718964574047E-17,0.999996044123551,-0.0028127810525598));
#4818=DIRECTION('center_axis',(-1.40338736233873E-17,-0.00281278105251955,
-0.999996044123551));
#4819=DIRECTION('ref_axis',(-1.,5.55111512312578E-17,1.38777878078144E-17));
#4820=DIRECTION('',(-5.54718964574047E-17,-0.999996044123551,0.0028127810525598));
#4821=DIRECTION('center_axis',(-1.40338736233873E-17,-0.00281278105251955,
-0.999996044123551));
#4822=DIRECTION('ref_axis',(-1.,5.55111512312578E-17,1.38777878078144E-17));
#4823=DIRECTION('',(-5.54718964574047E-17,-0.999996044123551,0.0028127810525598));
#4824=DIRECTION('',(5.54718964574047E-17,0.999996044123551,-0.0028127810525598));
#4825=DIRECTION('center_axis',(-0.869672874256143,-0.00138846887973427,
-0.49362654298288));
#4826=DIRECTION('ref_axis',(-0.493627018801504,2.68882138776405E-17,0.869673712554967));
#4827=DIRECTION('',(-5.54718964574047E-17,-0.999996044123551,0.00281278105255981));
#4828=DIRECTION('center_axis',(-0.869672874256143,0.00138846887973437,0.49362654298288));
#4829=DIRECTION('ref_axis',(0.493627018801504,-2.77555756156289E-17,0.869673712554967));
#4830=DIRECTION('',(-5.54718964574047E-17,-0.999996044123551,0.00281278105255981));
#4831=DIRECTION('center_axis',(1.40338736233902E-17,0.00281278105257039,
0.999996044123551));
#4832=DIRECTION('ref_axis',(1.,-5.55111512312578E-17,-1.38777878078145E-17));
#4833=DIRECTION('',(-5.54718964574047E-17,-0.999996044123551,0.00281278105255981));
#4834=DIRECTION('',(5.54718964574047E-17,0.999996044123551,-0.00281278105255981));
#4835=DIRECTION('center_axis',(1.40338736233902E-17,0.00281278105257039,
0.999996044123551));
#4836=DIRECTION('ref_axis',(1.,-5.55111512312578E-17,-1.38777878078145E-17));
#4837=DIRECTION('',(5.54718964574047E-17,0.999996044123551,-0.00281278105255981));
#4838=DIRECTION('center_axis',(1.,-5.55111512312578E-17,-1.38777878078145E-17));
#4839=DIRECTION('ref_axis',(-1.38777878078145E-17,0.,-1.));
#4840=DIRECTION('',(5.54718964575945E-17,0.999996044123589,-0.00281278103903376));
#4841=DIRECTION('',(-1.98261844607743E-10,0.693445858939708,0.72050873743444));
#4842=DIRECTION('center_axis',(3.0372775000345E-17,0.720508737430895,-0.693445858943392));
#4843=DIRECTION('ref_axis',(-1.,5.55111512312578E-17,1.38777878078145E-17));
#4844=DIRECTION('',(-1.,5.55111512312578E-17,1.38777878078145E-17));
#4845=DIRECTION('',(-4.84930453180831E-17,-0.693445858939708,-0.72050873743444));
#4846=DIRECTION('center_axis',(-1.,5.55111512312578E-17,1.38777878078145E-17));
#4847=DIRECTION('ref_axis',(1.38777878078145E-17,0.,1.));
#4848=DIRECTION('',(5.54718964575945E-17,0.999996044123589,-0.00281278103903376));
#4849=DIRECTION('center_axis',(-1.40338736226339E-17,-0.00281278103893789,
-0.999996044123589));
#4850=DIRECTION('ref_axis',(-1.,5.55111512312578E-17,1.38777878078144E-17));
#4851=DIRECTION('center_axis',(0.869672874256136,0.0013884688797343,0.493626542982893));
#4852=DIRECTION('ref_axis',(0.493627018801517,-2.69966340948891E-17,-0.86967371255496));
#4853=DIRECTION('',(-5.54718964574047E-17,-0.999996044123551,0.00281278105255981));
#4854=DIRECTION('center_axis',(0.869672874255557,-0.00138846887268682,-0.493626542983932));
#4855=DIRECTION('ref_axis',(-0.493627018802551,2.85145171363688E-17,-0.869673712554373));
#4856=DIRECTION('center_axis',(1.,-5.55111512312578E-17,-1.38777878078145E-17));
#4857=DIRECTION('ref_axis',(-1.38777878078145E-17,0.,-1.));
#4858=DIRECTION('',(-2.82275421329722E-17,-0.689559461082236,0.724229072622728));
#4859=DIRECTION('',(5.54718964573842E-17,0.999996044123547,-0.00281278105402602));
#4860=DIRECTION('center_axis',(1.40338736234739E-17,0.00281278105407953,
0.999996044123546));
#4861=DIRECTION('ref_axis',(1.,-5.55111512312578E-17,-1.38777878078145E-17));
#4862=DIRECTION('',(1.,-5.55111512312578E-17,-1.38777878078145E-17));
#4863=DIRECTION('center_axis',(4.97723494622353E-17,0.724229072721207,0.689559460978806));
#4864=DIRECTION('ref_axis',(1.,-5.55111512312578E-17,-1.38777878078145E-17));
#4865=DIRECTION('center_axis',(1.,-5.55111512312578E-17,-1.38777878078145E-17));
#4866=DIRECTION('ref_axis',(-1.38777878078145E-17,0.,-1.));
#4867=DIRECTION('',(5.54718964575945E-17,0.999996044123589,-0.00281278103903376));
#4868=DIRECTION('',(-1.98261844634852E-10,0.693445858836615,0.720508737533661));
#4869=DIRECTION('',(5.54718964574047E-17,0.999996044123551,-0.00281278105255981));
#4870=DIRECTION('center_axis',(1.40338736233896E-17,0.00281278105255981,
0.999996044123551));
#4871=DIRECTION('ref_axis',(1.,-5.55111512312578E-17,-1.38777878078145E-17));
#4872=DIRECTION('',(-5.54718964574047E-17,-0.999996044123551,0.00281278105255981));
#4873=DIRECTION('center_axis',(1.40338736233896E-17,0.00281278105255981,
0.999996044123551));
#4874=DIRECTION('ref_axis',(1.,-5.55111512312578E-17,-1.38777878078145E-17));
#4875=DIRECTION('',(-5.54718964574047E-17,-0.999996044123551,0.00281278105255981));
#4876=DIRECTION('',(5.54718964574047E-17,0.999996044123551,-0.00281278105255981));
#4877=DIRECTION('center_axis',(0.869672874255554,0.00138846887975705,0.493626542983917));
#4878=DIRECTION('ref_axis',(0.493627018802541,-2.68882138776405E-17,-0.869673712554378));
#4879=DIRECTION('',(-5.54718964574047E-17,-0.999996044123551,0.0028127810525598));
#4880=DIRECTION('center_axis',(0.86967287425614,-0.00138846887975425,-0.493626542982885));
#4881=DIRECTION('ref_axis',(-0.493627018801509,2.64545330086463E-17,-0.869673712554964));
#4882=DIRECTION('center_axis',(-1.,5.55111512312578E-17,1.38777878078145E-17));
#4883=DIRECTION('ref_axis',(1.38777878078145E-17,0.,1.));
#4884=DIRECTION('',(1.98261844634852E-10,-0.693445858836615,-0.720508737533661));
#4885=DIRECTION('',(5.54718964575945E-17,0.999996044123589,-0.00281278103903376));
#4886=DIRECTION('center_axis',(-1.40338736234709E-17,-0.00281278105402603,
-0.999996044123547));
#4887=DIRECTION('ref_axis',(-1.,5.55111512312578E-17,1.38777878078145E-17));
#4888=DIRECTION('',(-1.,5.55111512312578E-17,1.38777878078145E-17));
#4889=DIRECTION('center_axis',(3.03727750072599E-17,0.720508737529777,-0.69344585884065));
#4890=DIRECTION('ref_axis',(-1.,5.55111512312579E-17,1.38777878078145E-17));
#4891=DIRECTION('center_axis',(-0.869672874256143,0.00138846887975423,0.49362654298288));
#4892=DIRECTION('ref_axis',(0.493627018801504,-2.80808362673746E-17,0.869673712554967));
#4893=DIRECTION('',(-5.54718964574047E-17,-0.999996044123551,0.0028127810525598));
#4894=DIRECTION('center_axis',(-0.869672874255566,-0.00138846887975699,
-0.493626542983897));
#4895=DIRECTION('ref_axis',(-0.493627018802521,2.68882138776405E-17,0.86967371255439));
#4896=DIRECTION('center_axis',(-5.54751962891027E-17,-0.999996678140353,
0.00257753918688128));
#4897=DIRECTION('ref_axis',(-1.40208238753586E-17,-0.00257753918688128,
-0.999996678140353));
#4898=DIRECTION('',(-1.,5.55111512312578E-17,1.38777878078145E-17));
#4899=DIRECTION('',(-1.40208238753586E-17,-0.00257753918688078,-0.999996678140353));
#4900=DIRECTION('',(-1.,5.55111512312578E-17,1.38777878078145E-17));
#4901=DIRECTION('center_axis',(3.28307137480314E-17,0.35799465168162,0.93372363650459));
#4902=DIRECTION('ref_axis',(1.,-5.55111512312578E-17,-1.38777878078144E-17));
#4903=DIRECTION('',(-1.,5.55111512312578E-17,1.38777878078145E-17));
#4904=DIRECTION('',(0.0335008605425383,-0.933199526812684,0.357793705226198));
#4905=DIRECTION('center_axis',(0.9993575206915,0.0358404422850978,-9.2380451331683E-5));
#4906=DIRECTION('ref_axis',(-9.24398416225052E-5,4.2351647362715E-22,-0.999999995727438));
#4907=DIRECTION('',(1.40208238753541E-17,0.00257753918680093,0.999996678140353));
#4908=DIRECTION('',(0.0335060909920638,-0.935176427857709,-0.35259380403763));
#4909=DIRECTION('center_axis',(6.59841287131897E-18,0.352791891989541,-0.935701811982023));
#4910=DIRECTION('ref_axis',(-1.,5.55111512312578E-17,1.38777878078145E-17));
#4911=DIRECTION('',(-1.,5.55111512312578E-17,1.38777878078145E-17));
#4912=DIRECTION('',(-1.,5.55111512312578E-17,1.38777878078145E-17));
#4913=DIRECTION('center_axis',(5.54751962891039E-17,0.999996678140353,-0.00257753918679359));
#4914=DIRECTION('ref_axis',(1.40208238753537E-17,0.00257753918679359,0.999996678140353));
#4915=DIRECTION('center_axis',(-5.54751962891035E-17,-0.999996678140353,
0.00257753918682864));
#4916=DIRECTION('ref_axis',(-1.40208238753557E-17,-0.00257753918682864,
-0.999996678140353));
#4917=DIRECTION('center_axis',(3.2830713748156E-17,0.357994651684102,0.933723636503638));
#4918=DIRECTION('ref_axis',(1.,-5.55111512312578E-17,-1.38777878078145E-17));
#4919=DIRECTION('',(1.,-5.55111512312578E-17,-1.38777878078145E-17));
#4920=DIRECTION('',(1.,-5.55111512312578E-17,-1.38777878078145E-17));
#4921=DIRECTION('',(0.0335008605396801,-0.933199526815433,0.357793705219297));
#4922=DIRECTION('center_axis',(-0.999357520691585,-0.0358404422827191,9.23804513294327E-5));
#4923=DIRECTION('ref_axis',(9.24398416202457E-5,-7.6232965252887E-21,0.999999995727438));
#4924=DIRECTION('',(-1.40208238753487E-17,-0.00257753918670237,-0.999996678140353));
#4925=DIRECTION('',(1.40208238753522E-17,0.00257753918676593,0.999996678140353));
#4926=DIRECTION('',(-0.0335060909890681,0.935176427856491,0.352593804041145));
#4927=DIRECTION('center_axis',(6.59841287159355E-18,0.352791891994061,-0.935701811980318));
#4928=DIRECTION('ref_axis',(-1.,5.55111512312578E-17,1.38777878078145E-17));
#4929=DIRECTION('',(1.,-5.55111512312578E-17,-1.38777878078145E-17));
#4930=DIRECTION('',(1.,-5.55111512312578E-17,-1.38777878078145E-17));
#4931=DIRECTION('center_axis',(5.54751962891053E-17,0.999996678140353,-0.00257753918669552));
#4932=DIRECTION('ref_axis',(1.40208238753483E-17,0.00257753918669552,0.999996678140353));
#4933=DIRECTION('center_axis',(6.59841287130428E-18,0.352791891989299,-0.935701811982114));
#4934=DIRECTION('ref_axis',(-1.,5.55111512312578E-17,1.38777878078145E-17));
#4935=DIRECTION('',(1.,-5.55111512312578E-17,-1.38777878078145E-17));
#4936=DIRECTION('center_axis',(5.54751962891049E-17,0.999996678140353,-0.00257753918672802));
#4937=DIRECTION('ref_axis',(1.40208238753501E-17,0.00257753918672802,0.999996678140353));
#4938=DIRECTION('center_axis',(5.54751962891086E-17,0.999996678140354,-0.00257753918646325));
#4939=DIRECTION('ref_axis',(1.40208238753354E-17,0.00257753918646325,0.999996678140354));
#4940=DIRECTION('center_axis',(5.54751962891033E-17,0.999996678140353,-0.00257753918683779));
#4941=DIRECTION('ref_axis',(1.40208238753562E-17,0.00257753918683779,0.999996678140353));
#4942=DIRECTION('center_axis',(-5.54751962891032E-17,-0.999996678140353,
0.00257753918684978));
#4943=DIRECTION('ref_axis',(-1.40208238753569E-17,-0.00257753918684978,
-0.999996678140353));
#4944=DIRECTION('',(1.,-5.55111512312578E-17,-1.38777878078145E-17));
#4945=DIRECTION('',(-8.75683018276033E-15,-0.00257753918684978,-0.999996678140353));
#4946=DIRECTION('',(-1.,5.55111512312578E-17,1.38777878078145E-17));
#4947=DIRECTION('',(1.40208238753629E-17,0.00257753918695795,0.999996678140353));
#4948=DIRECTION('',(0.993351386817499,0.000296730877686458,0.11512138923127));
#4949=DIRECTION('',(-1.40208238753569E-17,-0.00257753918685034,-0.999996678140353));
#4950=DIRECTION('',(1.,-5.55111512312578E-17,-1.38777878078145E-17));
#4951=DIRECTION('center_axis',(0.999357520691426,-0.0358404422871548,9.23804511905625E-5));
#4952=DIRECTION('ref_axis',(0.000107364069910901,0.000416140178705405,-0.99999990765015));
#4953=DIRECTION('center_axis',(-1.,5.55111512312578E-17,1.38777878078145E-17));
#4954=DIRECTION('ref_axis',(-1.3877787817901E-17,-1.81701678263206E-10,
-1.));
#4955=DIRECTION('center_axis',(-5.54751962893366E-17,-0.999996678140396,
0.00257753917020283));
#4956=DIRECTION('ref_axis',(-1.40208238744334E-17,-0.00257753917020283,
-0.999996678140396));
#4957=DIRECTION('',(5.88264769956726E-13,-0.00257753917020283,-0.999996678140396));
#4958=DIRECTION('',(1.,-5.55111512312578E-17,-1.38777878078145E-17));
#4959=DIRECTION('',(1.40208238768324E-17,0.00257753921344817,0.999996678140284));
#4960=DIRECTION('',(1.,-5.55111512312578E-17,-1.38777878078145E-17));
#4961=DIRECTION('center_axis',(4.17688987690007E-17,0.873946928639028,-0.486021363648153));
#4962=DIRECTION('ref_axis',(3.91080554500384E-17,0.486021363648153,0.873946928639028));
#4963=DIRECTION('',(-0.0173470211871761,-0.485948231579655,-0.873815425064434));
#4964=DIRECTION('',(3.91080554499556E-17,0.48602136364642,0.873946928639991));
#4965=DIRECTION('',(-1.,5.55111512312578E-17,1.38777878078145E-17));
#4966=DIRECTION('center_axis',(1.40338736231497E-17,0.00281278104823653,
0.999996044123563));
#4967=DIRECTION('ref_axis',(1.,-5.55111512312578E-17,-1.38777878078144E-17));
#4968=DIRECTION('',(0.0358405603537893,0.999353567392087,-0.00281097389471342));
#4969=DIRECTION('',(1.,-5.55111512312578E-17,-1.38777878078145E-17));
#4970=DIRECTION('',(-5.54718964574514E-17,-0.99999604412356,0.00281278104923172));
#4971=DIRECTION('',(-1.,5.55111512312578E-17,1.38777878078145E-17));
#4972=DIRECTION('center_axis',(1.40338736231785E-17,0.00281278104875423,
0.999996044123561));
#4973=DIRECTION('ref_axis',(1.,-5.55111512312578E-17,-1.38777878078145E-17));
#4974=DIRECTION('',(-0.0358405603537894,-0.999353567392085,0.00281097389523079));
#4975=DIRECTION('',(-0.728518082132623,-0.68502386187115,0.00192682976429513));
#4976=DIRECTION('center_axis',(1.,-5.55111512312578E-17,-1.38777878078145E-17));
#4977=DIRECTION('ref_axis',(-1.38777878078145E-17,0.,-1.));
#4978=DIRECTION('',(-2.8227542129437E-17,-0.689559461030796,0.724229072671705));
#4979=DIRECTION('',(5.5471896457455E-17,0.999996044123561,-0.00281278104898208));
#4980=DIRECTION('',(-1.45600044148982E-17,-0.481413168889315,0.876493788238084));
#4981=DIRECTION('center_axis',(-1.,5.55111512312578E-17,1.38777878078145E-17));
#4982=DIRECTION('ref_axis',(1.3877787812773E-17,8.93236389267736E-11,1.));
#4983=DIRECTION('center_axis',(-1.,5.55111512312578E-17,1.38777878078145E-17));
#4984=DIRECTION('ref_axis',(1.38777878078145E-17,0.,1.));
#4985=DIRECTION('',(-1.40208238752739E-17,-0.00257753918535425,-0.999996678140357));
#4986=DIRECTION('',(5.49234200169462E-17,0.999228804441129,-0.0392657150088012));
#4987=DIRECTION('center_axis',(-1.,5.55111512312578E-17,1.38777878078145E-17));
#4988=DIRECTION('ref_axis',(-1.38777878006526E-17,1.29016827021472E-10,
-1.));
#4989=DIRECTION('',(-2.82275421294827E-17,-0.689559461031461,0.724229072671072));
#4990=DIRECTION('',(-5.55983226194434E-17,-0.999979760240207,-0.00636231954077275));
#4991=DIRECTION('center_axis',(1.,-2.86628536621203E-14,3.54209663568832E-15));
#4992=DIRECTION('ref_axis',(3.54209663454448E-15,-3.99066925565367E-11,
-1.));
#4993=DIRECTION('center_axis',(1.,-2.86628536621203E-14,3.54209663568832E-15));
#4994=DIRECTION('ref_axis',(3.54209663454448E-15,-3.99066925565367E-11,
-1.));
#4995=DIRECTION('center_axis',(0.999357520691435,-0.0358404422868939,9.23804513346391E-5));
#4996=DIRECTION('ref_axis',(9.24398416254693E-5,-8.470329472543E-21,-0.999999995727438));
#4997=DIRECTION('',(-0.0358374920502051,-0.999302350884903,-0.0105112168399741));
#4998=DIRECTION('',(1.40208238753629E-17,0.00257753918695795,0.999996678140353));
#4999=DIRECTION('',(0.024789332033207,0.689347557541211,-0.72400651511524));
#5000=DIRECTION('',(0.0173435672915673,0.481340759065232,-0.87636195395288));
#5001=DIRECTION('',(-0.0358405603537893,-0.999353567392084,0.00281097389544348));
#5002=DIRECTION('',(0.024789332033207,0.689347557541211,-0.72400651511524));
#5003=DIRECTION('',(0.0358405603537893,0.999353567392086,-0.00281097389495995));
#5004=DIRECTION('',(3.72372663899261E-15,0.00257753918670944,0.999996678140353));
#5005=DIRECTION('center_axis',(0.685026561691822,-0.728515671557034,0.00187778392922883));
#5006=DIRECTION('ref_axis',(0.00274117381625606,4.33680868994202E-18,-0.999996242975997));
#5007=DIRECTION('',(0.72554941124938,0.682465296225406,0.088426078074549));
#5008=DIRECTION('',(-0.701086416575719,0.0280926200574079,0.712522730298008));
#5009=DIRECTION('center_axis',(1.,3.42550592156952E-14,-4.71665964679803E-15));
#5010=DIRECTION('ref_axis',(-4.71665964927621E-15,7.23450096991755E-11,
-1.));
#5011=DIRECTION('',(-0.701061277341261,0.00183804586622501,0.713098665683812));
#5012=DIRECTION('center_axis',(0.71216405411017,-0.0530507089772286,-0.700005701627051));
#5013=DIRECTION('ref_axis',(-0.700992825948247,7.97972798949331E-17,-0.71316832372806));
#5014=DIRECTION('center_axis',(0.712164054164859,-0.0530507088942868,-0.700005701577699));
#5015=DIRECTION('ref_axis',(0.701967264328408,0.042422734820763,0.710944633133704));
#5016=DIRECTION('',(-0.071543402532666,-0.997433541800941,0.0028055738236153));
#5017=DIRECTION('',(-0.551131570971103,0.575381071279155,-0.604310031600151));
#5018=DIRECTION('center_axis',(0.712164054105505,-0.0530507089873095,-0.700005701631033));
#5019=DIRECTION('ref_axis',(-0.700992825952611,5.55111512312578E-17,-0.713168323723771));
#5020=DIRECTION('',(-0.0358164606488937,-0.99858768399019,0.0392405215267832));
#5021=DIRECTION('',(-0.701061277336859,-0.00183804588706036,-0.713098665688086));
#5022=DIRECTION('',(0.0715434020974139,0.99743354183374,-0.00280557326209259));
#5023=DIRECTION('',(-1.,5.55111512312578E-17,1.38777878078145E-17));
#5024=DIRECTION('',(-1.,5.55111512312578E-17,1.38777878078145E-17));
#5025=DIRECTION('center_axis',(-1.60467703634895E-17,-0.0392657150077532,
-0.99922880444117));
#5026=DIRECTION('ref_axis',(-1.,5.55111512312578E-17,1.38777878078144E-17));
#5027=DIRECTION('',(-1.,5.55111512312578E-17,1.38777878078145E-17));
#5028=DIRECTION('center_axis',(1.,3.42550592156952E-14,-4.71665964679803E-15));
#5029=DIRECTION('ref_axis',(-4.71665964927621E-15,7.23450096991755E-11,
-1.));
#5030=DIRECTION('',(-1.,5.55111512312578E-17,1.38777878078145E-17));
#5031=DIRECTION('center_axis',(5.5336129037876E-17,0.876493788238088,0.481413168889308));
#5032=DIRECTION('ref_axis',(-1.45600044148978E-17,-0.481413168889308,0.876493788238088));
#5033=DIRECTION('center_axis',(-1.40338736231903E-17,-0.00281278104896705,
-0.999996044123561));
#5034=DIRECTION('ref_axis',(-1.,5.55111512312578E-17,1.38777878078145E-17));
#5035=DIRECTION('',(-1.,5.55111512312578E-17,1.38777878078145E-17));
#5036=DIRECTION('center_axis',(-4.97723494601828E-17,-0.724229072671067,
-0.689559461031467));
#5037=DIRECTION('ref_axis',(-1.,5.55111512312578E-17,1.38777878078145E-17));
#5038=DIRECTION('',(1.,-5.55111512312578E-17,-1.38777878078145E-17));
#5039=DIRECTION('center_axis',(-1.40338736231634E-17,-0.00281278104848321,
-0.999996044123562));
#5040=DIRECTION('ref_axis',(-1.,5.55111512312578E-17,1.38777878078144E-17));
#5041=DIRECTION('center_axis',(5.54751962891051E-17,0.999996678140353,-0.00257753918670944));
#5042=DIRECTION('ref_axis',(1.40208238753491E-17,0.00257753918670944,0.999996678140353));
#5043=DIRECTION('',(-0.993351386817237,-0.000296730877346321,-0.115121389233537));
#5044=DIRECTION('center_axis',(-0.115117232270203,-0.00632002228621913,
0.99333180768198));
#5045=DIRECTION('ref_axis',(0.993351646444399,-5.57279916657549E-17,0.115119531384561));
#5046=DIRECTION('center_axis',(-1.,5.55111512312578E-17,1.38777878078145E-17));
#5047=DIRECTION('ref_axis',(1.38777878078145E-17,0.,1.));
#5048=DIRECTION('',(-1.40208238752739E-17,-0.00257753918535425,-0.999996678140357));
#5049=DIRECTION('',(5.53408010954126E-17,0.999928146078717,-0.0119876052479106));
#5050=DIRECTION('',(-1.40208238753569E-17,-0.00257753918685034,-0.999996678140353));
#5051=DIRECTION('center_axis',(-1.,5.55111512312578E-17,1.38777878078145E-17));
#5052=DIRECTION('ref_axis',(-1.38777877853315E-17,4.05018031882602E-10,
-1.));
#5053=DIRECTION('',(4.84930453135601E-17,0.693445858832414,0.720508737537704));
#5054=DIRECTION('center_axis',(-1.,5.55111512312578E-17,1.38777878078145E-17));
#5055=DIRECTION('ref_axis',(-1.38777878072262E-17,1.05974391949307E-11,
-1.));
#5056=DIRECTION('',(5.59466357832786E-17,0.999433862977305,0.0336445171500802));
#5057=DIRECTION('center_axis',(1.,-5.55111512312578E-17,-1.38777878078145E-17));
#5058=DIRECTION('ref_axis',(-1.38777878041277E-17,6.64158718094945E-11,
-1.));
#5059=DIRECTION('center_axis',(1.,-5.55111512312578E-17,-1.38777878078145E-17));
#5060=DIRECTION('ref_axis',(-1.38777878041277E-17,6.64158718094945E-11,
-1.));
#5061=DIRECTION('center_axis',(5.54751962891051E-17,0.999996678140353,-0.00257753918670944));
#5062=DIRECTION('ref_axis',(1.40208238753491E-17,0.00257753918670944,0.999996678140353));
#5063=DIRECTION('',(3.72372663899261E-15,0.00257753918670944,0.999996678140353));
#5064=DIRECTION('',(0.993351386817402,-0.000296730877346971,-0.115121389232108));
#5065=DIRECTION('',(1.,-5.55111512312578E-17,-1.38777878078145E-17));
#5066=DIRECTION('',(-0.701061277336416,0.00183804582823848,0.713098665688673));
#5067=DIRECTION('center_axis',(-5.54751962891032E-17,-0.999996678140353,
0.00257753918684978));
#5068=DIRECTION('ref_axis',(-1.40208238753569E-17,-0.00257753918684978,
-0.999996678140353));
#5069=DIRECTION('',(-8.7568181197762E-15,-0.00257753918684978,-0.999996678140353));
#5070=DIRECTION('',(-1.,5.55111512312578E-17,1.38777878078145E-17));
#5071=DIRECTION('',(-0.993351386817512,0.000296730877686271,0.115121389231155));
#5072=DIRECTION('',(1.40208238753629E-17,0.00257753918695795,0.999996678140353));
#5073=DIRECTION('',(1.,-5.55111512312578E-17,-1.38777878078145E-17));
#5074=DIRECTION('center_axis',(0.685026561691822,-0.728515671557034,0.00187778392922883));
#5075=DIRECTION('ref_axis',(0.00274117381625606,4.33680868994202E-18,-0.999996242975997));
#5076=DIRECTION('',(-0.72552837180858,-0.681979782248776,0.0922613586757921));
#5077=DIRECTION('',(1.40208238753629E-17,0.00257753918695795,0.999996678140353));
#5078=DIRECTION('',(0.728518082132635,0.68502386187116,-0.00192682975613665));
#5079=DIRECTION('',(-0.701086416560302,0.0280926200241882,0.712522730314487));
#5080=DIRECTION('center_axis',(1.,3.42550592157569E-14,-4.71665964678297E-15));
#5081=DIRECTION('ref_axis',(-4.71665964382203E-15,-8.64380327654602E-11,
-1.));
#5082=DIRECTION('',(-0.701061277325926,0.0018380458342907,0.713098665698971));
#5083=DIRECTION('center_axis',(0.999357520691432,-0.0358404422869838,9.23804513683735E-5));
#5084=DIRECTION('ref_axis',(7.07971100347489E-5,-0.000603474973483094,-0.999999815402846));
#5085=DIRECTION('',(-1.,5.55111512312578E-17,1.38777878078145E-17));
#5086=DIRECTION('',(1.,-5.55111512312578E-17,-1.38777878078145E-17));
#5087=DIRECTION('',(1.,-5.55111512312578E-17,-1.38777878078145E-17));
#5088=DIRECTION('center_axis',(0.712176037437852,-0.049112853962575,0.700280814584385));
#5089=DIRECTION('ref_axis',(0.701959964027309,0.0390464193309428,-0.711145263669956));
#5090=DIRECTION('center_axis',(0.712176037673658,-0.0491128535820843,0.700280814371259));
#5091=DIRECTION('ref_axis',(0.701126909318728,-8.32667268468867E-17,-0.713036504696056));
#5092=DIRECTION('',(-0.0358170737698712,-0.998792588996041,-0.0336229295741618));
#5093=DIRECTION('',(0.0358170737703613,0.998792588995992,0.0336229295750926));
#5094=DIRECTION('',(0.0715434020963902,0.997433541833813,-0.00280557326209279));
#5095=DIRECTION('center_axis',(1.20022851987228E-17,-0.0336445171500765,
0.999433862977305));
#5096=DIRECTION('ref_axis',(1.,-5.55111512312578E-17,-1.38777878078145E-17));
#5097=DIRECTION('center_axis',(0.712176037686156,-0.0491128535681957,0.700280814359523));
#5098=DIRECTION('ref_axis',(0.701126909306498,-7.97972798949331E-17,-0.713036504708081));
#5099=DIRECTION('',(-0.551221755022933,0.578582642035323,0.601162792531993));
#5100=DIRECTION('',(0.0715434020294926,0.997433541838455,-0.00280557331787217));
#5101=DIRECTION('center_axis',(1.,-5.55111512312578E-17,-1.38777878078145E-17));
#5102=DIRECTION('ref_axis',(-1.38777878078145E-17,0.,-1.));
#5103=DIRECTION('',(-4.8493045313505E-17,-0.693445858831106,-0.720508737538962));
#5104=DIRECTION('',(5.54718964574654E-17,0.999996044123563,-0.00281278104823579));
#5105=DIRECTION('',(3.91080554501423E-17,0.486021363650328,0.873946928637818));
#5106=DIRECTION('',(-1.40208238768386E-17,-0.00257753921355915,-0.999996678140284));
#5107=DIRECTION('',(-1.45600044148982E-17,-0.481413168889314,0.876493788238085));
#5108=DIRECTION('',(-5.5471896457455E-17,-0.999996044123561,0.00281278104898096));
#5109=DIRECTION('center_axis',(-1.,5.55111512312578E-17,1.38777878078145E-17));
#5110=DIRECTION('ref_axis',(1.38777878045727E-17,-5.83981580358469E-11,
1.));
#5111=DIRECTION('center_axis',(1.,3.42550592157569E-14,-4.71665964678297E-15));
#5112=DIRECTION('ref_axis',(-4.71665964382203E-15,-8.64380327654602E-11,
-1.));
#5113=DIRECTION('',(-1.,-3.58367833493259E-15,1.38777878078145E-17));
#5114=DIRECTION('center_axis',(-5.547519628873E-17,-0.999996678140284,0.00257753921346732));
#5115=DIRECTION('ref_axis',(-1.40208238768335E-17,-0.00257753921346732,
-0.999996678140284));
#5116=DIRECTION('',(-9.63360924118354E-13,-0.00257753921346732,-0.999996678140284));
#5117=DIRECTION('',(1.,-5.55111512312578E-17,-1.38777878078145E-17));
#5118=DIRECTION('',(1.,-5.55111512312578E-17,-1.38777878078145E-17));
#5119=DIRECTION('center_axis',(4.17688987691758E-17,0.873946928641204,-0.48602136364424));
#5120=DIRECTION('ref_axis',(3.91080554498513E-17,0.48602136364424,0.873946928641204));
#5121=DIRECTION('',(-0.0173470211870357,-0.485948231575744,-0.873815425066612));
#5122=DIRECTION('',(-1.,5.55111512312578E-17,1.38777878078145E-17));
#5123=DIRECTION('center_axis',(-1.40338736232048E-17,-0.0028127810492282,
-0.99999604412356));
#5124=DIRECTION('ref_axis',(-1.,5.55111512312578E-17,1.38777878078145E-17));
#5125=DIRECTION('',(-0.0358405603537893,-0.999353567392084,0.00281097389570446));
#5126=DIRECTION('',(-1.,5.55111512312578E-17,1.38777878078145E-17));
#5127=DIRECTION('center_axis',(-1.40338736231787E-17,-0.00281278104875827,
-0.999996044123561));
#5128=DIRECTION('ref_axis',(-1.,5.55111512312578E-17,1.38777878078145E-17));
#5129=DIRECTION('',(0.0358405603537893,0.999353567392085,-0.00281097389523483));
#5130=DIRECTION('center_axis',(-3.03727750078986E-17,-0.72050873753891,
0.69344585883116));
#5131=DIRECTION('ref_axis',(1.,-5.55111512312579E-17,-1.38777878078145E-17));
#5132=DIRECTION('',(-0.0247951550900416,-0.693232660899101,-0.720287219202738));
#5133=DIRECTION('',(-1.,5.55111512312578E-17,1.38777878078145E-17));
#5134=DIRECTION('',(-0.0247951550900416,-0.693232660899101,-0.720287219202738));
#5135=DIRECTION('',(1.,-5.55111512312578E-17,-1.38777878078145E-17));
#5136=DIRECTION('center_axis',(-0.115116741950069,-0.0119079112850942,-0.993280593473782));
#5137=DIRECTION('ref_axis',(-0.993351023739245,4.53196508098941E-17,0.115124904500257));
#5138=DIRECTION('',(0.0358372675934621,0.999227416577397,-0.0161325822947457));
#5139=DIRECTION('center_axis',(1.40338736231634E-17,0.00281278104848321,
0.999996044123562));
#5140=DIRECTION('ref_axis',(1.,-5.55111512312578E-17,-1.38777878078144E-17));
#5141=DIRECTION('',(-0.0358405603537893,-0.999353567392086,0.00281097389495995));
#5142=DIRECTION('center_axis',(1.40338736231908E-17,0.00281278104897669,
0.999996044123561));
#5143=DIRECTION('ref_axis',(1.,-5.55111512312578E-17,-1.38777878078145E-17));
#5144=DIRECTION('',(0.0358405603537893,0.999353567392084,-0.00281097389545311));
#5145=DIRECTION('',(-1.,5.55111512312578E-17,1.38777878078145E-17));
#5146=DIRECTION('center_axis',(5.53361290378463E-17,0.876493788237109,0.48141316889109));
#5147=DIRECTION('ref_axis',(-1.45600044150103E-17,-0.48141316889109,0.876493788237109));
#5148=DIRECTION('',(0.0173435672916311,0.481340759067013,-0.8763619539519));
#5149=DIRECTION('center_axis',(0.999357520691435,-0.0358404422868939,9.23804513346391E-5));
#5150=DIRECTION('ref_axis',(9.24398416254693E-5,0.,-0.999999995727438));
#5151=DIRECTION('center_axis',(0.999357520691435,-0.0358404422868939,9.23804513346391E-5));
#5152=DIRECTION('ref_axis',(9.24398416254693E-5,0.,-0.999999995727438));
#5153=DIRECTION('',(-0.0358405603537893,-0.999353567392084,0.00281097389544348));
#5154=DIRECTION('',(-0.0173470211871761,-0.485948231579655,-0.873815425064434));
#5155=DIRECTION('',(5.88264769956726E-13,-0.00257753917020283,-0.999996678140396));
#5156=DIRECTION('',(0.0173435672915673,0.481340759065232,-0.87636195395288));
#5157=DIRECTION('',(0.0358405603537893,0.999353567392087,-0.00281097389471342));
#5158=DIRECTION('',(1.96920118410152E-17,-0.00257753918660506,-0.999996678140353));
#5159=DIRECTION('',(-0.0358405603538013,-0.999353567392086,0.00281097389479086));
#5160=DIRECTION('',(3.72372663899261E-15,0.00257753918670944,0.999996678140353));
#5161=DIRECTION('',(0.0358405603537893,0.999353567392086,-0.00281097389495995));
#5162=DIRECTION('',(0.024789332033207,0.689347557541211,-0.72400651511524));
#5163=DIRECTION('center_axis',(1.40338736231497E-17,0.00281278104823653,
0.999996044123563));
#5164=DIRECTION('ref_axis',(1.,-5.55111512312578E-17,-1.38777878078144E-17));
#5165=DIRECTION('',(-1.,5.55111512312578E-17,1.38777878078145E-17));
#5166=DIRECTION('',(-5.54718964574468E-17,-0.999996044123559,0.00281278104956095));
#5167=DIRECTION('',(5.54718964574529E-17,0.99999604412356,-0.00281278104912837));
#5168=DIRECTION('',(0.948867845893946,0.315672334273157,-0.0008879206718006));
#5169=DIRECTION('',(0.728518082132616,0.685023861871174,-0.00192682975856149));
#5170=DIRECTION('center_axis',(5.54751962891051E-17,0.999996678140353,-0.00257753918670944));
#5171=DIRECTION('ref_axis',(1.40208238753491E-17,0.00257753918670944,0.999996678140353));
#5172=DIRECTION('',(-1.,5.55111512312578E-17,1.38777878078145E-17));
#5173=DIRECTION('',(0.701061277340406,-0.00183804586134197,-0.713098665684665));
#5174=DIRECTION('',(1.40208238754601E-17,0.00257753918871,0.999996678140348));
#5175=DIRECTION('',(-0.70106127733634,-0.00183804585319175,-0.713098665688684));
#5176=DIRECTION('',(1.,-5.55111512312578E-17,-1.38777878078145E-17));
#5177=DIRECTION('center_axis',(5.5336129037876E-17,0.876493788238088,0.481413168889308));
#5178=DIRECTION('ref_axis',(-1.45600044148978E-17,-0.481413168889308,0.876493788238088));
#5179=DIRECTION('',(1.,-5.55111512312578E-17,-1.38777878078145E-17));
#5180=DIRECTION('',(-1.45600044148982E-17,-0.481413168889315,0.876493788238084));
#5181=DIRECTION('center_axis',(-5.54751962893366E-17,-0.999996678140396,
0.00257753917020283));
#5182=DIRECTION('ref_axis',(-1.40208238744334E-17,-0.00257753917020283,
-0.999996678140396));
#5183=DIRECTION('',(1.,-5.55111512312578E-17,-1.38777878078145E-17));
#5184=DIRECTION('',(-1.40208238768324E-17,-0.00257753921344817,-0.999996678140284));
#5185=DIRECTION('center_axis',(4.17688987690007E-17,0.873946928639028,-0.486021363648153));
#5186=DIRECTION('ref_axis',(3.91080554500384E-17,0.486021363648153,0.873946928639028));
#5187=DIRECTION('',(-1.,5.55111512312578E-17,1.38777878078145E-17));
#5188=DIRECTION('',(3.91080554499556E-17,0.48602136364642,0.873946928639991));
#5189=DIRECTION('center_axis',(0.71310102480858,-0.00197193190260466,-0.70105851389276));
#5190=DIRECTION('ref_axis',(-0.701059876935159,4.01154803819636E-17,-0.713102411264792));
#5191=DIRECTION('',(5.54718964574593E-17,0.999996044123562,-0.00281278104866908));
#5192=DIRECTION('',(0.701061277336358,0.00183804586133128,0.713098665688645));
#5193=DIRECTION('',(5.54718964574593E-17,0.999996044123562,-0.00281278104867467));
#5194=DIRECTION('',(1.,-5.55111512312578E-17,-1.38777878078145E-17));
#5195=DIRECTION('center_axis',(-1.,3.63619967579353E-14,-7.97039123026842E-17));
#5196=DIRECTION('ref_axis',(7.97039109882013E-17,-3.61499107956168E-11,
-1.));
#5197=DIRECTION('',(1.,-5.55111512312578E-17,-1.38777878078145E-17));
#5198=DIRECTION('center_axis',(1.,-3.63619967579334E-14,7.97039126578888E-17));
#5199=DIRECTION('ref_axis',(-7.97039136543208E-17,-2.74031160154452E-11,
1.));
#5200=DIRECTION('center_axis',(1.40338736232022E-17,0.00281278104918142,
0.99999604412356));
#5201=DIRECTION('ref_axis',(1.,-5.55111512312578E-17,-1.38777878078145E-17));
#5202=DIRECTION('',(-5.54718964574514E-17,-0.99999604412356,0.002812781049235));
#5203=DIRECTION('',(-5.54718964574514E-17,-0.99999604412356,0.002812781049235));
#5204=DIRECTION('',(-1.,5.55111512312578E-17,1.38777878078145E-17));
#5205=DIRECTION('',(-1.,5.55111512312578E-17,1.38777878078145E-17));
#5206=DIRECTION('center_axis',(1.,-5.55111512312578E-17,-1.38777878078145E-17));
#5207=DIRECTION('ref_axis',(1.38777878077846E-17,-5.39382925533391E-13,
1.));
#5208=DIRECTION('center_axis',(-1.,-4.07883951027515E-13,3.92630810754834E-13));
#5209=DIRECTION('ref_axis',(-3.92630810671406E-13,-2.04538208095213E-10,
-1.));
#5210=DIRECTION('center_axis',(-5.54751962891013E-17,-0.999996678140352,
0.00257753918698476));
#5211=DIRECTION('ref_axis',(-1.40208238753643E-17,-0.00257753918698476,
-0.999996678140352));
#5212=DIRECTION('',(-1.40208238754101E-17,-0.00257753918780888,-0.99999667814035));
#5213=DIRECTION('',(1.40208238753366E-17,0.00257753918648552,0.999996678140354));
#5214=DIRECTION('',(-1.40208238752982E-17,-0.00257753918579312,-0.999996678140355));
#5215=DIRECTION('center_axis',(1.,-5.55111512312578E-17,-1.38777878078145E-17));
#5216=DIRECTION('ref_axis',(-1.38777878078145E-17,0.,-1.));
#5217=DIRECTION('',(-5.54718964574379E-17,-0.999996044123557,0.00281278105019626));
#5218=DIRECTION('',(2.82275421295104E-17,0.689559461031864,-0.724229072670688));
#5219=DIRECTION('',(-5.5471896457468E-17,-0.999996044123563,0.0028127810480483));
#5220=DIRECTION('center_axis',(1.,-5.55111512312578E-17,-1.38777878078145E-17));
#5221=DIRECTION('ref_axis',(-1.38777878078145E-17,0.,-1.));
#5222=DIRECTION('',(5.54718964574812E-17,0.999996044123566,-0.0028127810471096));
#5223=DIRECTION('',(-5.54718964574688E-17,-0.999996044123564,0.00281278104799526));
#5224=DIRECTION('',(-1.3662975462124E-17,0.00386784516475356,-0.999992519858914));
#5225=DIRECTION('center_axis',(1.,-5.55111512312578E-17,-1.38777878078145E-17));
#5226=DIRECTION('ref_axis',(1.38777877950961E-17,-2.29114600992295E-10,
1.));
#5227=DIRECTION('center_axis',(-1.40338736230859E-17,-0.00281278104708595,
-0.999996044123566));
#5228=DIRECTION('ref_axis',(-1.,5.55111512312578E-17,1.38777878078144E-17));
#5229=DIRECTION('',(5.54718964574812E-17,0.999996044123566,-0.0028127810471096));
#5230=DIRECTION('',(-1.,5.55111512312578E-17,1.38777878078145E-17));
#5231=DIRECTION('center_axis',(1.,-5.55111512312578E-17,-1.38777878078145E-17));
#5232=DIRECTION('ref_axis',(-1.38777878078145E-17,0.,-1.));
#5233=DIRECTION('',(-1.36629754614926E-17,0.00386784517611559,-0.999992519858871));
#5234=DIRECTION('',(-5.54718964574846E-17,-0.999996044123567,0.0028127810468664));
#5235=DIRECTION('center_axis',(-1.,-4.12054860698606E-13,-3.95019207481922E-13));
#5236=DIRECTION('ref_axis',(3.95019207430788E-13,1.24094942901905E-10,-1.));
#5237=DIRECTION('',(-1.,5.55111512312578E-17,1.38777878078145E-17));
#5238=DIRECTION('center_axis',(-5.55644131343841E-17,-0.999992519858943,
-0.00386784515738835));
#5239=DIRECTION('ref_axis',(-1.36629754625332E-17,0.00386784515738835,-0.999992519858943));
#5240=DIRECTION('',(-0.701053331658402,-0.00275819460578912,0.713103511794165));
#5241=DIRECTION('',(-1.36629754621882E-17,0.00386784516359857,-0.999992519858919));
#5242=DIRECTION('center_axis',(0.713101024810528,0.00197193190325608,0.701058513890776));
#5243=DIRECTION('ref_axis',(0.701059876933176,-3.8597597340484E-17,-0.713102411266741));
#5244=DIRECTION('',(-5.54718964574643E-17,-0.999996044123563,0.00281278104831401));
#5245=DIRECTION('center_axis',(1.40338736231785E-17,0.00281278104875423,
0.999996044123561));
#5246=DIRECTION('ref_axis',(1.,-5.55111512312578E-17,-1.38777878078145E-17));
#5247=DIRECTION('',(-0.728518082132615,-0.685023861871173,0.00192682975891613));
#5248=DIRECTION('',(-0.948867845893946,-0.315672334273157,0.000887920671964025));
#5249=DIRECTION('',(-5.54718964574522E-17,-0.99999604412356,0.00281278104918037));
#5250=DIRECTION('center_axis',(1.,-5.55111512312578E-17,-1.38777878078145E-17));
#5251=DIRECTION('ref_axis',(-1.38777878078145E-17,0.,-1.));
#5252=DIRECTION('',(1.40208238754095E-17,0.00257753918779936,0.99999667814035));
#5253=DIRECTION('center_axis',(-1.40338736231634E-17,-0.00281278104848321,
-0.999996044123562));
#5254=DIRECTION('ref_axis',(-1.,5.55111512312578E-17,1.38777878078144E-17));
#5255=DIRECTION('',(1.,-5.55111512312578E-17,-1.38777878078145E-17));
#5256=DIRECTION('center_axis',(-1.40338736231903E-17,-0.00281278104896705,
-0.999996044123561));
#5257=DIRECTION('ref_axis',(-1.,5.55111512312578E-17,1.38777878078145E-17));
#5258=DIRECTION('',(-1.,5.55111512312578E-17,1.38777878078145E-17));
#5259=DIRECTION('center_axis',(-4.97723494601828E-17,-0.724229072671067,
-0.689559461031467));
#5260=DIRECTION('ref_axis',(-1.,5.55111512312578E-17,1.38777878078145E-17));
#5261=DIRECTION('center_axis',(0.315673575174691,-0.948864696504409,0.00244574406357798));
#5262=DIRECTION('ref_axis',(-1.62630325872826E-17,-0.00257753918779937,
-0.99999667814035));
#5263=DIRECTION('',(1.96551634183246E-12,0.00257753918845325,0.999996678140349));
#5264=DIRECTION('center_axis',(0.685026561691822,-0.728515671557034,0.00187778392922883));
#5265=DIRECTION('ref_axis',(0.00274117381625606,4.33680868994202E-18,-0.999996242975997));
#5266=DIRECTION('center_axis',(0.999357520691435,-0.0358404422868939,9.23804513346391E-5));
#5267=DIRECTION('ref_axis',(9.24398416254693E-5,0.,-0.999999995727438));
#5268=DIRECTION('',(0.0358405603537893,0.999353567392085,-0.00281097389523483));
#5269=DIRECTION('',(-8.7568181197762E-15,-0.00257753918684978,-0.999996678140353));
#5270=DIRECTION('center_axis',(0.999357520691432,-0.0358404422869838,9.23804513683735E-5));
#5271=DIRECTION('ref_axis',(7.07971100347489E-5,-0.000603474973483094,-0.999999815402846));
#5272=DIRECTION('',(-0.0247951550900416,-0.693232660899101,-0.720287219202738));
#5273=DIRECTION('',(-0.0358405603537893,-0.999353567392084,0.00281097389570446));
#5274=DIRECTION('',(-0.0173470211870357,-0.485948231575744,-0.873815425066612));
#5275=DIRECTION('',(-9.63360924118354E-13,-0.00257753921346732,-0.999996678140284));
#5276=DIRECTION('',(0.0173435672916311,0.481340759067013,-0.8763619539519));
#5277=DIRECTION('',(0.0358405603537893,0.999353567392084,-0.00281097389545311));
#5278=DIRECTION('',(-0.0247951550900416,-0.693232660899101,-0.720287219202738));
#5279=DIRECTION('',(0.0358405603537894,0.999353567392086,-0.00281097389495995));
#5280=DIRECTION('',(3.72372663899261E-15,0.00257753918670944,0.999996678140353));
#5281=DIRECTION('center_axis',(-5.547519628873E-17,-0.999996678140284,0.00257753921346732));
#5282=DIRECTION('ref_axis',(-1.40208238768335E-17,-0.00257753921346732,
-0.999996678140284));
#5283=DIRECTION('',(1.,-5.55111512312578E-17,-1.38777878078145E-17));
#5284=DIRECTION('',(-1.40208238768386E-17,-0.00257753921355915,-0.999996678140284));
#5285=DIRECTION('',(1.,-5.55111512312578E-17,-1.38777878078145E-17));
#5286=DIRECTION('center_axis',(4.17688987691758E-17,0.873946928641204,-0.48602136364424));
#5287=DIRECTION('ref_axis',(3.91080554498513E-17,0.48602136364424,0.873946928641204));
#5288=DIRECTION('',(-1.,5.55111512312578E-17,1.38777878078145E-17));
#5289=DIRECTION('',(3.91080554501423E-17,0.486021363650328,0.873946928637818));
#5290=DIRECTION('center_axis',(-1.40338736232048E-17,-0.0028127810492282,
-0.99999604412356));
#5291=DIRECTION('ref_axis',(-1.,5.55111512312578E-17,1.38777878078145E-17));
#5292=DIRECTION('',(-1.,5.55111512312578E-17,1.38777878078145E-17));
#5293=DIRECTION('',(-5.54718964574712E-17,-0.999996044123564,0.00281278104782443));
#5294=DIRECTION('',(-5.5471896457447E-17,-0.999996044123559,0.00281278104954622));
#5295=DIRECTION('center_axis',(-3.03727750078986E-17,-0.72050873753891,
0.69344585883116));
#5296=DIRECTION('ref_axis',(1.,-5.55111512312579E-17,-1.38777878078145E-17));
#5297=DIRECTION('',(-1.,5.55111512312578E-17,1.38777878078145E-17));
#5298=DIRECTION('',(-4.84930453150397E-17,-0.693445858867512,-0.720508737503924));
#5299=DIRECTION('',(-1.,5.55111512312578E-17,1.38777878078145E-17));
#5300=DIRECTION('center_axis',(1.,-5.13578932964606E-13,2.05157962851803E-13));
#5301=DIRECTION('ref_axis',(-2.05157962778225E-13,1.43264790556673E-10,
1.));
#5302=DIRECTION('center_axis',(-5.54751962891032E-17,-0.999996678140353,
0.00257753918684978));
#5303=DIRECTION('ref_axis',(-1.40208238753569E-17,-0.00257753918684978,
-0.999996678140353));
#5304=DIRECTION('',(1.,-5.55111512312578E-17,-1.38777878078145E-17));
#5305=DIRECTION('',(-1.40208238752399E-17,-0.00257753918474065,-0.999996678140358));
#5306=DIRECTION('center_axis',(5.54751962891051E-17,0.999996678140353,-0.00257753918670944));
#5307=DIRECTION('ref_axis',(1.40208238753491E-17,0.00257753918670944,0.999996678140353));
#5308=DIRECTION('',(-1.,5.55111512312578E-17,1.38777878078145E-17));
#5309=DIRECTION('',(0.70106127733633,-0.00183804586133128,-0.713098665688673));
#5310=DIRECTION('',(1.40208238753305E-17,0.00257753918637519,0.999996678140354));
#5311=DIRECTION('',(-0.701061277336344,-0.00183804586133124,-0.713098665688659));
#5312=DIRECTION('',(1.,-5.55111512312578E-17,-1.38777878078145E-17));
#5313=DIRECTION('center_axis',(1.40338736231908E-17,0.00281278104897669,
0.999996044123561));
#5314=DIRECTION('ref_axis',(1.,-5.55111512312578E-17,-1.38777878078145E-17));
#5315=DIRECTION('',(-1.,5.55111512312578E-17,1.38777878078145E-17));
#5316=DIRECTION('',(-5.54718964574845E-17,-0.999996044123567,0.00281278104687808));
#5317=DIRECTION('',(5.5471896457438E-17,0.999996044123557,-0.00281278105018779));
#5318=DIRECTION('',(1.,-5.55111512312578E-17,-1.38777878078145E-17));
#5319=DIRECTION('center_axis',(5.53361290378463E-17,0.876493788237109,0.48141316889109));
#5320=DIRECTION('ref_axis',(-1.45600044150103E-17,-0.48141316889109,0.876493788237109));
#5321=DIRECTION('',(-1.45600044148982E-17,-0.481413168889314,0.876493788238085));
#5322=DIRECTION('center_axis',(1.,-5.55111512312578E-17,-1.38777878078145E-17));
#5323=DIRECTION('ref_axis',(-1.38777878078145E-17,0.,-1.));
#5324=DIRECTION('',(5.54718964574679E-17,0.999996044123563,-0.00281278104806122));
#5325=DIRECTION('',(-4.84930453135013E-17,-0.693445858831018,-0.720508737539047));
#5326=DIRECTION('',(-1.40208238753364E-17,-0.00257753918648056,-0.999996678140354));
#5327=DIRECTION('center_axis',(0.713101024810521,-0.00197193190234694,-0.701058513890786));
#5328=DIRECTION('ref_axis',(-0.701059876933185,3.70797142990042E-17,-0.713102411266733));
#5329=DIRECTION('',(5.54718964574689E-17,0.999996044123564,-0.00281278104799065));
#5330=DIRECTION('',(0.701054412713169,0.00643425457816373,0.713078754965689));
#5331=DIRECTION('',(5.54718964574642E-17,0.999996044123563,-0.00281278104832228));
#5332=DIRECTION('center_axis',(-5.5383674556888E-17,-0.999959293386762,
0.00902283599809513));
#5333=DIRECTION('ref_axis',(-1.43780909036987E-17,-0.00902283599809513,
-0.999959293386761));
#5334=DIRECTION('',(-1.43780909046339E-17,-0.0090228360149809,-0.999959293386609));
#5335=DIRECTION('',(-1.43780909037031E-17,-0.00902283599817463,-0.999959293386761));
#5336=DIRECTION('',(-1.43780909040752E-17,-0.00902283600489391,-0.9999592933867));
#5337=DIRECTION('',(-1.,5.55111512312578E-17,1.38777878078145E-17));
#5338=DIRECTION('center_axis',(1.,-5.55111512312578E-17,-1.38777878078145E-17));
#5339=DIRECTION('ref_axis',(1.38777878225182E-17,2.6487841297791E-10,1.));
#5340=DIRECTION('',(-1.,5.55111512312578E-17,1.38777878078145E-17));
#5341=DIRECTION('center_axis',(-1.,4.09937631492344E-13,-3.97137932430598E-13));
#5342=DIRECTION('ref_axis',(3.97137932514044E-13,2.0355854935112E-10,-1.));
#5343=DIRECTION('center_axis',(1.40338736235544E-17,0.00281278105553123,
0.999996044123542));
#5344=DIRECTION('ref_axis',(1.,-5.55111512312578E-17,-1.38777878078145E-17));
#5345=DIRECTION('',(-5.54718964574809E-17,-0.999996044123566,0.00281278104713324));
#5346=DIRECTION('',(1.,-5.55111512312578E-17,-1.38777878078145E-17));
#5347=DIRECTION('',(-5.54718964574809E-17,-0.999996044123566,0.00281278104713324));
#5348=DIRECTION('center_axis',(-1.,3.63619967575647E-14,-7.9703912301729E-17));
#5349=DIRECTION('ref_axis',(7.97039122642413E-17,-1.03095857880656E-12,
-1.));
#5350=DIRECTION('',(1.,-5.55111512312578E-17,-1.38777878078145E-17));
#5351=DIRECTION('center_axis',(1.,-3.63619967577489E-14,7.97039124798084E-17));
#5352=DIRECTION('ref_axis',(-7.97039143921816E-17,-5.25926336364741E-11,
1.));
#5353=DIRECTION('center_axis',(-1.40338736232022E-17,-0.00281278104918142,
-0.99999604412356));
#5354=DIRECTION('ref_axis',(-1.,5.55111512312578E-17,1.38777878078145E-17));
#5355=DIRECTION('',(5.54718964574518E-17,0.99999604412356,-0.0028127810492051));
#5356=DIRECTION('',(5.54718964574518E-17,0.99999604412356,-0.0028127810492051));
#5357=DIRECTION('',(-1.,5.55111512312578E-17,1.38777878078145E-17));
#5358=DIRECTION('center_axis',(1.,-4.10197741820392E-13,-3.90522166151587E-13));
#5359=DIRECTION('ref_axis',(3.90522166153869E-13,5.56194860844213E-12,1.));
#5360=DIRECTION('',(-1.,5.55111512312578E-17,1.38777878078145E-17));
#5361=DIRECTION('center_axis',(-1.,5.55111512312578E-17,1.38777878078145E-17));
#5362=DIRECTION('ref_axis',(-1.38777877915732E-17,2.92576709742492E-10,
-1.));
#5363=DIRECTION('center_axis',(-5.54751962891013E-17,-0.999996678140352,
0.0025775391869847));
#5364=DIRECTION('ref_axis',(-1.40208238753643E-17,-0.0025775391869847,-0.999996678140352));
#5365=DIRECTION('',(-1.40208238752978E-17,-0.00257753918578597,-0.999996678140355));
#5366=DIRECTION('',(-0.701061277336344,0.00183804586133132,0.713098665688659));
#5367=DIRECTION('',(-1.40208238754101E-17,-0.00257753918780888,-0.99999667814035));
#5368=DIRECTION('center_axis',(0.713101024810589,0.0019719319025995,0.701058513890716));
#5369=DIRECTION('ref_axis',(0.701059876933115,-3.88144377749811E-17,-0.713102411266801));
#5370=DIRECTION('',(-5.54718964574593E-17,-0.999996044123562,0.00281278104867371));
#5371=DIRECTION('',(-5.54718964574593E-17,-0.999996044123562,0.00281278104866908));
#5372=DIRECTION('center_axis',(1.40338736231634E-17,0.00281278104848321,
0.999996044123562));
#5373=DIRECTION('ref_axis',(1.,-5.55111512312578E-17,-1.38777878078144E-17));
#5374=DIRECTION('',(-1.,5.55111512312578E-17,1.38777878078145E-17));
#5375=DIRECTION('center_axis',(-3.03727750078986E-17,-0.72050873753891,
0.69344585883116));
#5376=DIRECTION('ref_axis',(1.,-5.55111512312579E-17,-1.38777878078145E-17));
#5377=DIRECTION('center_axis',(1.,-5.55111512312578E-17,-1.38777878078145E-17));
#5378=DIRECTION('ref_axis',(-1.38777878078145E-17,0.,-1.));
#5379=DIRECTION('center_axis',(1.,-5.55111512312578E-17,-1.38777878078145E-17));
#5380=DIRECTION('ref_axis',(-1.38777878078145E-17,0.,-1.));
#5381=DIRECTION('center_axis',(1.,-5.55111512312578E-17,-1.38777878078145E-17));
#5382=DIRECTION('ref_axis',(-1.38777878078145E-17,0.,-1.));
#5383=DIRECTION('',(5.54718964574522E-17,0.99999604412356,-0.00281278104917687));
#5384=DIRECTION('center_axis',(-1.40338736231787E-17,-0.00281278104875827,
-0.999996044123561));
#5385=DIRECTION('ref_axis',(-1.,5.55111512312578E-17,1.38777878078145E-17));
#5386=DIRECTION('center_axis',(0.999357520691457,0.0358404422862893,-9.23804513406075E-5));
#5387=DIRECTION('ref_axis',(-9.24398416314394E-5,-2.5410988417629E-21,-0.999999995727438));
#5388=DIRECTION('',(-1.26369601006073E-14,-0.00257753918646325,-0.999996678140354));
#5389=DIRECTION('',(-0.0358213287603425,0.998733503155594,-0.0353301865321723));
#5390=DIRECTION('',(3.14129850466867E-15,0.00257753918672802,0.999996678140353));
#5391=DIRECTION('',(0.0358274057160363,-0.999057209303107,-0.0245171274652466));
#5392=DIRECTION('',(1.86850983303216E-14,-0.00257753918730315,-0.999996678140352));
#5393=DIRECTION('',(-0.0358269455545722,0.998903505760782,-0.0301366247454674));
#5394=DIRECTION('',(3.01326683809161E-15,0.00257753918673159,0.999996678140353));
#5395=DIRECTION('',(0.0358274057160197,-0.999057209303107,-0.0245171274652352));
#5396=DIRECTION('',(-1.21947401280994E-14,-0.00257753918639663,-0.999996678140354));
#5397=DIRECTION('',(-0.0358269455545807,0.998903505760781,-0.0301366247454745));
#5398=DIRECTION('',(3.01326683809161E-15,0.00257753918673159,0.999996678140353));
#5399=DIRECTION('',(0.0358274057160239,-0.999057209303107,-0.0245171274652381));
#5400=DIRECTION('',(1.8481815343139E-14,-0.00257753918729768,-0.999996678140352));
#5401=DIRECTION('',(-0.0358269455545639,0.998903505760783,-0.0301366247454604));
#5402=DIRECTION('',(-7.95448091806378E-16,0.00257753918683779,0.999996678140353));
#5403=DIRECTION('',(-0.0358218762138198,0.998916416675669,0.0297117094823232));
#5404=DIRECTION('center_axis',(-0.115044300213585,-0.0392389512466735,-0.992585066225272));
#5405=DIRECTION('ref_axis',(-0.993350089043382,4.9439619065339E-17,0.115132969203026));
#5406=DIRECTION('',(-0.993351386817487,0.000296730877642344,0.115121389231376));
#5407=DIRECTION('',(-0.0176355231106996,0.999142719414229,-0.0374541662055316));
#5408=DIRECTION('',(-0.993351386817487,0.000296730877708472,0.115121389231373));
#5409=DIRECTION('',(-0.909023629379722,0.407071830896601,0.0892668231752826));
#5410=DIRECTION('',(0.993351386817487,-0.000296730877672822,-0.115121389231375));
#5411=DIRECTION('center_axis',(-0.408509896433904,-0.912750858400889,0.00235265892141711));
#5412=DIRECTION('ref_axis',(-1.53956708492942E-17,-0.00257753918778683,
-0.99999667814035));
#5413=DIRECTION('',(1.67380092651671E-12,0.00257753918703772,0.999996678140352));
#5414=DIRECTION('',(0.909007898329739,-0.406598716159712,0.0915539447070639));
#5415=DIRECTION('',(-2.12050794059001E-12,-0.00257753918683779,-0.999996678140353));
#5416=DIRECTION('',(-0.912695922045624,0.408453546249169,-0.0123229232638296));
#5417=DIRECTION('',(1.09295038757725E-12,0.00257753918729768,0.999996678140352));
#5418=DIRECTION('',(0.907318213202835,-0.405794887882648,0.110018948180414));
#5419=DIRECTION('center_axis',(-0.115046258576206,-0.0336551246360972,0.992789852372266));
#5420=DIRECTION('ref_axis',(0.99335258081304,-3.29597460435593E-17,0.11511146855146));
#5421=DIRECTION('',(0.993351386817533,0.000296730877641208,0.115121389230978));
#5422=DIRECTION('',(0.993351386817533,0.00029673087768433,0.11512138923098));
#5423=DIRECTION('',(0.993351386817533,0.000296730877707348,0.115121389230981));
#5424=DIRECTION('',(-0.0176358103484838,0.999337586364266,0.0318334206926537));
#5425=DIRECTION('center_axis',(5.54751962891049E-17,0.999996678140353,-0.00257753918672802));
#5426=DIRECTION('ref_axis',(1.40208238753501E-17,0.00257753918672802,0.999996678140353));
#5427=DIRECTION('',(-1.40208238753882E-17,-0.00257753918741434,-0.999996678140351));
#5428=DIRECTION('',(1.,-5.55111512312578E-17,-1.38777878078145E-17));
#5429=DIRECTION('center_axis',(0.408509896433905,0.912750858400892,-0.00235265892010012));
#5430=DIRECTION('ref_axis',(1.22514845490862E-17,0.00257753918634396,0.999996678140354));
#5431=DIRECTION('',(1.5500939341955E-12,-0.00257753918703772,-0.999996678140352));
#5432=DIRECTION('',(0.90733708722478,-0.406364610900865,-0.107736777164723));
#5433=DIRECTION('',(2.14316580291777E-12,-0.00257753918730315,-0.999996678140352));
#5434=DIRECTION('',(-0.912697882048889,0.408512026286901,0.0100249928898682));
#5435=DIRECTION('center_axis',(5.54751962891048E-17,0.999996678140353,-0.00257753918673159));
#5436=DIRECTION('ref_axis',(1.40208238753503E-17,0.00257753918673159,0.999996678140353));
#5437=DIRECTION('',(1.,-5.55111512312578E-17,-1.38777878078145E-17));
#5438=DIRECTION('',(1.40208238753479E-17,0.00257753918668833,0.999996678140353));
#5439=DIRECTION('',(1.,-5.55111512312578E-17,-1.38777878078145E-17));
#5440=DIRECTION('center_axis',(5.54751962891048E-17,0.999996678140353,-0.00257753918673159));
#5441=DIRECTION('ref_axis',(1.40208238753503E-17,0.00257753918673159,0.999996678140353));
#5442=DIRECTION('',(1.,-5.55111512312578E-17,-1.38777878078145E-17));
#5443=DIRECTION('',(-1.40208238753478E-17,-0.0025775391866858,-0.999996678140353));
#5444=DIRECTION('',(1.,-5.55111512312578E-17,-1.38777878078145E-17));
#5445=DIRECTION('center_axis',(-0.751628190145561,0.00717427329681691,-0.659548022194875));
#5446=DIRECTION('ref_axis',(-0.659564996383554,3.03576608295941E-17,0.751647534117928));
#5447=DIRECTION('',(-0.659553310544593,0.00193742740430698,0.75165529129031));
#5448=DIRECTION('',(-0.0359789727820696,-0.998898046495927,0.0301364600470551));
#5449=DIRECTION('',(-0.659553310544592,0.00193742740450649,0.751655291290311));
#5450=DIRECTION('',(0.00441037218883546,0.999973155914815,0.00585115945104253));
#5451=DIRECTION('center_axis',(-2.4026306876073E-11,-0.999996678140237,
0.00257753923196755));
#5452=DIRECTION('ref_axis',(0.0164166019278556,-0.00257719187933517,-0.999861917098136));
#5453=DIRECTION('',(-0.0176358103484855,0.999337586364367,0.0318334206894853));
#5454=DIRECTION('center_axis',(-6.109295715111E-7,0.99999668112929,-0.00257637924860541));
#5455=DIRECTION('ref_axis',(0.000691851971580017,0.00257637905467349,0.999996441799578));
#5456=DIRECTION('',(-0.00441035421786467,-0.999924417419039,0.0114764203856885));
#5457=DIRECTION('',(-0.00441035421214695,-0.999924417419065,0.0114764203856231));
#5458=DIRECTION('center_axis',(-0.751626084232486,0.010884454903241,0.659499627098301));
#5459=DIRECTION('ref_axis',(0.659538696478177,-3.29597460435593E-17,0.751670611270566));
#5460=DIRECTION('',(0.659553310549427,0.00193742740449137,0.751655291286068));
#5461=DIRECTION('',(0.0359794348956937,0.999051749057892,0.0245169934729795));
#5462=DIRECTION('',(0.659553310549426,0.00193742740429597,0.751655291286069));
#5463=DIRECTION('center_axis',(-7.37116586564312E-8,0.999996678056773,-0.00257757161179721));
#5464=DIRECTION('ref_axis',(0.027354141291439,0.00257660911490236,0.999622484760961));
#5465=DIRECTION('',(0.0359794348899938,0.999051749058097,0.0245169934729642));
#5466=DIRECTION('center_axis',(-1.,5.55111512312578E-17,1.38777878078145E-17));
#5467=DIRECTION('ref_axis',(1.38777878078145E-17,0.,1.));
#5468=DIRECTION('',(1.40208238753673E-17,0.00257753918703772,0.999996678140352));
#5469=DIRECTION('',(5.50674066746091E-17,0.999545204876348,-0.0301559846249281));
#5470=DIRECTION('',(1.40208238753317E-17,0.00257753918639663,0.999996678140354));
#5471=DIRECTION('',(5.58349057600859E-17,0.99969902366097,0.0245328777623505));
#5472=DIRECTION('center_axis',(0.99995983933822,-0.00896209668890024,2.3100232141487E-5));
#5473=DIRECTION('ref_axis',(2.31011598931923E-5,-1.90582413132218E-21,-0.999999999733168));
#5474=DIRECTION('',(-2.15789987913256E-15,-0.00257753918639663,-0.999996678140354));
#5475=DIRECTION('',(-0.00895883286483106,-0.999658904591093,-0.0245318932297719));
#5476=DIRECTION('',(-7.90369724547149E-15,-0.00257753918703772,-0.999996678140352));
#5477=DIRECTION('',(0.0089587176549785,0.999505093011106,-0.0301547744617602));
#5478=DIRECTION('',(0.00441037219456848,0.999973155914756,0.00585115945677547));
#5479=DIRECTION('center_axis',(-1.09620748785558E-9,0.999996678134985,-0.00257754126927776));
#5480=DIRECTION('ref_axis',(-0.000577863122694722,0.00257754083829052,0.999996511172633));
#5481=DIRECTION('center_axis',(5.54751962891095E-17,0.999996678140354,-0.00257753918639663));
#5482=DIRECTION('ref_axis',(1.40208238753317E-17,0.00257753918639663,0.999996678140354));
#5483=DIRECTION('',(-1.40208238753317E-17,-0.00257753918639663,-0.999996678140354));
#5484=DIRECTION('',(-1.,5.55111512312578E-17,1.38777878078145E-17));
#5485=DIRECTION('',(1.,-5.55111512312578E-17,-1.38777878078145E-17));
#5486=DIRECTION('center_axis',(1.,-5.55111512312578E-17,-1.38777878078145E-17));
#5487=DIRECTION('ref_axis',(-1.38777878078145E-17,0.,-1.));
#5488=DIRECTION('',(5.50674066746091E-17,0.999545204876348,-0.0301559846249281));
#5489=DIRECTION('',(-1.40208238753673E-17,-0.00257753918703772,-0.999996678140352));
#5490=DIRECTION('',(5.58349057600859E-17,0.99969902366097,0.0245328777623505));
#5491=DIRECTION('center_axis',(5.54751962891033E-17,0.999996678140353,-0.00257753918683779));
#5492=DIRECTION('ref_axis',(1.40208238753562E-17,0.00257753918683779,0.999996678140353));
#5493=DIRECTION('',(1.,-5.55111512312578E-17,-1.38777878078145E-17));
#5494=DIRECTION('center_axis',(0.115117232270151,-0.00632002228585524,0.993331807681988));
#5495=DIRECTION('ref_axis',(0.993351646444405,-5.94142790522057E-17,-0.115119531384509));
#5496=DIRECTION('',(0.993351386817505,-0.000296730877738628,-0.115121389231218));
#5497=DIRECTION('',(0.993351386817505,-0.00029673087770807,-0.115121389231218));
#5498=DIRECTION('center_axis',(1.55454696803009E-17,0.0301559846188763,
0.999545204876531));
#5499=DIRECTION('ref_axis',(1.,-5.55111512312578E-17,-1.38777878078145E-17));
#5500=DIRECTION('',(1.,-5.55111512312578E-17,-1.38777878078145E-17));
#5501=DIRECTION('',(-0.0359789727820695,-0.998898046495928,0.0301364600470347));
#5502=DIRECTION('',(1.,-5.55111512312578E-17,-1.38777878078145E-17));
#5503=DIRECTION('',(0.912695922045716,-0.40845354624897,0.0123229232636026));
#5504=DIRECTION('center_axis',(1.55454696803012E-17,0.0301559846188833,
0.999545204876531));
#5505=DIRECTION('ref_axis',(1.,-5.55111512312578E-17,-1.38777878078144E-17));
#5506=DIRECTION('',(1.,-5.55111512312578E-17,-1.38777878078145E-17));
#5507=DIRECTION('',(1.,-5.55111512312578E-17,-1.38777878078144E-17));
#5508=DIRECTION('',(0.912695922045754,-0.408453546248867,0.0123229232642015));
#5509=DIRECTION('center_axis',(5.54751962891095E-17,0.999996678140354,-0.00257753918639663));
#5510=DIRECTION('ref_axis',(1.40208238753317E-17,0.00257753918639663,0.999996678140354));
#5511=DIRECTION('',(-1.,5.55111512312578E-17,1.38777878078145E-17));
#5512=DIRECTION('center_axis',(-1.25117626347023E-17,0.0245328777576978,
-0.999699023661085));
#5513=DIRECTION('ref_axis',(-1.,5.55111512312578E-17,1.38777878078145E-17));
#5514=DIRECTION('',(0.912697882048732,-0.408512026287254,-0.0100249928898253));
#5515=DIRECTION('',(-1.,5.55111512312578E-17,1.38777878078145E-17));
#5516=DIRECTION('center_axis',(-0.408509896434155,-0.912750858400785,0.002352658918295));
#5517=DIRECTION('ref_axis',(-1.42030484595601E-17,-0.00257753918436661,
-0.999996678140359));
#5518=DIRECTION('',(-5.96819488808568E-12,0.00257753918703772,0.999996678140352));
#5519=DIRECTION('center_axis',(-9.85240703763134E-8,0.999996678252054,-0.0025774958483725));
#5520=DIRECTION('ref_axis',(-0.0273568969289063,0.00257652847384235,0.999622409558451));
#5521=DIRECTION('center_axis',(1.55454696803082E-17,0.0301559846190091,
0.999545204876527));
#5522=DIRECTION('ref_axis',(1.,-5.55111512312578E-17,-1.38777878078145E-17));
#5523=DIRECTION('',(1.,-5.55111512312578E-17,-1.38777878078145E-17));
#5524=DIRECTION('center_axis',(1.25117626347021E-17,-0.0245328777577006,
0.999699023661085));
#5525=DIRECTION('ref_axis',(1.,-5.55111512312578E-17,-1.38777878078144E-17));
#5526=DIRECTION('',(1.,-5.55111512312578E-17,-1.38777878078145E-17));
#5527=DIRECTION('center_axis',(-1.25117626347635E-17,0.0245328777566022,
-0.999699023661112));
#5528=DIRECTION('ref_axis',(-1.,5.55111512312578E-17,1.38777878078145E-17));
#5529=DIRECTION('',(-1.,5.55111512312578E-17,1.38777878078145E-17));
#5530=DIRECTION('center_axis',(5.54751962891005E-17,0.999996678140352,-0.00257753918703772));
#5531=DIRECTION('ref_axis',(1.40208238753673E-17,0.00257753918703772,0.999996678140352));
#5532=DIRECTION('',(-1.,5.55111512312578E-17,1.38777878078144E-17));
#5533=DIRECTION('',(6.266945464485E-13,-0.00257753918703772,-0.999996678140352));
#5534=DIRECTION('',(0.65955331054319,-0.00193742740431015,-0.751655291291541));
#5535=DIRECTION('',(6.04237320447046E-15,-0.00257753918703772,-0.999996678140352));
#5536=DIRECTION('',(-0.659553310543092,-0.0019374274043103,-0.751655291291627));
#5537=DIRECTION('',(-0.993351386817523,-0.000296730877707554,-0.11512138923106));
#5538=DIRECTION('center_axis',(0.751171789906715,0.0342553576176959,-0.659217348469248));
#5539=DIRECTION('ref_axis',(-0.659604461740402,5.20417042793042E-17,-0.751612901733436));
#5540=DIRECTION('',(0.659553310543104,0.00193742740387847,0.751655291291618));
#5541=DIRECTION('',(-0.0358372140976933,0.999296094813448,0.0110909411822791));
#5542=DIRECTION('center_axis',(-1.55454696802996E-17,-0.0301559846188545,
-0.999545204876532));
#5543=DIRECTION('ref_axis',(-1.,5.55111512312578E-17,1.38777878078144E-17));
#5544=DIRECTION('',(-1.,5.55111512312578E-17,1.38777878078145E-17));
#5545=DIRECTION('center_axis',(-1.25117626347018E-17,0.0245328777577064,
-0.999699023661085));
#5546=DIRECTION('ref_axis',(-1.,5.55111512312578E-17,1.38777878078144E-17));
#5547=DIRECTION('',(-1.,5.55111512312578E-17,1.38777878078145E-17));
#5548=DIRECTION('',(0.912697882048777,-0.408512026287154,-0.0100249928898258));
#5549=DIRECTION('center_axis',(0.408509896434155,0.91275085840078,-0.00235265892047705));
#5550=DIRECTION('ref_axis',(1.59377719355369E-17,0.00257753918675723,0.999996678140353));
#5551=DIRECTION('center_axis',(0.115116741949973,-0.0119079112868533,-0.993280593473772));
#5552=DIRECTION('ref_axis',(-0.993351023739256,4.46691295064028E-17,-0.115124904500163));
#5553=DIRECTION('',(-0.993351386817523,-0.000296730877737481,-0.11512138923106));
#5554=DIRECTION('center_axis',(5.54751962890968E-17,0.999996678140352,-0.00257753918730315));
#5555=DIRECTION('ref_axis',(1.4020823875382E-17,0.00257753918730315,0.999996678140352));
#5556=DIRECTION('center_axis',(5.54751962890969E-17,0.999996678140352,-0.00257753918729768));
#5557=DIRECTION('ref_axis',(1.40208238753817E-17,0.00257753918729768,0.999996678140352));
#5558=DIRECTION('center_axis',(-1.12488426247422E-11,-0.999996678140343,
0.00257753919069509));
#5559=DIRECTION('ref_axis',(0.0141587910436708,-0.00257728081650612,-0.999896437767319));
#5560=DIRECTION('',(-0.035837214097567,0.999296094813417,0.0110909411854264));
#5561=DIRECTION('center_axis',(0.999357520691496,0.0358404422851861,-9.2380451339686E-5));
#5562=DIRECTION('ref_axis',(-9.24398416305137E-5,-4.2351647362715E-21,-0.999999995727438));
#5563=DIRECTION('',(1.45604321332965E-14,0.00257753918646325,0.999996678140354));
#5564=DIRECTION('',(-0.0358369798773772,0.999217899865176,-0.0167122548537363));
#5565=DIRECTION('center_axis',(-1.14800045683254E-11,-0.999996678140365,
0.00257753918215144));
#5566=DIRECTION('ref_axis',(-0.0141591879517671,-0.00257728079315476,-0.99989643214698));
#5567=DIRECTION('',(-0.0358369798773886,0.999217899865175,-0.0167122548537363));
#5568=DIRECTION('center_axis',(0.751163378509531,0.037962891721999,0.659023821753244));
#5569=DIRECTION('ref_axis',(0.659499222022393,6.93889390390723E-18,-0.751705245526369));
#5570=DIRECTION('',(-0.659553310543178,0.00193742740387837,0.751655291291553));
#5571=DIRECTION('',(-0.0176355231138816,0.999142719414172,-0.0374541662055408));
#5572=DIRECTION('center_axis',(-2.43537291106773E-11,-0.999996678140473,
0.00257753914027463));
#5573=DIRECTION('ref_axis',(-0.0164174500981461,-0.00257719175096474,-0.99986190317211));
#5574=DIRECTION('center_axis',(-5.54751962891086E-17,-0.999996678140354,
0.00257753918646325));
#5575=DIRECTION('ref_axis',(0.,-0.00257753918646325,-0.999996678140354));
#5576=CARTESIAN_POINT('',(0.,0.,0.));
#5577=CARTESIAN_POINT('Origin',(236.392857802024,16.4353886644066,243.055299584895));
#5578=CARTESIAN_POINT('',(236.392857802024,18.2513070463856,235.74866935988));
#5579=CARTESIAN_POINT('',(236.392857802024,18.1797914786656,208.00308530714));
#5580=CARTESIAN_POINT('',(236.392857802024,18.2428324628186,232.460822005994));
#5581=CARTESIAN_POINT('',(236.392857802024,28.2113147881076,235.72065392803));
#5582=CARTESIAN_POINT('',(236.392857802024,18.2513070463856,235.74866935988));
#5583=CARTESIAN_POINT('',(236.392857802024,28.2051042256476,233.31116899713));
#5584=CARTESIAN_POINT('',(236.392857802024,28.2051042256546,233.31116899713));
#5585=CARTESIAN_POINT('',(236.392857802024,26.0362422370716,232.49343313874));
#5586=CARTESIAN_POINT('',(236.392857802024,28.2051042256456,233.31116899714));
#5587=CARTESIAN_POINT('',(236.392857802024,26.0273152413126,229.03006538458));
#5588=CARTESIAN_POINT('',(236.392857802024,26.0362422370786,232.49343313874));
#5589=CARTESIAN_POINT('',(236.392857802024,28.1919303052776,228.20014035584));
#5590=CARTESIAN_POINT('',(236.392857802024,26.0273152413156,229.03006538458));
#5591=CARTESIAN_POINT('',(236.392857802024,28.1591837032166,215.49558344748));
#5592=CARTESIAN_POINT('',(236.392857802024,28.1591837032236,215.49558344748));
#5593=CARTESIAN_POINT('',(236.392857802024,30.2539724747966,214.69243019387));
#5594=CARTESIAN_POINT('',(236.392857802024,30.2539724747946,214.69243019386));
#5595=CARTESIAN_POINT('',(236.392857802024,30.2449084814696,211.1759120885));
#5596=CARTESIAN_POINT('',(236.392857802024,30.2449084814766,211.1759120885));
#5597=CARTESIAN_POINT('',(236.392857802024,28.1460097828476,210.38455480619));
#5598=CARTESIAN_POINT('',(236.392857802024,28.1460097828506,210.38455480618));
#5599=CARTESIAN_POINT('',(236.392857802024,28.1397992203876,207.97506987529));
#5600=CARTESIAN_POINT('',(236.392857802024,28.1397992203946,207.97506987529));
#5601=CARTESIAN_POINT('',(236.392857802024,28.1397992203876,207.97506987529));
#5602=CARTESIAN_POINT('Origin',(231.819658536479,28.2291981573606,242.65878698617));
#5603=CARTESIAN_POINT('',(236.392857802024,28.2291981573536,242.65878698617));
#5604=CARTESIAN_POINT('',(227.420085569214,20.3667735062556,242.9677489819));
#5605=CARTESIAN_POINT('',(236.392857802014,28.2291981573576,242.65878698618));
#5606=CARTESIAN_POINT('',(225.984442011964,18.9690091238356,243.02267555893));
#5607=CARTESIAN_POINT('',(227.420085569204,20.3667735062556,242.96774898191));
#5608=CARTESIAN_POINT('',(225.984442011964,18.2701269326256,243.05013884744));
#5609=CARTESIAN_POINT('',(225.984442011964,18.2701269326256,243.05013884744));
#5610=CARTESIAN_POINT('',(237.654875060984,18.2701269326256,243.05013884744));
#5611=CARTESIAN_POINT('',(225.984442011964,18.2701269326256,243.05013884744));
#5612=CARTESIAN_POINT('',(237.297671894624,28.2291981573536,242.65878698617));
#5613=CARTESIAN_POINT('',(237.654875060994,18.2701269326256,243.05013884744));
#5614=CARTESIAN_POINT('',(236.392857802024,28.2291981573606,242.65878698618));
#5615=CARTESIAN_POINT('Origin',(225.984442011964,18.5292654345156,208.00210230953));
#5616=CARTESIAN_POINT('',(225.984442011964,18.8787393903656,208.00111931192));
#5617=CARTESIAN_POINT('',(225.984442011964,18.8599852246156,200.72514711765));
#5618=CARTESIAN_POINT('',(225.984442011964,18.8787393903656,208.00111931192));
#5619=CARTESIAN_POINT('',(225.984442011964,18.1609715924256,200.70161581958));
#5620=CARTESIAN_POINT('',(225.984442011964,18.1609715924256,200.70161581957));
#5621=CARTESIAN_POINT('',(225.984442011964,18.1797914786656,208.00308530714));
#5622=CARTESIAN_POINT('',(225.984442011964,18.1609715924256,200.70161581958));
#5623=CARTESIAN_POINT('',(225.984442011964,18.1797914786656,208.00308530713));
#5624=CARTESIAN_POINT('Origin',(225.984442011964,18.6196008884806,243.049155849835));
#5625=CARTESIAN_POINT('',(225.984442011964,18.9502549580856,235.74670336466));
#5626=CARTESIAN_POINT('',(225.984442011964,18.9690091238456,243.02267555893));
#5627=CARTESIAN_POINT('',(225.984442011964,18.2513070463856,235.74866935988));
#5628=CARTESIAN_POINT('',(225.984442011964,18.2513070463856,235.74866935988));
#5629=CARTESIAN_POINT('',(225.984442011964,18.2513070463856,235.74866935988));
#5630=CARTESIAN_POINT('Origin',(227.420085569214,20.3575278643606,239.38075747136));
#5631=CARTESIAN_POINT('',(227.420085569214,20.3481507814856,235.74277137422));
#5632=CARTESIAN_POINT('',(225.984442011964,18.9502549580856,235.74670336467));
#5633=CARTESIAN_POINT('',(227.420085569214,20.3635830882056,241.72997635402));
#5634=CARTESIAN_POINT('',(227.420085569204,20.3667735062556,242.9677489819));
#5635=CARTESIAN_POINT('',(227.420085569214,20.3515383610056,237.05703588198));
#5636=CARTESIAN_POINT('',(227.420085569204,20.3635830882056,241.72997635402));
#5637=CARTESIAN_POINT('',(227.420085569204,20.3515383610156,237.05703588198));
#5638=CARTESIAN_POINT('Ctrl Pts',(228.963402393252,18.4005065718718,239.399010914761));
#5639=CARTESIAN_POINT('Ctrl Pts',(228.819838037529,18.2607169895312,239.399404115314));
#5640=CARTESIAN_POINT('Ctrl Pts',(228.96340239306,18.400457694456,239.380048156146));
#5641=CARTESIAN_POINT('Ctrl Pts',(228.819838037309,18.2606608710168,239.377632059126));
#5642=CARTESIAN_POINT('Ctrl Pts',(228.964119418434,18.4004088532056,239.36109942843));
#5643=CARTESIAN_POINT('Ctrl Pts',(228.820661288664,18.2606047940256,239.35587611249));
#5644=CARTESIAN_POINT('Ctrl Pts',(228.973341726774,18.3997806619456,239.11738279581));
#5645=CARTESIAN_POINT('Ctrl Pts',(228.831249864904,18.2598835373956,239.07605331207));
#5646=CARTESIAN_POINT('Ctrl Pts',(229.093231735234,18.3992362295156,238.9061617142));
#5647=CARTESIAN_POINT('Ctrl Pts',(228.968901356094,18.2592584483156,238.83354021837));
#5648=CARTESIAN_POINT('Ctrl Pts',(229.932461794404,18.3954252025556,237.42761414296));
#5649=CARTESIAN_POINT('Ctrl Pts',(229.932461794404,18.2548828247656,237.1359485625));
#5650=CARTESIAN_POINT('Ctrl Pts',(230.771691853574,18.3992362295156,238.9061617142));
#5651=CARTESIAN_POINT('Ctrl Pts',(230.896022232704,18.2592584483156,238.83354021837));
#5652=CARTESIAN_POINT('Ctrl Pts',(231.610921912734,18.4030472564856,240.38470928544));
#5653=CARTESIAN_POINT('Ctrl Pts',(231.859582671014,18.2636340718656,240.53113187424));
#5654=CARTESIAN_POINT('Ctrl Pts',(229.932461794404,18.4030472564856,240.38470928544));
#5655=CARTESIAN_POINT('Ctrl Pts',(229.932461794404,18.2636340718656,240.53113187424));
#5656=CARTESIAN_POINT('Ctrl Pts',(228.963402403234,18.4030472564856,240.38470928544));
#5657=CARTESIAN_POINT('Ctrl Pts',(228.819838048989,18.2636340718656,240.53113187424));
#5658=CARTESIAN_POINT('Ctrl Pts',(228.963402393252,18.4005065718718,239.399010914761));
#5659=CARTESIAN_POINT('Ctrl Pts',(228.819838037529,18.2607169895312,239.399404115314));
#5660=CARTESIAN_POINT('',(228.964119418434,18.4004088532056,239.36109942843));
#5661=CARTESIAN_POINT('',(228.820661288664,18.2606047940256,239.35587611249));
#5662=CARTESIAN_POINT('',(228.964119418434,18.4004088532056,239.36109942843));
#5663=CARTESIAN_POINT('',(228.963402393244,18.4005065718556,239.39901090462));
#5664=CARTESIAN_POINT('Origin',(229.9324617944,18.4005065718547,239.39901090461));
#5665=CARTESIAN_POINT('',(228.819838037514,18.2607169895056,239.39940410366));
#5666=CARTESIAN_POINT('',(228.963402393252,18.4005065718456,239.399010904615));
#5667=CARTESIAN_POINT('Origin',(229.932461794401,18.2607169895,239.39940410366));
#5668=CARTESIAN_POINT('Ctrl Pts',(228.963402393252,18.3101711179021,204.351957374451));
#5669=CARTESIAN_POINT('Ctrl Pts',(228.819838037528,18.1703815355616,204.352350575004));
#5670=CARTESIAN_POINT('Ctrl Pts',(228.96340239306,18.3101222404862,204.332994615836));
#5671=CARTESIAN_POINT('Ctrl Pts',(228.819838037308,18.170325417047,204.330578518816));
#5672=CARTESIAN_POINT('Ctrl Pts',(228.964119418434,18.3100733992356,204.31404588812));
#5673=CARTESIAN_POINT('Ctrl Pts',(228.820661288664,18.1702693400556,204.30882257218));
#5674=CARTESIAN_POINT('Ctrl Pts',(228.973341726784,18.3094452079856,204.07032925551));
#5675=CARTESIAN_POINT('Ctrl Pts',(228.831249864904,18.1695480834256,204.02899977176));
#5676=CARTESIAN_POINT('Ctrl Pts',(229.093231735234,18.3089007755556,203.85910817391));
#5677=CARTESIAN_POINT('Ctrl Pts',(228.968901356094,18.1689229943556,203.78648667807));
#5678=CARTESIAN_POINT('Ctrl Pts',(229.932461794404,18.3050897485956,202.38056060267));
#5679=CARTESIAN_POINT('Ctrl Pts',(229.932461794404,18.1645473707956,202.0888950222));
#5680=CARTESIAN_POINT('Ctrl Pts',(230.771691853574,18.3089007755556,203.85910817391));
#5681=CARTESIAN_POINT('Ctrl Pts',(230.896022232704,18.1689229943556,203.78648667807));
#5682=CARTESIAN_POINT('Ctrl Pts',(231.610921912734,18.3127118025256,205.33765574514));
#5683=CARTESIAN_POINT('Ctrl Pts',(231.859582671014,18.1732986179056,205.48407833394));
#5684=CARTESIAN_POINT('Ctrl Pts',(229.932461794404,18.3127118025256,205.33765574514));
#5685=CARTESIAN_POINT('Ctrl Pts',(229.932461794404,18.1732986179056,205.48407833394));
#5686=CARTESIAN_POINT('Ctrl Pts',(228.963402403225,18.3127118025256,205.33765574514));
#5687=CARTESIAN_POINT('Ctrl Pts',(228.81983804897,18.1732986179056,205.48407833394));
#5688=CARTESIAN_POINT('Ctrl Pts',(228.963402393252,18.3101711179021,204.351957374451));
#5689=CARTESIAN_POINT('Ctrl Pts',(228.819838037528,18.1703815355616,204.352350575004));
#5690=CARTESIAN_POINT('',(228.964119418434,18.3100733992356,204.31404588812));
#5691=CARTESIAN_POINT('',(228.820661288664,18.1702693400556,204.30882257218));
#5692=CARTESIAN_POINT('',(228.964119418434,18.3100733992356,204.31404588812));
#5693=CARTESIAN_POINT('',(228.963402393244,18.3101711178856,204.35195736431));
#5694=CARTESIAN_POINT('Origin',(229.9324617944,18.3101711178863,204.35195736432));
#5695=CARTESIAN_POINT('',(228.819838037514,18.1703815355456,204.35235056335));
#5696=CARTESIAN_POINT('',(228.963402393252,18.310171117876,204.351957364306));
#5697=CARTESIAN_POINT('Origin',(229.932461794401,18.1703815355352,204.35235056336));
#5698=CARTESIAN_POINT('Origin',(236.392857802024,24.2051992026826,206.815242667605));
#5699=CARTESIAN_POINT('',(236.392857802024,26.7278410659496,202.5233003979));
#5700=CARTESIAN_POINT('',(236.392857802024,28.1243669136686,201.98786489549));
#5701=CARTESIAN_POINT('',(236.392857802024,26.7278410659476,202.5233003979));
#5702=CARTESIAN_POINT('',(236.392857802024,28.1239973485406,201.84448631852));
#5703=CARTESIAN_POINT('',(236.392857802024,28.1243669136756,201.98786489549));
#5704=CARTESIAN_POINT('',(236.392857802024,20.2612029070456,202.00998234169));
#5705=CARTESIAN_POINT('',(236.392857802024,20.2612029070456,202.00998234168));
#5706=CARTESIAN_POINT('',(236.392857802024,20.2732476342356,206.68292281373));
#5707=CARTESIAN_POINT('',(236.392857802024,20.2732476342456,206.68292281373));
#5708=CARTESIAN_POINT('',(236.392857802024,28.1367812059926,206.80418394451));
#5709=CARTESIAN_POINT('',(236.392857802024,28.1367812059926,206.8041839445));
#5710=CARTESIAN_POINT('',(236.392857802024,28.1364116408636,206.66080536753));
#5711=CARTESIAN_POINT('',(236.392857802024,28.1364116408706,206.66080536753));
#5712=CARTESIAN_POINT('',(236.392857802024,26.7371458417826,206.133233846));
#5713=CARTESIAN_POINT('',(236.392857802024,28.1364116408666,206.66080536753));
#5714=CARTESIAN_POINT('',(236.392857802024,26.7278410659566,202.5233003979));
#5715=CARTESIAN_POINT('Origin',(236.392857802024,24.9944825683486,241.860330212695));
#5716=CARTESIAN_POINT('',(236.392857802024,28.2143328025026,236.89153985882));
#5717=CARTESIAN_POINT('',(236.392857802024,28.2147023676306,237.03491843579));
#5718=CARTESIAN_POINT('',(236.392857802024,28.2143328025096,236.89153985882));
#5719=CARTESIAN_POINT('',(236.392857802024,20.3515383610056,237.05703588198));
#5720=CARTESIAN_POINT('',(236.392857802024,28.2143328025026,236.89153985883));
#5721=CARTESIAN_POINT('',(236.392857802024,20.3635830882056,241.72997635402));
#5722=CARTESIAN_POINT('',(236.392857802024,20.3635830882056,241.72997635402));
#5723=CARTESIAN_POINT('',(236.392857802024,28.2271166599546,241.8512374848));
#5724=CARTESIAN_POINT('',(236.392857802024,20.3635830882056,241.72997635403));
#5725=CARTESIAN_POINT('',(236.392857802024,28.2267470948256,241.70785890783));
#5726=CARTESIAN_POINT('',(236.392857802024,28.2267470948326,241.70785890783));
#5727=CARTESIAN_POINT('',(236.392857802024,29.6232729425456,241.17242340542));
#5728=CARTESIAN_POINT('',(236.392857802024,28.2267470948286,241.70785890784));
#5729=CARTESIAN_POINT('',(236.392857802024,29.6139681667126,237.56248995733));
#5730=CARTESIAN_POINT('',(236.392857802024,29.6232729425526,241.17242340542));
#5731=CARTESIAN_POINT('',(236.392857802024,29.6139681667106,237.56248995733));
#5732=CARTESIAN_POINT('Origin',(237.541372647824,26.7324934538661,204.32826712195));
#5733=CARTESIAN_POINT('',(237.541372647814,26.7371458417826,206.133233846));
#5734=CARTESIAN_POINT('',(236.392857802024,26.7371458417896,206.13323384599));
#5735=CARTESIAN_POINT('',(237.541372647814,26.7278410659496,202.5233003979));
#5736=CARTESIAN_POINT('',(237.541372647824,26.7278410659566,202.5233003979));
#5737=CARTESIAN_POINT('',(236.392857802024,26.7278410659566,202.5233003979));
#5738=CARTESIAN_POINT('Origin',(236.967115224924,28.1243669136786,201.98786489549));
#5739=CARTESIAN_POINT('',(237.541372647814,28.1243669136686,201.98786489549));
#5740=CARTESIAN_POINT('',(236.392857802024,28.1243669136756,201.98786489549));
#5741=CARTESIAN_POINT('',(237.541372647824,28.1243669136676,201.98786489549));
#5742=CARTESIAN_POINT('Origin',(237.541372647814,27.4374637291671,206.66277136275));
#5743=CARTESIAN_POINT('',(237.541372647814,28.1364116408636,206.66080536753));
#5744=CARTESIAN_POINT('',(237.541372647824,26.7371458417856,206.13323384599));
#5745=CARTESIAN_POINT('',(237.541372647824,28.1243669136756,201.98786489549));
#5746=CARTESIAN_POINT('Origin',(237.469590469964,28.1919303052776,228.20014035585));
#5747=CARTESIAN_POINT('',(238.189119971534,28.1591837032166,215.49558344748));
#5748=CARTESIAN_POINT('',(238.189119971534,28.1919303052776,228.20014035584));
#5749=CARTESIAN_POINT('',(238.189119971534,28.18376657538,225.032893541199));
#5750=CARTESIAN_POINT('',(238.189119971534,28.1591837032236,215.49558344748));
#5751=CARTESIAN_POINT('',(238.189119971534,28.1919303052846,228.20014035585));
#5752=CARTESIAN_POINT('Origin',(237.307282364544,26.0273152413126,229.03006538458));
#5753=CARTESIAN_POINT('',(238.221706927054,27.2841885042606,228.54817343241));
#5754=CARTESIAN_POINT('',(237.469590469954,27.2841885042606,228.54817343241));
#5755=CARTESIAN_POINT('',(238.221706927054,27.2841885042676,228.54817343241));
#5756=CARTESIAN_POINT('',(238.221706927064,27.2841885042636,228.54817343242));
#5757=CARTESIAN_POINT('',(237.469590469954,26.0273152413126,229.03006538458));
#5758=CARTESIAN_POINT('',(237.469590469954,26.0273152413196,229.03006538458));
#5759=CARTESIAN_POINT('',(237.469590469964,26.0273152413156,229.03006538458));
#5760=CARTESIAN_POINT('Origin',(237.469590469954,26.0317787391906,230.761749261665));
#5761=CARTESIAN_POINT('',(237.469590469954,27.2955814562446,232.96824750813));
#5762=CARTESIAN_POINT('',(237.469590469964,27.2841885042676,228.54817343241));
#5763=CARTESIAN_POINT('',(237.469590469954,26.0362422370716,232.49343313874));
#5764=CARTESIAN_POINT('',(237.469590469964,26.0362422370786,232.49343313874));
#5765=CARTESIAN_POINT('',(237.469590469964,26.0362422370696,232.49343313875));
#5766=CARTESIAN_POINT('Origin',(236.392857802024,27.1206732313631,232.902301067945));
#5767=CARTESIAN_POINT('',(237.469590469954,26.0362422370786,232.49343313875));
#5768=CARTESIAN_POINT('',(238.189119971534,28.2051042256476,233.31116899713));
#5769=CARTESIAN_POINT('',(238.189119971534,28.2051042256546,233.31116899714));
#5770=CARTESIAN_POINT('',(238.221706927054,27.2955814562446,232.96824750813));
#5771=CARTESIAN_POINT('',(238.189119971534,28.2051042256466,233.31116899714));
#5772=CARTESIAN_POINT('',(238.221706927054,27.2955814562516,232.96824750814));
#5773=CARTESIAN_POINT('Origin',(237.845648698509,27.2955814562446,232.96824750814));
#5774=CARTESIAN_POINT('',(238.221706927064,27.2841885042676,228.54817343241));
#5775=CARTESIAN_POINT('Origin',(238.189119971534,28.2176733232441,238.18754717282));
#5776=CARTESIAN_POINT('',(238.546323137894,18.2677897297409,242.143384395692));
#5777=CARTESIAN_POINT('',(238.546323137894,18.1633087953273,201.608370271327));
#5778=CARTESIAN_POINT('',(238.546323137894,18.1976902715873,214.947202222393));
#5779=CARTESIAN_POINT('',(238.189119971534,28.1242530540366,201.9436912689));
#5780=CARTESIAN_POINT('',(238.276865972516,25.6773737791167,201.861320564065));
#5781=CARTESIAN_POINT('',(238.189119971534,28.1460097828476,210.38455480619));
#5782=CARTESIAN_POINT('',(238.189119971534,28.1608063141658,216.125100766368));
#5783=CARTESIAN_POINT('',(238.159039704894,28.9855692622956,210.70109771911));
#5784=CARTESIAN_POINT('',(238.189119971534,28.1460097828506,210.38455480618));
#5785=CARTESIAN_POINT('',(238.159039704894,28.9970992118486,215.17432214604));
#5786=CARTESIAN_POINT('',(238.159039704894,28.9970992118556,215.17432214604));
#5787=CARTESIAN_POINT('',(238.159039704894,28.9970992118476,215.17432214603));
#5788=CARTESIAN_POINT('',(238.189119971534,28.2268609544576,241.75203253443));
#5789=CARTESIAN_POINT('',(238.189119971534,28.2268609544646,241.75203253443));
#5790=CARTESIAN_POINT('',(238.275350871116,25.8226838597942,241.846507125433));
#5791=CARTESIAN_POINT('Origin',(237.297671894624,23.2923741379216,243.03292967353));
#5792=CARTESIAN_POINT('',(237.297671894634,28.2291981573606,242.65878698618));
#5793=CARTESIAN_POINT('',(237.492577057358,18.2705524463014,243.215223546271));
#5794=CARTESIAN_POINT('Origin',(231.819658536484,28.1219158511496,201.03693681715));
#5795=CARTESIAN_POINT('',(237.654875060984,18.1609715924256,200.70161581958));
#5796=CARTESIAN_POINT('',(237.654875060984,18.1609715924256,200.70161581957));
#5797=CARTESIAN_POINT('',(227.420085569214,20.2580124889956,200.77220971381));
#5798=CARTESIAN_POINT('',(225.984442011964,18.8599852246156,200.72514711765));
#5799=CARTESIAN_POINT('',(236.392857802024,28.1219158511406,201.03693681716));
#5800=CARTESIAN_POINT('',(227.420085569214,20.2580124890056,200.7722097138));
#5801=CARTESIAN_POINT('',(237.297671894624,28.1219158511406,201.03693681716));
#5802=CARTESIAN_POINT('',(237.297671894624,28.1219158511476,201.03693681715));
#5803=CARTESIAN_POINT('',(237.297671894634,28.1219158511416,201.03693681715));
#5804=CARTESIAN_POINT('Origin',(238.547486130724,23.1019142862971,201.955912655765));
#5805=CARTESIAN_POINT('',(238.189119971534,28.1242530540436,201.94369126889));
#5806=CARTESIAN_POINT('',(238.737602405183,18.1638102922521,201.802933848987));
#5807=CARTESIAN_POINT('Origin',(236.392857802024,28.1227717046461,201.36897858155));
#5808=CARTESIAN_POINT('',(227.420085569214,20.2612029070456,202.00998234169));
#5809=CARTESIAN_POINT('',(227.420085569204,20.2580124890056,200.77220971381));
#5810=CARTESIAN_POINT('',(227.420085569214,20.2612029070556,202.00998234168));
#5811=CARTESIAN_POINT('',(236.392857802024,28.1219158511476,201.03693681716));
#5812=CARTESIAN_POINT('Origin',(231.906471685619,20.2612029070456,202.00998234169));
#5813=CARTESIAN_POINT('',(227.420085569214,20.2612029070556,202.00998234168));
#5814=CARTESIAN_POINT('Origin',(231.906471685614,20.2732476342356,206.68292281373));
#5815=CARTESIAN_POINT('',(227.420085569214,20.2732476342356,206.68292281373));
#5816=CARTESIAN_POINT('',(227.420085569204,20.2732476342456,206.68292281373));
#5817=CARTESIAN_POINT('',(227.420085569214,20.2732476342456,206.68292281372));
#5818=CARTESIAN_POINT('',(230.968548287194,20.2625202990856,202.52108520582));
#5819=CARTESIAN_POINT('',(230.147808327984,20.2625202990856,202.52108520582));
#5820=CARTESIAN_POINT('',(230.968548287194,20.2625202990856,202.52108520581));
#5821=CARTESIAN_POINT('',(232.004634779994,20.2672252706456,204.34645257771));
#5822=CARTESIAN_POINT('',(232.004634779994,20.2672252706456,204.34645257771));
#5823=CARTESIAN_POINT('',(230.968548287194,20.2719302422056,206.1718199496));
#5824=CARTESIAN_POINT('',(230.968548287194,20.2719302422056,206.17181994959));
#5825=CARTESIAN_POINT('',(230.147808327984,20.2719302422056,206.1718199496));
#5826=CARTESIAN_POINT('',(230.147808327984,20.2719302422056,206.17181994959));
#5827=CARTESIAN_POINT('',(229.717115260814,20.2719302422056,206.1718199496));
#5828=CARTESIAN_POINT('',(230.147808327984,20.2719302422056,206.17181994959));
#5829=CARTESIAN_POINT('',(228.896375301604,20.2719302422056,206.1718199496));
#5830=CARTESIAN_POINT('',(228.896375301604,20.2719302422056,206.17181994959));
#5831=CARTESIAN_POINT('',(227.860288808804,20.2672252706456,204.34645257771));
#5832=CARTESIAN_POINT('',(227.860288808804,20.2672252706456,204.34645257771));
#5833=CARTESIAN_POINT('',(228.896375301604,20.2625202990856,202.52108520582));
#5834=CARTESIAN_POINT('',(228.896375301594,20.2625202990856,202.52108520581));
#5835=CARTESIAN_POINT('',(229.717115260814,20.2625202990856,202.52108520582));
#5836=CARTESIAN_POINT('',(229.717115260814,20.2625202990856,202.52108520581));
#5837=CARTESIAN_POINT('',(229.717115260814,20.2625202990856,202.52108520581));
#5838=CARTESIAN_POINT('Origin',(231.906471685614,20.3635830882056,241.72997635403));
#5839=CARTESIAN_POINT('',(227.420085569214,20.3515383610156,237.05703588199));
#5840=CARTESIAN_POINT('',(227.420085569214,20.3635830882056,241.72997635403));
#5841=CARTESIAN_POINT('',(228.896375301604,20.3622656961656,241.21887348989));
#5842=CARTESIAN_POINT('',(229.717115260814,20.3622656961656,241.21887348989));
#5843=CARTESIAN_POINT('',(228.896375301604,20.3622656961756,241.2188734899));
#5844=CARTESIAN_POINT('',(227.860288808804,20.3575607246056,239.393506118));
#5845=CARTESIAN_POINT('',(227.860288808794,20.3575607246156,239.39350611801));
#5846=CARTESIAN_POINT('',(228.896375301604,20.3528557530456,237.56813874611));
#5847=CARTESIAN_POINT('',(228.896375301604,20.3528557530556,237.56813874611));
#5848=CARTESIAN_POINT('',(229.717115260814,20.3528557530456,237.56813874611));
#5849=CARTESIAN_POINT('',(229.717115260814,20.3528557530556,237.56813874612));
#5850=CARTESIAN_POINT('',(230.147808327984,20.3528557530456,237.56813874611));
#5851=CARTESIAN_POINT('',(229.717115260814,20.3528557530556,237.56813874612));
#5852=CARTESIAN_POINT('',(230.968548287194,20.3528557530456,237.56813874611));
#5853=CARTESIAN_POINT('',(230.968548287194,20.3528557530556,237.56813874612));
#5854=CARTESIAN_POINT('',(232.004634779994,20.3575607246056,239.393506118));
#5855=CARTESIAN_POINT('',(232.004634779984,20.3575607246156,239.39350611801));
#5856=CARTESIAN_POINT('',(230.968548287194,20.3622656961656,241.21887348989));
#5857=CARTESIAN_POINT('',(230.968548287194,20.3622656961756,241.21887348989));
#5858=CARTESIAN_POINT('',(230.147808327984,20.3622656961656,241.21887348989));
#5859=CARTESIAN_POINT('',(230.147808327984,20.3622656961756,241.2188734899));
#5860=CARTESIAN_POINT('',(230.147808327984,20.3622656961756,241.2188734899));
#5861=CARTESIAN_POINT('Origin',(227.420085569214,24.2050144201176,206.74355337912));
#5862=CARTESIAN_POINT('',(227.420085569214,20.2732476342456,206.68292281372));
#5863=CARTESIAN_POINT('Origin',(236.392857802024,28.1381054306286,207.31793762141));
#5864=CARTESIAN_POINT('',(227.420085569214,20.2766352137656,207.99718732149));
#5865=CARTESIAN_POINT('',(227.420085569204,20.2732476342456,206.68292281373));
#5866=CARTESIAN_POINT('',(236.392857802014,28.1397992203916,207.97506987529));
#5867=CARTESIAN_POINT('',(236.392857802024,28.1367812059996,206.80418394451));
#5868=CARTESIAN_POINT('Origin',(225.984442011964,23.1597953495286,207.989077591215));
#5869=CARTESIAN_POINT('',(227.420085569204,20.2766352137756,207.99718732148));
#5870=CARTESIAN_POINT('',(225.984442011964,18.1797914786656,208.00308530713));
#5871=CARTESIAN_POINT('Origin',(227.420085569224,20.2672581308956,204.35920122435));
#5872=CARTESIAN_POINT('Origin',(231.906471685619,28.2271166599576,241.8512374848));
#5873=CARTESIAN_POINT('',(236.392857802014,28.2271166599576,241.85123748481));
#5874=CARTESIAN_POINT('Origin',(236.392857802024,28.2283423038541,242.326745221775));
#5875=CARTESIAN_POINT('',(236.392857802024,28.2291981573606,242.65878698617));
#5876=CARTESIAN_POINT('Origin',(231.188649906994,28.2113147881146,235.72065392803));
#5877=CARTESIAN_POINT('',(236.392857802024,18.2513070463856,235.74866935988));
#5878=CARTESIAN_POINT('',(227.420085569214,20.3481507814956,235.74277137423));
#5879=CARTESIAN_POINT('Origin',(236.392857802024,28.2130085778721,236.37778618192));
#5880=CARTESIAN_POINT('',(236.392857802014,28.2143328025066,236.89153985882));
#5881=CARTESIAN_POINT('',(236.392857802024,28.2143328025096,236.89153985882));
#5882=CARTESIAN_POINT('Origin',(231.906471685619,28.2143328025066,236.89153985882));
#5883=CARTESIAN_POINT('Origin',(229.932461794394,20.2625202990856,202.52108520581));
#5884=CARTESIAN_POINT('',(229.717115260814,20.2276670029256,202.55769085302));
#5885=CARTESIAN_POINT('',(229.717115260804,20.2276670029256,202.55769085302));
#5886=CARTESIAN_POINT('',(230.147808327984,20.2276670029256,202.55769085302));
#5887=CARTESIAN_POINT('',(229.717115260814,20.2276670029356,202.55769085301));
#5888=CARTESIAN_POINT('',(230.147808327984,20.2625202990856,202.52108520582));
#5889=CARTESIAN_POINT('Origin',(230.147808327984,19.5636194371006,202.54130487475));
#5890=CARTESIAN_POINT('',(230.147808327984,19.5636664868156,202.55955854847));
#5891=CARTESIAN_POINT('',(230.147808327984,19.5636664868156,202.55955854847));
#5892=CARTESIAN_POINT('',(230.147808327984,19.5635723873856,202.52305120104));
#5893=CARTESIAN_POINT('',(230.147808327984,19.5635723873856,202.52305120104));
#5894=CARTESIAN_POINT('',(230.147808327984,19.5635723873856,202.52305120103));
#5895=CARTESIAN_POINT('Origin',(229.306745281209,20.2625202990856,202.52108520582));
#5896=CARTESIAN_POINT('',(228.896375301604,19.5635723873856,202.52305120104));
#5897=CARTESIAN_POINT('',(228.896375301604,20.2625202990856,202.52108520581));
#5898=CARTESIAN_POINT('',(229.717115260814,19.5635723873856,202.52305120104));
#5899=CARTESIAN_POINT('',(229.717115260814,19.5635723873856,202.52305120103));
#5900=CARTESIAN_POINT('',(229.717115260804,19.5635723873856,202.52305120103));
#5901=CARTESIAN_POINT('Origin',(230.558178307589,20.2625202990856,202.52108520582));
#5902=CARTESIAN_POINT('',(230.968548287194,19.5635723873856,202.52305120104));
#5903=CARTESIAN_POINT('',(230.968548287194,19.5635723873856,202.52305120103));
#5904=CARTESIAN_POINT('',(230.968548287194,20.2625202990856,202.52108520581));
#5905=CARTESIAN_POINT('Origin',(229.717115260814,19.9131404426656,202.558575550865));
#5906=CARTESIAN_POINT('',(229.717115260814,19.5636664868156,202.55955854847));
#5907=CARTESIAN_POINT('',(229.717115260804,19.5635723873856,202.52305120104));
#5908=CARTESIAN_POINT('',(229.717115260804,19.5636664868156,202.55955854847));
#5909=CARTESIAN_POINT('Origin',(229.717115260804,19.8956667448756,202.558624700745));
#5910=CARTESIAN_POINT('',(229.717115260814,19.5636664868156,202.55955854847));
#5911=CARTESIAN_POINT('Origin',(229.932461794394,19.6633177844656,241.22083948512));
#5912=CARTESIAN_POINT('',(229.717115260814,19.6539078413456,237.57010474133));
#5913=CARTESIAN_POINT('',(228.896375301604,19.6539078413456,237.57010474133));
#5914=CARTESIAN_POINT('',(229.717115260814,19.6539078413556,237.57010474134));
#5915=CARTESIAN_POINT('',(227.860288808804,19.6586128129056,239.39547211322));
#5916=CARTESIAN_POINT('',(228.896375301604,19.6539078413556,237.57010474133));
#5917=CARTESIAN_POINT('',(228.896375301604,19.6633177844656,241.22083948511));
#5918=CARTESIAN_POINT('',(227.860288808794,19.6586128129156,239.39547211323));
#5919=CARTESIAN_POINT('',(229.717115260814,19.6633177844656,241.22083948511));
#5920=CARTESIAN_POINT('',(228.896375301604,19.6633177844756,241.22083948512));
#5921=CARTESIAN_POINT('',(229.717115260814,19.6632236850356,241.18433213767));
#5922=CARTESIAN_POINT('',(229.717115260804,19.6633177844756,241.22083948511));
#5923=CARTESIAN_POINT('',(230.147808327984,19.6632236850356,241.18433213767));
#5924=CARTESIAN_POINT('',(230.147808327984,19.6632236850456,241.18433213768));
#5925=CARTESIAN_POINT('',(230.147808327984,19.6633177844656,241.22083948511));
#5926=CARTESIAN_POINT('',(230.147808327984,19.6633177844756,241.22083948511));
#5927=CARTESIAN_POINT('',(230.968548287194,19.6633177844656,241.22083948511));
#5928=CARTESIAN_POINT('',(230.147808327984,19.6633177844756,241.22083948512));
#5929=CARTESIAN_POINT('',(232.004634779994,19.6586128129056,239.39547211322));
#5930=CARTESIAN_POINT('',(230.968548287194,19.6633177844756,241.22083948511));
#5931=CARTESIAN_POINT('',(230.968548287194,19.6539078413456,237.57010474133));
#5932=CARTESIAN_POINT('',(232.004634779984,19.6586128129156,239.39547211323));
#5933=CARTESIAN_POINT('',(230.147808327984,19.6539078413456,237.57010474133));
#5934=CARTESIAN_POINT('',(230.968548287194,19.6539078413556,237.57010474134));
#5935=CARTESIAN_POINT('',(230.147808327984,19.6540019407756,237.60661208877));
#5936=CARTESIAN_POINT('',(230.147808327984,19.6540019407856,237.60661208877));
#5937=CARTESIAN_POINT('',(229.717115260814,19.6540019407756,237.60661208877));
#5938=CARTESIAN_POINT('',(229.717115260814,19.6540019407856,237.60661208878));
#5939=CARTESIAN_POINT('',(229.717115260804,19.6539078413556,237.57010474133));
#5940=CARTESIAN_POINT('',(228.963402393244,19.6586128129156,239.39547211323));
#5941=CARTESIAN_POINT('Origin',(229.9324617944,19.6586128129149,239.39547211322));
#5942=CARTESIAN_POINT('Origin',(229.932461794394,19.5729823305056,206.17378594482));
#5943=CARTESIAN_POINT('',(230.147808327984,19.5729823305056,206.17378594482));
#5944=CARTESIAN_POINT('',(230.968548287194,19.5729823305056,206.17378594482));
#5945=CARTESIAN_POINT('',(230.147808327984,19.5729823305056,206.17378594481));
#5946=CARTESIAN_POINT('',(232.004634779994,19.5682773589456,204.34841857293));
#5947=CARTESIAN_POINT('',(230.968548287194,19.5729823305056,206.17378594481));
#5948=CARTESIAN_POINT('',(232.004634779994,19.5682773589456,204.34841857293));
#5949=CARTESIAN_POINT('',(227.860288808804,19.5682773589456,204.34841857293));
#5950=CARTESIAN_POINT('',(228.896375301594,19.5635723873856,202.52305120103));
#5951=CARTESIAN_POINT('',(228.896375301604,19.5729823305056,206.17378594482));
#5952=CARTESIAN_POINT('',(227.860288808804,19.5682773589456,204.34841857293));
#5953=CARTESIAN_POINT('',(229.717115260814,19.5729823305056,206.17378594482));
#5954=CARTESIAN_POINT('',(228.896375301604,19.5729823305056,206.17378594481));
#5955=CARTESIAN_POINT('',(229.717115260814,19.5728882310756,206.13727859738));
#5956=CARTESIAN_POINT('',(229.717115260804,19.5728882310756,206.13727859738));
#5957=CARTESIAN_POINT('',(230.147808327984,19.5728882310756,206.13727859738));
#5958=CARTESIAN_POINT('',(230.147808327984,19.5728882310756,206.13727859737));
#5959=CARTESIAN_POINT('',(230.147808327984,19.5729823305056,206.17378594482));
#5960=CARTESIAN_POINT('',(228.963402393244,19.5682773589456,204.34841857292));
#5961=CARTESIAN_POINT('Origin',(229.9324617944,19.5682773589465,204.34841857293));
#5962=CARTESIAN_POINT('Ctrl Pts',(228.963402393254,19.5682773589456,204.34841857292));
#5963=CARTESIAN_POINT('Ctrl Pts',(228.963402393254,18.3101711178856,204.35195736431));
#5964=CARTESIAN_POINT('Ctrl Pts',(228.963402393264,19.5668104939856,203.77932534742));
#5965=CARTESIAN_POINT('Ctrl Pts',(228.963402393264,18.3087042529256,203.78286413881));
#5966=CARTESIAN_POINT('Ctrl Pts',(229.447932093834,19.5660770615056,203.49477873467));
#5967=CARTESIAN_POINT('Ctrl Pts',(229.447932093834,18.3079708204456,203.49831752606));
#5968=CARTESIAN_POINT('Ctrl Pts',(230.901521195544,19.5638767640656,202.64113889641));
#5969=CARTESIAN_POINT('Ctrl Pts',(230.901521195544,18.3057705230056,202.6446776878));
#5970=CARTESIAN_POINT('Ctrl Pts',(230.901521195544,19.5682773589456,204.34841857293));
#5971=CARTESIAN_POINT('Ctrl Pts',(230.901521195544,18.3101711178856,204.35195736432));
#5972=CARTESIAN_POINT('Ctrl Pts',(230.901521195544,19.5726779538356,206.05569824945));
#5973=CARTESIAN_POINT('Ctrl Pts',(230.901521195544,18.3145717127756,206.05923704084));
#5974=CARTESIAN_POINT('Ctrl Pts',(229.447932093834,19.5704776563956,205.20205841119));
#5975=CARTESIAN_POINT('Ctrl Pts',(229.447932093834,18.3123714153356,205.20559720258));
#5976=CARTESIAN_POINT('Ctrl Pts',(228.963402393254,19.5697442239156,204.91751179843));
#5977=CARTESIAN_POINT('Ctrl Pts',(228.963402393254,18.3116379828556,204.92105058982));
#5978=CARTESIAN_POINT('Ctrl Pts',(228.963402393254,19.5682773589456,204.34841857292));
#5979=CARTESIAN_POINT('Ctrl Pts',(228.963402393254,18.3101711178856,204.35195736431));
#5980=CARTESIAN_POINT('Origin',(229.9324617944,18.3101711178863,204.35195736432));
#5981=CARTESIAN_POINT('',(228.963402393254,19.5682773589456,204.348418572921));
#5982=CARTESIAN_POINT('Ctrl Pts',(228.964119418434,18.3100733992356,204.31404588812));
#5983=CARTESIAN_POINT('Ctrl Pts',(228.820661288664,18.1702693400556,204.30882257218));
#5984=CARTESIAN_POINT('Ctrl Pts',(228.973341726784,18.3094452079856,204.07032925551));
#5985=CARTESIAN_POINT('Ctrl Pts',(228.831249864904,18.1695480834256,204.02899977176));
#5986=CARTESIAN_POINT('Ctrl Pts',(229.093231735234,18.3089007755556,203.85910817391));
#5987=CARTESIAN_POINT('Ctrl Pts',(228.968901356094,18.1689229943556,203.78648667807));
#5988=CARTESIAN_POINT('Ctrl Pts',(229.932461794404,18.3050897485956,202.38056060267));
#5989=CARTESIAN_POINT('Ctrl Pts',(229.932461794404,18.1645473707956,202.0888950222));
#5990=CARTESIAN_POINT('Ctrl Pts',(230.771691853574,18.3089007755556,203.85910817391));
#5991=CARTESIAN_POINT('Ctrl Pts',(230.896022232704,18.1689229943556,203.78648667807));
#5992=CARTESIAN_POINT('Ctrl Pts',(231.610921912734,18.3127118025256,205.33765574514));
#5993=CARTESIAN_POINT('Ctrl Pts',(231.859582671014,18.1732986179056,205.48407833394));
#5994=CARTESIAN_POINT('Ctrl Pts',(229.932461794404,18.3127118025256,205.33765574514));
#5995=CARTESIAN_POINT('Ctrl Pts',(229.932461794404,18.1732986179056,205.48407833394));
#5996=CARTESIAN_POINT('Ctrl Pts',(228.925385723394,18.3127118025256,205.33765574514));
#5997=CARTESIAN_POINT('Ctrl Pts',(228.776189268424,18.1732986179056,205.48407833394));
#5998=CARTESIAN_POINT('Ctrl Pts',(228.964119418434,18.3100733992356,204.31404588812));
#5999=CARTESIAN_POINT('Ctrl Pts',(228.820661288664,18.1702693400556,204.30882257218));
#6000=CARTESIAN_POINT('Origin',(229.932461794401,18.1703815355352,204.35235056336));
#6001=CARTESIAN_POINT('Ctrl Pts',(228.963402393254,19.6586128129156,239.39547211323));
#6002=CARTESIAN_POINT('Ctrl Pts',(228.963402393254,18.4005065718556,239.39901090462));
#6003=CARTESIAN_POINT('Ctrl Pts',(228.963402393254,19.6571459479456,238.82637888772));
#6004=CARTESIAN_POINT('Ctrl Pts',(228.963402393254,18.3990397068856,238.82991767911));
#6005=CARTESIAN_POINT('Ctrl Pts',(229.447932093834,19.6564125154656,238.54183227496));
#6006=CARTESIAN_POINT('Ctrl Pts',(229.447932093834,18.3983062744056,238.54537106635));
#6007=CARTESIAN_POINT('Ctrl Pts',(230.901521195544,19.6542122180256,237.6881924367));
#6008=CARTESIAN_POINT('Ctrl Pts',(230.901521195544,18.3961059769656,237.69173122809));
#6009=CARTESIAN_POINT('Ctrl Pts',(230.901521195544,19.6586128129156,239.39547211322));
#6010=CARTESIAN_POINT('Ctrl Pts',(230.901521195544,18.4005065718556,239.39901090461));
#6011=CARTESIAN_POINT('Ctrl Pts',(230.901521195544,19.6630134077956,241.10275178974));
#6012=CARTESIAN_POINT('Ctrl Pts',(230.901521195544,18.4049071667356,241.10629058113));
#6013=CARTESIAN_POINT('Ctrl Pts',(229.447932093834,19.6608131103556,240.24911195148));
#6014=CARTESIAN_POINT('Ctrl Pts',(229.447932093834,18.4027068692956,240.25265074287));
#6015=CARTESIAN_POINT('Ctrl Pts',(228.963402393264,19.6600796778756,239.96456533873));
#6016=CARTESIAN_POINT('Ctrl Pts',(228.963402393264,18.4019734368156,239.96810413012));
#6017=CARTESIAN_POINT('Ctrl Pts',(228.963402393254,19.6586128129156,239.39547211323));
#6018=CARTESIAN_POINT('Ctrl Pts',(228.963402393254,18.4005065718556,239.39901090462));
#6019=CARTESIAN_POINT('Origin',(229.9324617944,18.4005065718547,239.39901090461));
#6020=CARTESIAN_POINT('',(228.963402393254,19.6586128129156,239.395472113229));
#6021=CARTESIAN_POINT('Ctrl Pts',(228.964119418434,18.4004088532056,239.36109942843));
#6022=CARTESIAN_POINT('Ctrl Pts',(228.820661288664,18.2606047940256,239.35587611249));
#6023=CARTESIAN_POINT('Ctrl Pts',(228.973341726774,18.3997806619456,239.11738279581));
#6024=CARTESIAN_POINT('Ctrl Pts',(228.831249864904,18.2598835373956,239.07605331207));
#6025=CARTESIAN_POINT('Ctrl Pts',(229.093231735234,18.3992362295156,238.9061617142));
#6026=CARTESIAN_POINT('Ctrl Pts',(228.968901356094,18.2592584483156,238.83354021837));
#6027=CARTESIAN_POINT('Ctrl Pts',(229.932461794404,18.3954252025556,237.42761414296));
#6028=CARTESIAN_POINT('Ctrl Pts',(229.932461794404,18.2548828247656,237.1359485625));
#6029=CARTESIAN_POINT('Ctrl Pts',(230.771691853574,18.3992362295156,238.9061617142));
#6030=CARTESIAN_POINT('Ctrl Pts',(230.896022232704,18.2592584483156,238.83354021837));
#6031=CARTESIAN_POINT('Ctrl Pts',(231.610921912734,18.4030472564856,240.38470928544));
#6032=CARTESIAN_POINT('Ctrl Pts',(231.859582671014,18.2636340718656,240.53113187424));
#6033=CARTESIAN_POINT('Ctrl Pts',(229.932461794404,18.4030472564856,240.38470928544));
#6034=CARTESIAN_POINT('Ctrl Pts',(229.932461794404,18.2636340718656,240.53113187424));
#6035=CARTESIAN_POINT('Ctrl Pts',(228.925385723404,18.4030472564856,240.38470928544));
#6036=CARTESIAN_POINT('Ctrl Pts',(228.776189268444,18.2636340718656,240.53113187424));
#6037=CARTESIAN_POINT('Ctrl Pts',(228.964119418434,18.4004088532056,239.36109942843));
#6038=CARTESIAN_POINT('Ctrl Pts',(228.820661288664,18.2606047940256,239.35587611249));
#6039=CARTESIAN_POINT('Origin',(229.932461794401,18.2607169895,239.39940410366));
#6040=CARTESIAN_POINT('Origin',(229.717115260814,20.0034758966306,237.60562909117));
#6041=CARTESIAN_POINT('',(229.717115260814,20.3180024568956,237.60474439331));
#6042=CARTESIAN_POINT('',(229.717115260804,19.6540019407756,237.60661208878));
#6043=CARTESIAN_POINT('',(229.717115260804,20.3180024568956,237.60474439332));
#6044=CARTESIAN_POINT('',(229.717115260804,19.6539078413456,237.57010474134));
#6045=CARTESIAN_POINT('Origin',(229.306745281209,20.3528557530556,237.56813874611));
#6046=CARTESIAN_POINT('',(228.896375301604,20.3528557530456,237.56813874612));
#6047=CARTESIAN_POINT('Origin',(230.558178307589,20.3528557530556,237.56813874611));
#6048=CARTESIAN_POINT('',(230.968548287194,20.3528557530456,237.56813874612));
#6049=CARTESIAN_POINT('',(230.147808327984,19.6539078413456,237.57010474134));
#6050=CARTESIAN_POINT('Origin',(227.860288808804,20.0080867687606,239.39448911562));
#6051=CARTESIAN_POINT('',(227.860288808794,20.3575607246056,239.39350611801));
#6052=CARTESIAN_POINT('Origin',(228.378332055204,20.3599132103956,240.30618980395));
#6053=CARTESIAN_POINT('',(228.896375301604,20.3622656961656,241.2188734899));
#6054=CARTESIAN_POINT('Origin',(230.147808327984,20.0127917403206,241.2198564875));
#6055=CARTESIAN_POINT('',(230.968548287194,20.3622656961656,241.2188734899));
#6056=CARTESIAN_POINT('',(230.147808327984,19.6633177844656,241.22083948512));
#6057=CARTESIAN_POINT('Origin',(228.896375301604,20.0127917403206,241.2198564875));
#6058=CARTESIAN_POINT('',(229.717115260804,19.6633177844656,241.22083948512));
#6059=CARTESIAN_POINT('Origin',(230.147808327984,19.6632707347506,241.202585811395));
#6060=CARTESIAN_POINT('',(230.147808327984,20.3272242011456,241.18246444222));
#6061=CARTESIAN_POINT('',(230.147808327984,19.6632236850356,241.18433213768));
#6062=CARTESIAN_POINT('',(230.147808327984,20.3272242011456,241.18246444222));
#6063=CARTESIAN_POINT('Origin',(229.932461794394,20.3622656961756,241.2188734899));
#6064=CARTESIAN_POINT('',(229.717115260814,20.3272242011456,241.18246444222));
#6065=CARTESIAN_POINT('',(230.147808327984,20.3272242011556,241.18246444223));
#6066=CARTESIAN_POINT('',(229.717115260804,20.3622656961656,241.21887348989));
#6067=CARTESIAN_POINT('Origin',(229.717115260814,20.0127917403156,241.21985648751));
#6068=CARTESIAN_POINT('',(229.717115260804,19.6632236850356,241.18433213768));
#6069=CARTESIAN_POINT('Origin',(229.932461794394,20.3272242011556,241.18246444222));
#6070=CARTESIAN_POINT('Origin',(230.968548287194,20.0127917403206,241.21985648751));
#6071=CARTESIAN_POINT('',(232.004634779984,20.3575607246056,239.39350611801));
#6072=CARTESIAN_POINT('Origin',(232.004634779994,20.0080867687606,239.394489115615));
#6073=CARTESIAN_POINT('Origin',(230.147808327984,19.6539548910606,237.588358415055));
#6074=CARTESIAN_POINT('',(230.147808327984,20.3180024568956,237.60474439331));
#6075=CARTESIAN_POINT('',(230.147808327984,20.3528557530556,237.56813874612));
#6076=CARTESIAN_POINT('',(230.147808327984,19.6540019407756,237.60661208878));
#6077=CARTESIAN_POINT('Origin',(229.717115260804,19.9860021988356,237.60567824104));
#6078=CARTESIAN_POINT('',(229.717115260814,20.3180024568956,237.60474439332));
#6079=CARTESIAN_POINT('Origin',(229.932461794394,20.3528557530456,237.56813874611));
#6080=CARTESIAN_POINT('Origin',(230.147808327984,19.5729352807906,206.155532271095));
#6081=CARTESIAN_POINT('',(230.147808327984,20.2368887471856,206.13541090192));
#6082=CARTESIAN_POINT('',(230.147808327984,19.5728882310756,206.13727859737));
#6083=CARTESIAN_POINT('',(230.147808327984,20.2368887471956,206.13541090192));
#6084=CARTESIAN_POINT('',(230.147808327984,19.5729823305056,206.17378594481));
#6085=CARTESIAN_POINT('Origin',(230.147808327984,19.9224562863556,206.17280294721));
#6086=CARTESIAN_POINT('',(230.968548287194,20.2719302422056,206.17181994959));
#6087=CARTESIAN_POINT('Origin',(228.896375301604,19.9224562863556,206.17280294721));
#6088=CARTESIAN_POINT('',(228.896375301604,20.2719302422056,206.17181994959));
#6089=CARTESIAN_POINT('',(229.717115260804,19.5729823305056,206.17378594481));
#6090=CARTESIAN_POINT('Origin',(230.968548287194,19.9224562863556,206.17280294721));
#6091=CARTESIAN_POINT('',(232.004634779984,20.2672252706456,204.3464525777));
#6092=CARTESIAN_POINT('Origin',(232.004634779994,19.9177513147956,204.34743557532));
#6093=CARTESIAN_POINT('Origin',(229.717115260814,19.9224562863556,206.17280294721));
#6094=CARTESIAN_POINT('',(229.717115260814,20.2368887471856,206.13541090192));
#6095=CARTESIAN_POINT('',(229.717115260804,20.2719302422056,206.17181994959));
#6096=CARTESIAN_POINT('',(229.717115260804,19.5728882310756,206.13727859737));
#6097=CARTESIAN_POINT('Origin',(229.932461794394,20.2368887471956,206.13541090192));
#6098=CARTESIAN_POINT('',(230.147808327984,20.2368887471956,206.13541090192));
#6099=CARTESIAN_POINT('Origin',(229.932461794394,20.2719302422056,206.1718199496));
#6100=CARTESIAN_POINT('Origin',(228.378332055204,20.2695777564256,205.25913626365));
#6101=CARTESIAN_POINT('',(227.860288808794,20.2672252706456,204.3464525777));
#6102=CARTESIAN_POINT('Origin',(227.860288808804,19.9177513147956,204.34743557532));
#6103=CARTESIAN_POINT('Origin',(238.159039704894,28.9913342370721,212.937709932575));
#6104=CARTESIAN_POINT('',(237.439510203314,28.9855692622956,210.70109771911));
#6105=CARTESIAN_POINT('',(238.159039704894,28.9855692623026,210.70109771911));
#6106=CARTESIAN_POINT('',(237.439510203314,28.9970992118486,215.17432214604));
#6107=CARTESIAN_POINT('',(237.439510203324,28.9970992118556,215.17432214604));
#6108=CARTESIAN_POINT('',(238.159039704894,28.9970992118556,215.17432214603));
#6109=CARTESIAN_POINT('Origin',(237.290988886784,30.2539724748046,214.69243019387));
#6110=CARTESIAN_POINT('',(237.394389803354,30.2539724747966,214.69243019387));
#6111=CARTESIAN_POINT('',(237.394389803354,30.2539724748036,214.69243019386));
#6112=CARTESIAN_POINT('',(237.394389803364,30.2539724747946,214.69243019386));
#6113=CARTESIAN_POINT('Origin',(237.394389803354,30.2494404781396,212.93417114118));
#6114=CARTESIAN_POINT('',(237.394389803354,30.2449084814696,211.1759120885));
#6115=CARTESIAN_POINT('',(237.394389803364,30.2449084814766,211.1759120885));
#6116=CARTESIAN_POINT('',(237.394389803364,30.2449084814726,211.17591208849));
#6117=CARTESIAN_POINT('Origin',(237.290988886779,30.2449084814736,211.1759120885));
#6118=CARTESIAN_POINT('',(238.189119971534,28.1460097828546,210.38455480618));
#6119=CARTESIAN_POINT('',(237.394389803354,30.2449084814766,211.17591208849));
#6120=CARTESIAN_POINT('Origin',(236.893623802694,30.2539724747966,214.69243019387));
#6121=CARTESIAN_POINT('Origin',(237.469590469964,26.0317787391921,230.761749261665));
#6122=CARTESIAN_POINT('Origin',(236.967115224929,29.6232729425476,241.17242340542));
#6123=CARTESIAN_POINT('',(237.491238870084,29.6232729425456,241.17242340542));
#6124=CARTESIAN_POINT('',(236.392857802024,29.6232729425526,241.17242340543));
#6125=CARTESIAN_POINT('',(237.541372647814,28.2267470948256,241.70785890783));
#6126=CARTESIAN_POINT('',(236.392857802024,28.2267470948326,241.70785890784));
#6127=CARTESIAN_POINT('',(237.491238870094,29.6232729425486,241.17242340543));
#6128=CARTESIAN_POINT('Origin',(237.516305758949,28.9256950065291,241.705892912625));
#6129=CARTESIAN_POINT('',(237.491238870084,29.6139681667126,237.56248995733));
#6130=CARTESIAN_POINT('',(237.491238870094,29.6232729425526,241.17242340542));
#6131=CARTESIAN_POINT('',(237.541372647814,28.2147023676306,237.03491843579));
#6132=CARTESIAN_POINT('',(237.541372647824,28.2147023676376,237.03491843579));
#6133=CARTESIAN_POINT('',(237.541372647824,28.2147023676296,237.03491843579));
#6134=CARTESIAN_POINT('Origin',(236.967115224924,29.6139681667196,237.56248995734));
#6135=CARTESIAN_POINT('',(236.392857802024,28.2147023676376,237.0349184358));
#6136=CARTESIAN_POINT('',(236.392857802024,29.6139681667196,237.56248995734));
#6137=CARTESIAN_POINT('Origin',(236.942048336059,29.6232729425456,241.17242340543));
#6138=CARTESIAN_POINT('Origin',(236.967115224924,28.1364116408686,206.66080536753));
#6139=CARTESIAN_POINT('',(236.392857802024,28.1364116408706,206.66080536753));
#6140=CARTESIAN_POINT('Origin',(237.469590469964,28.2291981573536,242.65878698618));
#6141=CARTESIAN_POINT('Origin',(231.188649906994,18.1797914786656,208.00308530714));
#6142=CARTESIAN_POINT('Origin',(237.469590469964,28.1460097828476,210.38455480619));
#6143=CARTESIAN_POINT('Origin',(239.264144916524,2.48922124927057,221.920112225895));
#6144=CARTESIAN_POINT('',(236.392857802024,2.45063494241557,206.94995042446));
#6145=CARTESIAN_POINT('',(237.982318138368,2.45063494240557,206.94995042445));
#6146=CARTESIAN_POINT('',(236.392857802024,2.45063494240558,206.94995042445));
#6147=CARTESIAN_POINT('',(237.982318138368,2.45252247108557,207.68224672515));
#6148=CARTESIAN_POINT('',(237.982318138369,2.48921648144337,221.918262472678));
#6149=CARTESIAN_POINT('',(237.120932004024,2.45252247109558,207.68224672515));
#6150=CARTESIAN_POINT('',(239.264144916514,2.45252247108557,207.68224672515));
#6151=CARTESIAN_POINT('',(237.120932004034,2.45595478361127,209.013866101243));
#6152=CARTESIAN_POINT('',(237.120932004034,2.45252247108558,207.68224672515));
#6153=CARTESIAN_POINT('',(236.392857802024,2.45573729552148,208.929488191562));
#6154=CARTESIAN_POINT('',(252.530244146101,2.46055780605468,210.799680712704));
#6155=CARTESIAN_POINT('',(236.392857802024,2.52780755611557,236.89027402734));
#6156=CARTESIAN_POINT('Ctrl Pts',(236.392857802024,2.45063494241557,206.94995042446));
#6157=CARTESIAN_POINT('Ctrl Pts',(243.537538954776,2.45063494241557,206.94995042446));
#6158=CARTESIAN_POINT('Ctrl Pts',(236.392857802024,2.44969948815558,206.58702630202));
#6159=CARTESIAN_POINT('Ctrl Pts',(243.537538954776,2.44969948815558,206.58702630202));
#6160=CARTESIAN_POINT('Ctrl Pts',(236.392857802024,2.69469854648557,206.32970920198));
#6161=CARTESIAN_POINT('Ctrl Pts',(243.537538954776,2.69469854648557,206.32970920198));
#6162=CARTESIAN_POINT('',(236.392857802024,2.69469854648557,206.32970920198));
#6163=CARTESIAN_POINT('',(237.991128444488,2.69469854647557,206.32970920197));
#6164=CARTESIAN_POINT('',(236.392857802024,2.69469854647558,206.32970920197));
#6165=CARTESIAN_POINT('Origin',(238.012396327774,3.28931443741307,206.947560809695));
#6166=CARTESIAN_POINT('Origin',(236.392857802024,3.28937243646768,206.9475912302));
#6167=CARTESIAN_POINT('Origin',(239.264144916524,13.8334691343556,204.364549396625));
#6168=CARTESIAN_POINT('',(238.39078522245,13.8337679392256,204.48047542438));
#6169=CARTESIAN_POINT('',(238.390785222449,13.8331703294756,204.24862336886));
#6170=CARTESIAN_POINT('',(238.390785222444,13.8560255903192,213.115679658776));
#6171=CARTESIAN_POINT('',(237.828501359264,13.8337679392256,204.48047542439));
#6172=CARTESIAN_POINT('',(237.828501359264,13.8337679392256,204.48047542438));
#6173=CARTESIAN_POINT('',(237.828501359264,13.8331703294856,204.24862336887));
#6174=CARTESIAN_POINT('',(237.828501359274,13.8331703294756,204.24862336887));
#6175=CARTESIAN_POINT('',(237.828501359264,13.8331703294756,204.24862336886));
#6176=CARTESIAN_POINT('Origin',(238.546323137894,13.8331703294856,204.24862336887));
#6177=CARTESIAN_POINT('',(238.356902075672,12.8839897710956,202.54183947875));
#6178=CARTESIAN_POINT('',(238.512980492125,17.2562695789399,210.403922907623));
#6179=CARTESIAN_POINT('',(237.828501359264,12.8839897711056,202.54183947876));
#6180=CARTESIAN_POINT('',(237.828501359274,12.8839897711056,202.54183947876));
#6181=CARTESIAN_POINT('',(239.264144916514,12.8839897710956,202.54183947875));
#6182=CARTESIAN_POINT('Origin',(237.828501359264,7.84581608195557,206.206772026285));
#6183=CARTESIAN_POINT('',(237.994851582802,2.79823244968557,206.22096983003));
#6184=CARTESIAN_POINT('',(238.356902075672,12.8933997142156,206.19257422253));
#6185=CARTESIAN_POINT('',(238.233743861541,9.45934066405887,206.202233516966));
#6186=CARTESIAN_POINT('',(237.828501359264,2.79823244969557,206.22096983003));
#6187=CARTESIAN_POINT('',(237.828501359264,2.79823244968557,206.22096983003));
#6188=CARTESIAN_POINT('',(237.828501359264,12.8933997142256,206.19257422254));
#6189=CARTESIAN_POINT('',(237.828501359274,12.8933997142256,206.19257422253));
#6190=CARTESIAN_POINT('',(239.264144916514,12.8933997142156,206.19257422253));
#6191=CARTESIAN_POINT('Origin',(237.120932004024,10.3156864777206,207.660129278955));
#6192=CARTESIAN_POINT('',(238.012380080934,3.29074902891557,207.67988896805));
#6193=CARTESIAN_POINT('',(238.404527537497,14.2251193568598,207.649132856741));
#6194=CARTESIAN_POINT('',(238.012380080934,3.29074902890557,207.67988896804));
#6195=CARTESIAN_POINT('Origin',(237.828501359264,2.79352747812557,204.395602458135));
#6196=CARTESIAN_POINT('',(237.828501359264,6.28356206507557,202.56040511017));
#6197=CARTESIAN_POINT('',(237.828501359274,6.28356206506557,202.56040511016));
#6198=CARTESIAN_POINT('',(237.828501359274,6.28356206507557,202.56040511016));
#6199=CARTESIAN_POINT('',(237.828501359274,13.8337679392156,204.48047542438));
#6200=CARTESIAN_POINT('',(237.828501359274,11.8823910148756,205.35574290114));
#6201=CARTESIAN_POINT('Origin',(237.828501359274,11.8798503302393,204.370044520318));
#6202=CARTESIAN_POINT('Origin',(236.392857802024,16.4353886644066,243.055299584895));
#6203=CARTESIAN_POINT('',(236.392857802024,18.1824372365723,209.029548507105));
#6204=CARTESIAN_POINT('',(236.392857802024,18.1609715924256,200.70161581958));
#6205=CARTESIAN_POINT('',(236.392857802024,18.2428324628186,232.460822005994));
#6206=CARTESIAN_POINT('',(236.392857802024,8.62344769568558,201.07640254865));
#6207=CARTESIAN_POINT('',(236.392857802024,8.62344769568558,201.07640254864));
#6208=CARTESIAN_POINT('',(236.392857802024,6.98094038703557,201.82796406054));
#6209=CARTESIAN_POINT('Origin',(236.392857802024,8.71540589943427,203.630119976115));
#6210=CARTESIAN_POINT('',(236.392857802024,6.98094038702558,201.82796406054));
#6211=CARTESIAN_POINT('',(236.392857802024,17.4316607723277,209.024771730655));
#6212=CARTESIAN_POINT('',(236.392857802024,11.8829556114656,205.57478698576));
#6213=CARTESIAN_POINT('',(236.392857802024,11.9273096235856,205.57377080919));
#6214=CARTESIAN_POINT('Origin',(236.392857802025,11.8798503302429,204.370044520317));
#6215=CARTESIAN_POINT('Origin',(236.392857802025,11.8798503302429,204.370044520317));
#6216=CARTESIAN_POINT('Origin',(238.546323137894,18.2155492625256,221.87587733351));
#6217=CARTESIAN_POINT('',(238.546323137894,18.1830805131454,209.279117717275));
#6218=CARTESIAN_POINT('',(238.012380080934,3.29446745612997,209.122511020562));
#6219=CARTESIAN_POINT('',(238.439487032818,15.2040335750202,209.247782448008));
#6220=CARTESIAN_POINT('',(238.012380080934,3.29074902890557,207.67988896805));
#6221=CARTESIAN_POINT('',(237.984354325803,2.50632226575017,206.527556649256));
#6222=CARTESIAN_POINT('',(238.24732210683,9.85219691582945,211.72959633541));
#6223=CARTESIAN_POINT('',(238.120186027141,6.28356206506557,202.56040511016));
#6224=CARTESIAN_POINT('',(238.324585874358,11.9829070104205,202.5443740373));
#6225=CARTESIAN_POINT('',(238.151519638226,7.15489446891557,201.64526393019));
#6226=CARTESIAN_POINT('',(237.923748283455,0.82097522982684,208.297639419392));
#6227=CARTESIAN_POINT('',(238.549226131554,18.1631617541319,201.613956116647));
#6228=CARTESIAN_POINT('',(238.419149719494,14.6173078301121,201.624273712287));
#6229=CARTESIAN_POINT('',(238.546323137894,18.197173780902,214.746821574033));
#6230=CARTESIAN_POINT('Origin',(238.012380080924,3.32744780708557,221.917754468795));
#6231=CARTESIAN_POINT('',(249.147747806875,13.7686018373994,210.479630026734));
#6232=CARTESIAN_POINT('Ctrl Pts',(236.608204335614,11.9186806611556,205.35491148394));
#6233=CARTESIAN_POINT('Ctrl Pts',(236.392857802024,11.9273096235856,205.57377080919));
#6234=CARTESIAN_POINT('Ctrl Pts',(236.608204335614,12.1519591503956,205.34487459446));
#6235=CARTESIAN_POINT('Ctrl Pts',(236.392857802024,12.2124277771056,205.56150349983));
#6236=CARTESIAN_POINT('Ctrl Pts',(236.608204335614,12.3538404680756,205.2223573118));
#6237=CARTESIAN_POINT('Ctrl Pts',(236.392857802024,12.4591716098256,205.41176015436));
#6238=CARTESIAN_POINT('Ctrl Pts',(236.608204335614,13.7670096918256,204.36473633323));
#6239=CARTESIAN_POINT('Ctrl Pts',(236.392857802024,14.1863784388556,204.3635567361));
#6240=CARTESIAN_POINT('Ctrl Pts',(236.608204335614,12.3494398731956,203.51507763529));
#6241=CARTESIAN_POINT('Ctrl Pts',(236.392857802024,12.4537931049656,203.32508499417));
#6242=CARTESIAN_POINT('Ctrl Pts',(236.608204335614,10.9318700545656,202.66541893735));
#6243=CARTESIAN_POINT('Ctrl Pts',(236.392857802024,10.7212077710756,202.28661325223));
#6244=CARTESIAN_POINT('Ctrl Pts',(236.608204335614,10.9362706494456,204.37269861386));
#6245=CARTESIAN_POINT('Ctrl Pts',(236.392857802024,10.7265862759356,204.37328841243));
#6246=CARTESIAN_POINT('Ctrl Pts',(236.608204335614,10.9389110063756,205.39706641976));
#6247=CARTESIAN_POINT('Ctrl Pts',(236.392857802024,10.7298133788556,205.62529350853));
#6248=CARTESIAN_POINT('Ctrl Pts',(236.608204335614,11.9186806611556,205.35491148394));
#6249=CARTESIAN_POINT('Ctrl Pts',(236.392857802024,11.9273096235856,205.57377080919));
#6250=CARTESIAN_POINT('',(236.608204335614,11.9186806611556,205.35491148394));
#6251=CARTESIAN_POINT('',(236.608204335614,11.9186806611556,205.35491148394));
#6252=CARTESIAN_POINT('',(236.608204335614,11.8823910148756,205.35574290114));
#6253=CARTESIAN_POINT('Origin',(236.608204335614,11.8798503302387,204.370044520319));
#6254=CARTESIAN_POINT('',(236.608204335614,11.8823910148709,205.355742901135));
#6255=CARTESIAN_POINT('Origin',(237.929168052364,7.08356566623057,201.82018648986));
#6256=CARTESIAN_POINT('',(237.929168052364,6.98094038703557,201.82796406054));
#6257=CARTESIAN_POINT('',(237.763957224344,7.17457924315557,201.64520856102));
#6258=CARTESIAN_POINT('Origin',(239.820112837395,8.70743106376547,203.620908528252));
#6259=CARTESIAN_POINT('',(237.762545284944,7.15489446892557,201.6452639302));
#6260=CARTESIAN_POINT('',(237.763957224354,7.17457924315557,201.64520856101));
#6261=CARTESIAN_POINT('',(237.929168052374,6.98094038703557,201.82796406053));
#6262=CARTESIAN_POINT('Origin',(238.549230619964,12.7268010627856,202.023340025385));
#6263=CARTESIAN_POINT('',(237.654875060984,18.1609715924256,200.70161581958));
#6264=CARTESIAN_POINT('',(237.312791581684,8.62344769568557,201.07640254865));
#6265=CARTESIAN_POINT('',(237.654875060994,18.1609715924256,200.70161581957));
#6266=CARTESIAN_POINT('',(238.737602405183,18.1638102922521,201.802933848987));
#6267=CARTESIAN_POINT('',(238.358029871728,15.4569360701556,201.621912012543));
#6268=CARTESIAN_POINT('Ctrl Pts',(237.763957224343,7.17457924315686,201.645208561022));
#6269=CARTESIAN_POINT('Ctrl Pts',(237.623872161903,7.35934835665177,201.48868743812));
#6270=CARTESIAN_POINT('Ctrl Pts',(237.505375302895,7.57614602722625,201.351702162976));
#6271=CARTESIAN_POINT('Ctrl Pts',(237.383220161313,7.94894407326028,201.199172403202));
#6272=CARTESIAN_POINT('Ctrl Pts',(237.352264609292,8.08101738077791,201.157669864067));
#6273=CARTESIAN_POINT('Ctrl Pts',(237.314838108283,8.35113936510726,201.099121810279));
#6274=CARTESIAN_POINT('Ctrl Pts',(237.307883463079,8.48660595572772,201.081779884389));
#6275=CARTESIAN_POINT('Ctrl Pts',(237.312791581688,8.62344769567847,201.07640254865));
#6276=CARTESIAN_POINT('Ctrl Pts',(237.929168052374,8.62344769568557,201.07640254865));
#6277=CARTESIAN_POINT('Ctrl Pts',(234.106336530223,8.62344769568557,201.07640254865));
#6278=CARTESIAN_POINT('Ctrl Pts',(237.929168052374,7.66049510076558,201.114242753));
#6279=CARTESIAN_POINT('Ctrl Pts',(234.106336530223,7.66049510076558,201.114242753));
#6280=CARTESIAN_POINT('Ctrl Pts',(237.929168052374,6.98094038703557,201.82796406055));
#6281=CARTESIAN_POINT('Ctrl Pts',(234.106336530223,6.98094038703557,201.82796406055));
#6282=CARTESIAN_POINT('',(237.312791581684,8.62344769568557,201.07640254864));
#6283=CARTESIAN_POINT('',(237.929168052364,6.98094038702557,201.82796406054));
#6284=CARTESIAN_POINT('Origin',(237.023866431509,8.62344769568558,201.07640254865));
#6285=CARTESIAN_POINT('',(237.654875060984,18.1609715924256,200.70161581957));
#6286=CARTESIAN_POINT('Ctrl Pts',(237.828501359274,11.8823910148756,205.35574290114));
#6287=CARTESIAN_POINT('Ctrl Pts',(234.792011869361,11.8823910148756,205.35574290114));
#6288=CARTESIAN_POINT('Ctrl Pts',(237.828501359274,12.4271669975856,205.35421055952));
#6289=CARTESIAN_POINT('Ctrl Pts',(234.792011869361,12.4271669975856,205.35421055952));
#6290=CARTESIAN_POINT('Ctrl Pts',(237.828501359274,12.6982846466256,204.86059519829));
#6291=CARTESIAN_POINT('Ctrl Pts',(234.792011869361,12.6982846466256,204.86059519829));
#6292=CARTESIAN_POINT('Ctrl Pts',(237.828501359274,13.5116375937256,203.37974911463));
#6293=CARTESIAN_POINT('Ctrl Pts',(234.792011869361,13.5116375937256,203.37974911463));
#6294=CARTESIAN_POINT('Ctrl Pts',(237.828501359274,11.8773096455956,203.3843461395));
#6295=CARTESIAN_POINT('Ctrl Pts',(234.792011869361,11.8773096455956,203.3843461395));
#6296=CARTESIAN_POINT('Ctrl Pts',(237.828501359274,10.2429816974656,203.38894316436));
#6297=CARTESIAN_POINT('Ctrl Pts',(234.792011869361,10.2429816974656,203.38894316436));
#6298=CARTESIAN_POINT('Ctrl Pts',(237.828501359274,11.0639566984956,204.86519222316));
#6299=CARTESIAN_POINT('Ctrl Pts',(234.792011869361,11.0639566984956,204.86519222316));
#6300=CARTESIAN_POINT('Ctrl Pts',(237.828501359274,11.3376150321756,205.35727524275));
#6301=CARTESIAN_POINT('Ctrl Pts',(234.792011869361,11.3376150321756,205.35727524275));
#6302=CARTESIAN_POINT('Ctrl Pts',(237.828501359274,11.8823910148756,205.35574290114));
#6303=CARTESIAN_POINT('Ctrl Pts',(234.792011869361,11.8823910148756,205.35574290114));
#6304=CARTESIAN_POINT('Origin',(236.608204335614,11.8798503302387,204.370044520319));
#6305=CARTESIAN_POINT('',(237.828501359274,11.8823910148766,205.35574290114));
#6306=CARTESIAN_POINT('Ctrl Pts',(236.608204335614,11.9186806611556,205.35491148394));
#6307=CARTESIAN_POINT('Ctrl Pts',(236.392857802024,11.9273096235856,205.57377080919));
#6308=CARTESIAN_POINT('Ctrl Pts',(236.608204335614,12.1519591503956,205.34487459446));
#6309=CARTESIAN_POINT('Ctrl Pts',(236.392857802024,12.2124277771056,205.56150349983));
#6310=CARTESIAN_POINT('Ctrl Pts',(236.608204335614,12.3538404680756,205.2223573118));
#6311=CARTESIAN_POINT('Ctrl Pts',(236.392857802024,12.4591716098256,205.41176015436));
#6312=CARTESIAN_POINT('Ctrl Pts',(236.608204335614,13.7670096918256,204.36473633323));
#6313=CARTESIAN_POINT('Ctrl Pts',(236.392857802024,14.1863784388556,204.3635567361));
#6314=CARTESIAN_POINT('Ctrl Pts',(236.608204335614,12.3494398731956,203.51507763529));
#6315=CARTESIAN_POINT('Ctrl Pts',(236.392857802024,12.4537931049656,203.32508499417));
#6316=CARTESIAN_POINT('Ctrl Pts',(236.608204335614,10.9318700545656,202.66541893735));
#6317=CARTESIAN_POINT('Ctrl Pts',(236.392857802024,10.7212077710756,202.28661325223));
#6318=CARTESIAN_POINT('Ctrl Pts',(236.608204335614,10.9362706494456,204.37269861386));
#6319=CARTESIAN_POINT('Ctrl Pts',(236.392857802024,10.7265862759356,204.37328841243));
#6320=CARTESIAN_POINT('Ctrl Pts',(236.608204335614,10.9389110063756,205.39706641976));
#6321=CARTESIAN_POINT('Ctrl Pts',(236.392857802024,10.7298133788556,205.62529350853));
#6322=CARTESIAN_POINT('Ctrl Pts',(236.608204335614,11.9186806611556,205.35491148394));
#6323=CARTESIAN_POINT('Ctrl Pts',(236.392857802024,11.9273096235856,205.57377080919));
#6324=CARTESIAN_POINT('Origin',(238.546323137894,13.8337679392256,204.48047542439));
#6325=CARTESIAN_POINT('Origin',(238.546323137894,12.8839897711056,202.54183947876));
#6326=CARTESIAN_POINT('',(239.264144916514,6.28356206506557,202.56040511016));
#6327=CARTESIAN_POINT('Origin',(237.828501359274,2.69469854648557,206.32970920198));
#6328=CARTESIAN_POINT('',(237.762545284944,7.15489446891557,201.64526393019));
#6329=CARTESIAN_POINT('Origin',(238.513345100734,18.1633240782056,201.61429950553));
#6330=CARTESIAN_POINT('Origin',(239.335927094384,18.1788504843556,207.63801183276));
#6331=CARTESIAN_POINT('',(280.331856325414,18.1955625593656,214.12172295672));
#6332=CARTESIAN_POINT('Origin',(264.332752976974,18.1907833563156,212.267556316025));
#6333=CARTESIAN_POINT('Origin',(236.392857802024,16.4353886644066,243.055299584895));
#6334=CARTESIAN_POINT('',(236.392857802024,18.2701269326256,243.05013884744));
#6335=CARTESIAN_POINT('',(236.392857802024,18.2486612884814,234.722206159907));
#6336=CARTESIAN_POINT('',(236.392857802024,18.2428324628186,232.460822005994));
#6337=CARTESIAN_POINT('',(236.392857802024,2.52270520299968,234.910736260233));
#6338=CARTESIAN_POINT('',(236.392857802024,16.0796059779787,234.748209807194));
#6339=CARTESIAN_POINT('',(236.392857802024,2.52780755612558,236.89027402734));
#6340=CARTESIAN_POINT('',(236.392857802024,2.52780755611557,236.89027402734));
#6341=CARTESIAN_POINT('',(236.392857802024,2.77506500079558,237.50913326581));
#6342=CARTESIAN_POINT('Origin',(236.392857802024,3.36654505017618,236.887914833035));
#6343=CARTESIAN_POINT('',(236.392857802024,7.08445144824557,241.98670069126));
#6344=CARTESIAN_POINT('',(236.392857802024,2.77506500078558,237.50913326582));
#6345=CARTESIAN_POINT('',(236.392857802024,8.73080928363558,242.72901130901));
#6346=CARTESIAN_POINT('Origin',(236.392857802024,8.80960159225628,240.174813595749));
#6347=CARTESIAN_POINT('',(236.392857802024,8.73080928363558,242.72901130902));
#6348=CARTESIAN_POINT('',(236.392857802024,11.9732910654256,240.62184052607));
#6349=CARTESIAN_POINT('',(236.392857802014,12.0176450775456,240.6208243495));
#6350=CARTESIAN_POINT('Origin',(236.392857802014,11.9701857841985,239.417098060615));
#6351=CARTESIAN_POINT('Origin',(236.392857802014,11.9701857841985,239.417098060615));
#6352=CARTESIAN_POINT('Origin',(239.335927094384,18.1788504843556,207.63801183276));
#6353=CARTESIAN_POINT('',(238.546323137894,18.2480180119058,234.472636949674));
#6354=CARTESIAN_POINT('',(238.546323137895,18.2677897297462,242.143384395689));
#6355=CARTESIAN_POINT('',(238.546323137894,18.197173780902,214.746821574033));
#6356=CARTESIAN_POINT('',(274.279245460844,18.2373439830256,230.33148034212));
#6357=CARTESIAN_POINT('',(237.654875060984,18.2701269326256,243.05013884744));
#6358=CARTESIAN_POINT('',(236.392857802024,18.2701269326256,243.05013884744));
#6359=CARTESIAN_POINT('',(237.492577057358,18.2705524463014,243.215223546271));
#6360=CARTESIAN_POINT('Origin',(239.264144916524,2.48922124927057,221.920112225895));
#6361=CARTESIAN_POINT('',(237.982318138368,2.52780755611557,236.89027402734));
#6362=CARTESIAN_POINT('',(237.982318138368,2.52592002743557,236.15797772665));
#6363=CARTESIAN_POINT('',(237.982318138369,2.489190388904,221.908139463575));
#6364=CARTESIAN_POINT('',(239.264144916514,2.52780755611557,236.89027402734));
#6365=CARTESIAN_POINT('',(237.120932004034,2.52248771490998,234.826358350551));
#6366=CARTESIAN_POINT('',(244.526572654825,2.52027552467117,233.968104512906));
#6367=CARTESIAN_POINT('',(237.120932004024,2.52592002743557,236.15797772664));
#6368=CARTESIAN_POINT('',(237.120932004034,2.45252247108558,207.68224672515));
#6369=CARTESIAN_POINT('',(237.120932004024,2.52592002743557,236.15797772665));
#6370=CARTESIAN_POINT('Origin',(238.012380080924,3.32744780708557,221.917754468795));
#6371=CARTESIAN_POINT('',(238.012380080934,3.36042815803117,234.712997917025));
#6372=CARTESIAN_POINT('',(244.271506680905,9.24386147585217,233.917060023104));
#6373=CARTESIAN_POINT('',(238.012380080934,3.36414658525557,236.15561996954));
#6374=CARTESIAN_POINT('',(238.012380080934,3.29074902890557,207.67988896805));
#6375=CARTESIAN_POINT('',(237.120932004034,2.52592002743557,236.15797772665));
#6376=CARTESIAN_POINT('Ctrl Pts',(236.608204335604,12.0090161151256,240.40196502424));
#6377=CARTESIAN_POINT('Ctrl Pts',(236.392857802014,12.0176450775456,240.6208243495));
#6378=CARTESIAN_POINT('Ctrl Pts',(236.608204335604,12.2422946043656,240.39192813476));
#6379=CARTESIAN_POINT('Ctrl Pts',(236.392857802014,12.3027632310656,240.60855704013));
#6380=CARTESIAN_POINT('Ctrl Pts',(236.608204335604,12.4441759220456,240.2694108521));
#6381=CARTESIAN_POINT('Ctrl Pts',(236.392857802014,12.5495070637856,240.45881369466));
#6382=CARTESIAN_POINT('Ctrl Pts',(236.608204335604,13.8573451457956,239.41178987353));
#6383=CARTESIAN_POINT('Ctrl Pts',(236.392857802014,14.2767138928256,239.41061027639));
#6384=CARTESIAN_POINT('Ctrl Pts',(236.608204335604,12.4397753271556,238.56213117558));
#6385=CARTESIAN_POINT('Ctrl Pts',(236.392857802014,12.5441285589256,238.37213853446));
#6386=CARTESIAN_POINT('Ctrl Pts',(236.608204335604,11.0222055085156,237.71247247763));
#6387=CARTESIAN_POINT('Ctrl Pts',(236.392857802014,10.8115432250256,237.33366679252));
#6388=CARTESIAN_POINT('Ctrl Pts',(236.608204335604,11.0266061034056,239.41975215416));
#6389=CARTESIAN_POINT('Ctrl Pts',(236.392857802014,10.8169217298856,239.42034195272));
#6390=CARTESIAN_POINT('Ctrl Pts',(236.608204335604,11.0292464603356,240.44411996006));
#6391=CARTESIAN_POINT('Ctrl Pts',(236.392857802014,10.8201488328056,240.67234704883));
#6392=CARTESIAN_POINT('Ctrl Pts',(236.608204335604,12.0090161151256,240.40196502424));
#6393=CARTESIAN_POINT('Ctrl Pts',(236.392857802014,12.0176450775456,240.6208243495));
#6394=CARTESIAN_POINT('',(236.608204335604,12.0090161151256,240.40196502424));
#6395=CARTESIAN_POINT('',(236.608204335604,12.0090161151256,240.40196502424));
#6396=CARTESIAN_POINT('',(236.608204335614,11.9727264688356,240.40279644145));
#6397=CARTESIAN_POINT('Origin',(236.608204335614,11.9701857842001,239.417098060612));
#6398=CARTESIAN_POINT('',(236.608204335604,11.9727264688415,240.402796441435));
#6399=CARTESIAN_POINT('Ctrl Pts',(239.264144916524,2.52780755612557,236.89027402734));
#6400=CARTESIAN_POINT('Ctrl Pts',(232.119463763772,2.52780755612557,236.89027402734));
#6401=CARTESIAN_POINT('Ctrl Pts',(239.264144916524,2.52874301037558,237.25319814978));
#6402=CARTESIAN_POINT('Ctrl Pts',(232.119463763772,2.52874301037558,237.25319814978));
#6403=CARTESIAN_POINT('Ctrl Pts',(239.264144916524,2.77506500079557,237.50913326581));
#6404=CARTESIAN_POINT('Ctrl Pts',(232.119463763772,2.77506500079557,237.50913326581));
#6405=CARTESIAN_POINT('',(237.991128444488,2.77506500078557,237.50913326582));
#6406=CARTESIAN_POINT('Origin',(238.012394032073,3.36642324637979,236.887964911108));
#6407=CARTESIAN_POINT('',(239.264144916514,2.77506500078557,237.50913326582));
#6408=CARTESIAN_POINT('Ctrl Pts',(236.392857802024,8.73080928363558,242.72901130901));
#6409=CARTESIAN_POINT('Ctrl Pts',(240.215689324175,8.73080928363558,242.72901130901));
#6410=CARTESIAN_POINT('Ctrl Pts',(236.392857802024,7.76767558317555,242.69658878511));
#6411=CARTESIAN_POINT('Ctrl Pts',(240.215689324175,7.76767558317555,242.69658878511));
#6412=CARTESIAN_POINT('Ctrl Pts',(236.392857802024,7.08445144824557,241.98670069126));
#6413=CARTESIAN_POINT('Ctrl Pts',(240.215689324175,7.08445144824557,241.98670069126));
#6414=CARTESIAN_POINT('',(237.312791581684,8.73080928363557,242.72901130901));
#6415=CARTESIAN_POINT('',(236.392857802024,8.73080928363558,242.72901130902));
#6416=CARTESIAN_POINT('',(237.929168052364,7.08445144824557,241.98670069126));
#6417=CARTESIAN_POINT('',(236.392857802024,7.08445144823558,241.98670069126));
#6418=CARTESIAN_POINT('',(237.763957224344,7.27902961179557,242.16836421699));
#6419=CARTESIAN_POINT('Origin',(239.820114513731,8.80167571367467,240.184068165853));
#6420=CARTESIAN_POINT('Ctrl Pts',(237.31279158169,8.7308092836283,242.72901130901));
#6421=CARTESIAN_POINT('Ctrl Pts',(237.308089062558,8.59967514100592,242.724596864918));
#6422=CARTESIAN_POINT('Ctrl Pts',(237.314274554056,8.4696932063635,242.709190270407));
#6423=CARTESIAN_POINT('Ctrl Pts',(237.348281378793,8.21016834886402,242.656404514659));
#6424=CARTESIAN_POINT('Ctrl Pts',(237.376539014061,8.08292060226826,242.61874260799));
#6425=CARTESIAN_POINT('Ctrl Pts',(237.495322603958,7.70072909174715,242.471137047522));
#6426=CARTESIAN_POINT('Ctrl Pts',(237.617854471623,7.47257466880396,242.330522635785));
#6427=CARTESIAN_POINT('Ctrl Pts',(237.763957224346,7.27902961180035,242.168364216986));
#6428=CARTESIAN_POINT('Origin',(237.302950332204,12.7481311711956,243.020766901235));
#6429=CARTESIAN_POINT('',(238.54049399152,18.105238533184,242.137912341237));
#6430=CARTESIAN_POINT('',(238.307272395259,11.6016362725286,241.918977836517));
#6431=CARTESIAN_POINT('',(237.312791581694,8.73080928363557,242.72901130902));
#6432=CARTESIAN_POINT('',(238.153514208806,12.7100993032806,242.153087746648));
#6433=CARTESIAN_POINT('Origin',(236.392857802024,13.5004681081306,242.889575078225));
#6434=CARTESIAN_POINT('Origin',(237.762545284944,7.17627385760558,242.162593562105));
#6435=CARTESIAN_POINT('',(237.762545284944,7.25934483756557,242.16841958616));
#6436=CARTESIAN_POINT('',(237.929168052374,7.08445144823557,241.98670069127));
#6437=CARTESIAN_POINT('',(237.762545284954,7.25934483756557,242.16841958617));
#6438=CARTESIAN_POINT('Origin',(237.828501359264,2.88386293209558,239.442655998445));
#6439=CARTESIAN_POINT('',(237.828501359264,6.38330746216557,241.25819339424));
#6440=CARTESIAN_POINT('',(237.828501359264,2.87915796053557,237.61728862655));
#6441=CARTESIAN_POINT('',(237.828501359274,6.38330746215557,241.25819339425));
#6442=CARTESIAN_POINT('',(237.828501359264,12.9743252250656,237.58889301905));
#6443=CARTESIAN_POINT('',(237.828501359274,2.87915796053557,237.61728862655));
#6444=CARTESIAN_POINT('',(237.828501359264,13.9235057834456,239.29567690917));
#6445=CARTESIAN_POINT('',(237.828501359274,12.9743252250556,237.58889301906));
#6446=CARTESIAN_POINT('',(237.828501359264,13.9241033931956,239.52752896468));
#6447=CARTESIAN_POINT('',(237.828501359274,13.9241033931856,239.52752896468));
#6448=CARTESIAN_POINT('',(237.828501359264,12.9837351681856,241.23962776283));
#6449=CARTESIAN_POINT('',(237.828501359274,13.9241033931856,239.52752896468));
#6450=CARTESIAN_POINT('',(237.828501359274,12.9837351681856,241.23962776284));
#6451=CARTESIAN_POINT('',(237.828501359274,11.9727264688356,240.40279644145));
#6452=CARTESIAN_POINT('Origin',(237.828501359274,11.9701857842006,239.417098060611));
#6453=CARTESIAN_POINT('Ctrl Pts',(237.828501359274,11.9727264688356,240.40279644143));
#6454=CARTESIAN_POINT('Ctrl Pts',(234.792011869361,11.9727264688356,240.40279644143));
#6455=CARTESIAN_POINT('Ctrl Pts',(237.828501359274,12.5175024515556,240.40126409982));
#6456=CARTESIAN_POINT('Ctrl Pts',(234.792011869361,12.5175024515556,240.40126409982));
#6457=CARTESIAN_POINT('Ctrl Pts',(237.828501359274,12.7886201005856,239.90764873859));
#6458=CARTESIAN_POINT('Ctrl Pts',(234.792011869361,12.7886201005856,239.90764873859));
#6459=CARTESIAN_POINT('Ctrl Pts',(237.828501359274,13.6019730476856,238.42680265493));
#6460=CARTESIAN_POINT('Ctrl Pts',(234.792011869361,13.6019730476856,238.42680265493));
#6461=CARTESIAN_POINT('Ctrl Pts',(237.828501359274,11.9676450995556,238.43139967979));
#6462=CARTESIAN_POINT('Ctrl Pts',(234.792011869361,11.9676450995556,238.43139967979));
#6463=CARTESIAN_POINT('Ctrl Pts',(237.828501359274,10.3333171514356,238.43599670466));
#6464=CARTESIAN_POINT('Ctrl Pts',(234.792011869361,10.3333171514356,238.43599670466));
#6465=CARTESIAN_POINT('Ctrl Pts',(237.828501359274,11.1542921524556,239.91224576346));
#6466=CARTESIAN_POINT('Ctrl Pts',(234.792011869361,11.1542921524556,239.91224576346));
#6467=CARTESIAN_POINT('Ctrl Pts',(237.828501359274,11.4279504861356,240.40432878305));
#6468=CARTESIAN_POINT('Ctrl Pts',(234.792011869361,11.4279504861356,240.40432878305));
#6469=CARTESIAN_POINT('Ctrl Pts',(237.828501359274,11.9727264688356,240.40279644143));
#6470=CARTESIAN_POINT('Ctrl Pts',(234.792011869361,11.9727264688356,240.40279644143));
#6471=CARTESIAN_POINT('Origin',(236.608204335614,11.9701857842001,239.417098060612));
#6472=CARTESIAN_POINT('',(237.828501359274,11.9727264688366,240.40279644143));
#6473=CARTESIAN_POINT('Ctrl Pts',(236.608204335604,12.0090161151256,240.40196502424));
#6474=CARTESIAN_POINT('Ctrl Pts',(236.392857802014,12.0176450775456,240.6208243495));
#6475=CARTESIAN_POINT('Ctrl Pts',(236.608204335604,12.2422946043656,240.39192813476));
#6476=CARTESIAN_POINT('Ctrl Pts',(236.392857802014,12.3027632310656,240.60855704013));
#6477=CARTESIAN_POINT('Ctrl Pts',(236.608204335604,12.4441759220456,240.2694108521));
#6478=CARTESIAN_POINT('Ctrl Pts',(236.392857802014,12.5495070637856,240.45881369466));
#6479=CARTESIAN_POINT('Ctrl Pts',(236.608204335604,13.8573451457956,239.41178987353));
#6480=CARTESIAN_POINT('Ctrl Pts',(236.392857802014,14.2767138928256,239.41061027639));
#6481=CARTESIAN_POINT('Ctrl Pts',(236.608204335604,12.4397753271556,238.56213117558));
#6482=CARTESIAN_POINT('Ctrl Pts',(236.392857802014,12.5441285589256,238.37213853446));
#6483=CARTESIAN_POINT('Ctrl Pts',(236.608204335604,11.0222055085156,237.71247247763));
#6484=CARTESIAN_POINT('Ctrl Pts',(236.392857802014,10.8115432250256,237.33366679252));
#6485=CARTESIAN_POINT('Ctrl Pts',(236.608204335604,11.0266061034056,239.41975215416));
#6486=CARTESIAN_POINT('Ctrl Pts',(236.392857802014,10.8169217298856,239.42034195272));
#6487=CARTESIAN_POINT('Ctrl Pts',(236.608204335604,11.0292464603356,240.44411996006));
#6488=CARTESIAN_POINT('Ctrl Pts',(236.392857802014,10.8201488328056,240.67234704883));
#6489=CARTESIAN_POINT('Ctrl Pts',(236.608204335604,12.0090161151256,240.40196502424));
#6490=CARTESIAN_POINT('Ctrl Pts',(236.392857802014,12.0176450775456,240.6208243495));
#6491=CARTESIAN_POINT('Origin',(239.264144916524,13.9238045883206,239.41160293693));
#6492=CARTESIAN_POINT('',(238.39078522245,13.9241033931856,239.52752896469));
#6493=CARTESIAN_POINT('',(238.390785222449,13.9235057834356,239.29567690917));
#6494=CARTESIAN_POINT('',(238.390785222441,13.9011933172135,230.63920642887));
#6495=CARTESIAN_POINT('',(237.828501359264,13.9241033931856,239.52752896469));
#6496=CARTESIAN_POINT('',(237.828501359264,13.9235057834356,239.29567690917));
#6497=CARTESIAN_POINT('Origin',(238.546323137894,13.9235057834456,239.29567690917));
#6498=CARTESIAN_POINT('',(238.356902075672,12.9743252250556,237.58889301906));
#6499=CARTESIAN_POINT('',(238.246976461162,9.89494015944824,232.051648524239));
#6500=CARTESIAN_POINT('',(239.264144916514,12.9743252250556,237.58889301906));
#6501=CARTESIAN_POINT('Origin',(238.546323137894,12.9743252250656,237.58889301905));
#6502=CARTESIAN_POINT('',(237.994851582802,2.87915796053557,237.61728862655));
#6503=CARTESIAN_POINT('',(238.324733524823,12.0773594485268,237.591415997369));
#6504=CARTESIAN_POINT('',(239.264144916514,2.87915796053557,237.61728862655));
#6505=CARTESIAN_POINT('Origin',(238.192538460274,18.2522480406956,236.11374283425));
#6506=CARTESIAN_POINT('',(238.419089017514,14.7045392202894,236.123721801863));
#6507=CARTESIAN_POINT('Origin',(239.264144916524,5.01720491918057,239.83877642599));
#6508=CARTESIAN_POINT('',(238.151519638226,7.25934483755557,242.16841958617));
#6509=CARTESIAN_POINT('',(238.120186027141,6.38330746215557,241.25819339425));
#6510=CARTESIAN_POINT('',(237.963866175232,2.01285579539737,236.717177577665));
#6511=CARTESIAN_POINT('',(239.264144916514,7.25934483755557,242.16841958617));
#6512=CARTESIAN_POINT('',(237.963866175232,2.01285579539737,236.717177577665));
#6513=CARTESIAN_POINT('',(237.828501359264,6.38330746215557,241.25819339425));
#6514=CARTESIAN_POINT('Origin',(248.327187874119,15.8068700906106,233.368344450405));
#6515=CARTESIAN_POINT('',(238.385236298806,13.7565375817497,234.545152151347));
#6516=CARTESIAN_POINT('Origin',(237.762545284944,12.7635596422006,242.152937373825));
#6517=CARTESIAN_POINT('',(238.320264132855,11.9645004216494,242.155184961349));
#6518=CARTESIAN_POINT('Origin',(237.828501359264,9.68352131517057,241.248910578535));
#6519=CARTESIAN_POINT('',(238.356902075672,12.9837351681756,241.23962776284));
#6520=CARTESIAN_POINT('',(238.265184873633,10.4263557035588,241.24682113978));
#6521=CARTESIAN_POINT('',(239.264144916514,12.9837351681756,241.23962776284));
#6522=CARTESIAN_POINT('Origin',(238.546323137894,13.9241033931956,239.52752896468));
#6523=CARTESIAN_POINT('',(238.513289372342,17.3239945174662,233.337454318468));
#6524=CARTESIAN_POINT('Origin',(238.292189199107,11.1293965865525,221.873896077675));
#6525=CARTESIAN_POINT('Origin',(238.292189199107,11.1293965865525,221.873896077675));
#6526=CARTESIAN_POINT('',(238.356902075672,12.8839897710956,202.54183947875));
#6527=CARTESIAN_POINT('',(238.120186027141,6.28356206506557,202.56040511016));
#6528=CARTESIAN_POINT('',(238.324585874358,11.9829070104205,202.5443740373));
#6529=CARTESIAN_POINT('',(238.390785222449,13.8331703294756,204.24862336886));
#6530=CARTESIAN_POINT('',(238.512980492125,17.2562695789399,210.403922907623));
#6531=CARTESIAN_POINT('',(238.39078522245,13.8337679392256,204.48047542438));
#6532=CARTESIAN_POINT('',(238.390785222444,13.8560255903192,213.115679658776));
#6533=CARTESIAN_POINT('',(238.356902075672,12.8933997142156,206.19257422253));
#6534=CARTESIAN_POINT('',(238.24732210683,9.85219691582945,211.72959633541));
#6535=CARTESIAN_POINT('',(238.012380080924,3.28698505166757,206.219595070536));
#6536=CARTESIAN_POINT('',(238.233743861541,9.45934066405887,206.202233516966));
#6537=CARTESIAN_POINT('',(238.012380080934,3.29074902891557,207.67988896805));
#6538=CARTESIAN_POINT('',(238.012380080924,3.32744329338778,221.916003308982));
#6539=CARTESIAN_POINT('',(238.546323137894,18.1788504843556,207.63801183276));
#6540=CARTESIAN_POINT('',(238.546323137904,18.1788504843556,207.63801183276));
#6541=CARTESIAN_POINT('',(238.546323138361,18.163324078436,201.614299505121));
#6542=CARTESIAN_POINT('',(238.546323137894,18.197173780902,214.746821574033));
#6543=CARTESIAN_POINT('',(238.151519638226,7.15489446891557,201.64526393019));
#6544=CARTESIAN_POINT('',(238.419149719494,14.6173078301121,201.624273712287));
#6545=CARTESIAN_POINT('',(237.923748283455,0.82097522982684,208.297639419392));
#6546=CARTESIAN_POINT('Origin',(237.828501359264,7.84581608195557,206.206772026285));
#6547=CARTESIAN_POINT('',(239.264144916514,12.8933997142256,206.19257422254));
#6548=CARTESIAN_POINT('',(239.264144916514,12.8933997142156,206.19257422253));
#6549=CARTESIAN_POINT('',(239.264144916514,10.4814827064856,206.19935844383));
#6550=CARTESIAN_POINT('',(239.264144916524,12.8933997142256,206.19257422253));
#6551=CARTESIAN_POINT('',(239.264144916524,4.08546152040497,206.217349122171));
#6552=CARTESIAN_POINT('',(239.264144916524,2.79823244969557,206.22096983003));
#6553=CARTESIAN_POINT('',(238.641126412929,3.87819376844527,206.217932123283));
#6554=CARTESIAN_POINT('',(260.356428160797,11.1025085366811,206.197611627231));
#6555=CARTESIAN_POINT('',(239.100219324756,4.30987776796507,206.216717885907));
#6556=CARTESIAN_POINT('Origin',(239.335927094384,18.1788504843556,207.63801183276));
#6557=CARTESIAN_POINT('',(239.264144916514,18.1788504843556,207.63801183276));
#6558=CARTESIAN_POINT('',(239.264144916514,18.1788504843556,207.63801183276));
#6559=CARTESIAN_POINT('',(240.125531050864,18.1765920980056,206.76183549426));
#6560=CARTESIAN_POINT('',(239.264144916514,18.1788504843556,207.63801183276));
#6561=CARTESIAN_POINT('',(240.125531050864,18.1655824645456,202.49047584403));
#6562=CARTESIAN_POINT('',(240.125531050874,18.1655824645456,202.49047584403));
#6563=CARTESIAN_POINT('',(239.264144916514,18.1633240782056,201.61429950553));
#6564=CARTESIAN_POINT('',(240.125531050874,18.1655824645456,202.49047584403));
#6565=CARTESIAN_POINT('',(238.546323137894,18.1633240782056,201.61429950553));
#6566=CARTESIAN_POINT('Origin',(238.546323137894,13.8337679392256,204.48047542439));
#6567=CARTESIAN_POINT('',(239.264144916514,13.8337679392256,204.48047542439));
#6568=CARTESIAN_POINT('',(237.828501359264,13.8337679392256,204.48047542438));
#6569=CARTESIAN_POINT('',(239.264144916524,13.8337679392156,204.48047542438));
#6570=CARTESIAN_POINT('Origin',(239.264144916524,13.8334691343556,204.364549396625));
#6571=CARTESIAN_POINT('',(239.264144916514,13.8331703294856,204.24862336887));
#6572=CARTESIAN_POINT('',(237.828501359264,13.8331703294756,204.24862336886));
#6573=CARTESIAN_POINT('',(239.264144916524,13.8337679392256,204.48047542439));
#6574=CARTESIAN_POINT('Origin',(238.546323137894,13.8331703294856,204.24862336887));
#6575=CARTESIAN_POINT('',(239.264144916514,12.8839897711056,202.54183947876));
#6576=CARTESIAN_POINT('',(239.264144916514,12.8839897710956,202.54183947875));
#6577=CARTESIAN_POINT('',(239.264144916524,12.8839897711056,202.54183947876));
#6578=CARTESIAN_POINT('Origin',(240.125531050864,14.3213689501956,202.501288817725));
#6579=CARTESIAN_POINT('',(240.125531050864,10.4771554358456,202.51210179142));
#6580=CARTESIAN_POINT('',(240.125531050874,10.4771554358456,202.51210179142));
#6581=CARTESIAN_POINT('',(239.264144916514,10.4748970494956,201.63592545292));
#6582=CARTESIAN_POINT('',(239.264144916524,10.4748970494956,201.63592545291));
#6583=CARTESIAN_POINT('',(239.264144916524,10.4748970494956,201.63592545291));
#6584=CARTESIAN_POINT('Ctrl Pts',(239.264144916514,11.8772155461656,203.34783879206));
#6585=CARTESIAN_POINT('Ctrl Pts',(241.407549262365,11.8772155461656,203.34783879206));
#6586=CARTESIAN_POINT('Ctrl Pts',(239.264144916514,12.8557426225456,203.34508639875));
#6587=CARTESIAN_POINT('Ctrl Pts',(241.407549262365,12.8557426225456,203.34508639875));
#6588=CARTESIAN_POINT('Ctrl Pts',(239.264144916514,12.8583774066156,204.36729212702));
#6589=CARTESIAN_POINT('Ctrl Pts',(241.407549262365,12.8583774066156,204.36729212702));
#6590=CARTESIAN_POINT('Ctrl Pts',(239.264144916514,12.8610121906956,205.38949785528));
#6591=CARTESIAN_POINT('Ctrl Pts',(241.407549262365,12.8610121906956,205.38949785528));
#6592=CARTESIAN_POINT('Ctrl Pts',(239.264144916514,11.8824851143056,205.39225024858));
#6593=CARTESIAN_POINT('Ctrl Pts',(241.407549262365,11.8824851143056,205.39225024858));
#6594=CARTESIAN_POINT('',(239.264144916514,11.8772155461656,203.34783879206));
#6595=CARTESIAN_POINT('',(240.125531050864,11.8772155461656,203.34783879206));
#6596=CARTESIAN_POINT('',(239.264144916514,11.8772155461556,203.34783879205));
#6597=CARTESIAN_POINT('',(240.125531050864,11.8824851143156,205.39225024858));
#6598=CARTESIAN_POINT('Origin',(240.125531050874,11.8798503302309,204.37004452031));
#6599=CARTESIAN_POINT('',(239.264144916514,11.8824851143156,205.39225024858));
#6600=CARTESIAN_POINT('',(239.264144916514,11.8824851143056,205.39225024857));
#6601=CARTESIAN_POINT('Origin',(239.264144916524,11.8798503302308,204.37004452031));
#6602=CARTESIAN_POINT('Origin',(239.264144916514,11.2831098212156,203.349509887995));
#6603=CARTESIAN_POINT('',(240.125531050864,10.6890040962756,203.35118098393));
#6604=CARTESIAN_POINT('',(240.125531050874,11.8772155461656,203.34783879205));
#6605=CARTESIAN_POINT('',(239.264144916514,10.6890040962756,203.35118098393));
#6606=CARTESIAN_POINT('',(239.264144916524,11.8772155461656,203.34783879205));
#6607=CARTESIAN_POINT('',(240.125531050864,10.6890040962656,203.35118098392));
#6608=CARTESIAN_POINT('Ctrl Pts',(240.125531050874,10.4787551261756,203.13272669787));
#6609=CARTESIAN_POINT('Ctrl Pts',(237.982126705023,10.4787551261756,203.13272669787));
#6610=CARTESIAN_POINT('Ctrl Pts',(240.125531050874,10.4793197227656,203.3517707825));
#6611=CARTESIAN_POINT('Ctrl Pts',(237.982126705023,10.4793197227656,203.3517707825));
#6612=CARTESIAN_POINT('Ctrl Pts',(240.125531050874,10.6890040962856,203.35118098393));
#6613=CARTESIAN_POINT('Ctrl Pts',(237.982126705023,10.6890040962856,203.35118098393));
#6614=CARTESIAN_POINT('',(240.125531050864,10.4787551261756,203.13272669787));
#6615=CARTESIAN_POINT('',(239.264144916514,10.4787551261756,203.13272669787));
#6616=CARTESIAN_POINT('',(240.125531050864,10.4787551261756,203.13272669786));
#6617=CARTESIAN_POINT('Origin',(240.125531050874,10.6884394996836,203.132136899302));
#6618=CARTESIAN_POINT('Origin',(239.264144916524,10.6884394996802,203.132136899296));
#6619=CARTESIAN_POINT('Origin',(240.125531050874,10.4768260878356,202.38432607539));
#6620=CARTESIAN_POINT('',(239.264144916514,10.4772495352756,202.54860913886));
#6621=CARTESIAN_POINT('',(239.264144916524,10.4787551261756,203.13272669787));
#6622=CARTESIAN_POINT('',(239.264144916524,10.4748970494956,201.63592545292));
#6623=CARTESIAN_POINT('',(240.125531050874,10.4787551261756,203.13272669787));
#6624=CARTESIAN_POINT('Origin',(239.264144916514,6.28238582217557,202.10406326719));
#6625=CARTESIAN_POINT('',(239.264144916514,6.28356206507557,202.56040511017));
#6626=CARTESIAN_POINT('',(239.264144916524,10.4772495352756,202.54860913885));
#6627=CARTESIAN_POINT('',(239.264144916514,7.15489446892557,201.6452639302));
#6628=CARTESIAN_POINT('',(239.264144916524,6.28356206506557,202.56040511016));
#6629=CARTESIAN_POINT('',(239.264144916524,10.4748970494956,201.63592545291));
#6630=CARTESIAN_POINT('Origin',(240.125531050864,10.4737185556206,204.647806767665));
#6631=CARTESIAN_POINT('',(240.125531050864,10.6928665706056,205.39559639831));
#6632=CARTESIAN_POINT('',(240.125531050874,10.6928665706056,205.3955963983));
#6633=CARTESIAN_POINT('',(240.125531050864,10.4792233723556,206.78348659278));
#6634=CARTESIAN_POINT('',(240.125531050874,18.1765920980056,206.76183549425));
#6635=CARTESIAN_POINT('',(240.125531050864,10.4837477451956,205.61375543387));
#6636=CARTESIAN_POINT('',(240.125531050874,10.4792233723456,206.78348659278));
#6637=CARTESIAN_POINT('Origin',(240.125531050874,10.6934311671861,205.614640482922));
#6638=CARTESIAN_POINT('Origin',(239.694837983694,11.8824851143156,205.39225024858));
#6639=CARTESIAN_POINT('',(239.264144916514,10.6928665706056,205.39559639831));
#6640=CARTESIAN_POINT('',(239.264144916524,10.6928665706056,205.3955963983));
#6641=CARTESIAN_POINT('',(240.125531050864,10.6928665705956,205.3955963983));
#6642=CARTESIAN_POINT('Origin',(239.264144916514,10.4767777349156,204.373991071935));
#6643=CARTESIAN_POINT('',(239.264144916514,10.4837477451956,205.61375543387));
#6644=CARTESIAN_POINT('',(239.264144916524,10.4814827064756,206.19935844383));
#6645=CARTESIAN_POINT('',(239.264144916524,12.8839897711056,202.54183947875));
#6646=CARTESIAN_POINT('Origin',(239.264144916524,10.6934311671878,205.614640482923));
#6647=CARTESIAN_POINT('Ctrl Pts',(240.125531050874,10.6928665706056,205.39559639831));
#6648=CARTESIAN_POINT('Ctrl Pts',(237.982126705023,10.6928665706056,205.39559639831));
#6649=CARTESIAN_POINT('Ctrl Pts',(240.125531050874,10.4845892909056,205.39618223901));
#6650=CARTESIAN_POINT('Ctrl Pts',(237.982126705023,10.4845892909056,205.39618223901));
#6651=CARTESIAN_POINT('Ctrl Pts',(240.125531050874,10.4837477451856,205.61375543387));
#6652=CARTESIAN_POINT('Ctrl Pts',(237.982126705023,10.4837477451856,205.61375543387));
#6653=CARTESIAN_POINT('',(240.125531050864,10.4837477451856,205.61375543386));
#6654=CARTESIAN_POINT('Origin',(239.694837983694,10.4758343711456,207.65967881622));
#6655=CARTESIAN_POINT('',(239.264144916514,10.4758343711456,207.65967881622));
#6656=CARTESIAN_POINT('',(240.125531050864,10.4792233723456,206.78348659278));
#6657=CARTESIAN_POINT('',(239.264144916524,10.4758343711356,207.65967881622));
#6658=CARTESIAN_POINT('Origin',(239.264144916514,14.3273424277456,207.64884532449));
#6659=CARTESIAN_POINT('',(239.264144916524,18.1788504843556,207.63801183276));
#6660=CARTESIAN_POINT('Origin',(237.120932004024,10.3156864777206,207.660129278955));
#6661=CARTESIAN_POINT('',(238.641126412931,3.88195774569617,207.678226020794));
#6662=CARTESIAN_POINT('',(239.527900732166,4.71578958003027,207.675880625134));
#6663=CARTESIAN_POINT('',(239.264144916524,4.08922549765497,207.677643019682));
#6664=CARTESIAN_POINT('',(260.407290495029,11.1231935549831,207.657857929366));
#6665=CARTESIAN_POINT('',(239.264144916524,10.4758343711456,207.65967881621));
#6666=CARTESIAN_POINT('Origin',(239.264144916514,2.45064048246057,206.95209977639));
#6667=CARTESIAN_POINT('',(239.264144916514,4.09900806308867,211.472942422706));
#6668=CARTESIAN_POINT('Origin',(238.513345100734,18.1633240782056,201.61429950553));
#6669=CARTESIAN_POINT('',(237.762545284944,7.15489446891557,201.64526393019));
#6670=CARTESIAN_POINT('Origin',(238.546323137894,12.8839897711056,202.54183947876));
#6671=CARTESIAN_POINT('',(239.264144916514,6.28356206506557,202.56040511016));
#6672=CARTESIAN_POINT('Origin',(237.828501359274,2.69469854648557,206.32970920198));
#6673=CARTESIAN_POINT('Origin',(281.615629855354,18.2003051546706,215.96168704858));
#6674=CARTESIAN_POINT('',(238.641126412954,3.91103031474067,218.957384296951));
#6675=CARTESIAN_POINT('Origin',(238.012380080924,3.32744780708557,221.917754468795));
#6676=CARTESIAN_POINT('Origin',(238.292189199107,11.1293965865525,221.873896077675));
#6677=CARTESIAN_POINT('',(237.982318138368,2.52592002743557,236.15797772665));
#6678=CARTESIAN_POINT('',(238.546323137894,18.2522480406956,236.11374283425));
#6679=CARTESIAN_POINT('',(238.419089017514,14.7045392202894,236.123721801863));
#6680=CARTESIAN_POINT('',(237.982318138368,2.52780755611557,236.89027402734));
#6681=CARTESIAN_POINT('',(237.982318138369,2.489190388904,221.908139463575));
#6682=CARTESIAN_POINT('',(237.991128444488,2.77506500078557,237.50913326582));
#6683=CARTESIAN_POINT('Origin',(238.012394032073,3.36642324637979,236.887964911108));
#6684=CARTESIAN_POINT('',(237.994851582802,2.87915796053557,237.61728862655));
#6685=CARTESIAN_POINT('',(237.963866175232,2.01285579539737,236.717177577665));
#6686=CARTESIAN_POINT('',(238.356902075672,12.9743252250556,237.58889301906));
#6687=CARTESIAN_POINT('',(238.324733524823,12.0773594485268,237.591415997369));
#6688=CARTESIAN_POINT('',(238.390785222449,13.9235057834356,239.29567690917));
#6689=CARTESIAN_POINT('',(238.246976461162,9.89494015944824,232.051648524239));
#6690=CARTESIAN_POINT('',(238.39078522245,13.9241033931856,239.52752896469));
#6691=CARTESIAN_POINT('',(238.390785222441,13.9011933172135,230.63920642887));
#6692=CARTESIAN_POINT('',(238.356902075672,12.9837351681756,241.23962776284));
#6693=CARTESIAN_POINT('',(238.513289372342,17.3239945174662,233.337454318468));
#6694=CARTESIAN_POINT('',(238.120186027141,6.38330746215557,241.25819339425));
#6695=CARTESIAN_POINT('',(238.265184873633,10.4263557035588,241.24682113978));
#6696=CARTESIAN_POINT('',(238.151519638226,7.25934483755557,242.16841958617));
#6697=CARTESIAN_POINT('',(237.963866175232,2.01285579539737,236.717177577665));
#6698=CARTESIAN_POINT('',(238.546323137909,18.2677744468564,242.13745516186));
#6699=CARTESIAN_POINT('',(238.320264132856,11.9645004216494,242.155184961348));
#6700=CARTESIAN_POINT('',(238.546323137894,18.197173780902,214.746821574033));
#6701=CARTESIAN_POINT('Origin',(239.264144916524,13.9238045883206,239.41160293693));
#6702=CARTESIAN_POINT('',(239.264144916514,13.9235057834456,239.29567690917));
#6703=CARTESIAN_POINT('',(237.828501359264,13.9235057834356,239.29567690917));
#6704=CARTESIAN_POINT('',(239.264144916514,13.9241033931956,239.52752896468));
#6705=CARTESIAN_POINT('',(239.264144916524,13.9241033931856,239.52752896468));
#6706=CARTESIAN_POINT('',(237.828501359264,13.9241033931856,239.52752896469));
#6707=CARTESIAN_POINT('Origin',(238.546323137894,13.9235057834456,239.29567690917));
#6708=CARTESIAN_POINT('',(239.264144916514,12.9743252250656,237.58889301905));
#6709=CARTESIAN_POINT('',(239.264144916514,12.9743252250556,237.58889301906));
#6710=CARTESIAN_POINT('',(239.264144916524,12.9743252250556,237.58889301906));
#6711=CARTESIAN_POINT('Origin',(238.546323137894,12.9743252250656,237.58889301905));
#6712=CARTESIAN_POINT('',(239.264144916514,2.87915796053557,237.61728862655));
#6713=CARTESIAN_POINT('',(239.264144916514,2.87915796053557,237.61728862655));
#6714=CARTESIAN_POINT('',(239.264144916514,10.5624082173256,237.59567724034));
#6715=CARTESIAN_POINT('',(239.264144916524,10.5624082173256,237.59567724035));
#6716=CARTESIAN_POINT('',(239.264144916524,12.9743252250656,237.58889301906));
#6717=CARTESIAN_POINT('Origin',(239.264144916524,5.01720491918057,239.83877642599));
#6718=CARTESIAN_POINT('',(239.264144916514,2.77506500079557,237.50913326581));
#6719=CARTESIAN_POINT('',(239.264144916514,2.77506500078557,237.50913326582));
#6720=CARTESIAN_POINT('',(239.264144916524,2.87915796053557,237.61728862655));
#6721=CARTESIAN_POINT('Ctrl Pts',(239.264144916524,2.52780755612557,236.89027402734));
#6722=CARTESIAN_POINT('Ctrl Pts',(232.119463763772,2.52780755612557,236.89027402734));
#6723=CARTESIAN_POINT('Ctrl Pts',(239.264144916524,2.52874301037558,237.25319814978));
#6724=CARTESIAN_POINT('Ctrl Pts',(232.119463763772,2.52874301037558,237.25319814978));
#6725=CARTESIAN_POINT('Ctrl Pts',(239.264144916524,2.77506500079557,237.50913326581));
#6726=CARTESIAN_POINT('Ctrl Pts',(232.119463763772,2.77506500079557,237.50913326581));
#6727=CARTESIAN_POINT('',(239.264144916514,2.52780755612557,236.89027402734));
#6728=CARTESIAN_POINT('',(239.264144916514,2.52780755611557,236.89027402734));
#6729=CARTESIAN_POINT('Origin',(239.264144916524,3.36654505018027,236.887914833102));
#6730=CARTESIAN_POINT('Origin',(239.264144916524,2.48922124927057,221.920112225895));
#6731=CARTESIAN_POINT('',(239.264144916514,2.52592002743557,236.15797772664));
#6732=CARTESIAN_POINT('',(237.120932004024,2.52592002743557,236.15797772665));
#6733=CARTESIAN_POINT('',(239.264144916524,2.52780755611557,236.89027402734));
#6734=CARTESIAN_POINT('Origin',(239.335927094384,18.1788504843556,207.63801183276));
#6735=CARTESIAN_POINT('',(239.264144916514,18.2677744468456,242.13745516149));
#6736=CARTESIAN_POINT('',(239.264144916514,18.2677744468456,242.13745516149));
#6737=CARTESIAN_POINT('',(240.125531050864,18.2655160604956,241.26127882298));
#6738=CARTESIAN_POINT('',(239.264144916524,18.2677744468456,242.1374551615));
#6739=CARTESIAN_POINT('',(240.125531050864,18.2545064270456,236.98991917276));
#6740=CARTESIAN_POINT('',(240.125531050874,18.2545064270456,236.98991917276));
#6741=CARTESIAN_POINT('',(239.264144916514,18.2522480406956,236.11374283425));
#6742=CARTESIAN_POINT('',(240.125531050864,18.2545064270456,236.98991917276));
#6743=CARTESIAN_POINT('',(238.546323137894,18.2522480406956,236.11374283426));
#6744=CARTESIAN_POINT('Origin',(237.828501359264,9.68352131517057,241.248910578535));
#6745=CARTESIAN_POINT('',(239.264144916514,12.9837351681856,241.23962776283));
#6746=CARTESIAN_POINT('',(239.264144916514,12.9837351681756,241.23962776284));
#6747=CARTESIAN_POINT('',(239.264144916514,10.5769949323656,241.24639742294));
#6748=CARTESIAN_POINT('',(239.264144916524,12.9837351681856,241.23962776284));
#6749=CARTESIAN_POINT('',(239.264144916514,6.38330746216557,241.25819339424));
#6750=CARTESIAN_POINT('',(239.264144916524,6.38330746216557,241.25819339425));
#6751=CARTESIAN_POINT('',(237.828501359264,6.38330746215557,241.25819339425));
#6752=CARTESIAN_POINT('Origin',(238.546323137894,13.9241033931956,239.52752896468));
#6753=CARTESIAN_POINT('',(239.264144916524,13.9241033931856,239.52752896468));
#6754=CARTESIAN_POINT('Origin',(239.264144916514,6.38448370504557,241.714535237215));
#6755=CARTESIAN_POINT('',(239.264144916514,7.25934483756557,242.16841958616));
#6756=CARTESIAN_POINT('',(239.264144916514,10.5793474181456,242.15908110888));
#6757=CARTESIAN_POINT('',(239.264144916524,7.25934483756557,242.16841958617));
#6758=CARTESIAN_POINT('',(239.264144916524,7.25934483755557,242.16841958617));
#6759=CARTESIAN_POINT('',(239.264144916524,10.5793474181356,242.15908110888));
#6760=CARTESIAN_POINT('Origin',(240.125531050874,14.4029983704406,237.000752664495));
#6761=CARTESIAN_POINT('',(240.125531050864,10.5571377013956,237.01157027129));
#6762=CARTESIAN_POINT('',(240.125531050874,10.5571377013956,237.01157027129));
#6763=CARTESIAN_POINT('',(239.264144916514,10.5492319274856,236.13540981771));
#6764=CARTESIAN_POINT('',(239.264144916514,10.5492319274856,236.13540981771));
#6765=CARTESIAN_POINT('',(239.264144916524,10.5492319274956,236.13540981771));
#6766=CARTESIAN_POINT('Origin',(240.125531050874,10.5584619841206,237.158334417315));
#6767=CARTESIAN_POINT('',(239.264144916514,10.5676920407456,238.18125901692));
#6768=CARTESIAN_POINT('',(239.264144916524,10.5676920407356,238.18125901692));
#6769=CARTESIAN_POINT('',(239.264144916524,10.5624082173156,237.59567724034));
#6770=CARTESIAN_POINT('',(240.125531050864,10.5676920407456,238.18125901692));
#6771=CARTESIAN_POINT('',(240.125531050874,10.5676920407356,238.18125901692));
#6772=CARTESIAN_POINT('',(240.125531050864,10.5676920407356,238.18125901692));
#6773=CARTESIAN_POINT('Ctrl Pts',(240.125531050874,10.5676920407456,238.18125901692));
#6774=CARTESIAN_POINT('Ctrl Pts',(237.982126705023,10.5676920407456,238.18125901692));
#6775=CARTESIAN_POINT('Ctrl Pts',(240.125531050874,10.5696551767256,238.39882432279));
#6776=CARTESIAN_POINT('Ctrl Pts',(237.982126705023,10.5696551767256,238.39882432279));
#6777=CARTESIAN_POINT('Ctrl Pts',(240.125531050874,10.7779324564256,238.39823848209));
#6778=CARTESIAN_POINT('Ctrl Pts',(237.982126705023,10.7779324564256,238.39823848209));
#6779=CARTESIAN_POINT('',(240.125531050864,10.7779324564256,238.39823848209));
#6780=CARTESIAN_POINT('Origin',(240.125531050874,10.7773678598262,238.17919439747));
#6781=CARTESIAN_POINT('',(239.264144916514,10.7779324564256,238.39823848209));
#6782=CARTESIAN_POINT('',(240.125531050864,10.7779324564156,238.39823848209));
#6783=CARTESIAN_POINT('Origin',(239.264144916524,10.7773678598351,238.17919439747));
#6784=CARTESIAN_POINT('Origin',(239.264144916514,11.3727417282706,238.39656540722));
#6785=CARTESIAN_POINT('',(240.125531050864,11.9675510001256,238.39489233235));
#6786=CARTESIAN_POINT('',(240.125531050874,11.9675510001256,238.39489233236));
#6787=CARTESIAN_POINT('',(239.264144916514,11.9675510001256,238.39489233235));
#6788=CARTESIAN_POINT('',(239.264144916514,11.9675510001256,238.39489233236));
#6789=CARTESIAN_POINT('',(239.264144916524,11.9675510001256,238.39489233236));
#6790=CARTESIAN_POINT('Ctrl Pts',(239.264144916514,11.9675510001256,238.39489233235));
#6791=CARTESIAN_POINT('Ctrl Pts',(241.407549262365,11.9675510001256,238.39489233235));
#6792=CARTESIAN_POINT('Ctrl Pts',(239.264144916514,12.9460780765156,238.39213993905));
#6793=CARTESIAN_POINT('Ctrl Pts',(241.407549262365,12.9460780765156,238.39213993905));
#6794=CARTESIAN_POINT('Ctrl Pts',(239.264144916514,12.9487128605856,239.41434566731));
#6795=CARTESIAN_POINT('Ctrl Pts',(241.407549262365,12.9487128605856,239.41434566731));
#6796=CARTESIAN_POINT('Ctrl Pts',(239.264144916514,12.9513476446556,240.43655139557));
#6797=CARTESIAN_POINT('Ctrl Pts',(241.407549262365,12.9513476446556,240.43655139557));
#6798=CARTESIAN_POINT('Ctrl Pts',(239.264144916514,11.9728205682656,240.43930378887));
#6799=CARTESIAN_POINT('Ctrl Pts',(241.407549262365,11.9728205682656,240.43930378887));
#6800=CARTESIAN_POINT('',(240.125531050864,11.9728205682756,240.43930378887));
#6801=CARTESIAN_POINT('Origin',(240.125531050874,11.9701857841839,239.41709806062));
#6802=CARTESIAN_POINT('',(239.264144916514,11.9728205682756,240.43930378887));
#6803=CARTESIAN_POINT('',(239.264144916514,11.9728205682656,240.43930378888));
#6804=CARTESIAN_POINT('Origin',(239.264144916524,11.9701857841817,239.41709806062));
#6805=CARTESIAN_POINT('Origin',(239.694837983694,11.9728205682756,240.43930378887));
#6806=CARTESIAN_POINT('',(239.264144916514,10.7846091183856,240.44264598074));
#6807=CARTESIAN_POINT('',(239.264144916524,10.7846091183856,240.44264598075));
#6808=CARTESIAN_POINT('',(240.125531050864,10.7846091183856,240.44264598074));
#6809=CARTESIAN_POINT('',(240.125531050874,10.7846091183856,240.44264598075));
#6810=CARTESIAN_POINT('',(240.125531050864,10.7846091183756,240.44264598075));
#6811=CARTESIAN_POINT('Ctrl Pts',(240.125531050874,10.7846091183856,240.44264598074));
#6812=CARTESIAN_POINT('Ctrl Pts',(237.982126705023,10.7846091183856,240.44264598074));
#6813=CARTESIAN_POINT('Ctrl Pts',(240.125531050874,10.5749247448656,240.44323577931));
#6814=CARTESIAN_POINT('Ctrl Pts',(237.982126705023,10.5749247448656,240.44323577931));
#6815=CARTESIAN_POINT('Ctrl Pts',(240.125531050874,10.5754893414656,240.66227986394));
#6816=CARTESIAN_POINT('Ctrl Pts',(237.982126705023,10.5754893414656,240.66227986394));
#6817=CARTESIAN_POINT('',(240.125531050864,10.5754893414656,240.66227986393));
#6818=CARTESIAN_POINT('Origin',(240.125531050874,10.7851737149685,240.661690065373));
#6819=CARTESIAN_POINT('',(239.264144916514,10.5754893414656,240.66227986393));
#6820=CARTESIAN_POINT('',(240.125531050864,10.5754893414556,240.66227986394));
#6821=CARTESIAN_POINT('Origin',(239.264144916524,10.7851737149622,240.661690065367));
#6822=CARTESIAN_POINT('Origin',(240.125531050874,10.5774183798056,241.41068048641));
#6823=CARTESIAN_POINT('',(240.125531050864,10.5770890317956,241.28290477037));
#6824=CARTESIAN_POINT('',(240.125531050874,10.5770890317856,241.28290477038));
#6825=CARTESIAN_POINT('',(240.125531050874,10.5770890317856,241.28290477038));
#6826=CARTESIAN_POINT('',(239.264144916524,10.5769949323556,241.24639742294));
#6827=CARTESIAN_POINT('Origin',(239.264144916514,14.4235609324906,242.148268135185));
#6828=CARTESIAN_POINT('',(240.125531050874,18.2655160604956,241.26127882299));
#6829=CARTESIAN_POINT('',(239.264144916524,18.2677744468456,242.1374551615));
#6830=CARTESIAN_POINT('Origin',(237.762545284944,12.7635596422006,242.152937373825));
#6831=CARTESIAN_POINT('',(239.264144916514,7.25934483755557,242.16841958617));
#6832=CARTESIAN_POINT('Origin',(239.264144916524,5.01720491918057,239.83877642599));
#6833=CARTESIAN_POINT('Origin',(240.125531050864,10.5626425181006,239.147250096405));
#6834=CARTESIAN_POINT('Origin',(239.264144916514,10.5671131888706,239.421044612235));
#6835=CARTESIAN_POINT('Origin',(239.264144916514,2.52780201605057,236.8881246754));
#6836=CARTESIAN_POINT('',(239.264144916524,2.52592002743557,236.15797772665));
#6837=CARTESIAN_POINT('Origin',(238.192538460274,18.2522480406956,236.11374283425));
#6838=CARTESIAN_POINT('Origin',(238.352263607243,23.626615006154,221.877371959912));
#6839=CARTESIAN_POINT('',(238.402869202564,22.2510628185276,235.653917342979));
#6840=CARTESIAN_POINT('',(238.402869202564,22.1799777060828,208.075335149784));
#6841=CARTESIAN_POINT('',(238.402869202564,22.2155532382934,221.877419797247));
#6842=CARTESIAN_POINT('',(238.189119971534,28.2105993765216,235.443098803725));
#6843=CARTESIAN_POINT('',(238.480347483727,20.0908929464888,235.730333328104));
#6844=CARTESIAN_POINT('',(238.189119971534,28.2053054180046,233.38922472178));
#6845=CARTESIAN_POINT('',(238.189119971534,28.2024005014184,232.262216856364));
#6846=CARTESIAN_POINT('',(238.316871345333,24.6429226989247,233.301802910116));
#6847=CARTESIAN_POINT('',(238.189119971534,28.2053054180046,233.38922472179));
#6848=CARTESIAN_POINT('',(238.316871345329,24.6300499056467,228.307601239072));
#6849=CARTESIAN_POINT('',(238.316871345325,24.6395286665478,231.98503491717));
#6850=CARTESIAN_POINT('',(238.189119971534,28.1919303052776,228.20014035584));
#6851=CARTESIAN_POINT('',(238.496189360164,19.6304220866356,228.45843853875));
#6852=CARTESIAN_POINT('',(238.189119971534,28.1896719189286,227.32396401733));
#6853=CARTESIAN_POINT('',(238.189119971534,28.18376657538,225.032893541199));
#6854=CARTESIAN_POINT('',(238.316871345333,24.6272891998446,227.236542205666));
#6855=CARTESIAN_POINT('',(238.189119971534,28.1896719189286,227.32396401734));
#6856=CARTESIAN_POINT('',(238.316871345329,24.5995616899368,216.479220669212));
#6857=CARTESIAN_POINT('',(238.316871345325,24.6201814883103,224.478994246369));
#6858=CARTESIAN_POINT('',(238.189119971534,28.1614420895656,216.37175978599));
#6859=CARTESIAN_POINT('',(238.496189360164,19.5999338709256,216.63005796889));
#6860=CARTESIAN_POINT('',(238.189119971534,28.1591837032166,215.49558344748));
#6861=CARTESIAN_POINT('',(238.189119971534,28.18376657538,225.032893541199));
#6862=CARTESIAN_POINT('',(238.316871345333,24.5968009841347,215.408161635806));
#6863=CARTESIAN_POINT('',(238.189119971534,28.1591837032176,215.49558344748));
#6864=CARTESIAN_POINT('',(238.316871345329,24.5839281908567,210.413959964762));
#6865=CARTESIAN_POINT('',(238.316871345325,24.5934066974737,214.091294989356));
#6866=CARTESIAN_POINT('',(238.189119971534,28.1458085904896,210.30649908154));
#6867=CARTESIAN_POINT('',(238.496189360164,19.5843003718456,210.56479726444));
#6868=CARTESIAN_POINT('',(238.189119971534,28.1405146319734,208.25262499961));
#6869=CARTESIAN_POINT('',(238.189119971534,28.1608063141658,216.125100766368));
#6870=CARTESIAN_POINT('',(238.359957763042,23.3765912264249,208.110927149961));
#6871=CARTESIAN_POINT('Origin',(249.386426955709,16.4121228754556,234.61170759088));
#6872=CARTESIAN_POINT('',(280.025579274876,22.2386294103163,230.830181985388));
#6873=CARTESIAN_POINT('',(255.605185050381,22.245924195532,233.660308107941));
#6874=CARTESIAN_POINT('',(279.944441644852,26.8354917659145,230.657862612644));
#6875=CARTESIAN_POINT('',(280.096175072414,18.2390158639256,230.98011270861));
#6876=CARTESIAN_POINT('',(241.591225193438,26.8469485210282,235.10269011074));
#6877=CARTESIAN_POINT('',(258.740860688681,26.8418256345447,233.115186102365));
#6878=CARTESIAN_POINT('',(238.546323137892,28.2104926738879,235.401701846622));
#6879=CARTESIAN_POINT('',(245.315687649562,25.1790889603755,234.73694501815));
#6880=CARTESIAN_POINT('',(242.995272404789,28.2091636974168,234.886104619878));
#6881=CARTESIAN_POINT('Origin',(246.159610953379,24.7402242959511,211.00929063955));
#6882=CARTESIAN_POINT('',(241.591225193452,26.778638376154,208.600700033928));
#6883=CARTESIAN_POINT('',(241.591225193491,26.7810639983428,209.541758134375));
#6884=CARTESIAN_POINT('',(241.591225193475,26.8143309790505,222.448204083602));
#6885=CARTESIAN_POINT('',(238.546323137888,28.140621334607,208.294021956713));
#6886=CARTESIAN_POINT('',(254.090874993959,21.1875521263306,209.859646462002));
#6887=CARTESIAN_POINT('',(238.546323137894,28.1458085904896,210.30649908154));
#6888=CARTESIAN_POINT('',(238.546323137893,28.1468036071964,210.692531389399));
#6889=CARTESIAN_POINT('',(246.505401337664,24.5839281908566,210.413959964768));
#6890=CARTESIAN_POINT('',(249.069742354564,23.4363234335156,210.4485828625));
#6891=CARTESIAN_POINT('',(246.505401337668,24.5832159573312,210.1376378188));
#6892=CARTESIAN_POINT('',(246.505401337653,24.590957594103,213.141126996911));
#6893=CARTESIAN_POINT('',(249.069742354564,23.4363234335156,210.4485828625));
#6894=CARTESIAN_POINT('Origin',(264.428616027579,23.5616249343556,211.13808231755));
#6895=CARTESIAN_POINT('',(280.025579274873,22.1924111142941,212.899070507367));
#6896=CARTESIAN_POINT('',(263.142528298773,22.1873678611212,210.942461488009));
#6897=CARTESIAN_POINT('',(251.066205023417,28.1443612353005,209.744974977766));
#6898=CARTESIAN_POINT('',(279.944441644835,26.7900951312677,213.045527532021));
#6899=CARTESIAN_POINT('',(267.654209516043,26.7864238308444,211.621189059805));
#6900=CARTESIAN_POINT('',(280.096175072424,18.1920826611256,212.7716419584));
#6901=CARTESIAN_POINT('Origin',(237.469590469964,28.2291981573536,242.65878698618));
#6902=CARTESIAN_POINT('',(238.546323137894,28.2053054180046,233.38922472178));
#6903=CARTESIAN_POINT('',(238.546323137904,28.2075552881826,234.26209707547));
#6904=CARTESIAN_POINT('',(238.189119971534,28.2053054180116,233.38922472179));
#6905=CARTESIAN_POINT('Origin',(238.546323137894,28.2057412011916,233.558293631205));
#6906=CARTESIAN_POINT('',(241.591225193476,26.8445228988394,234.161632010269));
#6907=CARTESIAN_POINT('',(241.59122519344,26.8434028638771,233.727096912863));
#6908=CARTESIAN_POINT('',(246.505401337664,24.6436349324501,233.578125056074));
#6909=CARTESIAN_POINT('',(249.069742354564,23.4951560989256,233.27363641497));
#6910=CARTESIAN_POINT('',(246.505401337661,24.6429226989246,233.301802910112));
#6911=CARTESIAN_POINT('',(246.50540133764,24.6430903363237,233.36684046336));
#6912=CARTESIAN_POINT('',(249.069742354564,23.4951560989256,233.27363641497));
#6913=CARTESIAN_POINT('Origin',(237.469590469964,28.1919303052776,228.20014035585));
#6914=CARTESIAN_POINT('',(238.546323137894,28.1919303052776,228.20014035584));
#6915=CARTESIAN_POINT('',(238.189119971534,28.1919303052846,228.20014035585));
#6916=CARTESIAN_POINT('',(238.546323137894,28.1896719189286,227.32396401733));
#6917=CARTESIAN_POINT('',(238.546323137904,28.1896719189356,227.32396401733));
#6918=CARTESIAN_POINT('',(238.189119971534,28.1896719189356,227.32396401734));
#6919=CARTESIAN_POINT('Origin',(237.469590469964,28.1919303052776,228.20014035585));
#6920=CARTESIAN_POINT('',(238.546323137894,28.1614420895656,216.37175978599));
#6921=CARTESIAN_POINT('',(238.189119971534,28.1614420895726,216.37175978598));
#6922=CARTESIAN_POINT('',(238.546323137894,28.1591837032166,215.49558344748));
#6923=CARTESIAN_POINT('',(238.546323137904,28.1614420895726,216.37175978599));
#6924=CARTESIAN_POINT('',(238.189119971534,28.1591837032236,215.49558344748));
#6925=CARTESIAN_POINT('Origin',(280.417735801259,20.5095566079756,229.53519817207));
#6926=CARTESIAN_POINT('',(281.079808118793,26.8308305045719,228.849453304277));
#6927=CARTESIAN_POINT('',(280.452245922697,26.8326739585843,229.56465014705));
#6928=CARTESIAN_POINT('',(276.752254828163,26.8435426238273,233.78131897346));
#6929=CARTESIAN_POINT('',(281.000595407916,24.6316175744976,228.915802911062));
#6930=CARTESIAN_POINT('',(280.883448981754,21.3792363307156,229.01392629588));
#6931=CARTESIAN_POINT('',(280.442545414194,24.6332568375165,229.551780661306));
#6932=CARTESIAN_POINT('',(275.03777098644,24.6491332768036,235.711293822557));
#6933=CARTESIAN_POINT('',(280.420492555414,19.6331648165356,229.52252354024));
#6934=CARTESIAN_POINT('Ctrl Pts',(281.458729482873,18.162476194934,213.487988680126));
#6935=CARTESIAN_POINT('Ctrl Pts',(281.458174372514,18.1939316616956,213.48899067897));
#6936=CARTESIAN_POINT('Ctrl Pts',(281.402663336634,21.3394783378556,213.58919056338));
#6937=CARTESIAN_POINT('Ctrl Pts',(281.182050736491,33.8405462804676,213.987406101667));
#6938=CARTESIAN_POINT('Ctrl Pts',(280.912018396693,18.1714998524541,212.865485589896));
#6939=CARTESIAN_POINT('Ctrl Pts',(280.911463286334,18.2029553192156,212.86648758874));
#6940=CARTESIAN_POINT('Ctrl Pts',(280.855952250454,21.3485019953656,212.96668747315));
#6941=CARTESIAN_POINT('Ctrl Pts',(280.63533965031,33.8495699379379,213.364903011437));
#6942=CARTESIAN_POINT('Ctrl Pts',(280.096730182773,18.160627194354,212.770639959566));
#6943=CARTESIAN_POINT('Ctrl Pts',(280.096175072414,18.1920826611156,212.77164195841));
#6944=CARTESIAN_POINT('Ctrl Pts',(280.040664036534,21.3376293372756,212.87184184281));
#6945=CARTESIAN_POINT('Ctrl Pts',(279.82005143639,33.8386972798876,213.270057381057));
#6946=CARTESIAN_POINT('Ctrl Pts',(280.089111780807,18.1605255955838,212.769753681408));
#6947=CARTESIAN_POINT('Ctrl Pts',(280.088556670448,18.1919810623454,212.770755680252));
#6948=CARTESIAN_POINT('Ctrl Pts',(280.033045634568,21.3375277385055,212.870955564652));
#6949=CARTESIAN_POINT('Ctrl Pts',(279.812433034425,33.838595681118,213.269171102898));
#6950=CARTESIAN_POINT('Ctrl Pts',(280.081493378841,18.1604239968137,212.76886740325));
#6951=CARTESIAN_POINT('Ctrl Pts',(280.080938268482,18.1918794635753,212.769869402094));
#6952=CARTESIAN_POINT('Ctrl Pts',(280.025427232602,21.3374261397355,212.870069286494));
#6953=CARTESIAN_POINT('Ctrl Pts',(279.804814632459,33.8384940823483,213.26828482474));
#6954=CARTESIAN_POINT('',(281.387578574973,22.1942601148738,213.616419227925));
#6955=CARTESIAN_POINT('Origin',(279.780650710899,22.1980239396783,215.076653941828));
#6956=CARTESIAN_POINT('',(281.306440944935,26.7919441318478,213.762876252564));
#6957=CARTESIAN_POINT('Ctrl Pts',(281.306440944953,26.7919441318478,213.762876252564));
#6958=CARTESIAN_POINT('Ctrl Pts',(281.130641203815,26.7914277228924,213.562527314089));
#6959=CARTESIAN_POINT('Ctrl Pts',(280.919592426902,26.7909990139795,213.396202980056));
#6960=CARTESIAN_POINT('Ctrl Pts',(280.360183382113,26.7902464213302,213.104222880169));
#6961=CARTESIAN_POINT('Ctrl Pts',(280.157338153607,26.7901587270593,213.070200514952));
#6962=CARTESIAN_POINT('Ctrl Pts',(279.944441644841,26.7900951312676,213.045527531975));
#6963=CARTESIAN_POINT('',(281.458174372524,18.1939316617056,213.48899067897));
#6964=CARTESIAN_POINT('Ctrl Pts',(280.214523495489,33.8407572099805,213.933389353323));
#6965=CARTESIAN_POINT('Ctrl Pts',(280.159391707837,21.3411669069824,214.076850749397));
#6966=CARTESIAN_POINT('Ctrl Pts',(280.151683473709,19.593540489236,214.09690876087));
#6967=CARTESIAN_POINT('Ctrl Pts',(280.235363235799,33.8406954715728,213.935805325404));
#6968=CARTESIAN_POINT('Ctrl Pts',(280.180231448136,21.3411051685857,214.079266721477));
#6969=CARTESIAN_POINT('Ctrl Pts',(280.172523214006,19.5934787508408,214.09932473295));
#6970=CARTESIAN_POINT('Ctrl Pts',(280.256202976109,33.8406337331651,213.938221297484));
#6971=CARTESIAN_POINT('Ctrl Pts',(280.201071188435,21.341043430189,214.081682693557));
#6972=CARTESIAN_POINT('Ctrl Pts',(280.193362954304,19.5934170124456,214.10174070503));
#6973=CARTESIAN_POINT('Ctrl Pts',(280.392191318271,33.8402308632836,213.953986562933));
#6974=CARTESIAN_POINT('Ctrl Pts',(280.337059530525,21.340640560379,214.097447959007));
#6975=CARTESIAN_POINT('Ctrl Pts',(280.329351296384,19.5930141426456,214.11750597048));
#6976=CARTESIAN_POINT('Ctrl Pts',(280.483332577291,33.8409420759536,214.057847738364));
#6977=CARTESIAN_POINT('Ctrl Pts',(280.428200789545,21.341351773049,214.201309134437));
#6978=CARTESIAN_POINT('Ctrl Pts',(280.420492555404,19.5937253553156,214.22136714591));
#6979=CARTESIAN_POINT('Ctrl Pts',(280.498916317342,33.8410636822765,214.075606386607));
#6980=CARTESIAN_POINT('Ctrl Pts',(280.443784529596,21.3414733793718,214.21906778268));
#6981=CARTESIAN_POINT('Ctrl Pts',(280.436076295456,19.5938469616384,214.239125794153));
#6982=CARTESIAN_POINT('Ctrl Pts',(280.514500057393,33.8411852885994,214.09336503485));
#6983=CARTESIAN_POINT('Ctrl Pts',(280.459368269648,21.3415949856947,214.236826430923));
#6984=CARTESIAN_POINT('Ctrl Pts',(280.451660035507,19.5939685679613,214.256884442396));
#6985=CARTESIAN_POINT('',(280.442545414212,24.5935940522649,214.16398221357));
#6986=CARTESIAN_POINT('',(280.215415813084,24.5932857094014,214.04435577269));
#6987=CARTESIAN_POINT('Origin',(280.174797147847,24.59422012429,214.40704950382));
#6988=CARTESIAN_POINT('',(280.452245922729,26.7929129385978,214.138739997596));
#6989=CARTESIAN_POINT('',(280.428199485484,21.3410561114456,214.20131252782));
#6990=CARTESIAN_POINT('',(280.225116321587,26.7926045957344,214.019113556716));
#6991=CARTESIAN_POINT('Ctrl Pts',(280.452245922684,26.7929129385979,214.138739997635));
#6992=CARTESIAN_POINT('Ctrl Pts',(280.424332506826,26.7928309433809,214.106928669587));
#6993=CARTESIAN_POINT('Ctrl Pts',(280.393912708681,26.7927652042281,214.081424136104));
#6994=CARTESIAN_POINT('Ctrl Pts',(280.306937065396,26.7926450993852,214.034827582114));
#6995=CARTESIAN_POINT('Ctrl Pts',(280.266655729241,26.7926170042589,214.023927638048));
#6996=CARTESIAN_POINT('Ctrl Pts',(280.225116321582,26.7926045957345,214.019113556763));
#6997=CARTESIAN_POINT('',(280.201069884374,21.3407477685856,214.08168608694));
#6998=CARTESIAN_POINT('Origin',(280.655824233614,21.3417247555456,214.46072347101));
#6999=CARTESIAN_POINT('',(281.000595407945,24.5952333152838,214.799959963824));
#7000=CARTESIAN_POINT('',(276.32501523782,24.5814988725806,209.471467909459));
#7001=CARTESIAN_POINT('',(281.079808118834,26.7947563926103,214.853936840378));
#7002=CARTESIAN_POINT('',(280.820515495004,19.5949004163656,214.67725047539));
#7003=CARTESIAN_POINT('',(282.838323815322,26.7999220046189,216.858016885086));
#7004=CARTESIAN_POINT('Ctrl Pts',(280.103628280174,19.6051881038609,215.28482422694));
#7005=CARTESIAN_POINT('Ctrl Pts',(280.167110519874,21.3679184749428,215.328082095246));
#7006=CARTESIAN_POINT('Ctrl Pts',(280.61722102244,33.8662716674218,215.63479497959));
#7007=CARTESIAN_POINT('Ctrl Pts',(280.327852972422,19.5975267423855,215.285056861134));
#7008=CARTESIAN_POINT('Ctrl Pts',(280.391335212121,21.3602571134674,215.328314729439));
#7009=CARTESIAN_POINT('Ctrl Pts',(280.841445714687,33.8586103059465,215.635027613781));
#7010=CARTESIAN_POINT('Ctrl Pts',(280.552077664669,19.5898653809102,215.285289495327));
#7011=CARTESIAN_POINT('Ctrl Pts',(280.615559904369,21.3525957519921,215.328547363632));
#7012=CARTESIAN_POINT('Ctrl Pts',(281.065670406935,33.8509489444712,215.635260247972));
#7013=CARTESIAN_POINT('Ctrl Pts',(281.356275488164,19.5623873624916,215.286123854426));
#7014=CARTESIAN_POINT('Ctrl Pts',(281.419757727864,21.3251177335735,215.32938172273));
#7015=CARTESIAN_POINT('Ctrl Pts',(281.86986823043,33.8234709260526,215.636094607063));
#7016=CARTESIAN_POINT('Ctrl Pts',(280.820056285444,19.5944003417323,214.676736302364));
#7017=CARTESIAN_POINT('Ctrl Pts',(280.883538525144,21.3571307128142,214.719994170668));
#7018=CARTESIAN_POINT('Ctrl Pts',(281.333649027709,33.8554839052933,215.026707055001));
#7019=CARTESIAN_POINT('Ctrl Pts',(280.638578508778,19.6052347994831,214.470495463702));
#7020=CARTESIAN_POINT('Ctrl Pts',(280.702060748478,21.367965170565,214.513753332006));
#7021=CARTESIAN_POINT('Ctrl Pts',(281.152171251044,33.8663183630441,214.820466216339));
#7022=CARTESIAN_POINT('Ctrl Pts',(280.457100732113,19.6160692572339,214.26425462504));
#7023=CARTESIAN_POINT('Ctrl Pts',(280.520582971813,21.3787996283158,214.307512493343));
#7024=CARTESIAN_POINT('Ctrl Pts',(280.970693474378,33.8771528207949,214.614225377677));
#7025=CARTESIAN_POINT('',(280.733057130816,24.5968009841347,215.408161635824));
#7026=CARTESIAN_POINT('Origin',(280.732727479864,24.5958596551712,215.042962931762));
#7027=CARTESIAN_POINT('',(280.812269841693,26.796324061461,215.462138512378));
#7028=CARTESIAN_POINT('',(280.552977217904,19.5964680852156,215.28545214739));
#7029=CARTESIAN_POINT('Ctrl Pts',(280.812269841693,26.796324061461,215.462138512346));
#7030=CARTESIAN_POINT('Ctrl Pts',(280.839123623546,26.7963240614609,215.462138512342));
#7031=CARTESIAN_POINT('Ctrl Pts',(280.85600818038,26.7963185303374,215.459992626389));
#7032=CARTESIAN_POINT('Ctrl Pts',(280.918331985639,26.7962891917393,215.448610257945));
#7033=CARTESIAN_POINT('Ctrl Pts',(280.959106325728,26.7962491608673,215.433079654514));
#7034=CARTESIAN_POINT('Ctrl Pts',(281.03515316453,26.7961302589821,215.386949806761));
#7035=CARTESIAN_POINT('Ctrl Pts',(281.069274764508,26.7960505667332,215.356031951229));
#7036=CARTESIAN_POINT('Ctrl Pts',(281.125842511733,26.795857590624,215.281163848699));
#7037=CARTESIAN_POINT('Ctrl Pts',(281.146986348768,26.7957445743078,215.237317399603));
#7038=CARTESIAN_POINT('Ctrl Pts',(281.171483906337,26.7955019505823,215.143187727119));
#7039=CARTESIAN_POINT('Ctrl Pts',(281.174283488294,26.7953743081536,215.093666848691));
#7040=CARTESIAN_POINT('Ctrl Pts',(281.160547066694,26.795124919342,214.996912555109));
#7041=CARTESIAN_POINT('Ctrl Pts',(281.14429775904,26.7950053366329,214.950518571117));
#7042=CARTESIAN_POINT('Ctrl Pts',(281.102447536849,26.7948232903976,214.879890884253));
#7043=CARTESIAN_POINT('Ctrl Pts',(281.085747464798,26.7947738393451,214.860705574291));
#7044=CARTESIAN_POINT('Ctrl Pts',(281.079808118806,26.7947563926103,214.853936840403));
#7045=CARTESIAN_POINT('Origin',(253.835927022594,20.5007643945706,227.15917415008));
#7046=CARTESIAN_POINT('',(253.835927022594,26.7987746200055,216.412871062397));
#7047=CARTESIAN_POINT('',(253.835927022594,26.8268122771766,227.290519082247));
#7048=CARTESIAN_POINT('',(253.835927022594,26.8351303058509,230.517628522419));
#7049=CARTESIAN_POINT('',(253.835927022594,24.5995616899367,216.479220669182));
#7050=CARTESIAN_POINT('',(253.835927022594,19.5999338709256,216.63005796889));
#7051=CARTESIAN_POINT('',(253.835927022594,24.6272891998446,227.236542205693));
#7052=CARTESIAN_POINT('',(253.835927022594,24.6270010287562,227.124741720681));
#7053=CARTESIAN_POINT('',(253.835927022594,19.6269563009256,227.11383271726));
#7054=CARTESIAN_POINT('Origin',(281.774855050474,21.3608148651806,221.867030355025));
#7055=CARTESIAN_POINT('',(281.80579914038,24.8273025158014,227.24145058522));
#7056=CARTESIAN_POINT('',(281.80579914036,24.7995468026971,216.473187177193));
#7057=CARTESIAN_POINT('',(281.80579914035,24.8201828899968,224.479280298259));
#7058=CARTESIAN_POINT('',(281.823718526364,26.8268122771766,227.290519082237));
#7059=CARTESIAN_POINT('',(281.774855050484,21.3744492841956,227.15671665605));
#7060=CARTESIAN_POINT('',(281.823718526333,26.7987746200055,216.412871062397));
#7061=CARTESIAN_POINT('',(281.823718526323,26.8283128314617,227.872682607835));
#7062=CARTESIAN_POINT('',(281.759194211084,19.5999338709256,216.63005796889));
#7063=CARTESIAN_POINT('Ctrl Pts',(280.151010945616,19.6336239376299,229.647059115113));
#7064=CARTESIAN_POINT('Ctrl Pts',(280.158719179757,21.3813284148094,229.65728548719));
#7065=CARTESIAN_POINT('Ctrl Pts',(280.213850967503,33.8814770241745,229.730427813234));
#7066=CARTESIAN_POINT('Ctrl Pts',(280.17218694996,19.6335485485127,229.644604548117));
#7067=CARTESIAN_POINT('Ctrl Pts',(280.179895184101,21.3812530256922,229.654830920194));
#7068=CARTESIAN_POINT('Ctrl Pts',(280.235026971847,33.8814016350573,229.727973246237));
#7069=CARTESIAN_POINT('Ctrl Pts',(280.193362954304,19.6334731593956,229.64214998112));
#7070=CARTESIAN_POINT('Ctrl Pts',(280.201071188445,21.3811776365751,229.652376353197));
#7071=CARTESIAN_POINT('Ctrl Pts',(280.256202976191,33.8813262459402,229.725518679241));
#7072=CARTESIAN_POINT('Ctrl Pts',(280.329351296384,19.6329890245756,229.62638721063));
#7073=CARTESIAN_POINT('Ctrl Pts',(280.337059530525,21.3806935017551,229.636613582707));
#7074=CARTESIAN_POINT('Ctrl Pts',(280.392191318271,33.8808421111202,229.709755908751));
#7075=CARTESIAN_POINT('Ctrl Pts',(280.420492555404,19.6331648165356,229.52252354024));
#7076=CARTESIAN_POINT('Ctrl Pts',(280.428200789545,21.3808692937151,229.532749912317));
#7077=CARTESIAN_POINT('Ctrl Pts',(280.483332577291,33.8810179030802,229.605892238361));
#7078=CARTESIAN_POINT('Ctrl Pts',(280.434618469787,19.6331920623977,229.506425789));
#7079=CARTESIAN_POINT('Ctrl Pts',(280.442326703928,21.3808965395772,229.516652161077));
#7080=CARTESIAN_POINT('Ctrl Pts',(280.497458491674,33.8810451489423,229.58979448712));
#7081=CARTESIAN_POINT('Ctrl Pts',(280.448744384171,19.6332193082598,229.490328037759));
#7082=CARTESIAN_POINT('Ctrl Pts',(280.456452618312,21.3809237854393,229.500554409836));
#7083=CARTESIAN_POINT('Ctrl Pts',(280.511584406057,33.8810723948044,229.573696735879));
#7084=CARTESIAN_POINT('',(280.215415813112,24.63356518038,229.671407102214));
#7085=CARTESIAN_POINT('',(280.225116321629,26.8329823014479,229.684276587971));
#7086=CARTESIAN_POINT('',(280.193362954304,19.6334731593956,229.64214998112));
#7087=CARTESIAN_POINT('Ctrl Pts',(280.225116321619,26.8329823014476,229.684276587886));
#7088=CARTESIAN_POINT('Ctrl Pts',(280.266263291716,26.832970010151,229.679507986938));
#7089=CARTESIAN_POINT('Ctrl Pts',(280.305568912745,26.8329425934658,229.668871254717));
#7090=CARTESIAN_POINT('Ctrl Pts',(280.393381021094,26.8328234669753,229.622654267841));
#7091=CARTESIAN_POINT('Ctrl Pts',(280.424693285231,26.8327548940204,229.596050316486));
#7092=CARTESIAN_POINT('Ctrl Pts',(280.452245922672,26.8326739585843,229.564650147027));
#7093=CARTESIAN_POINT('Origin',(280.174795654645,24.6326303109894,229.308710197319));
#7094=CARTESIAN_POINT('Origin',(268.371818039734,24.8269390272554,227.100429513491));
#7095=CARTESIAN_POINT('',(254.984441868394,24.8273025158014,227.241450585231));
#7096=CARTESIAN_POINT('',(254.984441868394,24.7995468026972,216.473187177193));
#7097=CARTESIAN_POINT('',(254.984441868384,24.8201834197554,224.479485826399));
#7098=CARTESIAN_POINT('',(268.375733249584,24.8273025158013,227.241450585191));
#7099=CARTESIAN_POINT('',(268.375733249584,24.7995468026973,216.473187177234));
#7100=CARTESIAN_POINT('Origin',(254.984441868384,19.6134450859256,221.871945343075));
#7101=CARTESIAN_POINT('',(254.984441868394,26.7987746200055,216.412871062397));
#7102=CARTESIAN_POINT('',(254.984441868394,19.5999338709256,216.63005796889));
#7103=CARTESIAN_POINT('',(254.984441868394,26.8268122771766,227.290519082247));
#7104=CARTESIAN_POINT('',(254.984441868384,26.8283133612203,227.872888135974));
#7105=CARTESIAN_POINT('',(254.984441868394,19.6269563009256,227.11383271726));
#7106=CARTESIAN_POINT('Origin',(237.469590469964,28.1460097828476,210.38455480619));
#7107=CARTESIAN_POINT('',(238.189119971534,28.1458085904966,210.30649908153));
#7108=CARTESIAN_POINT('Origin',(249.069742354564,21.5538002569906,233.261284638765));
#7109=CARTESIAN_POINT('',(254.325820888241,24.6412988407224,232.671801699624));
#7110=CARTESIAN_POINT('',(258.553457257474,26.8394559929337,232.195846543427));
#7111=CARTESIAN_POINT('Origin',(259.402515338089,28.1919303052866,228.20014035584));
#7112=CARTESIAN_POINT('',(280.733057130806,24.6300499056466,228.307601239052));
#7113=CARTESIAN_POINT('',(259.554553291446,24.6300499056467,228.307601239072));
#7114=CARTESIAN_POINT('',(280.812269841683,26.8292628357211,228.241251632268));
#7115=CARTESIAN_POINT('',(280.615910704644,21.3776686618656,228.40572462387));
#7116=CARTESIAN_POINT('',(241.59122519346,26.8292628357212,228.241251632311));
#7117=CARTESIAN_POINT('',(263.879100464434,26.8292628357212,228.241251632301));
#7118=CARTESIAN_POINT('',(238.546323137894,28.1919303052866,228.20014035585));
#7119=CARTESIAN_POINT('Origin',(246.012523497064,28.1614420895746,216.37175978599));
#7120=CARTESIAN_POINT('',(246.089290844219,24.5995616899368,216.479220669222));
#7121=CARTESIAN_POINT('',(241.591225193469,26.7987746200056,216.412871062443));
#7122=CARTESIAN_POINT('',(257.184104543921,26.7987746200057,216.412871062451));
#7123=CARTESIAN_POINT('',(238.546323137894,28.1614420895746,216.37175978598));
#7124=CARTESIAN_POINT('Origin',(246.166058191374,24.6269396916273,227.100945021328));
#7125=CARTESIAN_POINT('',(246.089290844219,24.6272891998445,227.23654220566));
#7126=CARTESIAN_POINT('Origin',(246.012523497064,28.1896719189376,227.32396401733));
#7127=CARTESIAN_POINT('',(241.591225193459,26.8268122771766,227.290519082211));
#7128=CARTESIAN_POINT('',(238.546323137894,28.1896719189376,227.32396401734));
#7129=CARTESIAN_POINT('',(257.184104543921,26.8268122771765,227.290519082204));
#7130=CARTESIAN_POINT('Origin',(246.159610953379,24.7850397314036,228.396140397195));
#7131=CARTESIAN_POINT('',(241.591225193426,26.8367386967803,231.141628962305));
#7132=CARTESIAN_POINT('Ctrl Pts',(280.617221073824,33.8982178732329,228.02882545375));
#7133=CARTESIAN_POINT('Ctrl Pts',(280.167110568944,21.4016269694417,228.405843922986));
#7134=CARTESIAN_POINT('Ctrl Pts',(280.103628331444,19.6391452164203,228.459017478694));
#7135=CARTESIAN_POINT('Ctrl Pts',(280.841445707602,33.8905554244497,228.028635880564));
#7136=CARTESIAN_POINT('Ctrl Pts',(280.391335202741,21.3939645206586,228.4056543498));
#7137=CARTESIAN_POINT('Ctrl Pts',(280.327852965244,19.6314827676372,228.458827905508));
#7138=CARTESIAN_POINT('Ctrl Pts',(281.06567034138,33.8828929756666,228.028446307378));
#7139=CARTESIAN_POINT('Ctrl Pts',(280.615559836539,21.3863020718755,228.405464776614));
#7140=CARTESIAN_POINT('Ctrl Pts',(280.552077599044,19.6238203188541,228.458638332321));
#7141=CARTESIAN_POINT('Ctrl Pts',(281.869868560066,33.85541103687,228.027766389136));
#7142=CARTESIAN_POINT('Ctrl Pts',(281.419758055296,21.3588201330789,228.404784858372));
#7143=CARTESIAN_POINT('Ctrl Pts',(281.356275817811,19.5963383800575,228.457958414079));
#7144=CARTESIAN_POINT('Ctrl Pts',(281.333648983946,33.8905649984304,228.636965214306));
#7145=CARTESIAN_POINT('Ctrl Pts',(280.883538479176,21.39397409464,229.013983683535));
#7146=CARTESIAN_POINT('Ctrl Pts',(280.820056241691,19.6314923416187,229.067157239241));
#7147=CARTESIAN_POINT('Ctrl Pts',(281.150715440911,33.9025579189174,228.844795932288));
#7148=CARTESIAN_POINT('Ctrl Pts',(280.700604936141,21.4059670151272,229.221814401514));
#7149=CARTESIAN_POINT('Ctrl Pts',(280.637122698656,19.6434852621059,229.27498795722));
#7150=CARTESIAN_POINT('Ctrl Pts',(280.967781897877,33.9145508394043,229.052626650269));
#7151=CARTESIAN_POINT('Ctrl Pts',(280.517671393106,21.4179599356143,229.429645119493));
#7152=CARTESIAN_POINT('Ctrl Pts',(280.454189155622,19.6554781825931,229.482818675199));
#7153=CARTESIAN_POINT('Origin',(280.732727428519,24.6309912069499,228.672799968521));
#7154=CARTESIAN_POINT('Ctrl Pts',(281.079808118785,26.8308305045719,228.84945330427));
#7155=CARTESIAN_POINT('Ctrl Pts',(281.081454053916,26.8308256696635,228.847577525874));
#7156=CARTESIAN_POINT('Ctrl Pts',(281.083080861332,26.8308207905677,228.845684604286));
#7157=CARTESIAN_POINT('Ctrl Pts',(281.112993960223,26.8307291870742,228.810145594956));
#7158=CARTESIAN_POINT('Ctrl Pts',(281.134989394688,26.8306299779437,228.771655859666));
#7159=CARTESIAN_POINT('Ctrl Pts',(281.165076416021,26.8304116293221,228.686944093745));
#7160=CARTESIAN_POINT('Ctrl Pts',(281.172259442874,26.8302935610637,228.64113766459));
#7161=CARTESIAN_POINT('Ctrl Pts',(281.169522517827,26.830053154545,228.547868192162));
#7162=CARTESIAN_POINT('Ctrl Pts',(281.159081922396,26.829932805749,228.501176992757));
#7163=CARTESIAN_POINT('Ctrl Pts',(281.120681363005,26.8297065152074,228.413384034611));
#7164=CARTESIAN_POINT('Ctrl Pts',(281.092680286765,26.8296030676898,228.373249950749));
#7165=CARTESIAN_POINT('Ctrl Pts',(281.02336286604,26.8294328468992,228.307210130284));
#7166=CARTESIAN_POINT('Ctrl Pts',(280.983057147576,26.8293669497572,228.281644302418));
#7167=CARTESIAN_POINT('Ctrl Pts',(280.878274702697,26.8292634044181,228.241472267174));
#7168=CARTESIAN_POINT('Ctrl Pts',(280.827882524085,26.8292628357212,228.241251632302));
#7169=CARTESIAN_POINT('Ctrl Pts',(280.812269841683,26.8292628357212,228.241251632302));
#7170=CARTESIAN_POINT('Origin',(268.379648459434,21.3471804461656,216.57734405402));
#7171=CARTESIAN_POINT('',(268.367667025107,26.7987746200057,216.41287106245));
#7172=CARTESIAN_POINT('Origin',(238.189119971534,23.9239476090111,233.28415907174));
#7173=CARTESIAN_POINT('',(248.947855608169,24.6429226989247,233.30180291011));
#7174=CARTESIAN_POINT('Origin',(268.379648459434,21.3744492841956,227.15671665604));
#7175=CARTESIAN_POINT('',(268.367667025107,26.8268122771765,227.290519082196));
#7176=CARTESIAN_POINT('Origin',(268.355685590779,26.8438289085267,233.892387604293));
#7177=CARTESIAN_POINT('',(241.591225193468,26.796324061461,215.462138512351));
#7178=CARTESIAN_POINT('',(263.879100464437,26.796324061461,215.462138512354));
#7179=CARTESIAN_POINT('',(241.591225193445,26.8206887114744,224.914785905637));
#7180=CARTESIAN_POINT('',(281.306440944935,26.8336427653344,229.940513892084));
#7181=CARTESIAN_POINT('Ctrl Pts',(279.944441644852,26.8354917659146,230.657862612672));
#7182=CARTESIAN_POINT('Ctrl Pts',(280.205286490888,26.8354138471427,230.627632805319));
#7183=CARTESIAN_POINT('Ctrl Pts',(280.458037635227,26.8352116277569,230.549178628914));
#7184=CARTESIAN_POINT('Ctrl Pts',(280.923813870918,26.8345793063208,230.303859629027));
#7185=CARTESIAN_POINT('Ctrl Pts',(281.13240746392,26.8341539859287,230.138849924666));
#7186=CARTESIAN_POINT('Ctrl Pts',(281.306440944952,26.8336427653344,229.940513892102));
#7187=CARTESIAN_POINT('',(282.196420539489,26.8310284643701,228.926254906957));
#7188=CARTESIAN_POINT('',(277.462707875973,26.844933670351,234.320997248693));
#7189=CARTESIAN_POINT('',(282.742944049309,26.8272712094215,227.468569031077));
#7190=CARTESIAN_POINT('Ctrl Pts',(282.19642053949,26.8310284643701,228.926254906975));
#7191=CARTESIAN_POINT('Ctrl Pts',(282.371399506001,26.8305144664272,228.72684135854));
#7192=CARTESIAN_POINT('Ctrl Pts',(282.508529055824,26.8299222357313,228.497076188898));
#7193=CARTESIAN_POINT('Ctrl Pts',(282.695171854825,26.8286390971477,227.999262488283));
#7194=CARTESIAN_POINT('Ctrl Pts',(282.742944049327,26.827957672864,227.734893269937));
#7195=CARTESIAN_POINT('Ctrl Pts',(282.742944049327,26.8272712094215,227.468569031077));
#7196=CARTESIAN_POINT('',(282.74294404931,26.7983156877607,216.234821113589));
#7197=CARTESIAN_POINT('',(282.742944049327,26.8283128314617,227.872682607837));
#7198=CARTESIAN_POINT('',(282.196420539489,26.7945584328121,214.777135237692));
#7199=CARTESIAN_POINT('Ctrl Pts',(282.742944049327,26.7983156877607,216.234821113589));
#7200=CARTESIAN_POINT('Ctrl Pts',(282.742944049328,26.7980114221874,216.116776521228));
#7201=CARTESIAN_POINT('Ctrl Pts',(282.736660829559,26.7972432882876,215.81876694995));
#7202=CARTESIAN_POINT('Ctrl Pts',(282.511304166736,26.795676689939,215.210980596017));
#7203=CARTESIAN_POINT('Ctrl Pts',(282.373181633776,26.7950776657271,214.978579775494));
#7204=CARTESIAN_POINT('Ctrl Pts',(282.196420539489,26.7945584328121,214.777135237675));
#7205=CARTESIAN_POINT('',(283.98301077268,26.7998065133276,216.813210230659));
#7206=CARTESIAN_POINT('',(275.482834980234,26.7911879960061,213.469521515707));
#7207=CARTESIAN_POINT('Origin',(282.504749902784,19.7367817712206,214.76172553425));
#7208=CARTESIAN_POINT('',(282.361295967445,22.1971203942927,214.72610940547));
#7209=CARTESIAN_POINT('',(279.431046988678,22.1885128343262,211.386671767161));
#7210=CARTESIAN_POINT('',(282.504749902784,18.1970059607556,214.68171312079));
#7211=CARTESIAN_POINT('Origin',(243.931576446459,19.5843003718456,210.56479726445));
#7212=CARTESIAN_POINT('',(251.819053335794,24.5839281908567,210.413959964772));
#7213=CARTESIAN_POINT('Origin',(259.402515338094,28.1591837032246,215.49558344748));
#7214=CARTESIAN_POINT('',(259.554522781611,24.5968009841347,215.40816163581));
#7215=CARTESIAN_POINT('',(238.546323137894,28.1591837032256,215.49558344748));
#7216=CARTESIAN_POINT('Origin',(238.546323137894,28.1603128963916,215.93367161673));
#7217=CARTESIAN_POINT('Origin',(280.171997341794,19.3235536741556,214.102499774515));
#7218=CARTESIAN_POINT('',(270.148228742397,24.5902784701752,212.877650237678));
#7219=CARTESIAN_POINT('Origin',(259.706591244804,24.6425731907073,233.166205725774));
#7220=CARTESIAN_POINT('Origin',(259.706530225129,24.5964514759173,215.272564451464));
#7221=CARTESIAN_POINT('Ctrl Pts',(283.051280536111,18.2006047969508,216.15499907505));
#7222=CARTESIAN_POINT('Ctrl Pts',(282.938479536211,21.345983184741,216.189908854921));
#7223=CARTESIAN_POINT('Ctrl Pts',(282.490184499163,33.8463823136072,216.328647705411));
#7224=CARTESIAN_POINT('Ctrl Pts',(283.051276974352,18.2006840063232,216.14719903586));
#7225=CARTESIAN_POINT('Ctrl Pts',(282.938475974452,21.3460623941133,216.182108815731));
#7226=CARTESIAN_POINT('Ctrl Pts',(282.490180937404,33.8464615229791,216.32084766622));
#7227=CARTESIAN_POINT('Ctrl Pts',(283.051273412594,18.2007632156956,216.13939899667));
#7228=CARTESIAN_POINT('Ctrl Pts',(282.938472412694,21.3461416034856,216.17430877654));
#7229=CARTESIAN_POINT('Ctrl Pts',(282.490177375646,33.8465407323511,216.31304762703));
#7230=CARTESIAN_POINT('Ctrl Pts',(283.050892248714,18.2092398579156,215.30467275773));
#7231=CARTESIAN_POINT('Ctrl Pts',(282.938091248814,21.3546182456956,215.33958253759));
#7232=CARTESIAN_POINT('Ctrl Pts',(282.489796211766,33.8550173745214,215.47832138804));
#7233=CARTESIAN_POINT('Ctrl Pts',(282.504749902784,18.1970059607556,214.6817131208));
#7234=CARTESIAN_POINT('Ctrl Pts',(282.391948902874,21.3423843485356,214.71662290066));
#7235=CARTESIAN_POINT('Ctrl Pts',(281.943653865786,33.8427834773613,214.85536175111));
#7236=CARTESIAN_POINT('',(282.907819477265,22.2008776492405,216.183795281353));
#7237=CARTESIAN_POINT('Origin',(280.753024783292,22.2008802895634,216.184819626551));
#7238=CARTESIAN_POINT('',(283.051273412604,18.2007632156956,216.13939899666));
#7239=CARTESIAN_POINT('Origin',(282.938472412694,21.3608148651806,221.86703035503));
#7240=CARTESIAN_POINT('',(282.907819477265,22.2301628753699,227.545457211402));
#7241=CARTESIAN_POINT('',(282.907819477268,22.2155323837342,221.869328944533));
#7242=CARTESIAN_POINT('',(283.051273412604,18.2303353093456,227.61235567035));
#7243=CARTESIAN_POINT('Ctrl Pts',(282.505877912783,18.2026410361103,229.070567583589));
#7244=CARTESIAN_POINT('Ctrl Pts',(282.504749902784,18.2340925642856,229.07004154622));
#7245=CARTESIAN_POINT('Ctrl Pts',(282.391948902874,21.3792453818156,229.0174378094));
#7246=CARTESIAN_POINT('Ctrl Pts',(281.943653865786,33.8787480467342,228.808379430774));
#7247=CARTESIAN_POINT('Ctrl Pts',(283.052020258713,18.2116633627504,228.447548157319));
#7248=CARTESIAN_POINT('Ctrl Pts',(283.050892248714,18.2431148909256,228.44702211995));
#7249=CARTESIAN_POINT('Ctrl Pts',(282.938091248814,21.3882677084456,228.39441838313));
#7250=CARTESIAN_POINT('Ctrl Pts',(282.489796211766,33.8877703733244,228.185360004504));
#7251=CARTESIAN_POINT('Ctrl Pts',(283.052401422593,18.1988837811704,227.612881707719));
#7252=CARTESIAN_POINT('Ctrl Pts',(283.051273412594,18.2303353093456,227.61235567035));
#7253=CARTESIAN_POINT('Ctrl Pts',(282.938472412694,21.3754881268656,227.55975193352));
#7254=CARTESIAN_POINT('Ctrl Pts',(282.490177375646,33.8749907917445,227.350693554854));
#7255=CARTESIAN_POINT('',(282.361295967445,22.2339201303176,229.003143087282));
#7256=CARTESIAN_POINT('Origin',(280.753024703203,22.2301602350226,227.544432837732));
#7257=CARTESIAN_POINT('',(282.504749902784,18.2340925642956,229.07004154623));
#7258=CARTESIAN_POINT('Origin',(281.402663336634,19.8395421331156,230.2337317422));
#7259=CARTESIAN_POINT('',(281.387578574973,22.2367804097365,230.112833264828));
#7260=CARTESIAN_POINT('',(278.876011188183,22.2441580991577,232.975123371703));
#7261=CARTESIAN_POINT('',(281.458174372524,18.2371668633456,230.26276398805));
#7262=CARTESIAN_POINT('Ctrl Pts',(280.096730182773,18.207566018624,230.981291647024));
#7263=CARTESIAN_POINT('Ctrl Pts',(280.096175072414,18.2390158639156,230.98011270861));
#7264=CARTESIAN_POINT('Ctrl Pts',(280.040664036534,21.3840003930756,230.86221886725));
#7265=CARTESIAN_POINT('Ctrl Pts',(279.82005143639,33.8828342446007,230.393683800825));
#7266=CARTESIAN_POINT('Ctrl Pts',(280.912018396693,18.217949584324,230.886386227354));
#7267=CARTESIAN_POINT('Ctrl Pts',(280.911463286334,18.2493994296156,230.88520728894));
#7268=CARTESIAN_POINT('Ctrl Pts',(280.855952250454,21.3943839587756,230.76731344757));
#7269=CARTESIAN_POINT('Ctrl Pts',(280.63533965031,33.8932178103007,230.298778381105));
#7270=CARTESIAN_POINT('Ctrl Pts',(281.458729482873,18.205717018044,230.263942926454));
#7271=CARTESIAN_POINT('Ctrl Pts',(281.458174372514,18.2371668633356,230.26276398804));
#7272=CARTESIAN_POINT('Ctrl Pts',(281.402663336634,21.3821513924956,230.14487014668));
#7273=CARTESIAN_POINT('Ctrl Pts',(281.18205073649,33.8809852440207,229.676335080255));
#7274=CARTESIAN_POINT('Origin',(279.780650639069,22.2330165848032,228.652598418831));
#7275=CARTESIAN_POINT('Origin',(260.566493528176,22.2155439869129,221.873830579345));
#7276=UNCERTAINTY_MEASURE_WITH_UNIT(LENGTH_MEASURE(0.01),#7280,
'DISTANCE_ACCURACY_VALUE',
'Maximum model space distance between geometric entities at asserted c
onnectivities');
#7277=UNCERTAINTY_MEASURE_WITH_UNIT(LENGTH_MEASURE(0.01),#7280,
'DISTANCE_ACCURACY_VALUE',
'Maximum model space distance between geometric entities at asserted c
onnectivities');
#7278=(
GEOMETRIC_REPRESENTATION_CONTEXT(3)
GLOBAL_UNCERTAINTY_ASSIGNED_CONTEXT((#7276))
GLOBAL_UNIT_ASSIGNED_CONTEXT((#7280,#7282,#7283))
REPRESENTATION_CONTEXT('','3D')
);
#7279=(
GEOMETRIC_REPRESENTATION_CONTEXT(3)
GLOBAL_UNCERTAINTY_ASSIGNED_CONTEXT((#7277))
GLOBAL_UNIT_ASSIGNED_CONTEXT((#7280,#7282,#7283))
REPRESENTATION_CONTEXT('','3D')
);
#7280=(
LENGTH_UNIT()
NAMED_UNIT(*)
SI_UNIT(.MILLI.,.METRE.)
);
#7281=(
LENGTH_UNIT()
NAMED_UNIT(*)
SI_UNIT($,.METRE.)
);
#7282=(
NAMED_UNIT(*)
PLANE_ANGLE_UNIT()
SI_UNIT($,.RADIAN.)
);
#7283=(
NAMED_UNIT(*)
SI_UNIT($,.STERADIAN.)
SOLID_ANGLE_UNIT()
);
#7284=SHAPE_DEFINITION_REPRESENTATION(#7285,#7286);
#7285=PRODUCT_DEFINITION_SHAPE('',$,#7288);
#7286=SHAPE_REPRESENTATION('',(#4298),#7278);
#7287=PRODUCT_DEFINITION_CONTEXT('part definition',#7292,'design');
#7288=PRODUCT_DEFINITION('2026-07-27-14-35-32-433','gripper_finger',#7289,
#7287);
#7289=PRODUCT_DEFINITION_FORMATION('',$,#7294);
#7290=PRODUCT_RELATED_PRODUCT_CATEGORY('gripper_finger',
'gripper_finger',(#7294));
#7291=APPLICATION_PROTOCOL_DEFINITION('international standard',
'automotive_design',2009,#7292);
#7292=APPLICATION_CONTEXT(
'Core Data for Automotive Mechanical Design Process');
#7293=PRODUCT_CONTEXT('part definition',#7292,'mechanical');
#7294=PRODUCT('2026-07-27-14-35-32-433','gripper_finger',$,(#7293));
#7295=PRESENTATION_STYLE_ASSIGNMENT((#7297));
#7296=PRESENTATION_STYLE_ASSIGNMENT((#7298));
#7297=SURFACE_STYLE_USAGE(.BOTH.,#7299);
#7298=SURFACE_STYLE_USAGE(.BOTH.,#7300);
#7299=SURFACE_SIDE_STYLE('',(#7301));
#7300=SURFACE_SIDE_STYLE('',(#7302));
#7301=SURFACE_STYLE_FILL_AREA(#7303);
#7302=SURFACE_STYLE_FILL_AREA(#7304);
#7303=FILL_AREA_STYLE('\X2\AC15CCA0\X0\ - \X2\C0C8D2F4\X0\',(#7305));
#7304=FILL_AREA_STYLE('Opaque(160,160,160)',(#7306));
#7305=FILL_AREA_STYLE_COLOUR('\X2\AC15CCA0\X0\ - \X2\C0C8D2F4\X0\',#7307);
#7306=FILL_AREA_STYLE_COLOUR('Opaque(160,160,160)',#7308);
#7307=COLOUR_RGB('\X2\AC15CCA0\X0\ - \X2\C0C8D2F4\X0\',0.627450980392157,
0.627450980392157,0.627450980392157);
#7308=COLOUR_RGB('Opaque(160,160,160)',0.627450980392157,0.627450980392157,
0.627450980392157);
ENDSEC;
END-ISO-10303-21;
